[0.000000] (-) TimerEvent: {}
[0.006440] (slam_toolbox) JobQueued: {'identifier': 'slam_toolbox', 'dependencies': OrderedDict()}
[0.006800] (sllidar_ros2) JobQueued: {'identifier': 'sllidar_ros2', 'dependencies': OrderedDict()}
[0.007003] (spas_bringup) JobQueued: {'identifier': 'spas_bringup', 'dependencies': OrderedDict()}
[0.007141] (spas_control) JobQueued: {'identifier': 'spas_control', 'dependencies': OrderedDict()}
[0.007276] (spas_perception) JobQueued: {'identifier': 'spas_perception', 'dependencies': OrderedDict()}
[0.007407] (spas_planning) JobQueued: {'identifier': 'spas_planning', 'dependencies': OrderedDict()}
[0.007546] (slam_toolbox) JobStarted: {'identifier': 'slam_toolbox'}
[0.093185] (-) TimerEvent: {}
[0.133195] (sllidar_ros2) JobStarted: {'identifier': 'sllidar_ros2'}
[0.193396] (-) TimerEvent: {}
[0.217775] (spas_bringup) JobStarted: {'identifier': 'spas_bringup'}
[0.294679] (spas_control) JobStarted: {'identifier': 'spas_control'}
[0.295230] (-) TimerEvent: {}
[0.398280] (-) TimerEvent: {}
[0.437333] (slam_toolbox) JobProgress: {'identifier': 'slam_toolbox', 'progress': 'cmake'}
[0.449335] (slam_toolbox) JobProgress: {'identifier': 'slam_toolbox', 'progress': 'build'}
[0.454199] (slam_toolbox) Command: {'cmd': ['/usr/bin/cmake', '--build', '/home/ubuntu/spas_ws/build/slam_toolbox', '--', '-j4', '-l4'], 'cwd': '/home/ubuntu/spas_ws/build/slam_toolbox', 'env': OrderedDict([('PYTHON_BASIC_REPL', '1'), ('LESSOPEN', '| /usr/bin/lesspipe %s'), ('USER', 'ubuntu'), ('SSH_CLIENT', '192.168.57.146 54458 22'), ('XDG_SESSION_TYPE', 'tty'), ('GIT_ASKPASS', '/home/ubuntu/.vscode-server/cli/servers/Stable-f6cfa2ea2403534de03f069bdf160d06451ed282/server/extensions/git/dist/askpass.sh'), ('SHLVL', '1'), ('LD_LIBRARY_PATH', '/home/ubuntu/spas_ws/install/slam_toolbox/lib:/opt/ros/humble/opt/rviz_ogre_vendor/lib:/opt/ros/humble/lib/aarch64-linux-gnu:/opt/ros/humble/lib'), ('BROWSER', '/home/ubuntu/.vscode-server/cli/servers/Stable-f6cfa2ea2403534de03f069bdf160d06451ed282/server/bin/helpers/browser.sh'), ('MOTD_SHOWN', 'pam'), ('HOME', '/home/ubuntu'), ('TERM_PROGRAM_VERSION', '1.121.0'), ('VSCODE_IPC_HOOK_CLI', '/run/user/1000/vscode-ipc-7edf8802-70fc-4444-8255-28aa490c5857.sock'), ('ROS_PYTHON_VERSION', '3'), ('VSCODE_GIT_ASKPASS_MAIN', '/home/ubuntu/.vscode-server/cli/servers/Stable-f6cfa2ea2403534de03f069bdf160d06451ed282/server/extensions/git/dist/askpass-main.js'), ('VSCODE_GIT_ASKPASS_NODE', '/home/ubuntu/.vscode-server/cli/servers/Stable-f6cfa2ea2403534de03f069bdf160d06451ed282/server/node'), ('PYDEVD_DISABLE_FILE_VALIDATION', '1'), ('BUNDLED_DEBUGPY_PATH', '/home/ubuntu/.vscode-server/extensions/ms-python.debugpy-2026.6.0/bundled/libs/debugpy'), ('VSCODE_PYTHON_AUTOACTIVATE_GUARD', '1'), ('DBUS_SESSION_BUS_ADDRESS', 'unix:path=/run/user/1000/bus'), ('COLORTERM', 'truecolor'), ('COLCON_PREFIX_PATH', '/home/ubuntu/spas_ws/install'), ('ROS_DISTRO', 'humble'), ('LOGNAME', 'ubuntu'), ('_', '/usr/bin/colcon'), ('ROS_VERSION', '2'), ('XDG_SESSION_CLASS', 'user'), ('TERM', 'xterm-256color'), ('XDG_SESSION_ID', '3'), ('ROS_LOCALHOST_ONLY', '0'), ('PATH', '/home/ubuntu/.vscode-server/cli/servers/Stable-f6cfa2ea2403534de03f069bdf160d06451ed282/server/bin/remote-cli:/home/ubuntu/.local/bin:/opt/ros/humble/bin:/usr/local/sbin:/usr/local/bin:/usr/sbin:/usr/bin:/sbin:/bin:/usr/games:/usr/local/games:/snap/bin:/usr/local/bin:/home/ubuntu/.vscode-server/extensions/ms-python.debugpy-2026.6.0/bundled/scripts/noConfigScripts:/usr/local/bin'), ('XDG_RUNTIME_DIR', '/run/user/1000'), ('VSCODE_DEBUGPY_ADAPTER_ENDPOINTS', '/home/ubuntu/.vscode-server/extensions/ms-python.debugpy-2026.6.0/.noConfigDebugAdapterEndpoints/endpoint-e5b7b46d30a6d547.txt'), ('LANG', 'en_US.UTF-8'), ('PYTHONSTARTUP', '/home/ubuntu/.vscode-server/data/User/workspaceStorage/e032697359c870186215dbcd294e7172/ms-python.python/pythonrc.py'), ('LS_COLORS', 'rs=0:di=01;34:ln=01;36:mh=00:pi=40;33:so=01;35:do=01;35:bd=40;33;01:cd=40;33;01:or=40;31;01:mi=00:su=37;41:sg=30;43:ca=30;41:tw=30;42:ow=34;42:st=37;44:ex=01;32:*.tar=01;31:*.tgz=01;31:*.arc=01;31:*.arj=01;31:*.taz=01;31:*.lha=01;31:*.lz4=01;31:*.lzh=01;31:*.lzma=01;31:*.tlz=01;31:*.txz=01;31:*.tzo=01;31:*.t7z=01;31:*.zip=01;31:*.z=01;31:*.dz=01;31:*.gz=01;31:*.lrz=01;31:*.lz=01;31:*.lzo=01;31:*.xz=01;31:*.zst=01;31:*.tzst=01;31:*.bz2=01;31:*.bz=01;31:*.tbz=01;31:*.tbz2=01;31:*.tz=01;31:*.deb=01;31:*.rpm=01;31:*.jar=01;31:*.war=01;31:*.ear=01;31:*.sar=01;31:*.rar=01;31:*.alz=01;31:*.ace=01;31:*.zoo=01;31:*.cpio=01;31:*.7z=01;31:*.rz=01;31:*.cab=01;31:*.wim=01;31:*.swm=01;31:*.dwm=01;31:*.esd=01;31:*.jpg=01;35:*.jpeg=01;35:*.mjpg=01;35:*.mjpeg=01;35:*.gif=01;35:*.bmp=01;35:*.pbm=01;35:*.pgm=01;35:*.ppm=01;35:*.tga=01;35:*.xbm=01;35:*.xpm=01;35:*.tif=01;35:*.tiff=01;35:*.png=01;35:*.svg=01;35:*.svgz=01;35:*.mng=01;35:*.pcx=01;35:*.mov=01;35:*.mpg=01;35:*.mpeg=01;35:*.m2v=01;35:*.mkv=01;35:*.webm=01;35:*.webp=01;35:*.ogm=01;35:*.mp4=01;35:*.m4v=01;35:*.mp4v=01;35:*.vob=01;35:*.qt=01;35:*.nuv=01;35:*.wmv=01;35:*.asf=01;35:*.rm=01;35:*.rmvb=01;35:*.flc=01;35:*.avi=01;35:*.fli=01;35:*.flv=01;35:*.gl=01;35:*.dl=01;35:*.xcf=01;35:*.xwd=01;35:*.yuv=01;35:*.cgm=01;35:*.emf=01;35:*.ogv=01;35:*.ogx=01;35:*.aac=00;36:*.au=00;36:*.flac=00;36:*.m4a=00;36:*.mid=00;36:*.midi=00;36:*.mka=00;36:*.mp3=00;36:*.mpc=00;36:*.ogg=00;36:*.ra=00;36:*.wav=00;36:*.oga=00;36:*.opus=00;36:*.spx=00;36:*.xspf=00;36:'), ('VSCODE_GIT_IPC_HANDLE', '/run/user/1000/vscode-git-c858e614bc.sock'), ('TERM_PROGRAM', 'vscode'), ('ROS_DOMAIN_ID', '1'), ('AMENT_PREFIX_PATH', '/home/ubuntu/spas_ws/install/spas_planning:/home/ubuntu/spas_ws/install/spas_perception:/home/ubuntu/spas_ws/install/spas_control:/home/ubuntu/spas_ws/install/spas_bringup:/home/ubuntu/spas_ws/install/sllidar_ros2:/home/ubuntu/spas_ws/install/slam_toolbox:/opt/ros/humble'), ('SHELL', '/bin/bash'), ('LESSCLOSE', '/usr/bin/lesspipe %s %s'), ('VSCODE_GIT_ASKPASS_EXTRA_ARGS', ''), ('PWD', '/home/ubuntu/spas_ws/build/slam_toolbox'), ('LC_ALL', 'en_US.UTF-8'), ('SSH_CONNECTION', '192.168.57.146 54458 192.168.57.18 22'), ('XDG_DATA_DIRS', '/usr/share/gnome:/usr/local/share:/usr/share:/var/lib/snapd/desktop'), ('PYTHONPATH', '/home/ubuntu/spas_ws/build/spas_planning:/home/ubuntu/spas_ws/install/spas_planning/lib/python3.10/site-packages:/home/ubuntu/spas_ws/build/spas_perception:/home/ubuntu/spas_ws/install/spas_perception/lib/python3.10/site-packages:/home/ubuntu/spas_ws/build/spas_control:/home/ubuntu/spas_ws/install/spas_control/lib/python3.10/site-packages:/home/ubuntu/spas_ws/install/slam_toolbox/local/lib/python3.10/dist-packages:/opt/ros/humble/lib/python3.10/site-packages:/opt/ros/humble/local/lib/python3.10/dist-packages:/usr/local/lib/python3/dist-packages:/usr/local/lib/python3/dist-packages'), ('COLCON', '1'), ('CMAKE_PREFIX_PATH', '/home/ubuntu/spas_ws/install/spas_bringup:/home/ubuntu/spas_ws/install/sllidar_ros2:/home/ubuntu/spas_ws/install/slam_toolbox:/home/ubuntu/spas_ws/install/spas_planning:/home/ubuntu/spas_ws/install/spas_perception:/home/ubuntu/spas_ws/install/spas_control:/opt/ros/humble')]), 'shell': False}
[0.498744] (sllidar_ros2) JobProgress: {'identifier': 'sllidar_ros2', 'progress': 'cmake'}
[0.499172] (-) TimerEvent: {}
[0.521036] (sllidar_ros2) JobProgress: {'identifier': 'sllidar_ros2', 'progress': 'build'}
[0.523347] (sllidar_ros2) Command: {'cmd': ['/usr/bin/cmake', '--build', '/home/ubuntu/spas_ws/build/sllidar_ros2', '--', '-j4', '-l4'], 'cwd': '/home/ubuntu/spas_ws/build/sllidar_ros2', 'env': OrderedDict([('PYTHON_BASIC_REPL', '1'), ('LESSOPEN', '| /usr/bin/lesspipe %s'), ('USER', 'ubuntu'), ('SSH_CLIENT', '192.168.57.146 54458 22'), ('XDG_SESSION_TYPE', 'tty'), ('GIT_ASKPASS', '/home/ubuntu/.vscode-server/cli/servers/Stable-f6cfa2ea2403534de03f069bdf160d06451ed282/server/extensions/git/dist/askpass.sh'), ('SHLVL', '1'), ('LD_LIBRARY_PATH', '/home/ubuntu/spas_ws/install/slam_toolbox/lib:/opt/ros/humble/opt/rviz_ogre_vendor/lib:/opt/ros/humble/lib/aarch64-linux-gnu:/opt/ros/humble/lib'), ('BROWSER', '/home/ubuntu/.vscode-server/cli/servers/Stable-f6cfa2ea2403534de03f069bdf160d06451ed282/server/bin/helpers/browser.sh'), ('MOTD_SHOWN', 'pam'), ('HOME', '/home/ubuntu'), ('TERM_PROGRAM_VERSION', '1.121.0'), ('VSCODE_IPC_HOOK_CLI', '/run/user/1000/vscode-ipc-7edf8802-70fc-4444-8255-28aa490c5857.sock'), ('ROS_PYTHON_VERSION', '3'), ('VSCODE_GIT_ASKPASS_MAIN', '/home/ubuntu/.vscode-server/cli/servers/Stable-f6cfa2ea2403534de03f069bdf160d06451ed282/server/extensions/git/dist/askpass-main.js'), ('VSCODE_GIT_ASKPASS_NODE', '/home/ubuntu/.vscode-server/cli/servers/Stable-f6cfa2ea2403534de03f069bdf160d06451ed282/server/node'), ('PYDEVD_DISABLE_FILE_VALIDATION', '1'), ('BUNDLED_DEBUGPY_PATH', '/home/ubuntu/.vscode-server/extensions/ms-python.debugpy-2026.6.0/bundled/libs/debugpy'), ('VSCODE_PYTHON_AUTOACTIVATE_GUARD', '1'), ('DBUS_SESSION_BUS_ADDRESS', 'unix:path=/run/user/1000/bus'), ('COLORTERM', 'truecolor'), ('COLCON_PREFIX_PATH', '/home/ubuntu/spas_ws/install'), ('ROS_DISTRO', 'humble'), ('LOGNAME', 'ubuntu'), ('_', '/usr/bin/colcon'), ('ROS_VERSION', '2'), ('XDG_SESSION_CLASS', 'user'), ('TERM', 'xterm-256color'), ('XDG_SESSION_ID', '3'), ('ROS_LOCALHOST_ONLY', '0'), ('PATH', '/home/ubuntu/.vscode-server/cli/servers/Stable-f6cfa2ea2403534de03f069bdf160d06451ed282/server/bin/remote-cli:/home/ubuntu/.local/bin:/opt/ros/humble/bin:/usr/local/sbin:/usr/local/bin:/usr/sbin:/usr/bin:/sbin:/bin:/usr/games:/usr/local/games:/snap/bin:/usr/local/bin:/home/ubuntu/.vscode-server/extensions/ms-python.debugpy-2026.6.0/bundled/scripts/noConfigScripts:/usr/local/bin'), ('XDG_RUNTIME_DIR', '/run/user/1000'), ('VSCODE_DEBUGPY_ADAPTER_ENDPOINTS', '/home/ubuntu/.vscode-server/extensions/ms-python.debugpy-2026.6.0/.noConfigDebugAdapterEndpoints/endpoint-e5b7b46d30a6d547.txt'), ('LANG', 'en_US.UTF-8'), ('PYTHONSTARTUP', '/home/ubuntu/.vscode-server/data/User/workspaceStorage/e032697359c870186215dbcd294e7172/ms-python.python/pythonrc.py'), ('LS_COLORS', 'rs=0:di=01;34:ln=01;36:mh=00:pi=40;33:so=01;35:do=01;35:bd=40;33;01:cd=40;33;01:or=40;31;01:mi=00:su=37;41:sg=30;43:ca=30;41:tw=30;42:ow=34;42:st=37;44:ex=01;32:*.tar=01;31:*.tgz=01;31:*.arc=01;31:*.arj=01;31:*.taz=01;31:*.lha=01;31:*.lz4=01;31:*.lzh=01;31:*.lzma=01;31:*.tlz=01;31:*.txz=01;31:*.tzo=01;31:*.t7z=01;31:*.zip=01;31:*.z=01;31:*.dz=01;31:*.gz=01;31:*.lrz=01;31:*.lz=01;31:*.lzo=01;31:*.xz=01;31:*.zst=01;31:*.tzst=01;31:*.bz2=01;31:*.bz=01;31:*.tbz=01;31:*.tbz2=01;31:*.tz=01;31:*.deb=01;31:*.rpm=01;31:*.jar=01;31:*.war=01;31:*.ear=01;31:*.sar=01;31:*.rar=01;31:*.alz=01;31:*.ace=01;31:*.zoo=01;31:*.cpio=01;31:*.7z=01;31:*.rz=01;31:*.cab=01;31:*.wim=01;31:*.swm=01;31:*.dwm=01;31:*.esd=01;31:*.jpg=01;35:*.jpeg=01;35:*.mjpg=01;35:*.mjpeg=01;35:*.gif=01;35:*.bmp=01;35:*.pbm=01;35:*.pgm=01;35:*.ppm=01;35:*.tga=01;35:*.xbm=01;35:*.xpm=01;35:*.tif=01;35:*.tiff=01;35:*.png=01;35:*.svg=01;35:*.svgz=01;35:*.mng=01;35:*.pcx=01;35:*.mov=01;35:*.mpg=01;35:*.mpeg=01;35:*.m2v=01;35:*.mkv=01;35:*.webm=01;35:*.webp=01;35:*.ogm=01;35:*.mp4=01;35:*.m4v=01;35:*.mp4v=01;35:*.vob=01;35:*.qt=01;35:*.nuv=01;35:*.wmv=01;35:*.asf=01;35:*.rm=01;35:*.rmvb=01;35:*.flc=01;35:*.avi=01;35:*.fli=01;35:*.flv=01;35:*.gl=01;35:*.dl=01;35:*.xcf=01;35:*.xwd=01;35:*.yuv=01;35:*.cgm=01;35:*.emf=01;35:*.ogv=01;35:*.ogx=01;35:*.aac=00;36:*.au=00;36:*.flac=00;36:*.m4a=00;36:*.mid=00;36:*.midi=00;36:*.mka=00;36:*.mp3=00;36:*.mpc=00;36:*.ogg=00;36:*.ra=00;36:*.wav=00;36:*.oga=00;36:*.opus=00;36:*.spx=00;36:*.xspf=00;36:'), ('VSCODE_GIT_IPC_HANDLE', '/run/user/1000/vscode-git-c858e614bc.sock'), ('TERM_PROGRAM', 'vscode'), ('ROS_DOMAIN_ID', '1'), ('AMENT_PREFIX_PATH', '/home/ubuntu/spas_ws/install/spas_planning:/home/ubuntu/spas_ws/install/spas_perception:/home/ubuntu/spas_ws/install/spas_control:/home/ubuntu/spas_ws/install/spas_bringup:/home/ubuntu/spas_ws/install/sllidar_ros2:/home/ubuntu/spas_ws/install/slam_toolbox:/opt/ros/humble'), ('SHELL', '/bin/bash'), ('LESSCLOSE', '/usr/bin/lesspipe %s %s'), ('VSCODE_GIT_ASKPASS_EXTRA_ARGS', ''), ('PWD', '/home/ubuntu/spas_ws/build/sllidar_ros2'), ('LC_ALL', 'en_US.UTF-8'), ('SSH_CONNECTION', '192.168.57.146 54458 192.168.57.18 22'), ('XDG_DATA_DIRS', '/usr/share/gnome:/usr/local/share:/usr/share:/var/lib/snapd/desktop'), ('PYTHONPATH', '/home/ubuntu/spas_ws/build/spas_planning:/home/ubuntu/spas_ws/install/spas_planning/lib/python3.10/site-packages:/home/ubuntu/spas_ws/build/spas_perception:/home/ubuntu/spas_ws/install/spas_perception/lib/python3.10/site-packages:/home/ubuntu/spas_ws/build/spas_control:/home/ubuntu/spas_ws/install/spas_control/lib/python3.10/site-packages:/home/ubuntu/spas_ws/install/slam_toolbox/local/lib/python3.10/dist-packages:/opt/ros/humble/lib/python3.10/site-packages:/opt/ros/humble/local/lib/python3.10/dist-packages:/usr/local/lib/python3/dist-packages:/usr/local/lib/python3/dist-packages'), ('COLCON', '1'), ('CMAKE_PREFIX_PATH', '/home/ubuntu/spas_ws/install/spas_bringup:/home/ubuntu/spas_ws/install/sllidar_ros2:/home/ubuntu/spas_ws/install/slam_toolbox:/home/ubuntu/spas_ws/install/spas_planning:/home/ubuntu/spas_ws/install/spas_perception:/home/ubuntu/spas_ws/install/spas_control:/opt/ros/humble')]), 'shell': False}
[0.599538] (-) TimerEvent: {}
[0.608532] (spas_bringup) JobProgress: {'identifier': 'spas_bringup', 'progress': 'cmake'}
[0.699945] (-) TimerEvent: {}
[0.735408] (spas_bringup) JobProgress: {'identifier': 'spas_bringup', 'progress': 'build'}
[0.735741] (spas_bringup) Command: {'cmd': ['/usr/bin/cmake', '--build', '/home/ubuntu/spas_ws/build/spas_bringup', '--', '-j4', '-l4'], 'cwd': '/home/ubuntu/spas_ws/build/spas_bringup', 'env': OrderedDict([('PYTHON_BASIC_REPL', '1'), ('LESSOPEN', '| /usr/bin/lesspipe %s'), ('USER', 'ubuntu'), ('SSH_CLIENT', '192.168.57.146 54458 22'), ('XDG_SESSION_TYPE', 'tty'), ('GIT_ASKPASS', '/home/ubuntu/.vscode-server/cli/servers/Stable-f6cfa2ea2403534de03f069bdf160d06451ed282/server/extensions/git/dist/askpass.sh'), ('SHLVL', '1'), ('LD_LIBRARY_PATH', '/home/ubuntu/spas_ws/install/slam_toolbox/lib:/opt/ros/humble/opt/rviz_ogre_vendor/lib:/opt/ros/humble/lib/aarch64-linux-gnu:/opt/ros/humble/lib'), ('BROWSER', '/home/ubuntu/.vscode-server/cli/servers/Stable-f6cfa2ea2403534de03f069bdf160d06451ed282/server/bin/helpers/browser.sh'), ('MOTD_SHOWN', 'pam'), ('HOME', '/home/ubuntu'), ('TERM_PROGRAM_VERSION', '1.121.0'), ('VSCODE_IPC_HOOK_CLI', '/run/user/1000/vscode-ipc-7edf8802-70fc-4444-8255-28aa490c5857.sock'), ('ROS_PYTHON_VERSION', '3'), ('VSCODE_GIT_ASKPASS_MAIN', '/home/ubuntu/.vscode-server/cli/servers/Stable-f6cfa2ea2403534de03f069bdf160d06451ed282/server/extensions/git/dist/askpass-main.js'), ('VSCODE_GIT_ASKPASS_NODE', '/home/ubuntu/.vscode-server/cli/servers/Stable-f6cfa2ea2403534de03f069bdf160d06451ed282/server/node'), ('PYDEVD_DISABLE_FILE_VALIDATION', '1'), ('BUNDLED_DEBUGPY_PATH', '/home/ubuntu/.vscode-server/extensions/ms-python.debugpy-2026.6.0/bundled/libs/debugpy'), ('VSCODE_PYTHON_AUTOACTIVATE_GUARD', '1'), ('DBUS_SESSION_BUS_ADDRESS', 'unix:path=/run/user/1000/bus'), ('COLORTERM', 'truecolor'), ('COLCON_PREFIX_PATH', '/home/ubuntu/spas_ws/install'), ('ROS_DISTRO', 'humble'), ('LOGNAME', 'ubuntu'), ('_', '/usr/bin/colcon'), ('ROS_VERSION', '2'), ('XDG_SESSION_CLASS', 'user'), ('TERM', 'xterm-256color'), ('XDG_SESSION_ID', '3'), ('ROS_LOCALHOST_ONLY', '0'), ('PATH', '/home/ubuntu/.vscode-server/cli/servers/Stable-f6cfa2ea2403534de03f069bdf160d06451ed282/server/bin/remote-cli:/home/ubuntu/.local/bin:/opt/ros/humble/bin:/usr/local/sbin:/usr/local/bin:/usr/sbin:/usr/bin:/sbin:/bin:/usr/games:/usr/local/games:/snap/bin:/usr/local/bin:/home/ubuntu/.vscode-server/extensions/ms-python.debugpy-2026.6.0/bundled/scripts/noConfigScripts:/usr/local/bin'), ('XDG_RUNTIME_DIR', '/run/user/1000'), ('VSCODE_DEBUGPY_ADAPTER_ENDPOINTS', '/home/ubuntu/.vscode-server/extensions/ms-python.debugpy-2026.6.0/.noConfigDebugAdapterEndpoints/endpoint-e5b7b46d30a6d547.txt'), ('LANG', 'en_US.UTF-8'), ('PYTHONSTARTUP', '/home/ubuntu/.vscode-server/data/User/workspaceStorage/e032697359c870186215dbcd294e7172/ms-python.python/pythonrc.py'), ('LS_COLORS', 'rs=0:di=01;34:ln=01;36:mh=00:pi=40;33:so=01;35:do=01;35:bd=40;33;01:cd=40;33;01:or=40;31;01:mi=00:su=37;41:sg=30;43:ca=30;41:tw=30;42:ow=34;42:st=37;44:ex=01;32:*.tar=01;31:*.tgz=01;31:*.arc=01;31:*.arj=01;31:*.taz=01;31:*.lha=01;31:*.lz4=01;31:*.lzh=01;31:*.lzma=01;31:*.tlz=01;31:*.txz=01;31:*.tzo=01;31:*.t7z=01;31:*.zip=01;31:*.z=01;31:*.dz=01;31:*.gz=01;31:*.lrz=01;31:*.lz=01;31:*.lzo=01;31:*.xz=01;31:*.zst=01;31:*.tzst=01;31:*.bz2=01;31:*.bz=01;31:*.tbz=01;31:*.tbz2=01;31:*.tz=01;31:*.deb=01;31:*.rpm=01;31:*.jar=01;31:*.war=01;31:*.ear=01;31:*.sar=01;31:*.rar=01;31:*.alz=01;31:*.ace=01;31:*.zoo=01;31:*.cpio=01;31:*.7z=01;31:*.rz=01;31:*.cab=01;31:*.wim=01;31:*.swm=01;31:*.dwm=01;31:*.esd=01;31:*.jpg=01;35:*.jpeg=01;35:*.mjpg=01;35:*.mjpeg=01;35:*.gif=01;35:*.bmp=01;35:*.pbm=01;35:*.pgm=01;35:*.ppm=01;35:*.tga=01;35:*.xbm=01;35:*.xpm=01;35:*.tif=01;35:*.tiff=01;35:*.png=01;35:*.svg=01;35:*.svgz=01;35:*.mng=01;35:*.pcx=01;35:*.mov=01;35:*.mpg=01;35:*.mpeg=01;35:*.m2v=01;35:*.mkv=01;35:*.webm=01;35:*.webp=01;35:*.ogm=01;35:*.mp4=01;35:*.m4v=01;35:*.mp4v=01;35:*.vob=01;35:*.qt=01;35:*.nuv=01;35:*.wmv=01;35:*.asf=01;35:*.rm=01;35:*.rmvb=01;35:*.flc=01;35:*.avi=01;35:*.fli=01;35:*.flv=01;35:*.gl=01;35:*.dl=01;35:*.xcf=01;35:*.xwd=01;35:*.yuv=01;35:*.cgm=01;35:*.emf=01;35:*.ogv=01;35:*.ogx=01;35:*.aac=00;36:*.au=00;36:*.flac=00;36:*.m4a=00;36:*.mid=00;36:*.midi=00;36:*.mka=00;36:*.mp3=00;36:*.mpc=00;36:*.ogg=00;36:*.ra=00;36:*.wav=00;36:*.oga=00;36:*.opus=00;36:*.spx=00;36:*.xspf=00;36:'), ('VSCODE_GIT_IPC_HANDLE', '/run/user/1000/vscode-git-c858e614bc.sock'), ('TERM_PROGRAM', 'vscode'), ('ROS_DOMAIN_ID', '1'), ('AMENT_PREFIX_PATH', '/home/ubuntu/spas_ws/install/spas_planning:/home/ubuntu/spas_ws/install/spas_perception:/home/ubuntu/spas_ws/install/spas_control:/home/ubuntu/spas_ws/install/spas_bringup:/home/ubuntu/spas_ws/install/sllidar_ros2:/home/ubuntu/spas_ws/install/slam_toolbox:/opt/ros/humble'), ('SHELL', '/bin/bash'), ('LESSCLOSE', '/usr/bin/lesspipe %s %s'), ('VSCODE_GIT_ASKPASS_EXTRA_ARGS', ''), ('PWD', '/home/ubuntu/spas_ws/build/spas_bringup'), ('LC_ALL', 'en_US.UTF-8'), ('SSH_CONNECTION', '192.168.57.146 54458 192.168.57.18 22'), ('XDG_DATA_DIRS', '/usr/share/gnome:/usr/local/share:/usr/share:/var/lib/snapd/desktop'), ('PYTHONPATH', '/home/ubuntu/spas_ws/build/spas_planning:/home/ubuntu/spas_ws/install/spas_planning/lib/python3.10/site-packages:/home/ubuntu/spas_ws/build/spas_perception:/home/ubuntu/spas_ws/install/spas_perception/lib/python3.10/site-packages:/home/ubuntu/spas_ws/build/spas_control:/home/ubuntu/spas_ws/install/spas_control/lib/python3.10/site-packages:/home/ubuntu/spas_ws/install/slam_toolbox/local/lib/python3.10/dist-packages:/opt/ros/humble/lib/python3.10/site-packages:/opt/ros/humble/local/lib/python3.10/dist-packages:/usr/local/lib/python3/dist-packages:/usr/local/lib/python3/dist-packages'), ('COLCON', '1'), ('CMAKE_PREFIX_PATH', '/home/ubuntu/spas_ws/install/spas_bringup:/home/ubuntu/spas_ws/install/sllidar_ros2:/home/ubuntu/spas_ws/install/slam_toolbox:/home/ubuntu/spas_ws/install/spas_planning:/home/ubuntu/spas_ws/install/spas_perception:/home/ubuntu/spas_ws/install/spas_control:/opt/ros/humble')]), 'shell': False}
[0.800101] (-) TimerEvent: {}
[0.903630] (-) TimerEvent: {}
[1.005573] (-) TimerEvent: {}
[1.109238] (-) TimerEvent: {}
[1.211158] (-) TimerEvent: {}
[1.319718] (-) TimerEvent: {}
[1.422582] (-) TimerEvent: {}
[1.526513] (-) TimerEvent: {}
[1.629591] (-) TimerEvent: {}
[1.732572] (-) TimerEvent: {}
[1.835261] (-) TimerEvent: {}
[1.939774] (-) TimerEvent: {}
[2.043264] (-) TimerEvent: {}
[2.146726] (-) TimerEvent: {}
[2.152777] (slam_toolbox) StdoutLine: {'line': b'[  0%] Built target slam_toolbox__rs\n'}
[2.246881] (-) TimerEvent: {}
[2.282213] (sllidar_ros2) StdoutLine: {'line': b'[ 90%] Built target sllidar_node\n'}
[2.347053] (-) TimerEvent: {}
[2.453169] (-) TimerEvent: {}
[2.545269] (slam_toolbox) StdoutLine: {'line': b'[  0%] Built target ament_cmake_python_symlink_slam_toolbox\n'}
[2.557130] (-) TimerEvent: {}
[2.616861] (sllidar_ros2) StdoutLine: {'line': b'[100%] Built target sllidar_client\n'}
[2.657407] (-) TimerEvent: {}
[2.760993] (-) TimerEvent: {}
[2.863108] (-) TimerEvent: {}
[2.965808] (-) TimerEvent: {}
[3.070181] (-) TimerEvent: {}
[3.172785] (-) TimerEvent: {}
[3.276450] (-) TimerEvent: {}
[3.360267] (slam_toolbox) StdoutLine: {'line': b'[  2%] Built target kartoSlamToolbox\n'}
[3.376721] (-) TimerEvent: {}
[3.479776] (-) TimerEvent: {}
[3.581811] (-) TimerEvent: {}
[3.684529] (-) TimerEvent: {}
[3.788385] (-) TimerEvent: {}
[3.891269] (-) TimerEvent: {}
[3.997523] (-) TimerEvent: {}
[4.100863] (-) TimerEvent: {}
[4.213205] (-) TimerEvent: {}
[4.317566] (-) TimerEvent: {}
[4.424205] (-) TimerEvent: {}
[4.529481] (-) TimerEvent: {}
[4.632521] (-) TimerEvent: {}
[4.737910] (-) TimerEvent: {}
[4.841184] (-) TimerEvent: {}
[4.943171] (-) TimerEvent: {}
[5.047782] (-) TimerEvent: {}
[5.151353] (-) TimerEvent: {}
[5.255355] (-) TimerEvent: {}
[5.358566] (-) TimerEvent: {}
[5.465973] (-) TimerEvent: {}
[5.571611] (-) TimerEvent: {}
[5.683475] (-) TimerEvent: {}
[5.787074] (-) TimerEvent: {}
[5.890176] (-) TimerEvent: {}
[5.996187] (-) TimerEvent: {}
[6.101449] (-) TimerEvent: {}
[6.208987] (-) TimerEvent: {}
[6.322571] (-) TimerEvent: {}
[6.432154] (-) TimerEvent: {}
[6.439779] (spas_bringup) CommandEnded: {'returncode': 0}
[6.448927] (spas_bringup) JobProgress: {'identifier': 'spas_bringup', 'progress': 'install'}
[6.532866] (-) TimerEvent: {}
[6.636229] (-) TimerEvent: {}
[6.663634] (spas_bringup) Command: {'cmd': ['/usr/bin/cmake', '--install', '/home/ubuntu/spas_ws/build/spas_bringup'], 'cwd': '/home/ubuntu/spas_ws/build/spas_bringup', 'env': OrderedDict([('PYTHON_BASIC_REPL', '1'), ('LESSOPEN', '| /usr/bin/lesspipe %s'), ('USER', 'ubuntu'), ('SSH_CLIENT', '192.168.57.146 54458 22'), ('XDG_SESSION_TYPE', 'tty'), ('GIT_ASKPASS', '/home/ubuntu/.vscode-server/cli/servers/Stable-f6cfa2ea2403534de03f069bdf160d06451ed282/server/extensions/git/dist/askpass.sh'), ('SHLVL', '1'), ('LD_LIBRARY_PATH', '/home/ubuntu/spas_ws/install/slam_toolbox/lib:/opt/ros/humble/opt/rviz_ogre_vendor/lib:/opt/ros/humble/lib/aarch64-linux-gnu:/opt/ros/humble/lib'), ('BROWSER', '/home/ubuntu/.vscode-server/cli/servers/Stable-f6cfa2ea2403534de03f069bdf160d06451ed282/server/bin/helpers/browser.sh'), ('MOTD_SHOWN', 'pam'), ('HOME', '/home/ubuntu'), ('TERM_PROGRAM_VERSION', '1.121.0'), ('VSCODE_IPC_HOOK_CLI', '/run/user/1000/vscode-ipc-7edf8802-70fc-4444-8255-28aa490c5857.sock'), ('ROS_PYTHON_VERSION', '3'), ('VSCODE_GIT_ASKPASS_MAIN', '/home/ubuntu/.vscode-server/cli/servers/Stable-f6cfa2ea2403534de03f069bdf160d06451ed282/server/extensions/git/dist/askpass-main.js'), ('VSCODE_GIT_ASKPASS_NODE', '/home/ubuntu/.vscode-server/cli/servers/Stable-f6cfa2ea2403534de03f069bdf160d06451ed282/server/node'), ('PYDEVD_DISABLE_FILE_VALIDATION', '1'), ('BUNDLED_DEBUGPY_PATH', '/home/ubuntu/.vscode-server/extensions/ms-python.debugpy-2026.6.0/bundled/libs/debugpy'), ('VSCODE_PYTHON_AUTOACTIVATE_GUARD', '1'), ('DBUS_SESSION_BUS_ADDRESS', 'unix:path=/run/user/1000/bus'), ('COLORTERM', 'truecolor'), ('COLCON_PREFIX_PATH', '/home/ubuntu/spas_ws/install'), ('ROS_DISTRO', 'humble'), ('LOGNAME', 'ubuntu'), ('_', '/usr/bin/colcon'), ('ROS_VERSION', '2'), ('XDG_SESSION_CLASS', 'user'), ('TERM', 'xterm-256color'), ('XDG_SESSION_ID', '3'), ('ROS_LOCALHOST_ONLY', '0'), ('PATH', '/home/ubuntu/.vscode-server/cli/servers/Stable-f6cfa2ea2403534de03f069bdf160d06451ed282/server/bin/remote-cli:/home/ubuntu/.local/bin:/opt/ros/humble/bin:/usr/local/sbin:/usr/local/bin:/usr/sbin:/usr/bin:/sbin:/bin:/usr/games:/usr/local/games:/snap/bin:/usr/local/bin:/home/ubuntu/.vscode-server/extensions/ms-python.debugpy-2026.6.0/bundled/scripts/noConfigScripts:/usr/local/bin'), ('XDG_RUNTIME_DIR', '/run/user/1000'), ('VSCODE_DEBUGPY_ADAPTER_ENDPOINTS', '/home/ubuntu/.vscode-server/extensions/ms-python.debugpy-2026.6.0/.noConfigDebugAdapterEndpoints/endpoint-e5b7b46d30a6d547.txt'), ('LANG', 'en_US.UTF-8'), ('PYTHONSTARTUP', '/home/ubuntu/.vscode-server/data/User/workspaceStorage/e032697359c870186215dbcd294e7172/ms-python.python/pythonrc.py'), ('LS_COLORS', 'rs=0:di=01;34:ln=01;36:mh=00:pi=40;33:so=01;35:do=01;35:bd=40;33;01:cd=40;33;01:or=40;31;01:mi=00:su=37;41:sg=30;43:ca=30;41:tw=30;42:ow=34;42:st=37;44:ex=01;32:*.tar=01;31:*.tgz=01;31:*.arc=01;31:*.arj=01;31:*.taz=01;31:*.lha=01;31:*.lz4=01;31:*.lzh=01;31:*.lzma=01;31:*.tlz=01;31:*.txz=01;31:*.tzo=01;31:*.t7z=01;31:*.zip=01;31:*.z=01;31:*.dz=01;31:*.gz=01;31:*.lrz=01;31:*.lz=01;31:*.lzo=01;31:*.xz=01;31:*.zst=01;31:*.tzst=01;31:*.bz2=01;31:*.bz=01;31:*.tbz=01;31:*.tbz2=01;31:*.tz=01;31:*.deb=01;31:*.rpm=01;31:*.jar=01;31:*.war=01;31:*.ear=01;31:*.sar=01;31:*.rar=01;31:*.alz=01;31:*.ace=01;31:*.zoo=01;31:*.cpio=01;31:*.7z=01;31:*.rz=01;31:*.cab=01;31:*.wim=01;31:*.swm=01;31:*.dwm=01;31:*.esd=01;31:*.jpg=01;35:*.jpeg=01;35:*.mjpg=01;35:*.mjpeg=01;35:*.gif=01;35:*.bmp=01;35:*.pbm=01;35:*.pgm=01;35:*.ppm=01;35:*.tga=01;35:*.xbm=01;35:*.xpm=01;35:*.tif=01;35:*.tiff=01;35:*.png=01;35:*.svg=01;35:*.svgz=01;35:*.mng=01;35:*.pcx=01;35:*.mov=01;35:*.mpg=01;35:*.mpeg=01;35:*.m2v=01;35:*.mkv=01;35:*.webm=01;35:*.webp=01;35:*.ogm=01;35:*.mp4=01;35:*.m4v=01;35:*.mp4v=01;35:*.vob=01;35:*.qt=01;35:*.nuv=01;35:*.wmv=01;35:*.asf=01;35:*.rm=01;35:*.rmvb=01;35:*.flc=01;35:*.avi=01;35:*.fli=01;35:*.flv=01;35:*.gl=01;35:*.dl=01;35:*.xcf=01;35:*.xwd=01;35:*.yuv=01;35:*.cgm=01;35:*.emf=01;35:*.ogv=01;35:*.ogx=01;35:*.aac=00;36:*.au=00;36:*.flac=00;36:*.m4a=00;36:*.mid=00;36:*.midi=00;36:*.mka=00;36:*.mp3=00;36:*.mpc=00;36:*.ogg=00;36:*.ra=00;36:*.wav=00;36:*.oga=00;36:*.opus=00;36:*.spx=00;36:*.xspf=00;36:'), ('VSCODE_GIT_IPC_HANDLE', '/run/user/1000/vscode-git-c858e614bc.sock'), ('TERM_PROGRAM', 'vscode'), ('ROS_DOMAIN_ID', '1'), ('AMENT_PREFIX_PATH', '/home/ubuntu/spas_ws/install/spas_planning:/home/ubuntu/spas_ws/install/spas_perception:/home/ubuntu/spas_ws/install/spas_control:/home/ubuntu/spas_ws/install/spas_bringup:/home/ubuntu/spas_ws/install/sllidar_ros2:/home/ubuntu/spas_ws/install/slam_toolbox:/opt/ros/humble'), ('SHELL', '/bin/bash'), ('LESSCLOSE', '/usr/bin/lesspipe %s %s'), ('VSCODE_GIT_ASKPASS_EXTRA_ARGS', ''), ('PWD', '/home/ubuntu/spas_ws/build/spas_bringup'), ('LC_ALL', 'en_US.UTF-8'), ('SSH_CONNECTION', '192.168.57.146 54458 192.168.57.18 22'), ('XDG_DATA_DIRS', '/usr/share/gnome:/usr/local/share:/usr/share:/var/lib/snapd/desktop'), ('PYTHONPATH', '/home/ubuntu/spas_ws/build/spas_planning:/home/ubuntu/spas_ws/install/spas_planning/lib/python3.10/site-packages:/home/ubuntu/spas_ws/build/spas_perception:/home/ubuntu/spas_ws/install/spas_perception/lib/python3.10/site-packages:/home/ubuntu/spas_ws/build/spas_control:/home/ubuntu/spas_ws/install/spas_control/lib/python3.10/site-packages:/home/ubuntu/spas_ws/install/slam_toolbox/local/lib/python3.10/dist-packages:/opt/ros/humble/lib/python3.10/site-packages:/opt/ros/humble/local/lib/python3.10/dist-packages:/usr/local/lib/python3/dist-packages:/usr/local/lib/python3/dist-packages'), ('COLCON', '1'), ('CMAKE_PREFIX_PATH', '/home/ubuntu/spas_ws/install/spas_bringup:/home/ubuntu/spas_ws/install/sllidar_ros2:/home/ubuntu/spas_ws/install/slam_toolbox:/home/ubuntu/spas_ws/install/spas_planning:/home/ubuntu/spas_ws/install/spas_perception:/home/ubuntu/spas_ws/install/spas_control:/opt/ros/humble')]), 'shell': False}
[6.714639] (sllidar_ros2) CommandEnded: {'returncode': 0}
[6.723885] (sllidar_ros2) JobProgress: {'identifier': 'sllidar_ros2', 'progress': 'install'}
[6.724365] (sllidar_ros2) Command: {'cmd': ['/usr/bin/cmake', '--install', '/home/ubuntu/spas_ws/build/sllidar_ros2'], 'cwd': '/home/ubuntu/spas_ws/build/sllidar_ros2', 'env': OrderedDict([('PYTHON_BASIC_REPL', '1'), ('LESSOPEN', '| /usr/bin/lesspipe %s'), ('USER', 'ubuntu'), ('SSH_CLIENT', '192.168.57.146 54458 22'), ('XDG_SESSION_TYPE', 'tty'), ('GIT_ASKPASS', '/home/ubuntu/.vscode-server/cli/servers/Stable-f6cfa2ea2403534de03f069bdf160d06451ed282/server/extensions/git/dist/askpass.sh'), ('SHLVL', '1'), ('LD_LIBRARY_PATH', '/home/ubuntu/spas_ws/install/slam_toolbox/lib:/opt/ros/humble/opt/rviz_ogre_vendor/lib:/opt/ros/humble/lib/aarch64-linux-gnu:/opt/ros/humble/lib'), ('BROWSER', '/home/ubuntu/.vscode-server/cli/servers/Stable-f6cfa2ea2403534de03f069bdf160d06451ed282/server/bin/helpers/browser.sh'), ('MOTD_SHOWN', 'pam'), ('HOME', '/home/ubuntu'), ('TERM_PROGRAM_VERSION', '1.121.0'), ('VSCODE_IPC_HOOK_CLI', '/run/user/1000/vscode-ipc-7edf8802-70fc-4444-8255-28aa490c5857.sock'), ('ROS_PYTHON_VERSION', '3'), ('VSCODE_GIT_ASKPASS_MAIN', '/home/ubuntu/.vscode-server/cli/servers/Stable-f6cfa2ea2403534de03f069bdf160d06451ed282/server/extensions/git/dist/askpass-main.js'), ('VSCODE_GIT_ASKPASS_NODE', '/home/ubuntu/.vscode-server/cli/servers/Stable-f6cfa2ea2403534de03f069bdf160d06451ed282/server/node'), ('PYDEVD_DISABLE_FILE_VALIDATION', '1'), ('BUNDLED_DEBUGPY_PATH', '/home/ubuntu/.vscode-server/extensions/ms-python.debugpy-2026.6.0/bundled/libs/debugpy'), ('VSCODE_PYTHON_AUTOACTIVATE_GUARD', '1'), ('DBUS_SESSION_BUS_ADDRESS', 'unix:path=/run/user/1000/bus'), ('COLORTERM', 'truecolor'), ('COLCON_PREFIX_PATH', '/home/ubuntu/spas_ws/install'), ('ROS_DISTRO', 'humble'), ('LOGNAME', 'ubuntu'), ('_', '/usr/bin/colcon'), ('ROS_VERSION', '2'), ('XDG_SESSION_CLASS', 'user'), ('TERM', 'xterm-256color'), ('XDG_SESSION_ID', '3'), ('ROS_LOCALHOST_ONLY', '0'), ('PATH', '/home/ubuntu/.vscode-server/cli/servers/Stable-f6cfa2ea2403534de03f069bdf160d06451ed282/server/bin/remote-cli:/home/ubuntu/.local/bin:/opt/ros/humble/bin:/usr/local/sbin:/usr/local/bin:/usr/sbin:/usr/bin:/sbin:/bin:/usr/games:/usr/local/games:/snap/bin:/usr/local/bin:/home/ubuntu/.vscode-server/extensions/ms-python.debugpy-2026.6.0/bundled/scripts/noConfigScripts:/usr/local/bin'), ('XDG_RUNTIME_DIR', '/run/user/1000'), ('VSCODE_DEBUGPY_ADAPTER_ENDPOINTS', '/home/ubuntu/.vscode-server/extensions/ms-python.debugpy-2026.6.0/.noConfigDebugAdapterEndpoints/endpoint-e5b7b46d30a6d547.txt'), ('LANG', 'en_US.UTF-8'), ('PYTHONSTARTUP', '/home/ubuntu/.vscode-server/data/User/workspaceStorage/e032697359c870186215dbcd294e7172/ms-python.python/pythonrc.py'), ('LS_COLORS', 'rs=0:di=01;34:ln=01;36:mh=00:pi=40;33:so=01;35:do=01;35:bd=40;33;01:cd=40;33;01:or=40;31;01:mi=00:su=37;41:sg=30;43:ca=30;41:tw=30;42:ow=34;42:st=37;44:ex=01;32:*.tar=01;31:*.tgz=01;31:*.arc=01;31:*.arj=01;31:*.taz=01;31:*.lha=01;31:*.lz4=01;31:*.lzh=01;31:*.lzma=01;31:*.tlz=01;31:*.txz=01;31:*.tzo=01;31:*.t7z=01;31:*.zip=01;31:*.z=01;31:*.dz=01;31:*.gz=01;31:*.lrz=01;31:*.lz=01;31:*.lzo=01;31:*.xz=01;31:*.zst=01;31:*.tzst=01;31:*.bz2=01;31:*.bz=01;31:*.tbz=01;31:*.tbz2=01;31:*.tz=01;31:*.deb=01;31:*.rpm=01;31:*.jar=01;31:*.war=01;31:*.ear=01;31:*.sar=01;31:*.rar=01;31:*.alz=01;31:*.ace=01;31:*.zoo=01;31:*.cpio=01;31:*.7z=01;31:*.rz=01;31:*.cab=01;31:*.wim=01;31:*.swm=01;31:*.dwm=01;31:*.esd=01;31:*.jpg=01;35:*.jpeg=01;35:*.mjpg=01;35:*.mjpeg=01;35:*.gif=01;35:*.bmp=01;35:*.pbm=01;35:*.pgm=01;35:*.ppm=01;35:*.tga=01;35:*.xbm=01;35:*.xpm=01;35:*.tif=01;35:*.tiff=01;35:*.png=01;35:*.svg=01;35:*.svgz=01;35:*.mng=01;35:*.pcx=01;35:*.mov=01;35:*.mpg=01;35:*.mpeg=01;35:*.m2v=01;35:*.mkv=01;35:*.webm=01;35:*.webp=01;35:*.ogm=01;35:*.mp4=01;35:*.m4v=01;35:*.mp4v=01;35:*.vob=01;35:*.qt=01;35:*.nuv=01;35:*.wmv=01;35:*.asf=01;35:*.rm=01;35:*.rmvb=01;35:*.flc=01;35:*.avi=01;35:*.fli=01;35:*.flv=01;35:*.gl=01;35:*.dl=01;35:*.xcf=01;35:*.xwd=01;35:*.yuv=01;35:*.cgm=01;35:*.emf=01;35:*.ogv=01;35:*.ogx=01;35:*.aac=00;36:*.au=00;36:*.flac=00;36:*.m4a=00;36:*.mid=00;36:*.midi=00;36:*.mka=00;36:*.mp3=00;36:*.mpc=00;36:*.ogg=00;36:*.ra=00;36:*.wav=00;36:*.oga=00;36:*.opus=00;36:*.spx=00;36:*.xspf=00;36:'), ('VSCODE_GIT_IPC_HANDLE', '/run/user/1000/vscode-git-c858e614bc.sock'), ('TERM_PROGRAM', 'vscode'), ('ROS_DOMAIN_ID', '1'), ('AMENT_PREFIX_PATH', '/home/ubuntu/spas_ws/install/spas_planning:/home/ubuntu/spas_ws/install/spas_perception:/home/ubuntu/spas_ws/install/spas_control:/home/ubuntu/spas_ws/install/spas_bringup:/home/ubuntu/spas_ws/install/sllidar_ros2:/home/ubuntu/spas_ws/install/slam_toolbox:/opt/ros/humble'), ('SHELL', '/bin/bash'), ('LESSCLOSE', '/usr/bin/lesspipe %s %s'), ('VSCODE_GIT_ASKPASS_EXTRA_ARGS', ''), ('PWD', '/home/ubuntu/spas_ws/build/sllidar_ros2'), ('LC_ALL', 'en_US.UTF-8'), ('SSH_CONNECTION', '192.168.57.146 54458 192.168.57.18 22'), ('XDG_DATA_DIRS', '/usr/share/gnome:/usr/local/share:/usr/share:/var/lib/snapd/desktop'), ('PYTHONPATH', '/home/ubuntu/spas_ws/build/spas_planning:/home/ubuntu/spas_ws/install/spas_planning/lib/python3.10/site-packages:/home/ubuntu/spas_ws/build/spas_perception:/home/ubuntu/spas_ws/install/spas_perception/lib/python3.10/site-packages:/home/ubuntu/spas_ws/build/spas_control:/home/ubuntu/spas_ws/install/spas_control/lib/python3.10/site-packages:/home/ubuntu/spas_ws/install/slam_toolbox/local/lib/python3.10/dist-packages:/opt/ros/humble/lib/python3.10/site-packages:/opt/ros/humble/local/lib/python3.10/dist-packages:/usr/local/lib/python3/dist-packages:/usr/local/lib/python3/dist-packages'), ('COLCON', '1'), ('CMAKE_PREFIX_PATH', '/home/ubuntu/spas_ws/install/spas_bringup:/home/ubuntu/spas_ws/install/sllidar_ros2:/home/ubuntu/spas_ws/install/slam_toolbox:/home/ubuntu/spas_ws/install/spas_planning:/home/ubuntu/spas_ws/install/spas_perception:/home/ubuntu/spas_ws/install/spas_control:/opt/ros/humble')]), 'shell': False}
[6.739226] (-) TimerEvent: {}
[6.821457] (spas_bringup) StdoutLine: {'line': b'-- Install configuration: ""\n'}
[6.829081] (spas_bringup) StdoutLine: {'line': b'-- Execute custom install script\n'}
[6.839083] (spas_bringup) StdoutLine: {'line': b'-- Up-to-date symlink: /home/ubuntu/spas_ws/install/spas_bringup/share/spas_bringup/launch/spas_bringup_launch.py\n'}
[6.839720] (-) TimerEvent: {}
[6.842875] (spas_bringup) StdoutLine: {'line': b'-- Up-to-date symlink: /home/ubuntu/spas_ws/install/spas_bringup/share/ament_index/resource_index/package_run_dependencies/spas_bringup\n'}
[6.843844] (spas_bringup) StdoutLine: {'line': b'-- Up-to-date symlink: /home/ubuntu/spas_ws/install/spas_bringup/share/ament_index/resource_index/parent_prefix_path/spas_bringup\n'}
[6.851691] (spas_bringup) StdoutLine: {'line': b'-- Up-to-date symlink: /home/ubuntu/spas_ws/install/spas_bringup/share/spas_bringup/environment/ament_prefix_path.sh\n'}
[6.852458] (spas_bringup) StdoutLine: {'line': b'-- Up-to-date symlink: /home/ubuntu/spas_ws/install/spas_bringup/share/spas_bringup/environment/ament_prefix_path.dsv\n'}
[6.853203] (spas_bringup) StdoutLine: {'line': b'-- Up-to-date symlink: /home/ubuntu/spas_ws/install/spas_bringup/share/spas_bringup/environment/path.sh\n'}
[6.858197] (spas_bringup) StdoutLine: {'line': b'-- Up-to-date symlink: /home/ubuntu/spas_ws/install/spas_bringup/share/spas_bringup/environment/path.dsv\n'}
[6.896922] (spas_bringup) StdoutLine: {'line': b'-- Up-to-date symlink: /home/ubuntu/spas_ws/install/spas_bringup/share/spas_bringup/local_setup.bash\n'}
[6.957688] (-) TimerEvent: {}
[6.978271] (spas_bringup) StdoutLine: {'line': b'-- Up-to-date symlink: /home/ubuntu/spas_ws/install/spas_bringup/share/spas_bringup/local_setup.sh\n'}
[6.980478] (spas_bringup) StdoutLine: {'line': b'-- Up-to-date symlink: /home/ubuntu/spas_ws/install/spas_bringup/share/spas_bringup/local_setup.zsh\n'}
[6.983807] (spas_bringup) StdoutLine: {'line': b'-- Up-to-date symlink: /home/ubuntu/spas_ws/install/spas_bringup/share/spas_bringup/local_setup.dsv\n'}
[6.990641] (spas_bringup) StdoutLine: {'line': b'-- Symlinking: /home/ubuntu/spas_ws/install/spas_bringup/share/spas_bringup/package.dsv\n'}
[7.026632] (slam_toolbox) StdoutLine: {'line': b'running egg_info\n'}
[7.029947] (slam_toolbox) StdoutLine: {'line': b'writing slam_toolbox.egg-info/PKG-INFO\n'}
[7.051045] (slam_toolbox) StdoutLine: {'line': b'writing dependency_links to slam_toolbox.egg-info/dependency_links.txt\n'}
[7.063080] (-) TimerEvent: {}
[7.068622] (slam_toolbox) StdoutLine: {'line': b'writing top-level names to slam_toolbox.egg-info/top_level.txt\n'}
[7.072001] (slam_toolbox) StdoutLine: {'line': b"reading manifest file 'slam_toolbox.egg-info/SOURCES.txt'\n"}
[7.079019] (slam_toolbox) StdoutLine: {'line': b"writing manifest file 'slam_toolbox.egg-info/SOURCES.txt'\n"}
[7.117817] (sllidar_ros2) StdoutLine: {'line': b'-- Install configuration: ""\n'}
[7.153863] (sllidar_ros2) StdoutLine: {'line': b'-- Execute custom install script\n'}
[7.182856] (-) TimerEvent: {}
[7.184887] (sllidar_ros2) StdoutLine: {'line': b'-- Up-to-date symlink: /home/ubuntu/spas_ws/install/sllidar_ros2/share/sllidar_ros2/launch/sllidar_a1_launch.py\n'}
[7.195731] (sllidar_ros2) StdoutLine: {'line': b'-- Up-to-date symlink: /home/ubuntu/spas_ws/install/sllidar_ros2/share/sllidar_ros2/launch/sllidar_a2m12_launch .py\n'}
[7.214271] (sllidar_ros2) StdoutLine: {'line': b'-- Up-to-date symlink: /home/ubuntu/spas_ws/install/sllidar_ros2/share/sllidar_ros2/launch/sllidar_a2m7_launch.py\n'}
[7.222810] (sllidar_ros2) StdoutLine: {'line': b'-- Up-to-date symlink: /home/ubuntu/spas_ws/install/sllidar_ros2/share/sllidar_ros2/launch/sllidar_a2m8_launch.py\n'}
[7.231831] (sllidar_ros2) StdoutLine: {'line': b'-- Up-to-date symlink: /home/ubuntu/spas_ws/install/sllidar_ros2/share/sllidar_ros2/launch/sllidar_a3_launch.py\n'}
[7.277636] (sllidar_ros2) StdoutLine: {'line': b'-- Up-to-date symlink: /home/ubuntu/spas_ws/install/sllidar_ros2/share/sllidar_ros2/launch/sllidar_c1_launch.py\n'}
[7.286640] (-) TimerEvent: {}
[7.295042] (sllidar_ros2) StdoutLine: {'line': b'-- Up-to-date symlink: /home/ubuntu/spas_ws/install/sllidar_ros2/share/sllidar_ros2/launch/sllidar_s1_launch.py\n'}
[7.305243] (sllidar_ros2) StdoutLine: {'line': b'-- Up-to-date symlink: /home/ubuntu/spas_ws/install/sllidar_ros2/share/sllidar_ros2/launch/sllidar_s1_tcp_launch.py\n'}
[7.313671] (sllidar_ros2) StdoutLine: {'line': b'-- Up-to-date symlink: /home/ubuntu/spas_ws/install/sllidar_ros2/share/sllidar_ros2/launch/sllidar_s2_launch.py\n'}
[7.325180] (sllidar_ros2) StdoutLine: {'line': b'-- Up-to-date symlink: /home/ubuntu/spas_ws/install/sllidar_ros2/share/sllidar_ros2/launch/sllidar_s2e_launch.py\n'}
[7.370815] (sllidar_ros2) StdoutLine: {'line': b'-- Up-to-date symlink: /home/ubuntu/spas_ws/install/sllidar_ros2/share/sllidar_ros2/launch/sllidar_s3_launch.py\n'}
[7.386849] (sllidar_ros2) StdoutLine: {'line': b'-- Up-to-date symlink: /home/ubuntu/spas_ws/install/sllidar_ros2/share/sllidar_ros2/launch/sllidar_t1_launch.py\n'}
[7.398481] (-) TimerEvent: {}
[7.399879] (sllidar_ros2) StdoutLine: {'line': b'-- Up-to-date symlink: /home/ubuntu/spas_ws/install/sllidar_ros2/share/sllidar_ros2/launch/view_sllidar_a1_launch.py\n'}
[7.413640] (sllidar_ros2) StdoutLine: {'line': b'-- Up-to-date symlink: /home/ubuntu/spas_ws/install/sllidar_ros2/share/sllidar_ros2/launch/view_sllidar_a2m12_launch.py\n'}
[7.462213] (sllidar_ros2) StdoutLine: {'line': b'-- Up-to-date symlink: /home/ubuntu/spas_ws/install/sllidar_ros2/share/sllidar_ros2/launch/view_sllidar_a2m7_launch.py\n'}
[7.467662] (sllidar_ros2) StdoutLine: {'line': b'-- Up-to-date symlink: /home/ubuntu/spas_ws/install/sllidar_ros2/share/sllidar_ros2/launch/view_sllidar_a2m8_launch.py\n'}
[7.491833] (sllidar_ros2) StdoutLine: {'line': b'-- Up-to-date symlink: /home/ubuntu/spas_ws/install/sllidar_ros2/share/sllidar_ros2/launch/view_sllidar_a3_launch.py\n'}
[7.498379] (sllidar_ros2) StdoutLine: {'line': b'-- Up-to-date symlink: /home/ubuntu/spas_ws/install/sllidar_ros2/share/sllidar_ros2/launch/view_sllidar_c1_launch.py\n'}
[7.509845] (-) TimerEvent: {}
[7.533908] (sllidar_ros2) StdoutLine: {'line': b'-- Up-to-date symlink: /home/ubuntu/spas_ws/install/sllidar_ros2/share/sllidar_ros2/launch/view_sllidar_s1_launch.py\n'}
[7.543673] (spas_bringup) StdoutLine: {'line': b'-- Up-to-date symlink: /home/ubuntu/spas_ws/install/spas_bringup/share/ament_index/resource_index/packages/spas_bringup\n'}
[7.550648] (spas_bringup) StdoutLine: {'line': b'-- Up-to-date symlink: /home/ubuntu/spas_ws/install/spas_bringup/share/spas_bringup/cmake/spas_bringupConfig.cmake\n'}
[7.551394] (spas_bringup) StdoutLine: {'line': b'-- Up-to-date symlink: /home/ubuntu/spas_ws/install/spas_bringup/share/spas_bringup/cmake/spas_bringupConfig-version.cmake\n'}
[7.552076] (spas_bringup) StdoutLine: {'line': b'-- Up-to-date symlink: /home/ubuntu/spas_ws/install/spas_bringup/share/spas_bringup/package.xml\n'}
[7.552867] (sllidar_ros2) StdoutLine: {'line': b'-- Up-to-date symlink: /home/ubuntu/spas_ws/install/sllidar_ros2/share/sllidar_ros2/launch/view_sllidar_s1_tcp_launch.py\n'}
[7.579109] (sllidar_ros2) StdoutLine: {'line': b'-- Up-to-date symlink: /home/ubuntu/spas_ws/install/sllidar_ros2/share/sllidar_ros2/launch/view_sllidar_s2_launch.py\n'}
[7.580787] (sllidar_ros2) StdoutLine: {'line': b'-- Up-to-date symlink: /home/ubuntu/spas_ws/install/sllidar_ros2/share/sllidar_ros2/launch/view_sllidar_s2e_launch.py\n'}
[7.589684] (spas_bringup) CommandEnded: {'returncode': 0}
[7.592773] (sllidar_ros2) StdoutLine: {'line': b'-- Up-to-date symlink: /home/ubuntu/spas_ws/install/sllidar_ros2/share/sllidar_ros2/launch/view_sllidar_s3_launch.py\n'}
[7.599110] (slam_toolbox) StdoutLine: {'line': b'[  2%] Built target ament_cmake_python_build_slam_toolbox_egg\n'}
[7.600254] (sllidar_ros2) StdoutLine: {'line': b'-- Up-to-date symlink: /home/ubuntu/spas_ws/install/sllidar_ros2/share/sllidar_ros2/launch/view_sllidar_t1_launch.py\n'}
[7.612284] (-) TimerEvent: {}
[7.614001] (sllidar_ros2) StdoutLine: {'line': b'-- Up-to-date symlink: /home/ubuntu/spas_ws/install/sllidar_ros2/share/sllidar_ros2/rviz/sllidar_ros2.rviz\n'}
[7.630307] (sllidar_ros2) StdoutLine: {'line': b'-- Up-to-date symlink: /home/ubuntu/spas_ws/install/sllidar_ros2/lib/sllidar_ros2/sllidar_node\n'}
[7.631380] (sllidar_ros2) StdoutLine: {'line': b'-- Up-to-date symlink: /home/ubuntu/spas_ws/install/sllidar_ros2/lib/sllidar_ros2/sllidar_client\n'}
[7.632848] (sllidar_ros2) StdoutLine: {'line': b'-- Up-to-date symlink: /home/ubuntu/spas_ws/install/sllidar_ros2/share/ament_index/resource_index/package_run_dependencies/sllidar_ros2\n'}
[7.635378] (sllidar_ros2) StdoutLine: {'line': b'-- Up-to-date symlink: /home/ubuntu/spas_ws/install/sllidar_ros2/share/ament_index/resource_index/parent_prefix_path/sllidar_ros2\n'}
[7.638401] (sllidar_ros2) StdoutLine: {'line': b'-- Up-to-date symlink: /home/ubuntu/spas_ws/install/sllidar_ros2/share/sllidar_ros2/environment/ament_prefix_path.sh\n'}
[7.639153] (sllidar_ros2) StdoutLine: {'line': b'-- Up-to-date symlink: /home/ubuntu/spas_ws/install/sllidar_ros2/share/sllidar_ros2/environment/ament_prefix_path.dsv\n'}
[7.639797] (sllidar_ros2) StdoutLine: {'line': b'-- Up-to-date symlink: /home/ubuntu/spas_ws/install/sllidar_ros2/share/sllidar_ros2/environment/path.sh\n'}
[7.640428] (sllidar_ros2) StdoutLine: {'line': b'-- Up-to-date symlink: /home/ubuntu/spas_ws/install/sllidar_ros2/share/sllidar_ros2/environment/path.dsv\n'}
[7.641108] (sllidar_ros2) StdoutLine: {'line': b'-- Up-to-date symlink: /home/ubuntu/spas_ws/install/sllidar_ros2/share/sllidar_ros2/local_setup.bash\n'}
[7.641787] (sllidar_ros2) StdoutLine: {'line': b'-- Up-to-date symlink: /home/ubuntu/spas_ws/install/sllidar_ros2/share/sllidar_ros2/local_setup.sh\n'}
[7.642900] (sllidar_ros2) StdoutLine: {'line': b'-- Up-to-date symlink: /home/ubuntu/spas_ws/install/sllidar_ros2/share/sllidar_ros2/local_setup.zsh\n'}
[7.643611] (sllidar_ros2) StdoutLine: {'line': b'-- Up-to-date symlink: /home/ubuntu/spas_ws/install/sllidar_ros2/share/sllidar_ros2/local_setup.dsv\n'}
[7.644455] (sllidar_ros2) StdoutLine: {'line': b'-- Symlinking: /home/ubuntu/spas_ws/install/sllidar_ros2/share/sllidar_ros2/package.dsv\n'}
[7.645491] (sllidar_ros2) StdoutLine: {'line': b'-- Up-to-date symlink: /home/ubuntu/spas_ws/install/sllidar_ros2/share/ament_index/resource_index/packages/sllidar_ros2\n'}
[7.646178] (sllidar_ros2) StdoutLine: {'line': b'-- Up-to-date symlink: /home/ubuntu/spas_ws/install/sllidar_ros2/share/sllidar_ros2/cmake/ament_cmake_export_dependencies-extras.cmake\n'}
[7.672458] (sllidar_ros2) StdoutLine: {'line': b'-- Up-to-date symlink: /home/ubuntu/spas_ws/install/sllidar_ros2/share/sllidar_ros2/cmake/ament_cmake_export_include_directories-extras.cmake\n'}
[7.673683] (sllidar_ros2) StdoutLine: {'line': b'-- Up-to-date symlink: /home/ubuntu/spas_ws/install/sllidar_ros2/share/sllidar_ros2/cmake/sllidar_ros2Config.cmake\n'}
[7.674402] (sllidar_ros2) StdoutLine: {'line': b'-- Up-to-date symlink: /home/ubuntu/spas_ws/install/sllidar_ros2/share/sllidar_ros2/cmake/sllidar_ros2Config-version.cmake\n'}
[7.674945] (sllidar_ros2) StdoutLine: {'line': b'-- Up-to-date symlink: /home/ubuntu/spas_ws/install/sllidar_ros2/share/sllidar_ros2/package.xml\n'}
[7.713073] (-) TimerEvent: {}
[7.829261] (-) TimerEvent: {}
[7.932185] (-) TimerEvent: {}
[7.937778] (spas_bringup) JobEnded: {'identifier': 'spas_bringup', 'rc': 0}
[7.942925] (spas_perception) JobStarted: {'identifier': 'spas_perception'}
[8.053221] (-) TimerEvent: {}
[8.076561] (sllidar_ros2) CommandEnded: {'returncode': 0}
[8.174038] (-) TimerEvent: {}
[8.249674] (slam_toolbox) StdoutLine: {'line': b'[  2%] Built target slam_toolbox__cpp\n'}
[8.275682] (-) TimerEvent: {}
[8.380590] (-) TimerEvent: {}
[8.419997] (sllidar_ros2) JobEnded: {'identifier': 'sllidar_ros2', 'rc': 0}
[8.428527] (spas_planning) JobStarted: {'identifier': 'spas_planning'}
[8.480895] (-) TimerEvent: {}
[8.583247] (-) TimerEvent: {}
[8.684305] (-) TimerEvent: {}
[8.790075] (-) TimerEvent: {}
[8.895276] (-) TimerEvent: {}
[8.909103] (slam_toolbox) StdoutLine: {'line': b'[ 11%] Built target slam_toolbox__rosidl_generator_c\n'}
[8.995531] (-) TimerEvent: {}
[9.096565] (-) TimerEvent: {}
[9.197874] (-) TimerEvent: {}
[9.298979] (-) TimerEvent: {}
[9.400509] (-) TimerEvent: {}
[9.491569] (slam_toolbox) StdoutLine: {'line': b'[ 20%] Built target slam_toolbox__rosidl_typesupport_cpp\n'}
[9.501448] (-) TimerEvent: {}
[9.602493] (-) TimerEvent: {}
[9.703373] (-) TimerEvent: {}
[9.804421] (-) TimerEvent: {}
[9.907290] (-) TimerEvent: {}
[10.008428] (-) TimerEvent: {}
[10.109387] (-) TimerEvent: {}
[10.111722] (slam_toolbox) StdoutLine: {'line': b'[ 28%] Built target slam_toolbox__rosidl_typesupport_fastrtps_c\n'}
[10.209756] (-) TimerEvent: {}
[10.312855] (-) TimerEvent: {}
[10.415576] (-) TimerEvent: {}
[10.525179] (-) TimerEvent: {}
[10.557185] (slam_toolbox) StdoutLine: {'line': b'[ 37%] Built target slam_toolbox__rosidl_typesupport_introspection_c\n'}
[10.626555] (-) TimerEvent: {}
[10.729196] (-) TimerEvent: {}
[10.832128] (-) TimerEvent: {}
[10.937140] (-) TimerEvent: {}
[11.041568] (-) TimerEvent: {}
[11.143899] (-) TimerEvent: {}
[11.246449] (-) TimerEvent: {}
[11.348805] (-) TimerEvent: {}
[11.450900] (-) TimerEvent: {}
[11.553101] (-) TimerEvent: {}
[11.655290] (-) TimerEvent: {}
[11.759906] (-) TimerEvent: {}
[11.863543] (-) TimerEvent: {}
[11.970134] (-) TimerEvent: {}
[12.072921] (-) TimerEvent: {}
[12.086689] (slam_toolbox) StdoutLine: {'line': b'[ 46%] Built target slam_toolbox__rosidl_typesupport_c\n'}
[12.173242] (-) TimerEvent: {}
[12.278582] (-) TimerEvent: {}
[12.383756] (-) TimerEvent: {}
[12.487486] (-) TimerEvent: {}
[12.601305] (-) TimerEvent: {}
[12.716780] (-) TimerEvent: {}
[12.818877] (-) TimerEvent: {}
[12.920512] (-) TimerEvent: {}
[13.021832] (-) TimerEvent: {}
[13.122829] (-) TimerEvent: {}
[13.224013] (-) TimerEvent: {}
[13.315992] (slam_toolbox) StdoutLine: {'line': b'[ 48%] Built target SlamToolboxPlugin\n'}
[13.324216] (-) TimerEvent: {}
[13.426571] (-) TimerEvent: {}
[13.535221] (-) TimerEvent: {}
[13.637252] (-) TimerEvent: {}
[13.739510] (-) TimerEvent: {}
[13.841724] (-) TimerEvent: {}
[13.848005] (slam_toolbox) StdoutLine: {'line': b'[ 50%] Built target ceres_solver_plugin\n'}
[13.942810] (-) TimerEvent: {}
[14.057520] (-) TimerEvent: {}
[14.175837] (-) TimerEvent: {}
[14.278239] (-) TimerEvent: {}
[14.383223] (-) TimerEvent: {}
[14.486546] (-) TimerEvent: {}
[14.589663] (-) TimerEvent: {}
[14.692720] (-) TimerEvent: {}
[14.875444] (-) TimerEvent: {}
[14.979899] (-) TimerEvent: {}
[15.082296] (-) TimerEvent: {}
[15.183481] (-) TimerEvent: {}
[15.211457] (slam_toolbox) StdoutLine: {'line': b'[ 55%] Built target toolbox_common\n'}
[15.283718] (-) TimerEvent: {}
[15.386350] (-) TimerEvent: {}
[15.488467] (-) TimerEvent: {}
[15.591173] (-) TimerEvent: {}
[15.645526] (slam_toolbox) StdoutLine: {'line': b'[ 64%] Built target slam_toolbox__rosidl_typesupport_introspection_cpp\n'}
[15.692504] (-) TimerEvent: {}
[15.811194] (-) TimerEvent: {}
[15.940002] (-) TimerEvent: {}
[16.041488] (-) TimerEvent: {}
[16.161207] (-) TimerEvent: {}
[16.267537] (-) TimerEvent: {}
[16.423297] (slam_toolbox) StdoutLine: {'line': b'[ 66%] Built target sync_slam_toolbox\n'}
[16.424213] (-) TimerEvent: {}
[16.528808] (-) TimerEvent: {}
[16.632659] (-) TimerEvent: {}
[16.734726] (-) TimerEvent: {}
[16.837085] (-) TimerEvent: {}
[16.941571] (-) TimerEvent: {}
[17.129995] (-) TimerEvent: {}
[17.233222] (-) TimerEvent: {}
[17.335602] (-) TimerEvent: {}
[17.438501] (-) TimerEvent: {}
[17.540021] (-) TimerEvent: {}
[17.642996] (-) TimerEvent: {}
[17.667602] (slam_toolbox) StdoutLine: {'line': b'[ 67%] Built target localization_slam_toolbox\n'}
[17.743292] (-) TimerEvent: {}
[17.845023] (-) TimerEvent: {}
[17.947904] (-) TimerEvent: {}
[18.082564] (-) TimerEvent: {}
[18.184445] (-) TimerEvent: {}
[18.289076] (-) TimerEvent: {}
[18.394624] (-) TimerEvent: {}
[18.498412] (-) TimerEvent: {}
[18.601690] (-) TimerEvent: {}
[18.704387] (-) TimerEvent: {}
[18.807553] (-) TimerEvent: {}
[18.816357] (slam_toolbox) StdoutLine: {'line': b'[ 68%] Built target lifelong_slam_toolbox\n'}
[18.912255] (-) TimerEvent: {}
[19.038574] (-) TimerEvent: {}
[19.144890] (-) TimerEvent: {}
[19.249749] (-) TimerEvent: {}
[19.350693] (-) TimerEvent: {}
[19.452321] (-) TimerEvent: {}
[19.496242] (slam_toolbox) StdoutLine: {'line': b'[ 70%] Built target merge_maps_kinematic\n'}
[19.553267] (-) TimerEvent: {}
[19.664360] (-) TimerEvent: {}
[19.713631] (spas_control) Command: {'cmd': ['/usr/bin/python3', '-W', 'ignore:setup.py install is deprecated', '-W', 'ignore:easy_install command is deprecated', 'setup.py', 'develop', '--editable', '--build-directory', '/home/ubuntu/spas_ws/build/spas_control/build', '--no-deps', 'symlink_data'], 'cwd': '/home/ubuntu/spas_ws/build/spas_control', 'env': {'PYTHON_BASIC_REPL': '1', 'LESSOPEN': '| /usr/bin/lesspipe %s', 'USER': 'ubuntu', 'SSH_CLIENT': '192.168.57.146 54458 22', 'XDG_SESSION_TYPE': 'tty', 'GIT_ASKPASS': '/home/ubuntu/.vscode-server/cli/servers/Stable-f6cfa2ea2403534de03f069bdf160d06451ed282/server/extensions/git/dist/askpass.sh', 'SHLVL': '1', 'LD_LIBRARY_PATH': '/home/ubuntu/spas_ws/install/slam_toolbox/lib:/opt/ros/humble/opt/rviz_ogre_vendor/lib:/opt/ros/humble/lib/aarch64-linux-gnu:/opt/ros/humble/lib', 'BROWSER': '/home/ubuntu/.vscode-server/cli/servers/Stable-f6cfa2ea2403534de03f069bdf160d06451ed282/server/bin/helpers/browser.sh', 'MOTD_SHOWN': 'pam', 'HOME': '/home/ubuntu', 'TERM_PROGRAM_VERSION': '1.121.0', 'VSCODE_IPC_HOOK_CLI': '/run/user/1000/vscode-ipc-7edf8802-70fc-4444-8255-28aa490c5857.sock', 'ROS_PYTHON_VERSION': '3', 'VSCODE_GIT_ASKPASS_MAIN': '/home/ubuntu/.vscode-server/cli/servers/Stable-f6cfa2ea2403534de03f069bdf160d06451ed282/server/extensions/git/dist/askpass-main.js', 'VSCODE_GIT_ASKPASS_NODE': '/home/ubuntu/.vscode-server/cli/servers/Stable-f6cfa2ea2403534de03f069bdf160d06451ed282/server/node', 'PYDEVD_DISABLE_FILE_VALIDATION': '1', 'BUNDLED_DEBUGPY_PATH': '/home/ubuntu/.vscode-server/extensions/ms-python.debugpy-2026.6.0/bundled/libs/debugpy', 'VSCODE_PYTHON_AUTOACTIVATE_GUARD': '1', 'DBUS_SESSION_BUS_ADDRESS': 'unix:path=/run/user/1000/bus', 'COLORTERM': 'truecolor', 'COLCON_PREFIX_PATH': '/home/ubuntu/spas_ws/install', 'ROS_DISTRO': 'humble', 'LOGNAME': 'ubuntu', '_': '/usr/bin/colcon', 'ROS_VERSION': '2', 'XDG_SESSION_CLASS': 'user', 'TERM': 'xterm-256color', 'XDG_SESSION_ID': '3', 'ROS_LOCALHOST_ONLY': '0', 'PATH': '/home/ubuntu/.vscode-server/cli/servers/Stable-f6cfa2ea2403534de03f069bdf160d06451ed282/server/bin/remote-cli:/home/ubuntu/.local/bin:/opt/ros/humble/bin:/usr/local/sbin:/usr/local/bin:/usr/sbin:/usr/bin:/sbin:/bin:/usr/games:/usr/local/games:/snap/bin:/usr/local/bin:/home/ubuntu/.vscode-server/extensions/ms-python.debugpy-2026.6.0/bundled/scripts/noConfigScripts:/usr/local/bin', 'XDG_RUNTIME_DIR': '/run/user/1000', 'VSCODE_DEBUGPY_ADAPTER_ENDPOINTS': '/home/ubuntu/.vscode-server/extensions/ms-python.debugpy-2026.6.0/.noConfigDebugAdapterEndpoints/endpoint-e5b7b46d30a6d547.txt', 'LANG': 'en_US.UTF-8', 'PYTHONSTARTUP': '/home/ubuntu/.vscode-server/data/User/workspaceStorage/e032697359c870186215dbcd294e7172/ms-python.python/pythonrc.py', 'LS_COLORS': 'rs=0:di=01;34:ln=01;36:mh=00:pi=40;33:so=01;35:do=01;35:bd=40;33;01:cd=40;33;01:or=40;31;01:mi=00:su=37;41:sg=30;43:ca=30;41:tw=30;42:ow=34;42:st=37;44:ex=01;32:*.tar=01;31:*.tgz=01;31:*.arc=01;31:*.arj=01;31:*.taz=01;31:*.lha=01;31:*.lz4=01;31:*.lzh=01;31:*.lzma=01;31:*.tlz=01;31:*.txz=01;31:*.tzo=01;31:*.t7z=01;31:*.zip=01;31:*.z=01;31:*.dz=01;31:*.gz=01;31:*.lrz=01;31:*.lz=01;31:*.lzo=01;31:*.xz=01;31:*.zst=01;31:*.tzst=01;31:*.bz2=01;31:*.bz=01;31:*.tbz=01;31:*.tbz2=01;31:*.tz=01;31:*.deb=01;31:*.rpm=01;31:*.jar=01;31:*.war=01;31:*.ear=01;31:*.sar=01;31:*.rar=01;31:*.alz=01;31:*.ace=01;31:*.zoo=01;31:*.cpio=01;31:*.7z=01;31:*.rz=01;31:*.cab=01;31:*.wim=01;31:*.swm=01;31:*.dwm=01;31:*.esd=01;31:*.jpg=01;35:*.jpeg=01;35:*.mjpg=01;35:*.mjpeg=01;35:*.gif=01;35:*.bmp=01;35:*.pbm=01;35:*.pgm=01;35:*.ppm=01;35:*.tga=01;35:*.xbm=01;35:*.xpm=01;35:*.tif=01;35:*.tiff=01;35:*.png=01;35:*.svg=01;35:*.svgz=01;35:*.mng=01;35:*.pcx=01;35:*.mov=01;35:*.mpg=01;35:*.mpeg=01;35:*.m2v=01;35:*.mkv=01;35:*.webm=01;35:*.webp=01;35:*.ogm=01;35:*.mp4=01;35:*.m4v=01;35:*.mp4v=01;35:*.vob=01;35:*.qt=01;35:*.nuv=01;35:*.wmv=01;35:*.asf=01;35:*.rm=01;35:*.rmvb=01;35:*.flc=01;35:*.avi=01;35:*.fli=01;35:*.flv=01;35:*.gl=01;35:*.dl=01;35:*.xcf=01;35:*.xwd=01;35:*.yuv=01;35:*.cgm=01;35:*.emf=01;35:*.ogv=01;35:*.ogx=01;35:*.aac=00;36:*.au=00;36:*.flac=00;36:*.m4a=00;36:*.mid=00;36:*.midi=00;36:*.mka=00;36:*.mp3=00;36:*.mpc=00;36:*.ogg=00;36:*.ra=00;36:*.wav=00;36:*.oga=00;36:*.opus=00;36:*.spx=00;36:*.xspf=00;36:', 'VSCODE_GIT_IPC_HANDLE': '/run/user/1000/vscode-git-c858e614bc.sock', 'TERM_PROGRAM': 'vscode', 'ROS_DOMAIN_ID': '1', 'AMENT_PREFIX_PATH': '/home/ubuntu/spas_ws/install/spas_planning:/home/ubuntu/spas_ws/install/spas_perception:/home/ubuntu/spas_ws/install/spas_control:/home/ubuntu/spas_ws/install/spas_bringup:/home/ubuntu/spas_ws/install/sllidar_ros2:/home/ubuntu/spas_ws/install/slam_toolbox:/opt/ros/humble', 'SHELL': '/bin/bash', 'LESSCLOSE': '/usr/bin/lesspipe %s %s', 'VSCODE_GIT_ASKPASS_EXTRA_ARGS': '', 'PWD': '/home/ubuntu/spas_ws/build/spas_control', 'LC_ALL': 'en_US.UTF-8', 'SSH_CONNECTION': '192.168.57.146 54458 192.168.57.18 22', 'XDG_DATA_DIRS': '/usr/share/gnome:/usr/local/share:/usr/share:/var/lib/snapd/desktop', 'PYTHONPATH': '/home/ubuntu/spas_ws/build/spas_control/prefix_override:/usr/lib/python3/dist-packages/colcon_core/task/python/colcon_distutils_commands:/home/ubuntu/spas_ws/install/spas_control/lib/python3.10/site-packages:/home/ubuntu/spas_ws/build/spas_planning:/home/ubuntu/spas_ws/install/spas_planning/lib/python3.10/site-packages:/home/ubuntu/spas_ws/build/spas_perception:/home/ubuntu/spas_ws/install/spas_perception/lib/python3.10/site-packages:/home/ubuntu/spas_ws/build/spas_control:/home/ubuntu/spas_ws/install/spas_control/lib/python3.10/site-packages:/home/ubuntu/spas_ws/install/slam_toolbox/local/lib/python3.10/dist-packages:/opt/ros/humble/lib/python3.10/site-packages:/opt/ros/humble/local/lib/python3.10/dist-packages:/usr/local/lib/python3/dist-packages:/usr/local/lib/python3/dist-packages', 'COLCON': '1', 'CMAKE_PREFIX_PATH': '/home/ubuntu/spas_ws/install/spas_bringup:/home/ubuntu/spas_ws/install/sllidar_ros2:/home/ubuntu/spas_ws/install/slam_toolbox'}, 'shell': False}
[19.766128] (-) TimerEvent: {}
[19.869225] (-) TimerEvent: {}
[19.970349] (-) TimerEvent: {}
[20.071778] (-) TimerEvent: {}
[20.173090] (-) TimerEvent: {}
[20.274354] (-) TimerEvent: {}
[20.375962] (-) TimerEvent: {}
[20.477042] (-) TimerEvent: {}
[20.578336] (-) TimerEvent: {}
[20.679551] (-) TimerEvent: {}
[20.784311] (-) TimerEvent: {}
[20.888724] (-) TimerEvent: {}
[20.989683] (-) TimerEvent: {}
[21.091222] (-) TimerEvent: {}
[21.192272] (-) TimerEvent: {}
[21.294050] (-) TimerEvent: {}
[21.360756] (slam_toolbox) StdoutLine: {'line': b'[ 71%] Built target sync_slam_toolbox_node\n'}
[21.400901] (-) TimerEvent: {}
[21.506865] (-) TimerEvent: {}
[21.607853] (-) TimerEvent: {}
[21.708822] (-) TimerEvent: {}
[21.825296] (-) TimerEvent: {}
[21.926667] (-) TimerEvent: {}
[22.034927] (-) TimerEvent: {}
[22.147116] (-) TimerEvent: {}
[22.280402] (-) TimerEvent: {}
[22.383012] (-) TimerEvent: {}
[22.474042] (slam_toolbox) StdoutLine: {'line': b'[ 72%] Built target localization_slam_toolbox_node\n'}
[22.483250] (-) TimerEvent: {}
[22.585902] (-) TimerEvent: {}
[22.688105] (-) TimerEvent: {}
[22.789163] (-) TimerEvent: {}
[22.891599] (-) TimerEvent: {}
[22.993399] (-) TimerEvent: {}
[23.095153] (-) TimerEvent: {}
[23.196418] (-) TimerEvent: {}
[23.301027] (-) TimerEvent: {}
[23.404730] (-) TimerEvent: {}
[23.507740] (-) TimerEvent: {}
[23.610469] (-) TimerEvent: {}
[23.711510] (-) TimerEvent: {}
[23.743566] (spas_control) StdoutLine: {'line': b'running develop\n'}
[23.811996] (-) TimerEvent: {}
[23.915083] (-) TimerEvent: {}
[24.020508] (-) TimerEvent: {}
[24.129175] (-) TimerEvent: {}
[24.241910] (-) TimerEvent: {}
[24.261181] (slam_toolbox) StdoutLine: {'line': b'[ 74%] Built target lifelong_slam_toolbox_node\n'}
[24.322689] (spas_perception) Command: {'cmd': ['/usr/bin/python3', '-W', 'ignore:setup.py install is deprecated', '-W', 'ignore:easy_install command is deprecated', 'setup.py', 'develop', '--editable', '--build-directory', '/home/ubuntu/spas_ws/build/spas_perception/build', '--no-deps', 'symlink_data'], 'cwd': '/home/ubuntu/spas_ws/build/spas_perception', 'env': {'PYTHON_BASIC_REPL': '1', 'LESSOPEN': '| /usr/bin/lesspipe %s', 'USER': 'ubuntu', 'SSH_CLIENT': '192.168.57.146 54458 22', 'XDG_SESSION_TYPE': 'tty', 'GIT_ASKPASS': '/home/ubuntu/.vscode-server/cli/servers/Stable-f6cfa2ea2403534de03f069bdf160d06451ed282/server/extensions/git/dist/askpass.sh', 'SHLVL': '1', 'LD_LIBRARY_PATH': '/home/ubuntu/spas_ws/install/slam_toolbox/lib:/opt/ros/humble/opt/rviz_ogre_vendor/lib:/opt/ros/humble/lib/aarch64-linux-gnu:/opt/ros/humble/lib', 'BROWSER': '/home/ubuntu/.vscode-server/cli/servers/Stable-f6cfa2ea2403534de03f069bdf160d06451ed282/server/bin/helpers/browser.sh', 'MOTD_SHOWN': 'pam', 'HOME': '/home/ubuntu', 'TERM_PROGRAM_VERSION': '1.121.0', 'VSCODE_IPC_HOOK_CLI': '/run/user/1000/vscode-ipc-7edf8802-70fc-4444-8255-28aa490c5857.sock', 'ROS_PYTHON_VERSION': '3', 'VSCODE_GIT_ASKPASS_MAIN': '/home/ubuntu/.vscode-server/cli/servers/Stable-f6cfa2ea2403534de03f069bdf160d06451ed282/server/extensions/git/dist/askpass-main.js', 'VSCODE_GIT_ASKPASS_NODE': '/home/ubuntu/.vscode-server/cli/servers/Stable-f6cfa2ea2403534de03f069bdf160d06451ed282/server/node', 'PYDEVD_DISABLE_FILE_VALIDATION': '1', 'BUNDLED_DEBUGPY_PATH': '/home/ubuntu/.vscode-server/extensions/ms-python.debugpy-2026.6.0/bundled/libs/debugpy', 'VSCODE_PYTHON_AUTOACTIVATE_GUARD': '1', 'DBUS_SESSION_BUS_ADDRESS': 'unix:path=/run/user/1000/bus', 'COLORTERM': 'truecolor', 'COLCON_PREFIX_PATH': '/home/ubuntu/spas_ws/install', 'ROS_DISTRO': 'humble', 'LOGNAME': 'ubuntu', '_': '/usr/bin/colcon', 'ROS_VERSION': '2', 'XDG_SESSION_CLASS': 'user', 'TERM': 'xterm-256color', 'XDG_SESSION_ID': '3', 'ROS_LOCALHOST_ONLY': '0', 'PATH': '/home/ubuntu/.vscode-server/cli/servers/Stable-f6cfa2ea2403534de03f069bdf160d06451ed282/server/bin/remote-cli:/home/ubuntu/.local/bin:/opt/ros/humble/bin:/usr/local/sbin:/usr/local/bin:/usr/sbin:/usr/bin:/sbin:/bin:/usr/games:/usr/local/games:/snap/bin:/usr/local/bin:/home/ubuntu/.vscode-server/extensions/ms-python.debugpy-2026.6.0/bundled/scripts/noConfigScripts:/usr/local/bin', 'XDG_RUNTIME_DIR': '/run/user/1000', 'VSCODE_DEBUGPY_ADAPTER_ENDPOINTS': '/home/ubuntu/.vscode-server/extensions/ms-python.debugpy-2026.6.0/.noConfigDebugAdapterEndpoints/endpoint-e5b7b46d30a6d547.txt', 'LANG': 'en_US.UTF-8', 'PYTHONSTARTUP': '/home/ubuntu/.vscode-server/data/User/workspaceStorage/e032697359c870186215dbcd294e7172/ms-python.python/pythonrc.py', 'LS_COLORS': 'rs=0:di=01;34:ln=01;36:mh=00:pi=40;33:so=01;35:do=01;35:bd=40;33;01:cd=40;33;01:or=40;31;01:mi=00:su=37;41:sg=30;43:ca=30;41:tw=30;42:ow=34;42:st=37;44:ex=01;32:*.tar=01;31:*.tgz=01;31:*.arc=01;31:*.arj=01;31:*.taz=01;31:*.lha=01;31:*.lz4=01;31:*.lzh=01;31:*.lzma=01;31:*.tlz=01;31:*.txz=01;31:*.tzo=01;31:*.t7z=01;31:*.zip=01;31:*.z=01;31:*.dz=01;31:*.gz=01;31:*.lrz=01;31:*.lz=01;31:*.lzo=01;31:*.xz=01;31:*.zst=01;31:*.tzst=01;31:*.bz2=01;31:*.bz=01;31:*.tbz=01;31:*.tbz2=01;31:*.tz=01;31:*.deb=01;31:*.rpm=01;31:*.jar=01;31:*.war=01;31:*.ear=01;31:*.sar=01;31:*.rar=01;31:*.alz=01;31:*.ace=01;31:*.zoo=01;31:*.cpio=01;31:*.7z=01;31:*.rz=01;31:*.cab=01;31:*.wim=01;31:*.swm=01;31:*.dwm=01;31:*.esd=01;31:*.jpg=01;35:*.jpeg=01;35:*.mjpg=01;35:*.mjpeg=01;35:*.gif=01;35:*.bmp=01;35:*.pbm=01;35:*.pgm=01;35:*.ppm=01;35:*.tga=01;35:*.xbm=01;35:*.xpm=01;35:*.tif=01;35:*.tiff=01;35:*.png=01;35:*.svg=01;35:*.svgz=01;35:*.mng=01;35:*.pcx=01;35:*.mov=01;35:*.mpg=01;35:*.mpeg=01;35:*.m2v=01;35:*.mkv=01;35:*.webm=01;35:*.webp=01;35:*.ogm=01;35:*.mp4=01;35:*.m4v=01;35:*.mp4v=01;35:*.vob=01;35:*.qt=01;35:*.nuv=01;35:*.wmv=01;35:*.asf=01;35:*.rm=01;35:*.rmvb=01;35:*.flc=01;35:*.avi=01;35:*.fli=01;35:*.flv=01;35:*.gl=01;35:*.dl=01;35:*.xcf=01;35:*.xwd=01;35:*.yuv=01;35:*.cgm=01;35:*.emf=01;35:*.ogv=01;35:*.ogx=01;35:*.aac=00;36:*.au=00;36:*.flac=00;36:*.m4a=00;36:*.mid=00;36:*.midi=00;36:*.mka=00;36:*.mp3=00;36:*.mpc=00;36:*.ogg=00;36:*.ra=00;36:*.wav=00;36:*.oga=00;36:*.opus=00;36:*.spx=00;36:*.xspf=00;36:', 'VSCODE_GIT_IPC_HANDLE': '/run/user/1000/vscode-git-c858e614bc.sock', 'TERM_PROGRAM': 'vscode', 'ROS_DOMAIN_ID': '1', 'AMENT_PREFIX_PATH': '/home/ubuntu/spas_ws/install/spas_planning:/home/ubuntu/spas_ws/install/spas_perception:/home/ubuntu/spas_ws/install/spas_control:/home/ubuntu/spas_ws/install/spas_bringup:/home/ubuntu/spas_ws/install/sllidar_ros2:/home/ubuntu/spas_ws/install/slam_toolbox:/opt/ros/humble', 'SHELL': '/bin/bash', 'LESSCLOSE': '/usr/bin/lesspipe %s %s', 'VSCODE_GIT_ASKPASS_EXTRA_ARGS': '', 'PWD': '/home/ubuntu/spas_ws/build/spas_perception', 'LC_ALL': 'en_US.UTF-8', 'SSH_CONNECTION': '192.168.57.146 54458 192.168.57.18 22', 'XDG_DATA_DIRS': '/usr/share/gnome:/usr/local/share:/usr/share:/var/lib/snapd/desktop', 'PYTHONPATH': '/home/ubuntu/spas_ws/build/spas_perception/prefix_override:/usr/lib/python3/dist-packages/colcon_core/task/python/colcon_distutils_commands:/home/ubuntu/spas_ws/install/spas_perception/lib/python3.10/site-packages:/home/ubuntu/spas_ws/build/spas_planning:/home/ubuntu/spas_ws/install/spas_planning/lib/python3.10/site-packages:/home/ubuntu/spas_ws/build/spas_perception:/home/ubuntu/spas_ws/install/spas_perception/lib/python3.10/site-packages:/home/ubuntu/spas_ws/build/spas_control:/home/ubuntu/spas_ws/install/spas_control/lib/python3.10/site-packages:/home/ubuntu/spas_ws/install/slam_toolbox/local/lib/python3.10/dist-packages:/opt/ros/humble/lib/python3.10/site-packages:/opt/ros/humble/local/lib/python3.10/dist-packages:/usr/local/lib/python3/dist-packages:/usr/local/lib/python3/dist-packages', 'COLCON': '1', 'CMAKE_PREFIX_PATH': '/home/ubuntu/spas_ws/install/spas_bringup:/home/ubuntu/spas_ws/install/sllidar_ros2:/home/ubuntu/spas_ws/install/slam_toolbox'}, 'shell': False}
[24.342334] (-) TimerEvent: {}
[24.444857] (-) TimerEvent: {}
[24.458113] (spas_planning) Command: {'cmd': ['/usr/bin/python3', '-W', 'ignore:setup.py install is deprecated', '-W', 'ignore:easy_install command is deprecated', 'setup.py', 'develop', '--editable', '--build-directory', '/home/ubuntu/spas_ws/build/spas_planning/build', '--no-deps', 'symlink_data'], 'cwd': '/home/ubuntu/spas_ws/build/spas_planning', 'env': {'PYTHON_BASIC_REPL': '1', 'LESSOPEN': '| /usr/bin/lesspipe %s', 'USER': 'ubuntu', 'SSH_CLIENT': '192.168.57.146 54458 22', 'XDG_SESSION_TYPE': 'tty', 'GIT_ASKPASS': '/home/ubuntu/.vscode-server/cli/servers/Stable-f6cfa2ea2403534de03f069bdf160d06451ed282/server/extensions/git/dist/askpass.sh', 'SHLVL': '1', 'LD_LIBRARY_PATH': '/home/ubuntu/spas_ws/install/slam_toolbox/lib:/opt/ros/humble/opt/rviz_ogre_vendor/lib:/opt/ros/humble/lib/aarch64-linux-gnu:/opt/ros/humble/lib', 'BROWSER': '/home/ubuntu/.vscode-server/cli/servers/Stable-f6cfa2ea2403534de03f069bdf160d06451ed282/server/bin/helpers/browser.sh', 'MOTD_SHOWN': 'pam', 'HOME': '/home/ubuntu', 'TERM_PROGRAM_VERSION': '1.121.0', 'VSCODE_IPC_HOOK_CLI': '/run/user/1000/vscode-ipc-7edf8802-70fc-4444-8255-28aa490c5857.sock', 'ROS_PYTHON_VERSION': '3', 'VSCODE_GIT_ASKPASS_MAIN': '/home/ubuntu/.vscode-server/cli/servers/Stable-f6cfa2ea2403534de03f069bdf160d06451ed282/server/extensions/git/dist/askpass-main.js', 'VSCODE_GIT_ASKPASS_NODE': '/home/ubuntu/.vscode-server/cli/servers/Stable-f6cfa2ea2403534de03f069bdf160d06451ed282/server/node', 'PYDEVD_DISABLE_FILE_VALIDATION': '1', 'BUNDLED_DEBUGPY_PATH': '/home/ubuntu/.vscode-server/extensions/ms-python.debugpy-2026.6.0/bundled/libs/debugpy', 'VSCODE_PYTHON_AUTOACTIVATE_GUARD': '1', 'DBUS_SESSION_BUS_ADDRESS': 'unix:path=/run/user/1000/bus', 'COLORTERM': 'truecolor', 'COLCON_PREFIX_PATH': '/home/ubuntu/spas_ws/install', 'ROS_DISTRO': 'humble', 'LOGNAME': 'ubuntu', '_': '/usr/bin/colcon', 'ROS_VERSION': '2', 'XDG_SESSION_CLASS': 'user', 'TERM': 'xterm-256color', 'XDG_SESSION_ID': '3', 'ROS_LOCALHOST_ONLY': '0', 'PATH': '/home/ubuntu/.vscode-server/cli/servers/Stable-f6cfa2ea2403534de03f069bdf160d06451ed282/server/bin/remote-cli:/home/ubuntu/.local/bin:/opt/ros/humble/bin:/usr/local/sbin:/usr/local/bin:/usr/sbin:/usr/bin:/sbin:/bin:/usr/games:/usr/local/games:/snap/bin:/usr/local/bin:/home/ubuntu/.vscode-server/extensions/ms-python.debugpy-2026.6.0/bundled/scripts/noConfigScripts:/usr/local/bin', 'XDG_RUNTIME_DIR': '/run/user/1000', 'VSCODE_DEBUGPY_ADAPTER_ENDPOINTS': '/home/ubuntu/.vscode-server/extensions/ms-python.debugpy-2026.6.0/.noConfigDebugAdapterEndpoints/endpoint-e5b7b46d30a6d547.txt', 'LANG': 'en_US.UTF-8', 'PYTHONSTARTUP': '/home/ubuntu/.vscode-server/data/User/workspaceStorage/e032697359c870186215dbcd294e7172/ms-python.python/pythonrc.py', 'LS_COLORS': 'rs=0:di=01;34:ln=01;36:mh=00:pi=40;33:so=01;35:do=01;35:bd=40;33;01:cd=40;33;01:or=40;31;01:mi=00:su=37;41:sg=30;43:ca=30;41:tw=30;42:ow=34;42:st=37;44:ex=01;32:*.tar=01;31:*.tgz=01;31:*.arc=01;31:*.arj=01;31:*.taz=01;31:*.lha=01;31:*.lz4=01;31:*.lzh=01;31:*.lzma=01;31:*.tlz=01;31:*.txz=01;31:*.tzo=01;31:*.t7z=01;31:*.zip=01;31:*.z=01;31:*.dz=01;31:*.gz=01;31:*.lrz=01;31:*.lz=01;31:*.lzo=01;31:*.xz=01;31:*.zst=01;31:*.tzst=01;31:*.bz2=01;31:*.bz=01;31:*.tbz=01;31:*.tbz2=01;31:*.tz=01;31:*.deb=01;31:*.rpm=01;31:*.jar=01;31:*.war=01;31:*.ear=01;31:*.sar=01;31:*.rar=01;31:*.alz=01;31:*.ace=01;31:*.zoo=01;31:*.cpio=01;31:*.7z=01;31:*.rz=01;31:*.cab=01;31:*.wim=01;31:*.swm=01;31:*.dwm=01;31:*.esd=01;31:*.jpg=01;35:*.jpeg=01;35:*.mjpg=01;35:*.mjpeg=01;35:*.gif=01;35:*.bmp=01;35:*.pbm=01;35:*.pgm=01;35:*.ppm=01;35:*.tga=01;35:*.xbm=01;35:*.xpm=01;35:*.tif=01;35:*.tiff=01;35:*.png=01;35:*.svg=01;35:*.svgz=01;35:*.mng=01;35:*.pcx=01;35:*.mov=01;35:*.mpg=01;35:*.mpeg=01;35:*.m2v=01;35:*.mkv=01;35:*.webm=01;35:*.webp=01;35:*.ogm=01;35:*.mp4=01;35:*.m4v=01;35:*.mp4v=01;35:*.vob=01;35:*.qt=01;35:*.nuv=01;35:*.wmv=01;35:*.asf=01;35:*.rm=01;35:*.rmvb=01;35:*.flc=01;35:*.avi=01;35:*.fli=01;35:*.flv=01;35:*.gl=01;35:*.dl=01;35:*.xcf=01;35:*.xwd=01;35:*.yuv=01;35:*.cgm=01;35:*.emf=01;35:*.ogv=01;35:*.ogx=01;35:*.aac=00;36:*.au=00;36:*.flac=00;36:*.m4a=00;36:*.mid=00;36:*.midi=00;36:*.mka=00;36:*.mp3=00;36:*.mpc=00;36:*.ogg=00;36:*.ra=00;36:*.wav=00;36:*.oga=00;36:*.opus=00;36:*.spx=00;36:*.xspf=00;36:', 'VSCODE_GIT_IPC_HANDLE': '/run/user/1000/vscode-git-c858e614bc.sock', 'TERM_PROGRAM': 'vscode', 'ROS_DOMAIN_ID': '1', 'AMENT_PREFIX_PATH': '/home/ubuntu/spas_ws/install/spas_planning:/home/ubuntu/spas_ws/install/spas_perception:/home/ubuntu/spas_ws/install/spas_control:/home/ubuntu/spas_ws/install/spas_bringup:/home/ubuntu/spas_ws/install/sllidar_ros2:/home/ubuntu/spas_ws/install/slam_toolbox:/opt/ros/humble', 'SHELL': '/bin/bash', 'LESSCLOSE': '/usr/bin/lesspipe %s %s', 'VSCODE_GIT_ASKPASS_EXTRA_ARGS': '', 'PWD': '/home/ubuntu/spas_ws/build/spas_planning', 'LC_ALL': 'en_US.UTF-8', 'SSH_CONNECTION': '192.168.57.146 54458 192.168.57.18 22', 'XDG_DATA_DIRS': '/usr/share/gnome:/usr/local/share:/usr/share:/var/lib/snapd/desktop', 'PYTHONPATH': '/home/ubuntu/spas_ws/build/spas_planning/prefix_override:/usr/lib/python3/dist-packages/colcon_core/task/python/colcon_distutils_commands:/home/ubuntu/spas_ws/install/spas_planning/lib/python3.10/site-packages:/home/ubuntu/spas_ws/build/spas_planning:/home/ubuntu/spas_ws/install/spas_planning/lib/python3.10/site-packages:/home/ubuntu/spas_ws/build/spas_perception:/home/ubuntu/spas_ws/install/spas_perception/lib/python3.10/site-packages:/home/ubuntu/spas_ws/build/spas_control:/home/ubuntu/spas_ws/install/spas_control/lib/python3.10/site-packages:/home/ubuntu/spas_ws/install/slam_toolbox/local/lib/python3.10/dist-packages:/opt/ros/humble/lib/python3.10/site-packages:/opt/ros/humble/local/lib/python3.10/dist-packages:/usr/local/lib/python3/dist-packages:/usr/local/lib/python3/dist-packages', 'COLCON': '1', 'CMAKE_PREFIX_PATH': '/home/ubuntu/spas_ws/install/spas_bringup:/home/ubuntu/spas_ws/install/sllidar_ros2:/home/ubuntu/spas_ws/install/slam_toolbox'}, 'shell': False}
[24.545182] (-) TimerEvent: {}
[24.648243] (-) TimerEvent: {}
[24.750191] (-) TimerEvent: {}
[24.852753] (-) TimerEvent: {}
[24.955792] (-) TimerEvent: {}
[25.058909] (-) TimerEvent: {}
[25.166148] (-) TimerEvent: {}
[25.271966] (-) TimerEvent: {}
[25.374464] (-) TimerEvent: {}
[25.477229] (-) TimerEvent: {}
[25.480429] (slam_toolbox) StdoutLine: {'line': b'[ 76%] Built target map_and_localization_slam_toolbox\n'}
[25.577542] (-) TimerEvent: {}
[25.679259] (-) TimerEvent: {}
[25.782247] (-) TimerEvent: {}
[25.885301] (-) TimerEvent: {}
[25.994780] (-) TimerEvent: {}
[26.097114] (-) TimerEvent: {}
[26.201284] (-) TimerEvent: {}
[26.311421] (-) TimerEvent: {}
[26.415735] (-) TimerEvent: {}
[26.560593] (-) TimerEvent: {}
[26.661994] (-) TimerEvent: {}
[26.682296] (slam_toolbox) StdoutLine: {'line': b'[ 78%] Built target async_slam_toolbox\n'}
[26.762601] (-) TimerEvent: {}
[26.868196] (-) TimerEvent: {}
[27.051202] (-) TimerEvent: {}
[27.154334] (-) TimerEvent: {}
[27.257814] (-) TimerEvent: {}
[27.360984] (-) TimerEvent: {}
[27.565175] (-) TimerEvent: {}
[27.666339] (-) TimerEvent: {}
[27.767778] (-) TimerEvent: {}
[27.969598] (spas_control) StdoutLine: {'line': b'running egg_info\n'}
[28.073384] (-) TimerEvent: {}
[28.078074] (spas_control) StdoutLine: {'line': b'writing spas_control.egg-info/PKG-INFO\n'}
[28.078898] (spas_control) StdoutLine: {'line': b'writing dependency_links to spas_control.egg-info/dependency_links.txt\n'}
[28.079554] (spas_control) StdoutLine: {'line': b'writing entry points to spas_control.egg-info/entry_points.txt\n'}
[28.080254] (spas_control) StdoutLine: {'line': b'writing requirements to spas_control.egg-info/requires.txt\n'}
[28.080857] (spas_control) StdoutLine: {'line': b'writing top-level names to spas_control.egg-info/top_level.txt\n'}
[28.090189] (spas_control) StdoutLine: {'line': b"reading manifest file 'spas_control.egg-info/SOURCES.txt'\n"}
[28.097458] (spas_control) StdoutLine: {'line': b"writing manifest file 'spas_control.egg-info/SOURCES.txt'\n"}
[28.110864] (spas_control) StdoutLine: {'line': b'running build_ext\n'}
[28.122050] (spas_control) StdoutLine: {'line': b'Creating /home/ubuntu/spas_ws/install/spas_control/lib/python3.10/site-packages/spas-control.egg-link (link to .)\n'}
[28.138373] (spas_control) StdoutLine: {'line': b'Installing stm32_bridge_node script to /home/ubuntu/spas_ws/install/spas_control/lib/spas_control\n'}
[28.143663] (spas_control) StdoutLine: {'line': b'\n'}
[28.146512] (spas_control) StdoutLine: {'line': b'Installed /home/ubuntu/spas_ws/build/spas_control\n'}
[28.157425] (spas_control) StdoutLine: {'line': b'running symlink_data\n'}
[28.175023] (-) TimerEvent: {}
[28.294365] (slam_toolbox) StdoutLine: {'line': b'[ 79%] Built target map_and_localization_slam_toolbox_node\n'}
[28.296405] (-) TimerEvent: {}
[28.401096] (-) TimerEvent: {}
[28.536096] (spas_control) CommandEnded: {'returncode': 0}
[28.544274] (-) TimerEvent: {}
[28.656808] (-) TimerEvent: {}
[28.761612] (-) TimerEvent: {}
[28.795004] (spas_control) JobEnded: {'identifier': 'spas_control', 'rc': 0}
[28.861862] (-) TimerEvent: {}
[29.074878] (-) TimerEvent: {}
[29.177270] (-) TimerEvent: {}
[29.282818] (-) TimerEvent: {}
[29.383732] (-) TimerEvent: {}
[29.484926] (-) TimerEvent: {}
[29.637088] (-) TimerEvent: {}
[29.839575] (-) TimerEvent: {}
[29.940803] (-) TimerEvent: {}
[29.969040] (slam_toolbox) StdoutLine: {'line': b'[ 80%] Built target async_slam_toolbox_node\n'}
[30.051689] (-) TimerEvent: {}
[30.052333] (spas_perception) StdoutLine: {'line': b'running develop\n'}
[30.097706] (spas_planning) StdoutLine: {'line': b'running develop\n'}
[30.152107] (-) TimerEvent: {}
[30.354494] (-) TimerEvent: {}
[30.455565] (-) TimerEvent: {}
[30.559365] (-) TimerEvent: {}
[30.686302] (-) TimerEvent: {}
[30.788243] (-) TimerEvent: {}
[30.902574] (-) TimerEvent: {}
[31.003762] (-) TimerEvent: {}
[31.104644] (-) TimerEvent: {}
[31.206541] (-) TimerEvent: {}
[31.390292] (-) TimerEvent: {}
[31.491127] (-) TimerEvent: {}
[31.592600] (-) TimerEvent: {}
[31.688026] (slam_toolbox) StdoutLine: {'line': b'[ 88%] Built target slam_toolbox__rosidl_typesupport_fastrtps_cpp\n'}
[31.693077] (-) TimerEvent: {}
[31.795142] (-) TimerEvent: {}
[31.896186] (-) TimerEvent: {}
[31.997376] (-) TimerEvent: {}
[32.074875] (slam_toolbox) StdoutLine: {'line': b'[ 88%] Built target slam_toolbox\n'}
[32.101128] (-) TimerEvent: {}
[32.202026] (-) TimerEvent: {}
[32.305423] (-) TimerEvent: {}
[32.375871] (slam_toolbox) StdoutLine: {'line': b'[ 89%] Built target slam_toolbox__py\n'}
[32.405610] (-) TimerEvent: {}
[32.508296] (-) TimerEvent: {}
[32.612344] (-) TimerEvent: {}
[32.725565] (-) TimerEvent: {}
[32.845131] (-) TimerEvent: {}
[32.953138] (-) TimerEvent: {}
[33.065093] (-) TimerEvent: {}
[33.169283] (-) TimerEvent: {}
[33.261274] (slam_toolbox) StdoutLine: {'line': b'[ 96%] Built target slam_toolbox__rosidl_generator_py\n'}
[33.269535] (-) TimerEvent: {}
[33.370548] (-) TimerEvent: {}
[33.471744] (-) TimerEvent: {}
[33.575123] (-) TimerEvent: {}
[33.669717] (slam_toolbox) StdoutLine: {'line': b'[ 98%] Built target slam_toolbox__rosidl_typesupport_fastrtps_c__pyext\n'}
[33.675422] (-) TimerEvent: {}
[33.781177] (-) TimerEvent: {}
[33.885090] (-) TimerEvent: {}
[33.987432] (-) TimerEvent: {}
[34.090622] (-) TimerEvent: {}
[34.193339] (-) TimerEvent: {}
[34.295900] (-) TimerEvent: {}
[34.398355] (-) TimerEvent: {}
[34.438764] (spas_planning) StdoutLine: {'line': b'running egg_info\n'}
[34.439869] (spas_planning) StdoutLine: {'line': b'writing spas_planning.egg-info/PKG-INFO\n'}
[34.441433] (spas_planning) StdoutLine: {'line': b'writing dependency_links to spas_planning.egg-info/dependency_links.txt\n'}
[34.442987] (spas_planning) StdoutLine: {'line': b'writing entry points to spas_planning.egg-info/entry_points.txt\n'}
[34.444248] (spas_planning) StdoutLine: {'line': b'writing requirements to spas_planning.egg-info/requires.txt\n'}
[34.446407] (spas_planning) StdoutLine: {'line': b'writing top-level names to spas_planning.egg-info/top_level.txt\n'}
[34.457431] (slam_toolbox) StdoutLine: {'line': b'[ 99%] Built target slam_toolbox__rosidl_typesupport_c__pyext\n'}
[34.459821] (spas_planning) StdoutLine: {'line': b"reading manifest file 'spas_planning.egg-info/SOURCES.txt'\n"}
[34.466493] (spas_planning) StdoutLine: {'line': b"writing manifest file 'spas_planning.egg-info/SOURCES.txt'\n"}
[34.498625] (-) TimerEvent: {}
[34.528505] (spas_planning) StdoutLine: {'line': b'running build_ext\n'}
[34.567591] (spas_planning) StdoutLine: {'line': b'Creating /home/ubuntu/spas_ws/install/spas_planning/lib/python3.10/site-packages/spas-planning.egg-link (link to .)\n'}
[34.576744] (spas_planning) StdoutLine: {'line': b'Installing hybrid_A_star_node script to /home/ubuntu/spas_ws/install/spas_planning/lib/spas_planning\n'}
[34.598829] (-) TimerEvent: {}
[34.645821] (spas_planning) StdoutLine: {'line': b'Installing parking_space_detector script to /home/ubuntu/spas_ws/install/spas_planning/lib/spas_planning\n'}
[34.695461] (spas_planning) StdoutLine: {'line': b'Installing safety_node script to /home/ubuntu/spas_ws/install/spas_planning/lib/spas_planning\n'}
[34.699042] (-) TimerEvent: {}
[34.712082] (spas_planning) StdoutLine: {'line': b'Installing vehicle_control_node script to /home/ubuntu/spas_ws/install/spas_planning/lib/spas_planning\n'}
[34.717368] (spas_perception) StdoutLine: {'line': b'running egg_info\n'}
[34.728142] (spas_planning) StdoutLine: {'line': b'\n'}
[34.738903] (spas_planning) StdoutLine: {'line': b'Installed /home/ubuntu/spas_ws/build/spas_planning\n'}
[34.742873] (spas_perception) StdoutLine: {'line': b'writing spas_perception.egg-info/PKG-INFO\n'}
[34.745708] (spas_planning) StdoutLine: {'line': b'running symlink_data\n'}
[34.783635] (spas_perception) StdoutLine: {'line': b'writing dependency_links to spas_perception.egg-info/dependency_links.txt\n'}
[34.796615] (spas_perception) StdoutLine: {'line': b'writing entry points to spas_perception.egg-info/entry_points.txt\n'}
[34.799221] (-) TimerEvent: {}
[34.820613] (spas_perception) StdoutLine: {'line': b'writing requirements to spas_perception.egg-info/requires.txt\n'}
[34.837606] (spas_perception) StdoutLine: {'line': b'writing top-level names to spas_perception.egg-info/top_level.txt\n'}
[34.899539] (-) TimerEvent: {}
[34.917503] (slam_toolbox) StdoutLine: {'line': b'[100%] Built target slam_toolbox__rosidl_typesupport_introspection_c__pyext\n'}
[34.924057] (spas_perception) StdoutLine: {'line': b"reading manifest file 'spas_perception.egg-info/SOURCES.txt'\n"}
[34.942844] (spas_perception) StdoutLine: {'line': b"writing manifest file 'spas_perception.egg-info/SOURCES.txt'\n"}
[34.999966] (-) TimerEvent: {}
[35.012732] (spas_perception) StdoutLine: {'line': b'running build_ext\n'}
[35.022809] (spas_perception) StdoutLine: {'line': b'Creating /home/ubuntu/spas_ws/install/spas_perception/lib/python3.10/site-packages/spas-perception.egg-link (link to .)\n'}
[35.047136] (spas_perception) StdoutLine: {'line': b'Installing sensor_filter_node script to /home/ubuntu/spas_ws/install/spas_perception/lib/spas_perception\n'}
[35.100812] (-) TimerEvent: {}
[35.145298] (spas_perception) StdoutLine: {'line': b'\n'}
[35.147162] (spas_perception) StdoutLine: {'line': b'Installed /home/ubuntu/spas_ws/build/spas_perception\n'}
[35.148733] (spas_perception) StdoutLine: {'line': b'running symlink_data\n'}
[35.184863] (slam_toolbox) CommandEnded: {'returncode': 0}
[35.226135] (-) TimerEvent: {}
[35.241221] (slam_toolbox) JobProgress: {'identifier': 'slam_toolbox', 'progress': 'install'}
[35.317860] (slam_toolbox) Command: {'cmd': ['/usr/bin/cmake', '--install', '/home/ubuntu/spas_ws/build/slam_toolbox'], 'cwd': '/home/ubuntu/spas_ws/build/slam_toolbox', 'env': OrderedDict([('PYTHON_BASIC_REPL', '1'), ('LESSOPEN', '| /usr/bin/lesspipe %s'), ('USER', 'ubuntu'), ('SSH_CLIENT', '192.168.57.146 54458 22'), ('XDG_SESSION_TYPE', 'tty'), ('GIT_ASKPASS', '/home/ubuntu/.vscode-server/cli/servers/Stable-f6cfa2ea2403534de03f069bdf160d06451ed282/server/extensions/git/dist/askpass.sh'), ('SHLVL', '1'), ('LD_LIBRARY_PATH', '/home/ubuntu/spas_ws/install/slam_toolbox/lib:/opt/ros/humble/opt/rviz_ogre_vendor/lib:/opt/ros/humble/lib/aarch64-linux-gnu:/opt/ros/humble/lib'), ('BROWSER', '/home/ubuntu/.vscode-server/cli/servers/Stable-f6cfa2ea2403534de03f069bdf160d06451ed282/server/bin/helpers/browser.sh'), ('MOTD_SHOWN', 'pam'), ('HOME', '/home/ubuntu'), ('TERM_PROGRAM_VERSION', '1.121.0'), ('VSCODE_IPC_HOOK_CLI', '/run/user/1000/vscode-ipc-7edf8802-70fc-4444-8255-28aa490c5857.sock'), ('ROS_PYTHON_VERSION', '3'), ('VSCODE_GIT_ASKPASS_MAIN', '/home/ubuntu/.vscode-server/cli/servers/Stable-f6cfa2ea2403534de03f069bdf160d06451ed282/server/extensions/git/dist/askpass-main.js'), ('VSCODE_GIT_ASKPASS_NODE', '/home/ubuntu/.vscode-server/cli/servers/Stable-f6cfa2ea2403534de03f069bdf160d06451ed282/server/node'), ('PYDEVD_DISABLE_FILE_VALIDATION', '1'), ('BUNDLED_DEBUGPY_PATH', '/home/ubuntu/.vscode-server/extensions/ms-python.debugpy-2026.6.0/bundled/libs/debugpy'), ('VSCODE_PYTHON_AUTOACTIVATE_GUARD', '1'), ('DBUS_SESSION_BUS_ADDRESS', 'unix:path=/run/user/1000/bus'), ('COLORTERM', 'truecolor'), ('COLCON_PREFIX_PATH', '/home/ubuntu/spas_ws/install'), ('ROS_DISTRO', 'humble'), ('LOGNAME', 'ubuntu'), ('_', '/usr/bin/colcon'), ('ROS_VERSION', '2'), ('XDG_SESSION_CLASS', 'user'), ('TERM', 'xterm-256color'), ('XDG_SESSION_ID', '3'), ('ROS_LOCALHOST_ONLY', '0'), ('PATH', '/home/ubuntu/.vscode-server/cli/servers/Stable-f6cfa2ea2403534de03f069bdf160d06451ed282/server/bin/remote-cli:/home/ubuntu/.local/bin:/opt/ros/humble/bin:/usr/local/sbin:/usr/local/bin:/usr/sbin:/usr/bin:/sbin:/bin:/usr/games:/usr/local/games:/snap/bin:/usr/local/bin:/home/ubuntu/.vscode-server/extensions/ms-python.debugpy-2026.6.0/bundled/scripts/noConfigScripts:/usr/local/bin'), ('XDG_RUNTIME_DIR', '/run/user/1000'), ('VSCODE_DEBUGPY_ADAPTER_ENDPOINTS', '/home/ubuntu/.vscode-server/extensions/ms-python.debugpy-2026.6.0/.noConfigDebugAdapterEndpoints/endpoint-e5b7b46d30a6d547.txt'), ('LANG', 'en_US.UTF-8'), ('PYTHONSTARTUP', '/home/ubuntu/.vscode-server/data/User/workspaceStorage/e032697359c870186215dbcd294e7172/ms-python.python/pythonrc.py'), ('LS_COLORS', 'rs=0:di=01;34:ln=01;36:mh=00:pi=40;33:so=01;35:do=01;35:bd=40;33;01:cd=40;33;01:or=40;31;01:mi=00:su=37;41:sg=30;43:ca=30;41:tw=30;42:ow=34;42:st=37;44:ex=01;32:*.tar=01;31:*.tgz=01;31:*.arc=01;31:*.arj=01;31:*.taz=01;31:*.lha=01;31:*.lz4=01;31:*.lzh=01;31:*.lzma=01;31:*.tlz=01;31:*.txz=01;31:*.tzo=01;31:*.t7z=01;31:*.zip=01;31:*.z=01;31:*.dz=01;31:*.gz=01;31:*.lrz=01;31:*.lz=01;31:*.lzo=01;31:*.xz=01;31:*.zst=01;31:*.tzst=01;31:*.bz2=01;31:*.bz=01;31:*.tbz=01;31:*.tbz2=01;31:*.tz=01;31:*.deb=01;31:*.rpm=01;31:*.jar=01;31:*.war=01;31:*.ear=01;31:*.sar=01;31:*.rar=01;31:*.alz=01;31:*.ace=01;31:*.zoo=01;31:*.cpio=01;31:*.7z=01;31:*.rz=01;31:*.cab=01;31:*.wim=01;31:*.swm=01;31:*.dwm=01;31:*.esd=01;31:*.jpg=01;35:*.jpeg=01;35:*.mjpg=01;35:*.mjpeg=01;35:*.gif=01;35:*.bmp=01;35:*.pbm=01;35:*.pgm=01;35:*.ppm=01;35:*.tga=01;35:*.xbm=01;35:*.xpm=01;35:*.tif=01;35:*.tiff=01;35:*.png=01;35:*.svg=01;35:*.svgz=01;35:*.mng=01;35:*.pcx=01;35:*.mov=01;35:*.mpg=01;35:*.mpeg=01;35:*.m2v=01;35:*.mkv=01;35:*.webm=01;35:*.webp=01;35:*.ogm=01;35:*.mp4=01;35:*.m4v=01;35:*.mp4v=01;35:*.vob=01;35:*.qt=01;35:*.nuv=01;35:*.wmv=01;35:*.asf=01;35:*.rm=01;35:*.rmvb=01;35:*.flc=01;35:*.avi=01;35:*.fli=01;35:*.flv=01;35:*.gl=01;35:*.dl=01;35:*.xcf=01;35:*.xwd=01;35:*.yuv=01;35:*.cgm=01;35:*.emf=01;35:*.ogv=01;35:*.ogx=01;35:*.aac=00;36:*.au=00;36:*.flac=00;36:*.m4a=00;36:*.mid=00;36:*.midi=00;36:*.mka=00;36:*.mp3=00;36:*.mpc=00;36:*.ogg=00;36:*.ra=00;36:*.wav=00;36:*.oga=00;36:*.opus=00;36:*.spx=00;36:*.xspf=00;36:'), ('VSCODE_GIT_IPC_HANDLE', '/run/user/1000/vscode-git-c858e614bc.sock'), ('TERM_PROGRAM', 'vscode'), ('ROS_DOMAIN_ID', '1'), ('AMENT_PREFIX_PATH', '/home/ubuntu/spas_ws/install/spas_planning:/home/ubuntu/spas_ws/install/spas_perception:/home/ubuntu/spas_ws/install/spas_control:/home/ubuntu/spas_ws/install/spas_bringup:/home/ubuntu/spas_ws/install/sllidar_ros2:/home/ubuntu/spas_ws/install/slam_toolbox:/opt/ros/humble'), ('SHELL', '/bin/bash'), ('LESSCLOSE', '/usr/bin/lesspipe %s %s'), ('VSCODE_GIT_ASKPASS_EXTRA_ARGS', ''), ('PWD', '/home/ubuntu/spas_ws/build/slam_toolbox'), ('LC_ALL', 'en_US.UTF-8'), ('SSH_CONNECTION', '192.168.57.146 54458 192.168.57.18 22'), ('XDG_DATA_DIRS', '/usr/share/gnome:/usr/local/share:/usr/share:/var/lib/snapd/desktop'), ('PYTHONPATH', '/home/ubuntu/spas_ws/build/spas_planning:/home/ubuntu/spas_ws/install/spas_planning/lib/python3.10/site-packages:/home/ubuntu/spas_ws/build/spas_perception:/home/ubuntu/spas_ws/install/spas_perception/lib/python3.10/site-packages:/home/ubuntu/spas_ws/build/spas_control:/home/ubuntu/spas_ws/install/spas_control/lib/python3.10/site-packages:/home/ubuntu/spas_ws/install/slam_toolbox/local/lib/python3.10/dist-packages:/opt/ros/humble/lib/python3.10/site-packages:/opt/ros/humble/local/lib/python3.10/dist-packages:/usr/local/lib/python3/dist-packages:/usr/local/lib/python3/dist-packages'), ('COLCON', '1'), ('CMAKE_PREFIX_PATH', '/home/ubuntu/spas_ws/install/spas_bringup:/home/ubuntu/spas_ws/install/sllidar_ros2:/home/ubuntu/spas_ws/install/slam_toolbox:/home/ubuntu/spas_ws/install/spas_planning:/home/ubuntu/spas_ws/install/spas_perception:/home/ubuntu/spas_ws/install/spas_control:/opt/ros/humble')]), 'shell': False}
[35.326212] (-) TimerEvent: {}
[35.433486] (slam_toolbox) StdoutLine: {'line': b'-- Install configuration: "Release"\n'}
[35.434369] (-) TimerEvent: {}
[35.443723] (slam_toolbox) StdoutLine: {'line': b'-- Execute custom install script\n'}
[35.451459] (slam_toolbox) StdoutLine: {'line': b'-- Up-to-date symlink: /home/ubuntu/spas_ws/install/slam_toolbox/include//karto_sdk/Karto.h\n'}
[35.452709] (slam_toolbox) StdoutLine: {'line': b'-- Up-to-date symlink: /home/ubuntu/spas_ws/install/slam_toolbox/include//karto_sdk/Macros.h\n'}
[35.456155] (slam_toolbox) StdoutLine: {'line': b'-- Up-to-date symlink: /home/ubuntu/spas_ws/install/slam_toolbox/include//karto_sdk/Mapper.h\n'}
[35.461658] (slam_toolbox) StdoutLine: {'line': b'-- Up-to-date symlink: /home/ubuntu/spas_ws/install/slam_toolbox/include//karto_sdk/Math.h\n'}
[35.482225] (slam_toolbox) StdoutLine: {'line': b'-- Up-to-date symlink: /home/ubuntu/spas_ws/install/slam_toolbox/include//karto_sdk/Types.h\n'}
[35.499058] (slam_toolbox) StdoutLine: {'line': b'-- Up-to-date symlink: /home/ubuntu/spas_ws/install/slam_toolbox/include//karto_sdk/nanoflann.hpp\n'}
[35.519758] (slam_toolbox) StdoutLine: {'line': b'-- Up-to-date symlink: /home/ubuntu/spas_ws/install/slam_toolbox/include//karto_sdk/nanoflann_adaptors.h\n'}
[35.526653] (slam_toolbox) StdoutLine: {'line': b'-- Up-to-date symlink: /home/ubuntu/spas_ws/install/slam_toolbox/share/ament_index/resource_index/rosidl_interfaces/slam_toolbox\n'}
[35.541099] (slam_toolbox) StdoutLine: {'line': b'-- Up-to-date symlink: /home/ubuntu/spas_ws/install/slam_toolbox/include/slam_toolbox/slam_toolbox/msg/rosidl_generator_c__visibility_control.h\n'}
[35.543443] (-) TimerEvent: {}
[35.550433] (slam_toolbox) StdoutLine: {'line': b'-- Up-to-date symlink: /home/ubuntu/spas_ws/install/slam_toolbox/include/slam_toolbox/slam_toolbox/srv/add_submap.h\n'}
[35.569601] (slam_toolbox) StdoutLine: {'line': b'-- Up-to-date symlink: /home/ubuntu/spas_ws/install/slam_toolbox/include/slam_toolbox/slam_toolbox/srv/clear.h\n'}
[35.570245] (slam_toolbox) StdoutLine: {'line': b'-- Up-to-date symlink: /home/ubuntu/spas_ws/install/slam_toolbox/include/slam_toolbox/slam_toolbox/srv/clear_queue.h\n'}
[35.570912] (slam_toolbox) StdoutLine: {'line': b'-- Up-to-date symlink: /home/ubuntu/spas_ws/install/slam_toolbox/include/slam_toolbox/slam_toolbox/srv/deserialize_pose_graph.h\n'}
[35.571722] (slam_toolbox) StdoutLine: {'line': b'-- Up-to-date symlink: /home/ubuntu/spas_ws/install/slam_toolbox/include/slam_toolbox/slam_toolbox/srv/detail/add_submap__functions.h\n'}
[35.572312] (slam_toolbox) StdoutLine: {'line': b'-- Up-to-date symlink: /home/ubuntu/spas_ws/install/slam_toolbox/include/slam_toolbox/slam_toolbox/srv/detail/add_submap__struct.h\n'}
[35.572897] (slam_toolbox) StdoutLine: {'line': b'-- Up-to-date symlink: /home/ubuntu/spas_ws/install/slam_toolbox/include/slam_toolbox/slam_toolbox/srv/detail/add_submap__type_support.h\n'}
[35.620300] (slam_toolbox) StdoutLine: {'line': b'-- Up-to-date symlink: /home/ubuntu/spas_ws/install/slam_toolbox/include/slam_toolbox/slam_toolbox/srv/detail/clear__functions.h\n'}
[35.627414] (slam_toolbox) StdoutLine: {'line': b'-- Up-to-date symlink: /home/ubuntu/spas_ws/install/slam_toolbox/include/slam_toolbox/slam_toolbox/srv/detail/clear__struct.h\n'}
[35.637759] (slam_toolbox) StdoutLine: {'line': b'-- Up-to-date symlink: /home/ubuntu/spas_ws/install/slam_toolbox/include/slam_toolbox/slam_toolbox/srv/detail/clear__type_support.h\n'}
[35.638737] (slam_toolbox) StdoutLine: {'line': b'-- Up-to-date symlink: /home/ubuntu/spas_ws/install/slam_toolbox/include/slam_toolbox/slam_toolbox/srv/detail/clear_queue__functions.h\n'}
[35.647740] (-) TimerEvent: {}
[35.654686] (slam_toolbox) StdoutLine: {'line': b'-- Up-to-date symlink: /home/ubuntu/spas_ws/install/slam_toolbox/include/slam_toolbox/slam_toolbox/srv/detail/clear_queue__struct.h\n'}
[35.694414] (slam_toolbox) StdoutLine: {'line': b'-- Up-to-date symlink: /home/ubuntu/spas_ws/install/slam_toolbox/include/slam_toolbox/slam_toolbox/srv/detail/clear_queue__type_support.h\n'}
[35.704568] (slam_toolbox) StdoutLine: {'line': b'-- Up-to-date symlink: /home/ubuntu/spas_ws/install/slam_toolbox/include/slam_toolbox/slam_toolbox/srv/detail/deserialize_pose_graph__functions.h\n'}
[35.707148] (slam_toolbox) StdoutLine: {'line': b'-- Up-to-date symlink: /home/ubuntu/spas_ws/install/slam_toolbox/include/slam_toolbox/slam_toolbox/srv/detail/deserialize_pose_graph__struct.h\n'}
[35.719815] (slam_toolbox) StdoutLine: {'line': b'-- Up-to-date symlink: /home/ubuntu/spas_ws/install/slam_toolbox/include/slam_toolbox/slam_toolbox/srv/detail/deserialize_pose_graph__type_support.h\n'}
[35.733242] (slam_toolbox) StdoutLine: {'line': b'-- Up-to-date symlink: /home/ubuntu/spas_ws/install/slam_toolbox/include/slam_toolbox/slam_toolbox/srv/detail/loop_closure__functions.h\n'}
[35.742755] (slam_toolbox) StdoutLine: {'line': b'-- Up-to-date symlink: /home/ubuntu/spas_ws/install/slam_toolbox/include/slam_toolbox/slam_toolbox/srv/detail/loop_closure__struct.h\n'}
[35.754981] (-) TimerEvent: {}
[35.770860] (slam_toolbox) StdoutLine: {'line': b'-- Up-to-date symlink: /home/ubuntu/spas_ws/install/slam_toolbox/include/slam_toolbox/slam_toolbox/srv/detail/loop_closure__type_support.h\n'}
[35.781956] (slam_toolbox) StdoutLine: {'line': b'-- Up-to-date symlink: /home/ubuntu/spas_ws/install/slam_toolbox/include/slam_toolbox/slam_toolbox/srv/detail/merge_maps__functions.h\n'}
[35.782578] (slam_toolbox) StdoutLine: {'line': b'-- Up-to-date symlink: /home/ubuntu/spas_ws/install/slam_toolbox/include/slam_toolbox/slam_toolbox/srv/detail/merge_maps__struct.h\n'}
[35.824046] (slam_toolbox) StdoutLine: {'line': b'-- Up-to-date symlink: /home/ubuntu/spas_ws/install/slam_toolbox/include/slam_toolbox/slam_toolbox/srv/detail/merge_maps__type_support.h\n'}
[35.845660] (slam_toolbox) StdoutLine: {'line': b'-- Up-to-date symlink: /home/ubuntu/spas_ws/install/slam_toolbox/include/slam_toolbox/slam_toolbox/srv/detail/pause__functions.h\n'}
[35.849135] (slam_toolbox) StdoutLine: {'line': b'-- Up-to-date symlink: /home/ubuntu/spas_ws/install/slam_toolbox/include/slam_toolbox/slam_toolbox/srv/detail/pause__struct.h\n'}
[35.850118] (slam_toolbox) StdoutLine: {'line': b'-- Up-to-date symlink: /home/ubuntu/spas_ws/install/slam_toolbox/include/slam_toolbox/slam_toolbox/srv/detail/pause__type_support.h\n'}
[35.850912] (slam_toolbox) StdoutLine: {'line': b'-- Up-to-date symlink: /home/ubuntu/spas_ws/install/slam_toolbox/include/slam_toolbox/slam_toolbox/srv/detail/save_map__functions.h\n'}
[35.851643] (slam_toolbox) StdoutLine: {'line': b'-- Up-to-date symlink: /home/ubuntu/spas_ws/install/slam_toolbox/include/slam_toolbox/slam_toolbox/srv/detail/save_map__struct.h\n'}
[35.852610] (slam_toolbox) StdoutLine: {'line': b'-- Up-to-date symlink: /home/ubuntu/spas_ws/install/slam_toolbox/include/slam_toolbox/slam_toolbox/srv/detail/save_map__type_support.h\n'}
[35.857346] (-) TimerEvent: {}
[35.864318] (slam_toolbox) StdoutLine: {'line': b'-- Up-to-date symlink: /home/ubuntu/spas_ws/install/slam_toolbox/include/slam_toolbox/slam_toolbox/srv/detail/serialize_pose_graph__functions.h\n'}
[35.872221] (slam_toolbox) StdoutLine: {'line': b'-- Up-to-date symlink: /home/ubuntu/spas_ws/install/slam_toolbox/include/slam_toolbox/slam_toolbox/srv/detail/serialize_pose_graph__struct.h\n'}
[35.875064] (slam_toolbox) StdoutLine: {'line': b'-- Up-to-date symlink: /home/ubuntu/spas_ws/install/slam_toolbox/include/slam_toolbox/slam_toolbox/srv/detail/serialize_pose_graph__type_support.h\n'}
[35.875767] (slam_toolbox) StdoutLine: {'line': b'-- Up-to-date symlink: /home/ubuntu/spas_ws/install/slam_toolbox/include/slam_toolbox/slam_toolbox/srv/detail/toggle_interactive__functions.h\n'}
[35.907773] (slam_toolbox) StdoutLine: {'line': b'-- Up-to-date symlink: /home/ubuntu/spas_ws/install/slam_toolbox/include/slam_toolbox/slam_toolbox/srv/detail/toggle_interactive__struct.h\n'}
[35.918428] (slam_toolbox) StdoutLine: {'line': b'-- Up-to-date symlink: /home/ubuntu/spas_ws/install/slam_toolbox/include/slam_toolbox/slam_toolbox/srv/detail/toggle_interactive__type_support.h\n'}
[35.919640] (slam_toolbox) StdoutLine: {'line': b'-- Up-to-date symlink: /home/ubuntu/spas_ws/install/slam_toolbox/include/slam_toolbox/slam_toolbox/srv/loop_closure.h\n'}
[35.946956] (slam_toolbox) StdoutLine: {'line': b'-- Up-to-date symlink: /home/ubuntu/spas_ws/install/slam_toolbox/include/slam_toolbox/slam_toolbox/srv/merge_maps.h\n'}
[35.968144] (-) TimerEvent: {}
[35.969013] (slam_toolbox) StdoutLine: {'line': b'-- Up-to-date symlink: /home/ubuntu/spas_ws/install/slam_toolbox/include/slam_toolbox/slam_toolbox/srv/pause.h\n'}
[35.979611] (slam_toolbox) StdoutLine: {'line': b'-- Up-to-date symlink: /home/ubuntu/spas_ws/install/slam_toolbox/include/slam_toolbox/slam_toolbox/srv/save_map.h\n'}
[35.980472] (slam_toolbox) StdoutLine: {'line': b'-- Up-to-date symlink: /home/ubuntu/spas_ws/install/slam_toolbox/include/slam_toolbox/slam_toolbox/srv/serialize_pose_graph.h\n'}
[35.981197] (slam_toolbox) StdoutLine: {'line': b'-- Up-to-date symlink: /home/ubuntu/spas_ws/install/slam_toolbox/include/slam_toolbox/slam_toolbox/srv/toggle_interactive.h\n'}
[35.981893] (slam_toolbox) StdoutLine: {'line': b'-- Up-to-date symlink: /home/ubuntu/spas_ws/install/slam_toolbox/share/slam_toolbox/environment/library_path.sh\n'}
[35.982557] (slam_toolbox) StdoutLine: {'line': b'-- Up-to-date symlink: /home/ubuntu/spas_ws/install/slam_toolbox/share/slam_toolbox/environment/library_path.dsv\n'}
[36.001725] (slam_toolbox) StdoutLine: {'line': b'-- Up-to-date symlink: /home/ubuntu/spas_ws/install/slam_toolbox/include/slam_toolbox/slam_toolbox/msg/rosidl_typesupport_fastrtps_c__visibility_control.h\n'}
[36.002487] (slam_toolbox) StdoutLine: {'line': b'-- Up-to-date symlink: /home/ubuntu/spas_ws/install/slam_toolbox/include/slam_toolbox/slam_toolbox/srv/detail/add_submap__rosidl_typesupport_fastrtps_c.h\n'}
[36.004043] (slam_toolbox) StdoutLine: {'line': b'-- Up-to-date symlink: /home/ubuntu/spas_ws/install/slam_toolbox/include/slam_toolbox/slam_toolbox/srv/detail/clear__rosidl_typesupport_fastrtps_c.h\n'}
[36.005234] (slam_toolbox) StdoutLine: {'line': b'-- Up-to-date symlink: /home/ubuntu/spas_ws/install/slam_toolbox/include/slam_toolbox/slam_toolbox/srv/detail/clear_queue__rosidl_typesupport_fastrtps_c.h\n'}
[36.006205] (slam_toolbox) StdoutLine: {'line': b'-- Up-to-date symlink: /home/ubuntu/spas_ws/install/slam_toolbox/include/slam_toolbox/slam_toolbox/srv/detail/deserialize_pose_graph__rosidl_typesupport_fastrtps_c.h\n'}
[36.012562] (slam_toolbox) StdoutLine: {'line': b'-- Up-to-date symlink: /home/ubuntu/spas_ws/install/slam_toolbox/include/slam_toolbox/slam_toolbox/srv/detail/loop_closure__rosidl_typesupport_fastrtps_c.h\n'}
[36.013548] (slam_toolbox) StdoutLine: {'line': b'-- Up-to-date symlink: /home/ubuntu/spas_ws/install/slam_toolbox/include/slam_toolbox/slam_toolbox/srv/detail/merge_maps__rosidl_typesupport_fastrtps_c.h\n'}
[36.014556] (slam_toolbox) StdoutLine: {'line': b'-- Up-to-date symlink: /home/ubuntu/spas_ws/install/slam_toolbox/include/slam_toolbox/slam_toolbox/srv/detail/pause__rosidl_typesupport_fastrtps_c.h\n'}
[36.015245] (slam_toolbox) StdoutLine: {'line': b'-- Up-to-date symlink: /home/ubuntu/spas_ws/install/slam_toolbox/include/slam_toolbox/slam_toolbox/srv/detail/save_map__rosidl_typesupport_fastrtps_c.h\n'}
[36.015944] (slam_toolbox) StdoutLine: {'line': b'-- Up-to-date symlink: /home/ubuntu/spas_ws/install/slam_toolbox/include/slam_toolbox/slam_toolbox/srv/detail/serialize_pose_graph__rosidl_typesupport_fastrtps_c.h\n'}
[36.016867] (slam_toolbox) StdoutLine: {'line': b'-- Up-to-date symlink: /home/ubuntu/spas_ws/install/slam_toolbox/include/slam_toolbox/slam_toolbox/srv/detail/toggle_interactive__rosidl_typesupport_fastrtps_c.h\n'}
[36.017655] (slam_toolbox) StdoutLine: {'line': b'-- Up-to-date symlink: /home/ubuntu/spas_ws/install/slam_toolbox/include/slam_toolbox/slam_toolbox/msg/rosidl_generator_cpp__visibility_control.hpp\n'}
[36.018360] (slam_toolbox) StdoutLine: {'line': b'-- Up-to-date symlink: /home/ubuntu/spas_ws/install/slam_toolbox/include/slam_toolbox/slam_toolbox/srv/add_submap.hpp\n'}
[36.023932] (slam_toolbox) StdoutLine: {'line': b'-- Up-to-date symlink: /home/ubuntu/spas_ws/install/slam_toolbox/include/slam_toolbox/slam_toolbox/srv/clear.hpp\n'}
[36.024981] (slam_toolbox) StdoutLine: {'line': b'-- Up-to-date symlink: /home/ubuntu/spas_ws/install/slam_toolbox/include/slam_toolbox/slam_toolbox/srv/clear_queue.hpp\n'}
[36.030121] (slam_toolbox) StdoutLine: {'line': b'-- Up-to-date symlink: /home/ubuntu/spas_ws/install/slam_toolbox/include/slam_toolbox/slam_toolbox/srv/deserialize_pose_graph.hpp\n'}
[36.031001] (slam_toolbox) StdoutLine: {'line': b'-- Up-to-date symlink: /home/ubuntu/spas_ws/install/slam_toolbox/include/slam_toolbox/slam_toolbox/srv/detail/add_submap__builder.hpp\n'}
[36.034347] (slam_toolbox) StdoutLine: {'line': b'-- Up-to-date symlink: /home/ubuntu/spas_ws/install/slam_toolbox/include/slam_toolbox/slam_toolbox/srv/detail/add_submap__struct.hpp\n'}
[36.039201] (slam_toolbox) StdoutLine: {'line': b'-- Up-to-date symlink: /home/ubuntu/spas_ws/install/slam_toolbox/include/slam_toolbox/slam_toolbox/srv/detail/add_submap__traits.hpp\n'}
[36.042042] (slam_toolbox) StdoutLine: {'line': b'-- Up-to-date symlink: /home/ubuntu/spas_ws/install/slam_toolbox/include/slam_toolbox/slam_toolbox/srv/detail/add_submap__type_support.hpp\n'}
[36.045231] (slam_toolbox) StdoutLine: {'line': b'-- Up-to-date symlink: /home/ubuntu/spas_ws/install/slam_toolbox/include/slam_toolbox/slam_toolbox/srv/detail/clear__builder.hpp\n'}
[36.048132] (slam_toolbox) StdoutLine: {'line': b'-- Up-to-date symlink: /home/ubuntu/spas_ws/install/slam_toolbox/include/slam_toolbox/slam_toolbox/srv/detail/clear__struct.hpp\n'}
[36.049411] (slam_toolbox) StdoutLine: {'line': b'-- Up-to-date symlink: /home/ubuntu/spas_ws/install/slam_toolbox/include/slam_toolbox/slam_toolbox/srv/detail/clear__traits.hpp\n'}
[36.050840] (slam_toolbox) StdoutLine: {'line': b'-- Up-to-date symlink: /home/ubuntu/spas_ws/install/slam_toolbox/include/slam_toolbox/slam_toolbox/srv/detail/clear__type_support.hpp\n'}
[36.052154] (slam_toolbox) StdoutLine: {'line': b'-- Up-to-date symlink: /home/ubuntu/spas_ws/install/slam_toolbox/include/slam_toolbox/slam_toolbox/srv/detail/clear_queue__builder.hpp\n'}
[36.122368] (-) TimerEvent: {}
[36.127063] (slam_toolbox) StdoutLine: {'line': b'-- Up-to-date symlink: /home/ubuntu/spas_ws/install/slam_toolbox/include/slam_toolbox/slam_toolbox/srv/detail/clear_queue__struct.hpp\n'}
[36.141228] (slam_toolbox) StdoutLine: {'line': b'-- Up-to-date symlink: /home/ubuntu/spas_ws/install/slam_toolbox/include/slam_toolbox/slam_toolbox/srv/detail/clear_queue__traits.hpp\n'}
[36.145434] (slam_toolbox) StdoutLine: {'line': b'-- Up-to-date symlink: /home/ubuntu/spas_ws/install/slam_toolbox/include/slam_toolbox/slam_toolbox/srv/detail/clear_queue__type_support.hpp\n'}
[36.172095] (slam_toolbox) StdoutLine: {'line': b'-- Up-to-date symlink: /home/ubuntu/spas_ws/install/slam_toolbox/include/slam_toolbox/slam_toolbox/srv/detail/deserialize_pose_graph__builder.hpp\n'}
[36.179626] (slam_toolbox) StdoutLine: {'line': b'-- Up-to-date symlink: /home/ubuntu/spas_ws/install/slam_toolbox/include/slam_toolbox/slam_toolbox/srv/detail/deserialize_pose_graph__struct.hpp\n'}
[36.183282] (slam_toolbox) StdoutLine: {'line': b'-- Up-to-date symlink: /home/ubuntu/spas_ws/install/slam_toolbox/include/slam_toolbox/slam_toolbox/srv/detail/deserialize_pose_graph__traits.hpp\n'}
[36.187878] (slam_toolbox) StdoutLine: {'line': b'-- Up-to-date symlink: /home/ubuntu/spas_ws/install/slam_toolbox/include/slam_toolbox/slam_toolbox/srv/detail/deserialize_pose_graph__type_support.hpp\n'}
[36.193739] (slam_toolbox) StdoutLine: {'line': b'-- Up-to-date symlink: /home/ubuntu/spas_ws/install/slam_toolbox/include/slam_toolbox/slam_toolbox/srv/detail/loop_closure__builder.hpp\n'}
[36.194986] (slam_toolbox) StdoutLine: {'line': b'-- Up-to-date symlink: /home/ubuntu/spas_ws/install/slam_toolbox/include/slam_toolbox/slam_toolbox/srv/detail/loop_closure__struct.hpp\n'}
[36.195868] (slam_toolbox) StdoutLine: {'line': b'-- Up-to-date symlink: /home/ubuntu/spas_ws/install/slam_toolbox/include/slam_toolbox/slam_toolbox/srv/detail/loop_closure__traits.hpp\n'}
[36.213975] (slam_toolbox) StdoutLine: {'line': b'-- Up-to-date symlink: /home/ubuntu/spas_ws/install/slam_toolbox/include/slam_toolbox/slam_toolbox/srv/detail/loop_closure__type_support.hpp\n'}
[36.217530] (slam_toolbox) StdoutLine: {'line': b'-- Up-to-date symlink: /home/ubuntu/spas_ws/install/slam_toolbox/include/slam_toolbox/slam_toolbox/srv/detail/merge_maps__builder.hpp\n'}
[36.224112] (-) TimerEvent: {}
[36.233850] (slam_toolbox) StdoutLine: {'line': b'-- Up-to-date symlink: /home/ubuntu/spas_ws/install/slam_toolbox/include/slam_toolbox/slam_toolbox/srv/detail/merge_maps__struct.hpp\n'}
[36.248692] (slam_toolbox) StdoutLine: {'line': b'-- Up-to-date symlink: /home/ubuntu/spas_ws/install/slam_toolbox/include/slam_toolbox/slam_toolbox/srv/detail/merge_maps__traits.hpp\n'}
[36.253567] (slam_toolbox) StdoutLine: {'line': b'-- Up-to-date symlink: /home/ubuntu/spas_ws/install/slam_toolbox/include/slam_toolbox/slam_toolbox/srv/detail/merge_maps__type_support.hpp\n'}
[36.310341] (slam_toolbox) StdoutLine: {'line': b'-- Up-to-date symlink: /home/ubuntu/spas_ws/install/slam_toolbox/include/slam_toolbox/slam_toolbox/srv/detail/pause__builder.hpp\n'}
[36.318732] (slam_toolbox) StdoutLine: {'line': b'-- Up-to-date symlink: /home/ubuntu/spas_ws/install/slam_toolbox/include/slam_toolbox/slam_toolbox/srv/detail/pause__struct.hpp\n'}
[36.342446] (-) TimerEvent: {}
[36.348745] (slam_toolbox) StdoutLine: {'line': b'-- Up-to-date symlink: /home/ubuntu/spas_ws/install/slam_toolbox/include/slam_toolbox/slam_toolbox/srv/detail/pause__traits.hpp\n'}
[36.366291] (slam_toolbox) StdoutLine: {'line': b'-- Up-to-date symlink: /home/ubuntu/spas_ws/install/slam_toolbox/include/slam_toolbox/slam_toolbox/srv/detail/pause__type_support.hpp\n'}
[36.373378] (slam_toolbox) StdoutLine: {'line': b'-- Up-to-date symlink: /home/ubuntu/spas_ws/install/slam_toolbox/include/slam_toolbox/slam_toolbox/srv/detail/save_map__builder.hpp\n'}
[36.382907] (slam_toolbox) StdoutLine: {'line': b'-- Up-to-date symlink: /home/ubuntu/spas_ws/install/slam_toolbox/include/slam_toolbox/slam_toolbox/srv/detail/save_map__struct.hpp\n'}
[36.387434] (slam_toolbox) StdoutLine: {'line': b'-- Up-to-date symlink: /home/ubuntu/spas_ws/install/slam_toolbox/include/slam_toolbox/slam_toolbox/srv/detail/save_map__traits.hpp\n'}
[36.398106] (slam_toolbox) StdoutLine: {'line': b'-- Up-to-date symlink: /home/ubuntu/spas_ws/install/slam_toolbox/include/slam_toolbox/slam_toolbox/srv/detail/save_map__type_support.hpp\n'}
[36.403383] (slam_toolbox) StdoutLine: {'line': b'-- Up-to-date symlink: /home/ubuntu/spas_ws/install/slam_toolbox/include/slam_toolbox/slam_toolbox/srv/detail/serialize_pose_graph__builder.hpp\n'}
[36.415026] (slam_toolbox) StdoutLine: {'line': b'-- Up-to-date symlink: /home/ubuntu/spas_ws/install/slam_toolbox/include/slam_toolbox/slam_toolbox/srv/detail/serialize_pose_graph__struct.hpp\n'}
[36.419143] (slam_toolbox) StdoutLine: {'line': b'-- Up-to-date symlink: /home/ubuntu/spas_ws/install/slam_toolbox/include/slam_toolbox/slam_toolbox/srv/detail/serialize_pose_graph__traits.hpp\n'}
[36.431097] (slam_toolbox) StdoutLine: {'line': b'-- Up-to-date symlink: /home/ubuntu/spas_ws/install/slam_toolbox/include/slam_toolbox/slam_toolbox/srv/detail/serialize_pose_graph__type_support.hpp\n'}
[36.442774] (-) TimerEvent: {}
[36.443378] (slam_toolbox) StdoutLine: {'line': b'-- Up-to-date symlink: /home/ubuntu/spas_ws/install/slam_toolbox/include/slam_toolbox/slam_toolbox/srv/detail/toggle_interactive__builder.hpp\n'}
[36.444158] (slam_toolbox) StdoutLine: {'line': b'-- Up-to-date symlink: /home/ubuntu/spas_ws/install/slam_toolbox/include/slam_toolbox/slam_toolbox/srv/detail/toggle_interactive__struct.hpp\n'}
[36.444757] (slam_toolbox) StdoutLine: {'line': b'-- Up-to-date symlink: /home/ubuntu/spas_ws/install/slam_toolbox/include/slam_toolbox/slam_toolbox/srv/detail/toggle_interactive__traits.hpp\n'}
[36.445456] (slam_toolbox) StdoutLine: {'line': b'-- Up-to-date symlink: /home/ubuntu/spas_ws/install/slam_toolbox/include/slam_toolbox/slam_toolbox/srv/detail/toggle_interactive__type_support.hpp\n'}
[36.446036] (slam_toolbox) StdoutLine: {'line': b'-- Up-to-date symlink: /home/ubuntu/spas_ws/install/slam_toolbox/include/slam_toolbox/slam_toolbox/srv/loop_closure.hpp\n'}
[36.446587] (slam_toolbox) StdoutLine: {'line': b'-- Up-to-date symlink: /home/ubuntu/spas_ws/install/slam_toolbox/include/slam_toolbox/slam_toolbox/srv/merge_maps.hpp\n'}
[36.447578] (slam_toolbox) StdoutLine: {'line': b'-- Up-to-date symlink: /home/ubuntu/spas_ws/install/slam_toolbox/include/slam_toolbox/slam_toolbox/srv/pause.hpp\n'}
[36.448370] (slam_toolbox) StdoutLine: {'line': b'-- Up-to-date symlink: /home/ubuntu/spas_ws/install/slam_toolbox/include/slam_toolbox/slam_toolbox/srv/save_map.hpp\n'}
[36.449230] (slam_toolbox) StdoutLine: {'line': b'-- Up-to-date symlink: /home/ubuntu/spas_ws/install/slam_toolbox/include/slam_toolbox/slam_toolbox/srv/serialize_pose_graph.hpp\n'}
[36.449918] (slam_toolbox) StdoutLine: {'line': b'-- Up-to-date symlink: /home/ubuntu/spas_ws/install/slam_toolbox/include/slam_toolbox/slam_toolbox/srv/toggle_interactive.hpp\n'}
[36.450544] (slam_toolbox) StdoutLine: {'line': b'-- Up-to-date symlink: /home/ubuntu/spas_ws/install/slam_toolbox/include/slam_toolbox/slam_toolbox/msg/rosidl_typesupport_fastrtps_cpp__visibility_control.h\n'}
[36.451042] (slam_toolbox) StdoutLine: {'line': b'-- Up-to-date symlink: /home/ubuntu/spas_ws/install/slam_toolbox/include/slam_toolbox/slam_toolbox/srv/detail/add_submap__rosidl_typesupport_fastrtps_cpp.hpp\n'}
[36.451462] (slam_toolbox) StdoutLine: {'line': b'-- Up-to-date symlink: /home/ubuntu/spas_ws/install/slam_toolbox/include/slam_toolbox/slam_toolbox/srv/detail/clear__rosidl_typesupport_fastrtps_cpp.hpp\n'}
[36.461757] (slam_toolbox) StdoutLine: {'line': b'-- Up-to-date symlink: /home/ubuntu/spas_ws/install/slam_toolbox/include/slam_toolbox/slam_toolbox/srv/detail/clear_queue__rosidl_typesupport_fastrtps_cpp.hpp\n'}
[36.468360] (slam_toolbox) StdoutLine: {'line': b'-- Up-to-date symlink: /home/ubuntu/spas_ws/install/slam_toolbox/include/slam_toolbox/slam_toolbox/srv/detail/deserialize_pose_graph__rosidl_typesupport_fastrtps_cpp.hpp\n'}
[36.471944] (slam_toolbox) StdoutLine: {'line': b'-- Up-to-date symlink: /home/ubuntu/spas_ws/install/slam_toolbox/include/slam_toolbox/slam_toolbox/srv/detail/loop_closure__rosidl_typesupport_fastrtps_cpp.hpp\n'}
[36.483550] (slam_toolbox) StdoutLine: {'line': b'-- Up-to-date symlink: /home/ubuntu/spas_ws/install/slam_toolbox/include/slam_toolbox/slam_toolbox/srv/detail/merge_maps__rosidl_typesupport_fastrtps_cpp.hpp\n'}
[36.484376] (slam_toolbox) StdoutLine: {'line': b'-- Up-to-date symlink: /home/ubuntu/spas_ws/install/slam_toolbox/include/slam_toolbox/slam_toolbox/srv/detail/pause__rosidl_typesupport_fastrtps_cpp.hpp\n'}
[36.485160] (slam_toolbox) StdoutLine: {'line': b'-- Up-to-date symlink: /home/ubuntu/spas_ws/install/slam_toolbox/include/slam_toolbox/slam_toolbox/srv/detail/save_map__rosidl_typesupport_fastrtps_cpp.hpp\n'}
[36.486048] (slam_toolbox) StdoutLine: {'line': b'-- Up-to-date symlink: /home/ubuntu/spas_ws/install/slam_toolbox/include/slam_toolbox/slam_toolbox/srv/detail/serialize_pose_graph__rosidl_typesupport_fastrtps_cpp.hpp\n'}
[36.486738] (slam_toolbox) StdoutLine: {'line': b'-- Up-to-date symlink: /home/ubuntu/spas_ws/install/slam_toolbox/include/slam_toolbox/slam_toolbox/srv/detail/toggle_interactive__rosidl_typesupport_fastrtps_cpp.hpp\n'}
[36.489149] (slam_toolbox) StdoutLine: {'line': b'-- Up-to-date symlink: /home/ubuntu/spas_ws/install/slam_toolbox/include/slam_toolbox/slam_toolbox/msg/rosidl_typesupport_introspection_c__visibility_control.h\n'}
[36.492577] (slam_toolbox) StdoutLine: {'line': b'-- Up-to-date symlink: /home/ubuntu/spas_ws/install/slam_toolbox/include/slam_toolbox/slam_toolbox/srv/detail/add_submap__rosidl_typesupport_introspection_c.h\n'}
[36.493479] (slam_toolbox) StdoutLine: {'line': b'-- Up-to-date symlink: /home/ubuntu/spas_ws/install/slam_toolbox/include/slam_toolbox/slam_toolbox/srv/detail/clear__rosidl_typesupport_introspection_c.h\n'}
[36.494274] (slam_toolbox) StdoutLine: {'line': b'-- Up-to-date symlink: /home/ubuntu/spas_ws/install/slam_toolbox/include/slam_toolbox/slam_toolbox/srv/detail/clear_queue__rosidl_typesupport_introspection_c.h\n'}
[36.495400] (slam_toolbox) StdoutLine: {'line': b'-- Up-to-date symlink: /home/ubuntu/spas_ws/install/slam_toolbox/include/slam_toolbox/slam_toolbox/srv/detail/deserialize_pose_graph__rosidl_typesupport_introspection_c.h\n'}
[36.496302] (slam_toolbox) StdoutLine: {'line': b'-- Up-to-date symlink: /home/ubuntu/spas_ws/install/slam_toolbox/include/slam_toolbox/slam_toolbox/srv/detail/loop_closure__rosidl_typesupport_introspection_c.h\n'}
[36.499269] (slam_toolbox) StdoutLine: {'line': b'-- Up-to-date symlink: /home/ubuntu/spas_ws/install/slam_toolbox/include/slam_toolbox/slam_toolbox/srv/detail/merge_maps__rosidl_typesupport_introspection_c.h\n'}
[36.500038] (slam_toolbox) StdoutLine: {'line': b'-- Up-to-date symlink: /home/ubuntu/spas_ws/install/slam_toolbox/include/slam_toolbox/slam_toolbox/srv/detail/pause__rosidl_typesupport_introspection_c.h\n'}
[36.500758] (slam_toolbox) StdoutLine: {'line': b'-- Up-to-date symlink: /home/ubuntu/spas_ws/install/slam_toolbox/include/slam_toolbox/slam_toolbox/srv/detail/save_map__rosidl_typesupport_introspection_c.h\n'}
[36.501703] (slam_toolbox) StdoutLine: {'line': b'-- Up-to-date symlink: /home/ubuntu/spas_ws/install/slam_toolbox/include/slam_toolbox/slam_toolbox/srv/detail/serialize_pose_graph__rosidl_typesupport_introspection_c.h\n'}
[36.502393] (slam_toolbox) StdoutLine: {'line': b'-- Up-to-date symlink: /home/ubuntu/spas_ws/install/slam_toolbox/include/slam_toolbox/slam_toolbox/srv/detail/toggle_interactive__rosidl_typesupport_introspection_c.h\n'}
[36.503213] (slam_toolbox) StdoutLine: {'line': b'-- Up-to-date symlink: /home/ubuntu/spas_ws/install/slam_toolbox/include/slam_toolbox/slam_toolbox/srv/detail/add_submap__rosidl_typesupport_introspection_cpp.hpp\n'}
[36.503926] (slam_toolbox) StdoutLine: {'line': b'-- Up-to-date symlink: /home/ubuntu/spas_ws/install/slam_toolbox/include/slam_toolbox/slam_toolbox/srv/detail/clear__rosidl_typesupport_introspection_cpp.hpp\n'}
[36.504538] (slam_toolbox) StdoutLine: {'line': b'-- Up-to-date symlink: /home/ubuntu/spas_ws/install/slam_toolbox/include/slam_toolbox/slam_toolbox/srv/detail/clear_queue__rosidl_typesupport_introspection_cpp.hpp\n'}
[36.505187] (slam_toolbox) StdoutLine: {'line': b'-- Up-to-date symlink: /home/ubuntu/spas_ws/install/slam_toolbox/include/slam_toolbox/slam_toolbox/srv/detail/deserialize_pose_graph__rosidl_typesupport_introspection_cpp.hpp\n'}
[36.505853] (slam_toolbox) StdoutLine: {'line': b'-- Up-to-date symlink: /home/ubuntu/spas_ws/install/slam_toolbox/include/slam_toolbox/slam_toolbox/srv/detail/loop_closure__rosidl_typesupport_introspection_cpp.hpp\n'}
[36.509446] (slam_toolbox) StdoutLine: {'line': b'-- Up-to-date symlink: /home/ubuntu/spas_ws/install/slam_toolbox/include/slam_toolbox/slam_toolbox/srv/detail/merge_maps__rosidl_typesupport_introspection_cpp.hpp\n'}
[36.513271] (slam_toolbox) StdoutLine: {'line': b'-- Up-to-date symlink: /home/ubuntu/spas_ws/install/slam_toolbox/include/slam_toolbox/slam_toolbox/srv/detail/pause__rosidl_typesupport_introspection_cpp.hpp\n'}
[36.521528] (slam_toolbox) StdoutLine: {'line': b'-- Up-to-date symlink: /home/ubuntu/spas_ws/install/slam_toolbox/include/slam_toolbox/slam_toolbox/srv/detail/save_map__rosidl_typesupport_introspection_cpp.hpp\n'}
[36.527342] (slam_toolbox) StdoutLine: {'line': b'-- Up-to-date symlink: /home/ubuntu/spas_ws/install/slam_toolbox/include/slam_toolbox/slam_toolbox/srv/detail/serialize_pose_graph__rosidl_typesupport_introspection_cpp.hpp\n'}
[36.531413] (slam_toolbox) StdoutLine: {'line': b'-- Up-to-date symlink: /home/ubuntu/spas_ws/install/slam_toolbox/include/slam_toolbox/slam_toolbox/srv/detail/toggle_interactive__rosidl_typesupport_introspection_cpp.hpp\n'}
[36.532267] (slam_toolbox) StdoutLine: {'line': b'-- Up-to-date symlink: /home/ubuntu/spas_ws/install/slam_toolbox/share/slam_toolbox/environment/pythonpath.sh\n'}
[36.541895] (slam_toolbox) StdoutLine: {'line': b'-- Up-to-date symlink: /home/ubuntu/spas_ws/install/slam_toolbox/share/slam_toolbox/environment/pythonpath.dsv\n'}
[36.542906] (-) TimerEvent: {}
[36.543596] (slam_toolbox) StdoutLine: {'line': b'-- Up-to-date symlink: /home/ubuntu/spas_ws/install/slam_toolbox/local/lib/python3.10/dist-packages/slam_toolbox-2.6.10-py3.10.egg-info/PKG-INFO\n'}
[36.550077] (slam_toolbox) StdoutLine: {'line': b'-- Up-to-date symlink: /home/ubuntu/spas_ws/install/slam_toolbox/local/lib/python3.10/dist-packages/slam_toolbox-2.6.10-py3.10.egg-info/SOURCES.txt\n'}
[36.551121] (slam_toolbox) StdoutLine: {'line': b'-- Up-to-date symlink: /home/ubuntu/spas_ws/install/slam_toolbox/local/lib/python3.10/dist-packages/slam_toolbox-2.6.10-py3.10.egg-info/dependency_links.txt\n'}
[36.551948] (slam_toolbox) StdoutLine: {'line': b'-- Up-to-date symlink: /home/ubuntu/spas_ws/install/slam_toolbox/local/lib/python3.10/dist-packages/slam_toolbox-2.6.10-py3.10.egg-info/top_level.txt\n'}
[36.552978] (slam_toolbox) StdoutLine: {'line': b'-- Up-to-date symlink: /home/ubuntu/spas_ws/install/slam_toolbox/local/lib/python3.10/dist-packages/slam_toolbox/__init__.py\n'}
[36.562221] (slam_toolbox) StdoutLine: {'line': b'-- Up-to-date symlink: /home/ubuntu/spas_ws/install/slam_toolbox/local/lib/python3.10/dist-packages/slam_toolbox/_slam_toolbox_s.ep.rosidl_typesupport_c.c\n'}
[36.565823] (slam_toolbox) StdoutLine: {'line': b'-- Up-to-date symlink: /home/ubuntu/spas_ws/install/slam_toolbox/local/lib/python3.10/dist-packages/slam_toolbox/_slam_toolbox_s.ep.rosidl_typesupport_fastrtps_c.c\n'}
[36.569015] (slam_toolbox) StdoutLine: {'line': b'-- Up-to-date symlink: /home/ubuntu/spas_ws/install/slam_toolbox/local/lib/python3.10/dist-packages/slam_toolbox/_slam_toolbox_s.ep.rosidl_typesupport_introspection_c.c\n'}
[36.572346] (slam_toolbox) StdoutLine: {'line': b'-- Up-to-date symlink: /home/ubuntu/spas_ws/install/slam_toolbox/local/lib/python3.10/dist-packages/slam_toolbox/libslam_toolbox__rosidl_generator_py.so\n'}
[36.575885] (slam_toolbox) StdoutLine: {'line': b'-- Up-to-date symlink: /home/ubuntu/spas_ws/install/slam_toolbox/local/lib/python3.10/dist-packages/slam_toolbox/slam_toolbox_s__rosidl_typesupport_c.cpython-310-aarch64-linux-gnu.so\n'}
[36.579818] (slam_toolbox) StdoutLine: {'line': b'-- Up-to-date symlink: /home/ubuntu/spas_ws/install/slam_toolbox/local/lib/python3.10/dist-packages/slam_toolbox/slam_toolbox_s__rosidl_typesupport_fastrtps_c.cpython-310-aarch64-linux-gnu.so\n'}
[36.583334] (slam_toolbox) StdoutLine: {'line': b'-- Up-to-date symlink: /home/ubuntu/spas_ws/install/slam_toolbox/local/lib/python3.10/dist-packages/slam_toolbox/slam_toolbox_s__rosidl_typesupport_introspection_c.cpython-310-aarch64-linux-gnu.so\n'}
[36.586765] (slam_toolbox) StdoutLine: {'line': b'-- Up-to-date symlink: /home/ubuntu/spas_ws/install/slam_toolbox/local/lib/python3.10/dist-packages/slam_toolbox/srv/__init__.py\n'}
[36.590772] (slam_toolbox) StdoutLine: {'line': b'-- Up-to-date symlink: /home/ubuntu/spas_ws/install/slam_toolbox/local/lib/python3.10/dist-packages/slam_toolbox/srv/_add_submap.py\n'}
[36.595587] (slam_toolbox) StdoutLine: {'line': b'-- Up-to-date symlink: /home/ubuntu/spas_ws/install/slam_toolbox/local/lib/python3.10/dist-packages/slam_toolbox/srv/_add_submap_s.c\n'}
[36.600745] (slam_toolbox) StdoutLine: {'line': b'-- Up-to-date symlink: /home/ubuntu/spas_ws/install/slam_toolbox/local/lib/python3.10/dist-packages/slam_toolbox/srv/_clear.py\n'}
[36.605063] (slam_toolbox) StdoutLine: {'line': b'-- Up-to-date symlink: /home/ubuntu/spas_ws/install/slam_toolbox/local/lib/python3.10/dist-packages/slam_toolbox/srv/_clear_queue.py\n'}
[36.608557] (slam_toolbox) StdoutLine: {'line': b'-- Up-to-date symlink: /home/ubuntu/spas_ws/install/slam_toolbox/local/lib/python3.10/dist-packages/slam_toolbox/srv/_clear_queue_s.c\n'}
[36.612551] (slam_toolbox) StdoutLine: {'line': b'-- Up-to-date symlink: /home/ubuntu/spas_ws/install/slam_toolbox/local/lib/python3.10/dist-packages/slam_toolbox/srv/_clear_s.c\n'}
[36.616485] (slam_toolbox) StdoutLine: {'line': b'-- Up-to-date symlink: /home/ubuntu/spas_ws/install/slam_toolbox/local/lib/python3.10/dist-packages/slam_toolbox/srv/_deserialize_pose_graph.py\n'}
[36.620151] (slam_toolbox) StdoutLine: {'line': b'-- Up-to-date symlink: /home/ubuntu/spas_ws/install/slam_toolbox/local/lib/python3.10/dist-packages/slam_toolbox/srv/_deserialize_pose_graph_s.c\n'}
[36.623168] (slam_toolbox) StdoutLine: {'line': b'-- Up-to-date symlink: /home/ubuntu/spas_ws/install/slam_toolbox/local/lib/python3.10/dist-packages/slam_toolbox/srv/_loop_closure.py\n'}
[36.626379] (slam_toolbox) StdoutLine: {'line': b'-- Up-to-date symlink: /home/ubuntu/spas_ws/install/slam_toolbox/local/lib/python3.10/dist-packages/slam_toolbox/srv/_loop_closure_s.c\n'}
[36.629659] (slam_toolbox) StdoutLine: {'line': b'-- Up-to-date symlink: /home/ubuntu/spas_ws/install/slam_toolbox/local/lib/python3.10/dist-packages/slam_toolbox/srv/_merge_maps.py\n'}
[36.633193] (slam_toolbox) StdoutLine: {'line': b'-- Up-to-date symlink: /home/ubuntu/spas_ws/install/slam_toolbox/local/lib/python3.10/dist-packages/slam_toolbox/srv/_merge_maps_s.c\n'}
[36.637198] (slam_toolbox) StdoutLine: {'line': b'-- Up-to-date symlink: /home/ubuntu/spas_ws/install/slam_toolbox/local/lib/python3.10/dist-packages/slam_toolbox/srv/_pause.py\n'}
[36.641602] (slam_toolbox) StdoutLine: {'line': b'-- Up-to-date symlink: /home/ubuntu/spas_ws/install/slam_toolbox/local/lib/python3.10/dist-packages/slam_toolbox/srv/_pause_s.c\n'}
[36.645547] (-) TimerEvent: {}
[36.647674] (slam_toolbox) StdoutLine: {'line': b'-- Up-to-date symlink: /home/ubuntu/spas_ws/install/slam_toolbox/local/lib/python3.10/dist-packages/slam_toolbox/srv/_save_map.py\n'}
[36.652022] (slam_toolbox) StdoutLine: {'line': b'-- Up-to-date symlink: /home/ubuntu/spas_ws/install/slam_toolbox/local/lib/python3.10/dist-packages/slam_toolbox/srv/_save_map_s.c\n'}
[36.655895] (slam_toolbox) StdoutLine: {'line': b'-- Up-to-date symlink: /home/ubuntu/spas_ws/install/slam_toolbox/local/lib/python3.10/dist-packages/slam_toolbox/srv/_serialize_pose_graph.py\n'}
[36.660325] (slam_toolbox) StdoutLine: {'line': b'-- Up-to-date symlink: /home/ubuntu/spas_ws/install/slam_toolbox/local/lib/python3.10/dist-packages/slam_toolbox/srv/_serialize_pose_graph_s.c\n'}
[36.664270] (slam_toolbox) StdoutLine: {'line': b'-- Up-to-date symlink: /home/ubuntu/spas_ws/install/slam_toolbox/local/lib/python3.10/dist-packages/slam_toolbox/srv/_toggle_interactive.py\n'}
[36.667456] (slam_toolbox) StdoutLine: {'line': b'-- Up-to-date symlink: /home/ubuntu/spas_ws/install/slam_toolbox/local/lib/python3.10/dist-packages/slam_toolbox/srv/_toggle_interactive_s.c\n'}
[36.670656] (slam_toolbox) StdoutLine: {'line': b'-- Up-to-date symlink: /home/ubuntu/spas_ws/install/slam_toolbox/local/lib/python3.10/dist-packages/slam_toolbox/slam_toolbox_s__rosidl_typesupport_fastrtps_c.cpython-310-aarch64-linux-gnu.so\n'}
[36.674611] (slam_toolbox) StdoutLine: {'line': b'-- Up-to-date symlink: /home/ubuntu/spas_ws/install/slam_toolbox/local/lib/python3.10/dist-packages/slam_toolbox/slam_toolbox_s__rosidl_typesupport_introspection_c.cpython-310-aarch64-linux-gnu.so\n'}
[36.677754] (slam_toolbox) StdoutLine: {'line': b'-- Up-to-date symlink: /home/ubuntu/spas_ws/install/slam_toolbox/local/lib/python3.10/dist-packages/slam_toolbox/slam_toolbox_s__rosidl_typesupport_c.cpython-310-aarch64-linux-gnu.so\n'}
[36.680801] (slam_toolbox) StdoutLine: {'line': b'-- Up-to-date symlink: /home/ubuntu/spas_ws/install/slam_toolbox/share/ament_index/resource_index/rust_packages/slam_toolbox\n'}
[36.684536] (slam_toolbox) StdoutLine: {'line': b'-- Up-to-date symlink: /home/ubuntu/spas_ws/install/slam_toolbox/share/slam_toolbox/rust/Cargo.toml\n'}
[36.693440] (slam_toolbox) StdoutLine: {'line': b'-- Up-to-date symlink: /home/ubuntu/spas_ws/install/slam_toolbox/share/slam_toolbox/rust/build.rs\n'}
[36.695692] (slam_toolbox) StdoutLine: {'line': b'-- Up-to-date symlink: /home/ubuntu/spas_ws/install/slam_toolbox/share/slam_toolbox/rust/src/lib.rs\n'}
[36.697190] (slam_toolbox) StdoutLine: {'line': b'-- Up-to-date symlink: /home/ubuntu/spas_ws/install/slam_toolbox/share/slam_toolbox/rust/src/srv.rs\n'}
[36.699812] (slam_toolbox) StdoutLine: {'line': b'-- Up-to-date symlink: /home/ubuntu/spas_ws/install/slam_toolbox/share/slam_toolbox/rust/src/srv/rmw.rs\n'}
[36.715111] (slam_toolbox) StdoutLine: {'line': b'-- Up-to-date symlink: /home/ubuntu/spas_ws/install/slam_toolbox/share/slam_toolbox/srv/Pause.idl\n'}
[36.716484] (slam_toolbox) StdoutLine: {'line': b'-- Up-to-date symlink: /home/ubuntu/spas_ws/install/slam_toolbox/share/slam_toolbox/srv/ClearQueue.idl\n'}
[36.723894] (slam_toolbox) StdoutLine: {'line': b'-- Up-to-date symlink: /home/ubuntu/spas_ws/install/slam_toolbox/share/slam_toolbox/srv/ToggleInteractive.idl\n'}
[36.727836] (slam_toolbox) StdoutLine: {'line': b'-- Up-to-date symlink: /home/ubuntu/spas_ws/install/slam_toolbox/share/slam_toolbox/srv/Clear.idl\n'}
[36.731527] (slam_toolbox) StdoutLine: {'line': b'-- Up-to-date symlink: /home/ubuntu/spas_ws/install/slam_toolbox/share/slam_toolbox/srv/SaveMap.idl\n'}
[36.734888] (slam_toolbox) StdoutLine: {'line': b'-- Up-to-date symlink: /home/ubuntu/spas_ws/install/slam_toolbox/share/slam_toolbox/srv/LoopClosure.idl\n'}
[36.738645] (slam_toolbox) StdoutLine: {'line': b'-- Up-to-date symlink: /home/ubuntu/spas_ws/install/slam_toolbox/share/slam_toolbox/srv/MergeMaps.idl\n'}
[36.743151] (slam_toolbox) StdoutLine: {'line': b'-- Up-to-date symlink: /home/ubuntu/spas_ws/install/slam_toolbox/share/slam_toolbox/srv/AddSubmap.idl\n'}
[36.746211] (-) TimerEvent: {}
[36.747814] (slam_toolbox) StdoutLine: {'line': b'-- Up-to-date symlink: /home/ubuntu/spas_ws/install/slam_toolbox/share/slam_toolbox/srv/DeserializePoseGraph.idl\n'}
[36.752140] (slam_toolbox) StdoutLine: {'line': b'-- Up-to-date symlink: /home/ubuntu/spas_ws/install/slam_toolbox/share/slam_toolbox/srv/SerializePoseGraph.idl\n'}
[36.755926] (slam_toolbox) StdoutLine: {'line': b'-- Up-to-date symlink: /home/ubuntu/spas_ws/install/slam_toolbox/share/slam_toolbox/srv/Pause.srv\n'}
[36.768317] (slam_toolbox) StdoutLine: {'line': b'-- Up-to-date symlink: /home/ubuntu/spas_ws/install/slam_toolbox/share/slam_toolbox/srv/Pause_Request.msg\n'}
[36.773878] (slam_toolbox) StdoutLine: {'line': b'-- Up-to-date symlink: /home/ubuntu/spas_ws/install/slam_toolbox/share/slam_toolbox/srv/Pause_Response.msg\n'}
[36.774682] (slam_toolbox) StdoutLine: {'line': b'-- Up-to-date symlink: /home/ubuntu/spas_ws/install/slam_toolbox/share/slam_toolbox/srv/ClearQueue.srv\n'}
[36.775314] (slam_toolbox) StdoutLine: {'line': b'-- Up-to-date symlink: /home/ubuntu/spas_ws/install/slam_toolbox/share/slam_toolbox/srv/ClearQueue_Request.msg\n'}
[36.775929] (slam_toolbox) StdoutLine: {'line': b'-- Up-to-date symlink: /home/ubuntu/spas_ws/install/slam_toolbox/share/slam_toolbox/srv/ClearQueue_Response.msg\n'}
[36.776579] (slam_toolbox) StdoutLine: {'line': b'-- Up-to-date symlink: /home/ubuntu/spas_ws/install/slam_toolbox/share/slam_toolbox/srv/ToggleInteractive.srv\n'}
[36.777265] (slam_toolbox) StdoutLine: {'line': b'-- Up-to-date symlink: /home/ubuntu/spas_ws/install/slam_toolbox/share/slam_toolbox/srv/ToggleInteractive_Request.msg\n'}
[36.778055] (slam_toolbox) StdoutLine: {'line': b'-- Up-to-date symlink: /home/ubuntu/spas_ws/install/slam_toolbox/share/slam_toolbox/srv/ToggleInteractive_Response.msg\n'}
[36.778884] (slam_toolbox) StdoutLine: {'line': b'-- Up-to-date symlink: /home/ubuntu/spas_ws/install/slam_toolbox/share/slam_toolbox/srv/Clear.srv\n'}
[36.779455] (slam_toolbox) StdoutLine: {'line': b'-- Up-to-date symlink: /home/ubuntu/spas_ws/install/slam_toolbox/share/slam_toolbox/srv/Clear_Request.msg\n'}
[36.780067] (slam_toolbox) StdoutLine: {'line': b'-- Up-to-date symlink: /home/ubuntu/spas_ws/install/slam_toolbox/share/slam_toolbox/srv/Clear_Response.msg\n'}
[36.780668] (slam_toolbox) StdoutLine: {'line': b'-- Up-to-date symlink: /home/ubuntu/spas_ws/install/slam_toolbox/share/slam_toolbox/srv/SaveMap.srv\n'}
[36.781351] (slam_toolbox) StdoutLine: {'line': b'-- Up-to-date symlink: /home/ubuntu/spas_ws/install/slam_toolbox/share/slam_toolbox/srv/SaveMap_Request.msg\n'}
[36.781953] (slam_toolbox) StdoutLine: {'line': b'-- Up-to-date symlink: /home/ubuntu/spas_ws/install/slam_toolbox/share/slam_toolbox/srv/SaveMap_Response.msg\n'}
[36.782595] (slam_toolbox) StdoutLine: {'line': b'-- Up-to-date symlink: /home/ubuntu/spas_ws/install/slam_toolbox/share/slam_toolbox/srv/LoopClosure.srv\n'}
[36.783149] (slam_toolbox) StdoutLine: {'line': b'-- Up-to-date symlink: /home/ubuntu/spas_ws/install/slam_toolbox/share/slam_toolbox/srv/LoopClosure_Request.msg\n'}
[36.783672] (slam_toolbox) StdoutLine: {'line': b'-- Up-to-date symlink: /home/ubuntu/spas_ws/install/slam_toolbox/share/slam_toolbox/srv/LoopClosure_Response.msg\n'}
[36.784290] (spas_perception) CommandEnded: {'returncode': 0}
[36.792278] (slam_toolbox) StdoutLine: {'line': b'-- Up-to-date symlink: /home/ubuntu/spas_ws/install/slam_toolbox/share/slam_toolbox/srv/MergeMaps.srv\n'}
[36.793224] (slam_toolbox) StdoutLine: {'line': b'-- Up-to-date symlink: /home/ubuntu/spas_ws/install/slam_toolbox/share/slam_toolbox/srv/MergeMaps_Request.msg\n'}
[36.793920] (slam_toolbox) StdoutLine: {'line': b'-- Up-to-date symlink: /home/ubuntu/spas_ws/install/slam_toolbox/share/slam_toolbox/srv/MergeMaps_Response.msg\n'}
[36.794511] (slam_toolbox) StdoutLine: {'line': b'-- Up-to-date symlink: /home/ubuntu/spas_ws/install/slam_toolbox/share/slam_toolbox/srv/AddSubmap.srv\n'}
[36.795069] (slam_toolbox) StdoutLine: {'line': b'-- Up-to-date symlink: /home/ubuntu/spas_ws/install/slam_toolbox/share/slam_toolbox/srv/AddSubmap_Request.msg\n'}
[36.795956] (slam_toolbox) StdoutLine: {'line': b'-- Up-to-date symlink: /home/ubuntu/spas_ws/install/slam_toolbox/share/slam_toolbox/srv/AddSubmap_Response.msg\n'}
[36.796629] (slam_toolbox) StdoutLine: {'line': b'-- Up-to-date symlink: /home/ubuntu/spas_ws/install/slam_toolbox/share/slam_toolbox/srv/DeserializePoseGraph.srv\n'}
[36.797341] (slam_toolbox) StdoutLine: {'line': b'-- Up-to-date symlink: /home/ubuntu/spas_ws/install/slam_toolbox/share/slam_toolbox/srv/DeserializePoseGraph_Request.msg\n'}
[36.798053] (slam_toolbox) StdoutLine: {'line': b'-- Up-to-date symlink: /home/ubuntu/spas_ws/install/slam_toolbox/share/slam_toolbox/srv/DeserializePoseGraph_Response.msg\n'}
[36.798737] (slam_toolbox) StdoutLine: {'line': b'-- Up-to-date symlink: /home/ubuntu/spas_ws/install/slam_toolbox/share/slam_toolbox/srv/SerializePoseGraph.srv\n'}
[36.799577] (slam_toolbox) StdoutLine: {'line': b'-- Up-to-date symlink: /home/ubuntu/spas_ws/install/slam_toolbox/share/slam_toolbox/srv/SerializePoseGraph_Request.msg\n'}
[36.800323] (slam_toolbox) StdoutLine: {'line': b'-- Up-to-date symlink: /home/ubuntu/spas_ws/install/slam_toolbox/share/slam_toolbox/srv/SerializePoseGraph_Response.msg\n'}
[36.800988] (slam_toolbox) StdoutLine: {'line': b'-- Up-to-date symlink: /home/ubuntu/spas_ws/install/slam_toolbox/share/slam_toolbox//rviz_plugins.xml\n'}
[36.804023] (slam_toolbox) StdoutLine: {'line': b'-- Up-to-date symlink: /home/ubuntu/spas_ws/install/slam_toolbox/share/slam_toolbox//solver_plugins.xml\n'}
[36.805702] (slam_toolbox) StdoutLine: {'line': b'-- Up-to-date symlink: /home/ubuntu/spas_ws/install/slam_toolbox/lib/slam_toolbox/async_slam_toolbox_node\n'}
[36.806425] (slam_toolbox) StdoutLine: {'line': b'-- Up-to-date symlink: /home/ubuntu/spas_ws/install/slam_toolbox/lib/slam_toolbox/sync_slam_toolbox_node\n'}
[36.807379] (slam_toolbox) StdoutLine: {'line': b'-- Up-to-date symlink: /home/ubuntu/spas_ws/install/slam_toolbox/lib/slam_toolbox/localization_slam_toolbox_node\n'}
[36.808130] (slam_toolbox) StdoutLine: {'line': b'-- Up-to-date symlink: /home/ubuntu/spas_ws/install/slam_toolbox/lib/slam_toolbox/map_and_localization_slam_toolbox_node\n'}
[36.815339] (slam_toolbox) StdoutLine: {'line': b'-- Up-to-date symlink: /home/ubuntu/spas_ws/install/slam_toolbox/lib/slam_toolbox/merge_maps_kinematic\n'}
[36.816018] (slam_toolbox) StdoutLine: {'line': b'-- Up-to-date symlink: /home/ubuntu/spas_ws/install/slam_toolbox/lib/libtoolbox_common.so\n'}
[36.816856] (slam_toolbox) StdoutLine: {'line': b'-- Up-to-date symlink: /home/ubuntu/spas_ws/install/slam_toolbox/lib/libSlamToolboxPlugin.so\n'}
[36.817666] (slam_toolbox) StdoutLine: {'line': b'-- Up-to-date symlink: /home/ubuntu/spas_ws/install/slam_toolbox/lib/libceres_solver_plugin.so\n'}
[36.818510] (slam_toolbox) StdoutLine: {'line': b'-- Up-to-date symlink: /home/ubuntu/spas_ws/install/slam_toolbox/lib/libasync_slam_toolbox.so\n'}
[36.819367] (slam_toolbox) StdoutLine: {'line': b'-- Up-to-date symlink: /home/ubuntu/spas_ws/install/slam_toolbox/lib/libsync_slam_toolbox.so\n'}
[36.820183] (slam_toolbox) StdoutLine: {'line': b'-- Up-to-date symlink: /home/ubuntu/spas_ws/install/slam_toolbox/lib/liblocalization_slam_toolbox.so\n'}
[36.825153] (slam_toolbox) StdoutLine: {'line': b'-- Up-to-date symlink: /home/ubuntu/spas_ws/install/slam_toolbox/lib/liblifelong_slam_toolbox.so\n'}
[36.826025] (slam_toolbox) StdoutLine: {'line': b'-- Up-to-date symlink: /home/ubuntu/spas_ws/install/slam_toolbox/lib/libmap_and_localization_slam_toolbox.so\n'}
[36.826763] (slam_toolbox) StdoutLine: {'line': b'-- Up-to-date symlink: /home/ubuntu/spas_ws/install/slam_toolbox/lib/libkartoSlamToolbox.so\n'}
[36.827560] (slam_toolbox) StdoutLine: {'line': b'-- Up-to-date symlink: /home/ubuntu/spas_ws/install/slam_toolbox/include/slam_toolbox/experimental/slam_toolbox_lifelong.hpp\n'}
[36.840639] (slam_toolbox) StdoutLine: {'line': b'-- Up-to-date symlink: /home/ubuntu/spas_ws/install/slam_toolbox/include/slam_toolbox/experimental/slam_toolbox_map_and_localization.hpp\n'}
[36.851343] (-) TimerEvent: {}
[36.853348] (slam_toolbox) StdoutLine: {'line': b'-- Up-to-date symlink: /home/ubuntu/spas_ws/install/slam_toolbox/include/slam_toolbox/get_pose_helper.hpp\n'}
[36.865679] (slam_toolbox) StdoutLine: {'line': b'-- Up-to-date symlink: /home/ubuntu/spas_ws/install/slam_toolbox/include/slam_toolbox/laser_utils.hpp\n'}
[36.871189] (slam_toolbox) StdoutLine: {'line': b'-- Up-to-date symlink: /home/ubuntu/spas_ws/install/slam_toolbox/include/slam_toolbox/loop_closure_assistant.hpp\n'}
[36.894142] (slam_toolbox) StdoutLine: {'line': b'-- Up-to-date symlink: /home/ubuntu/spas_ws/install/slam_toolbox/include/slam_toolbox/map_saver.hpp\n'}
[36.897347] (slam_toolbox) StdoutLine: {'line': b'-- Up-to-date symlink: /home/ubuntu/spas_ws/install/slam_toolbox/include/slam_toolbox/merge_maps_kinematic.hpp\n'}
[36.901956] (slam_toolbox) StdoutLine: {'line': b'-- Up-to-date symlink: /home/ubuntu/spas_ws/install/slam_toolbox/include/slam_toolbox/serialization.hpp\n'}
[36.910276] (slam_toolbox) StdoutLine: {'line': b'-- Up-to-date symlink: /home/ubuntu/spas_ws/install/slam_toolbox/include/slam_toolbox/slam_mapper.hpp\n'}
[36.945761] (slam_toolbox) StdoutLine: {'line': b'-- Up-to-date symlink: /home/ubuntu/spas_ws/install/slam_toolbox/include/slam_toolbox/slam_toolbox_async.hpp\n'}
[36.957605] (-) TimerEvent: {}
[36.959281] (slam_toolbox) StdoutLine: {'line': b'-- Up-to-date symlink: /home/ubuntu/spas_ws/install/slam_toolbox/include/slam_toolbox/slam_toolbox_common.hpp\n'}
[36.985918] (slam_toolbox) StdoutLine: {'line': b'-- Up-to-date symlink: /home/ubuntu/spas_ws/install/slam_toolbox/include/slam_toolbox/slam_toolbox_localization.hpp\n'}
[36.991857] (slam_toolbox) StdoutLine: {'line': b'-- Up-to-date symlink: /home/ubuntu/spas_ws/install/slam_toolbox/include/slam_toolbox/slam_toolbox_sync.hpp\n'}
[36.996996] (slam_toolbox) StdoutLine: {'line': b'-- Up-to-date symlink: /home/ubuntu/spas_ws/install/slam_toolbox/include/slam_toolbox/snap_utils.hpp\n'}
[37.008227] (slam_toolbox) StdoutLine: {'line': b'-- Up-to-date symlink: /home/ubuntu/spas_ws/install/slam_toolbox/include/slam_toolbox/toolbox_msgs.hpp\n'}
[37.025686] (slam_toolbox) StdoutLine: {'line': b'-- Up-to-date symlink: /home/ubuntu/spas_ws/install/slam_toolbox/include/slam_toolbox/toolbox_types.hpp\n'}
[37.031684] (slam_toolbox) StdoutLine: {'line': b'-- Up-to-date symlink: /home/ubuntu/spas_ws/install/slam_toolbox/include/slam_toolbox/visualization_utils.hpp\n'}
[37.039373] (slam_toolbox) StdoutLine: {'line': b'-- Up-to-date symlink: /home/ubuntu/spas_ws/install/slam_toolbox/share/slam_toolbox/launch/localization_launch.py\n'}
[37.045687] (slam_toolbox) StdoutLine: {'line': b'-- Up-to-date symlink: /home/ubuntu/spas_ws/install/slam_toolbox/share/slam_toolbox/launch/merge_maps_kinematic_launch.py\n'}
[37.054907] (slam_toolbox) StdoutLine: {'line': b'-- Up-to-date symlink: /home/ubuntu/spas_ws/install/slam_toolbox/share/slam_toolbox/launch/offline_launch.py\n'}
[37.064686] (-) TimerEvent: {}
[37.070526] (slam_toolbox) StdoutLine: {'line': b'-- Up-to-date symlink: /home/ubuntu/spas_ws/install/slam_toolbox/share/slam_toolbox/launch/online_async_launch.py\n'}
[37.076281] (slam_toolbox) StdoutLine: {'line': b'-- Up-to-date symlink: /home/ubuntu/spas_ws/install/slam_toolbox/share/slam_toolbox/launch/online_sync_launch.py\n'}
[37.086369] (slam_toolbox) StdoutLine: {'line': b'-- Up-to-date symlink: /home/ubuntu/spas_ws/install/slam_toolbox/share/slam_toolbox/config/mapper_params_lifelong.yaml\n'}
[37.091889] (slam_toolbox) StdoutLine: {'line': b'-- Up-to-date symlink: /home/ubuntu/spas_ws/install/slam_toolbox/share/slam_toolbox/config/mapper_params_localization.yaml\n'}
[37.096697] (slam_toolbox) StdoutLine: {'line': b'-- Up-to-date symlink: /home/ubuntu/spas_ws/install/slam_toolbox/share/slam_toolbox/config/mapper_params_offline.yaml\n'}
[37.101871] (slam_toolbox) StdoutLine: {'line': b'-- Up-to-date symlink: /home/ubuntu/spas_ws/install/slam_toolbox/share/slam_toolbox/config/mapper_params_online_async.yaml\n'}
[37.108212] (slam_toolbox) StdoutLine: {'line': b'-- Up-to-date symlink: /home/ubuntu/spas_ws/install/slam_toolbox/share/slam_toolbox/config/mapper_params_online_sync.yaml\n'}
[37.111792] (slam_toolbox) StdoutLine: {'line': b'-- Up-to-date symlink: /home/ubuntu/spas_ws/install/slam_toolbox/share/slam_toolbox/config/slam_toolbox_default.rviz\n'}
[37.116692] (slam_toolbox) StdoutLine: {'line': b'-- Up-to-date symlink: /home/ubuntu/spas_ws/install/slam_toolbox/share/solver_plugins.xml\n'}
[37.121100] (slam_toolbox) StdoutLine: {'line': b'-- Up-to-date symlink: /home/ubuntu/spas_ws/install/slam_toolbox/share/rviz_plugins.xml\n'}
[37.125525] (slam_toolbox) StdoutLine: {'line': b'-- Up-to-date symlink: /home/ubuntu/spas_ws/install/slam_toolbox/share/ament_index/resource_index/package_run_dependencies/slam_toolbox\n'}
[37.138396] (slam_toolbox) StdoutLine: {'line': b'-- Up-to-date symlink: /home/ubuntu/spas_ws/install/slam_toolbox/share/ament_index/resource_index/parent_prefix_path/slam_toolbox\n'}
[37.142741] (slam_toolbox) StdoutLine: {'line': b'-- Up-to-date symlink: /home/ubuntu/spas_ws/install/slam_toolbox/share/slam_toolbox/environment/ament_prefix_path.sh\n'}
[37.147999] (slam_toolbox) StdoutLine: {'line': b'-- Up-to-date symlink: /home/ubuntu/spas_ws/install/slam_toolbox/share/slam_toolbox/environment/ament_prefix_path.dsv\n'}
[37.153590] (slam_toolbox) StdoutLine: {'line': b'-- Up-to-date symlink: /home/ubuntu/spas_ws/install/slam_toolbox/share/slam_toolbox/environment/path.sh\n'}
[37.175154] (-) TimerEvent: {}
[37.177250] (slam_toolbox) StdoutLine: {'line': b'-- Up-to-date symlink: /home/ubuntu/spas_ws/install/slam_toolbox/share/slam_toolbox/environment/path.dsv\n'}
[37.184277] (slam_toolbox) StdoutLine: {'line': b'-- Up-to-date symlink: /home/ubuntu/spas_ws/install/slam_toolbox/share/slam_toolbox/local_setup.bash\n'}
[37.205696] (slam_toolbox) StdoutLine: {'line': b'-- Up-to-date symlink: /home/ubuntu/spas_ws/install/slam_toolbox/share/slam_toolbox/local_setup.sh\n'}
[37.209287] (slam_toolbox) StdoutLine: {'line': b'-- Up-to-date symlink: /home/ubuntu/spas_ws/install/slam_toolbox/share/slam_toolbox/local_setup.zsh\n'}
[37.214161] (slam_toolbox) StdoutLine: {'line': b'-- Up-to-date symlink: /home/ubuntu/spas_ws/install/slam_toolbox/share/slam_toolbox/local_setup.dsv\n'}
[37.217801] (slam_toolbox) StdoutLine: {'line': b'-- Symlinking: /home/ubuntu/spas_ws/install/slam_toolbox/share/slam_toolbox/package.dsv\n'}
[37.234788] (slam_toolbox) StdoutLine: {'line': b'-- Up-to-date symlink: /home/ubuntu/spas_ws/install/slam_toolbox/share/ament_index/resource_index/packages/slam_toolbox\n'}
[37.238459] (slam_toolbox) StdoutLine: {'line': b'-- Up-to-date symlink: /home/ubuntu/spas_ws/install/slam_toolbox/share/ament_index/resource_index/rclcpp_components/slam_toolbox\n'}
[37.247620] (slam_toolbox) StdoutLine: {'line': b'-- Up-to-date symlink: /home/ubuntu/spas_ws/install/slam_toolbox/share/ament_index/resource_index/rviz_common__pluginlib__plugin/slam_toolbox\n'}
[37.257233] (slam_toolbox) StdoutLine: {'line': b'-- Up-to-date symlink: /home/ubuntu/spas_ws/install/slam_toolbox/share/ament_index/resource_index/slam_toolbox__pluginlib__plugin/slam_toolbox\n'}
[37.258526] (slam_toolbox) StdoutLine: {'line': b'-- Up-to-date symlink: /home/ubuntu/spas_ws/install/slam_toolbox/share/slam_toolbox/cmake/rosidl_cmake-extras.cmake\n'}
[37.259598] (slam_toolbox) StdoutLine: {'line': b'-- Up-to-date symlink: /home/ubuntu/spas_ws/install/slam_toolbox/share/slam_toolbox/cmake/ament_cmake_export_dependencies-extras.cmake\n'}
[37.260553] (slam_toolbox) StdoutLine: {'line': b'-- Up-to-date symlink: /home/ubuntu/spas_ws/install/slam_toolbox/share/slam_toolbox/cmake/ament_cmake_export_include_directories-extras.cmake\n'}
[37.261557] (slam_toolbox) StdoutLine: {'line': b'-- Up-to-date symlink: /home/ubuntu/spas_ws/install/slam_toolbox/share/slam_toolbox/cmake/ament_cmake_export_libraries-extras.cmake\n'}
[37.262422] (slam_toolbox) StdoutLine: {'line': b'-- Up-to-date symlink: /home/ubuntu/spas_ws/install/slam_toolbox/share/slam_toolbox/cmake/ament_cmake_export_targets-extras.cmake\n'}
[37.263308] (slam_toolbox) StdoutLine: {'line': b'-- Up-to-date symlink: /home/ubuntu/spas_ws/install/slam_toolbox/share/slam_toolbox/cmake/rosidl_cmake_export_typesupport_targets-extras.cmake\n'}
[37.264187] (slam_toolbox) StdoutLine: {'line': b'-- Up-to-date symlink: /home/ubuntu/spas_ws/install/slam_toolbox/share/slam_toolbox/cmake/rosidl_cmake_export_typesupport_libraries-extras.cmake\n'}
[37.265100] (slam_toolbox) StdoutLine: {'line': b'-- Up-to-date symlink: /home/ubuntu/spas_ws/install/slam_toolbox/share/slam_toolbox/cmake/slam_toolboxConfig.cmake\n'}
[37.266079] (slam_toolbox) StdoutLine: {'line': b'-- Up-to-date symlink: /home/ubuntu/spas_ws/install/slam_toolbox/share/slam_toolbox/cmake/slam_toolboxConfig-version.cmake\n'}
[37.267122] (slam_toolbox) StdoutLine: {'line': b'-- Up-to-date symlink: /home/ubuntu/spas_ws/install/slam_toolbox/share/slam_toolbox/package.xml\n'}
[37.267849] (spas_perception) JobEnded: {'identifier': 'spas_perception', 'rc': 0}
[37.839088] (-) TimerEvent: {}
[37.839700] (spas_planning) CommandEnded: {'returncode': 0}
[37.841486] (slam_toolbox) StdoutLine: {'line': b'-- Up-to-date: /home/ubuntu/spas_ws/install/slam_toolbox/lib/libslam_toolbox__rosidl_generator_c.so\n'}
[37.939396] (-) TimerEvent: {}
[37.987487] (spas_planning) JobEnded: {'identifier': 'spas_planning', 'rc': 0}
[38.040195] (-) TimerEvent: {}
[38.143610] (-) TimerEvent: {}
[38.246345] (-) TimerEvent: {}
[38.349702] (-) TimerEvent: {}
[38.453610] (-) TimerEvent: {}
[38.556519] (-) TimerEvent: {}
[38.659724] (-) TimerEvent: {}
[38.762272] (-) TimerEvent: {}
[38.864297] (-) TimerEvent: {}
[38.966941] (-) TimerEvent: {}
[39.069689] (-) TimerEvent: {}
[39.153316] (slam_toolbox) StdoutLine: {'line': b'-- Up-to-date: /home/ubuntu/spas_ws/install/slam_toolbox/lib/libslam_toolbox__rosidl_typesupport_fastrtps_c.so\n'}
[39.170058] (-) TimerEvent: {}
[39.272494] (-) TimerEvent: {}
[39.375538] (-) TimerEvent: {}
[39.487030] (-) TimerEvent: {}
[39.595949] (-) TimerEvent: {}
[39.701208] (-) TimerEvent: {}
[39.805233] (-) TimerEvent: {}
[39.909576] (-) TimerEvent: {}
[40.011295] (-) TimerEvent: {}
[40.113893] (-) TimerEvent: {}
[40.215617] (-) TimerEvent: {}
[40.317435] (-) TimerEvent: {}
[40.418310] (-) TimerEvent: {}
[40.519168] (-) TimerEvent: {}
[40.620044] (-) TimerEvent: {}
[40.721220] (-) TimerEvent: {}
[40.822985] (-) TimerEvent: {}
[40.924377] (-) TimerEvent: {}
[41.025857] (-) TimerEvent: {}
[41.128091] (-) TimerEvent: {}
[41.229723] (-) TimerEvent: {}
[41.274801] (slam_toolbox) StdoutLine: {'line': b'-- Up-to-date: /home/ubuntu/spas_ws/install/slam_toolbox/lib/libslam_toolbox__rosidl_typesupport_fastrtps_cpp.so\n'}
[41.330210] (-) TimerEvent: {}
[41.431802] (-) TimerEvent: {}
[41.534404] (-) TimerEvent: {}
[41.637752] (-) TimerEvent: {}
[41.740439] (-) TimerEvent: {}
[41.843049] (-) TimerEvent: {}
[41.944786] (-) TimerEvent: {}
[42.046906] (-) TimerEvent: {}
[42.149984] (-) TimerEvent: {}
[42.250902] (-) TimerEvent: {}
[42.352053] (-) TimerEvent: {}
[42.453693] (-) TimerEvent: {}
[42.555095] (-) TimerEvent: {}
[42.656182] (-) TimerEvent: {}
[42.757473] (-) TimerEvent: {}
[42.865299] (-) TimerEvent: {}
[42.978221] (slam_toolbox) StdoutLine: {'line': b'-- Up-to-date: /home/ubuntu/spas_ws/install/slam_toolbox/lib/libslam_toolbox__rosidl_typesupport_introspection_c.so\n'}
[42.979210] (-) TimerEvent: {}
[43.082839] (-) TimerEvent: {}
[43.186084] (-) TimerEvent: {}
[43.192386] (slam_toolbox) StdoutLine: {'line': b'-- Up-to-date: /home/ubuntu/spas_ws/install/slam_toolbox/lib/libslam_toolbox__rosidl_typesupport_c.so\n'}
[43.286311] (-) TimerEvent: {}
[43.387728] (-) TimerEvent: {}
[43.412027] (slam_toolbox) StdoutLine: {'line': b'-- Up-to-date: /home/ubuntu/spas_ws/install/slam_toolbox/lib/libslam_toolbox__rosidl_typesupport_introspection_cpp.so\n'}
[43.487939] (-) TimerEvent: {}
[43.588900] (-) TimerEvent: {}
[43.690174] (-) TimerEvent: {}
[43.731986] (slam_toolbox) StdoutLine: {'line': b'-- Up-to-date: /home/ubuntu/spas_ws/install/slam_toolbox/lib/libslam_toolbox__rosidl_typesupport_cpp.so\n'}
[43.790368] (-) TimerEvent: {}
[43.891357] (-) TimerEvent: {}
[43.992614] (-) TimerEvent: {}
[44.094275] (-) TimerEvent: {}
[44.196881] (-) TimerEvent: {}
[44.299183] (-) TimerEvent: {}
[44.401439] (-) TimerEvent: {}
[44.502887] (-) TimerEvent: {}
[44.580742] (slam_toolbox) StdoutLine: {'line': b"Listing '/home/ubuntu/spas_ws/install/slam_toolbox/local/lib/python3.10/dist-packages/slam_toolbox'...\n"}
[44.585375] (slam_toolbox) StdoutLine: {'line': b"Listing '/home/ubuntu/spas_ws/install/slam_toolbox/local/lib/python3.10/dist-packages/slam_toolbox/srv'...\n"}
[44.603817] (-) TimerEvent: {}
[44.644428] (slam_toolbox) StdoutLine: {'line': b'-- Up-to-date: /home/ubuntu/spas_ws/install/slam_toolbox/lib/libslam_toolbox__rosidl_generator_py.so\n'}
[44.658870] (slam_toolbox) StdoutLine: {'line': b'-- Up-to-date: /home/ubuntu/spas_ws/install/slam_toolbox/share/slam_toolbox/cmake/export_slam_toolbox__rosidl_generator_cExport.cmake\n'}
[44.662012] (slam_toolbox) StdoutLine: {'line': b'-- Up-to-date: /home/ubuntu/spas_ws/install/slam_toolbox/share/slam_toolbox/cmake/export_slam_toolbox__rosidl_generator_cExport-release.cmake\n'}
[44.669024] (slam_toolbox) StdoutLine: {'line': b'-- Up-to-date: /home/ubuntu/spas_ws/install/slam_toolbox/share/slam_toolbox/cmake/export_slam_toolbox__rosidl_typesupport_fastrtps_cExport.cmake\n'}
[44.671671] (slam_toolbox) StdoutLine: {'line': b'-- Up-to-date: /home/ubuntu/spas_ws/install/slam_toolbox/share/slam_toolbox/cmake/export_slam_toolbox__rosidl_typesupport_fastrtps_cExport-release.cmake\n'}
[44.676838] (slam_toolbox) StdoutLine: {'line': b'-- Up-to-date: /home/ubuntu/spas_ws/install/slam_toolbox/share/slam_toolbox/cmake/export_slam_toolbox__rosidl_generator_cppExport.cmake\n'}
[44.684207] (slam_toolbox) StdoutLine: {'line': b'-- Up-to-date: /home/ubuntu/spas_ws/install/slam_toolbox/share/slam_toolbox/cmake/export_slam_toolbox__rosidl_typesupport_fastrtps_cppExport.cmake\n'}
[44.704035] (-) TimerEvent: {}
[44.718129] (slam_toolbox) StdoutLine: {'line': b'-- Up-to-date: /home/ubuntu/spas_ws/install/slam_toolbox/share/slam_toolbox/cmake/export_slam_toolbox__rosidl_typesupport_fastrtps_cppExport-release.cmake\n'}
[44.724892] (slam_toolbox) StdoutLine: {'line': b'-- Up-to-date: /home/ubuntu/spas_ws/install/slam_toolbox/share/slam_toolbox/cmake/slam_toolbox__rosidl_typesupport_introspection_cExport.cmake\n'}
[44.727056] (slam_toolbox) StdoutLine: {'line': b'-- Up-to-date: /home/ubuntu/spas_ws/install/slam_toolbox/share/slam_toolbox/cmake/slam_toolbox__rosidl_typesupport_introspection_cExport-release.cmake\n'}
[44.729290] (slam_toolbox) StdoutLine: {'line': b'-- Up-to-date: /home/ubuntu/spas_ws/install/slam_toolbox/share/slam_toolbox/cmake/slam_toolbox__rosidl_typesupport_cExport.cmake\n'}
[44.730561] (slam_toolbox) StdoutLine: {'line': b'-- Up-to-date: /home/ubuntu/spas_ws/install/slam_toolbox/share/slam_toolbox/cmake/slam_toolbox__rosidl_typesupport_cExport-release.cmake\n'}
[44.733249] (slam_toolbox) StdoutLine: {'line': b'-- Up-to-date: /home/ubuntu/spas_ws/install/slam_toolbox/share/slam_toolbox/cmake/slam_toolbox__rosidl_typesupport_introspection_cppExport.cmake\n'}
[44.735492] (slam_toolbox) StdoutLine: {'line': b'-- Up-to-date: /home/ubuntu/spas_ws/install/slam_toolbox/share/slam_toolbox/cmake/slam_toolbox__rosidl_typesupport_introspection_cppExport-release.cmake\n'}
[44.765756] (slam_toolbox) StdoutLine: {'line': b'-- Up-to-date: /home/ubuntu/spas_ws/install/slam_toolbox/share/slam_toolbox/cmake/slam_toolbox__rosidl_typesupport_cppExport.cmake\n'}
[44.767803] (slam_toolbox) StdoutLine: {'line': b'-- Up-to-date: /home/ubuntu/spas_ws/install/slam_toolbox/share/slam_toolbox/cmake/slam_toolbox__rosidl_typesupport_cppExport-release.cmake\n'}
[44.779987] (slam_toolbox) StdoutLine: {'line': b'-- Up-to-date: /home/ubuntu/spas_ws/install/slam_toolbox/share/slam_toolbox/cmake/export_slam_toolbox__rosidl_generator_pyExport.cmake\n'}
[44.784492] (slam_toolbox) StdoutLine: {'line': b'-- Up-to-date: /home/ubuntu/spas_ws/install/slam_toolbox/share/slam_toolbox/cmake/export_slam_toolbox__rosidl_generator_pyExport-release.cmake\n'}
[44.785674] (slam_toolbox) StdoutLine: {'line': b'-- Up-to-date: /home/ubuntu/spas_ws/install/slam_toolbox/share/slam_toolbox/cmake/SlamToolboxPluginExport.cmake\n'}
[44.787648] (slam_toolbox) StdoutLine: {'line': b'-- Up-to-date: /home/ubuntu/spas_ws/install/slam_toolbox/share/slam_toolbox/cmake/SlamToolboxPluginExport-release.cmake\n'}
[44.804311] (-) TimerEvent: {}
[44.816672] (slam_toolbox) CommandEnded: {'returncode': 0}
[44.905108] (-) TimerEvent: {}
[45.017149] (-) TimerEvent: {}
[45.119880] (-) TimerEvent: {}
[45.207463] (slam_toolbox) JobEnded: {'identifier': 'slam_toolbox', 'rc': 0}
[45.247813] (-) TimerEvent: {}
[45.253907] (-) EventReactorShutdown: {}
