[0.000000] (-) TimerEvent: {}
[0.001841] (slam_toolbox) JobQueued: {'identifier': 'slam_toolbox', 'dependencies': OrderedDict()}
[0.002470] (sllidar_ros2) JobQueued: {'identifier': 'sllidar_ros2', 'dependencies': OrderedDict()}
[0.003006] (spas_bringup) JobQueued: {'identifier': 'spas_bringup', 'dependencies': OrderedDict()}
[0.003209] (spas_control) JobQueued: {'identifier': 'spas_control', 'dependencies': OrderedDict()}
[0.003545] (spas_perception) JobQueued: {'identifier': 'spas_perception', 'dependencies': OrderedDict()}
[0.003720] (spas_planning) JobQueued: {'identifier': 'spas_planning', 'dependencies': OrderedDict()}
[0.003840] (slam_toolbox) JobStarted: {'identifier': 'slam_toolbox'}
[0.039793] (sllidar_ros2) JobStarted: {'identifier': 'sllidar_ros2'}
[0.067941] (spas_bringup) JobStarted: {'identifier': 'spas_bringup'}
[0.094838] (spas_control) JobStarted: {'identifier': 'spas_control'}
[0.099360] (-) TimerEvent: {}
[0.138682] (slam_toolbox) JobProgress: {'identifier': 'slam_toolbox', 'progress': 'cmake'}
[0.143703] (slam_toolbox) JobProgress: {'identifier': 'slam_toolbox', 'progress': 'build'}
[0.147200] (slam_toolbox) Command: {'cmd': ['/usr/bin/cmake', '--build', '/home/ubuntu/spas_ws/build/slam_toolbox', '--', '-j4', '-l4'], 'cwd': '/home/ubuntu/spas_ws/build/slam_toolbox', 'env': OrderedDict([('PYTHON_BASIC_REPL', '1'), ('LESSOPEN', '| /usr/bin/lesspipe %s'), ('USER', 'ubuntu'), ('SSH_CLIENT', '192.168.236.158 64914 22'), ('XDG_SESSION_TYPE', 'tty'), ('GIT_ASKPASS', '/home/ubuntu/.vscode-server/cli/servers/Stable-0958016b2af9f09bb4257e0df4a95e2f90590f9f/server/extensions/git/dist/askpass.sh'), ('SHLVL', '1'), ('LD_LIBRARY_PATH', '/home/ubuntu/spas_ws/install/slam_toolbox/lib:/opt/ros/humble/opt/rviz_ogre_vendor/lib:/opt/ros/humble/lib/aarch64-linux-gnu:/opt/ros/humble/lib'), ('BROWSER', '/home/ubuntu/.vscode-server/cli/servers/Stable-0958016b2af9f09bb4257e0df4a95e2f90590f9f/server/bin/helpers/browser.sh'), ('MOTD_SHOWN', 'pam'), ('HOME', '/home/ubuntu'), ('OLDPWD', '/home/ubuntu/spas_ws/src'), ('TERM_PROGRAM_VERSION', '1.120.0'), ('VSCODE_IPC_HOOK_CLI', '/run/user/1000/vscode-ipc-4c52080f-8f54-4af6-b1c5-04354886fdd5.sock'), ('ROS_PYTHON_VERSION', '3'), ('VSCODE_GIT_ASKPASS_MAIN', '/home/ubuntu/.vscode-server/cli/servers/Stable-0958016b2af9f09bb4257e0df4a95e2f90590f9f/server/extensions/git/dist/askpass-main.js'), ('VSCODE_GIT_ASKPASS_NODE', '/home/ubuntu/.vscode-server/cli/servers/Stable-0958016b2af9f09bb4257e0df4a95e2f90590f9f/server/node'), ('PYDEVD_DISABLE_FILE_VALIDATION', '1'), ('BUNDLED_DEBUGPY_PATH', '/home/ubuntu/.vscode-server/extensions/ms-python.debugpy-2026.6.0/bundled/libs/debugpy'), ('VSCODE_PYTHON_AUTOACTIVATE_GUARD', '1'), ('DBUS_SESSION_BUS_ADDRESS', 'unix:path=/run/user/1000/bus'), ('COLORTERM', 'truecolor'), ('COLCON_PREFIX_PATH', '/home/ubuntu/spas_ws/install'), ('ROS_DISTRO', 'humble'), ('LOGNAME', 'ubuntu'), ('_', '/usr/bin/colcon'), ('ROS_VERSION', '2'), ('XDG_SESSION_CLASS', 'user'), ('TERM', 'xterm-256color'), ('XDG_SESSION_ID', '1'), ('ROS_LOCALHOST_ONLY', '0'), ('PATH', '/opt/ros/humble/bin:/home/ubuntu/.vscode-server/data/User/globalStorage/github.copilot-chat/debugCommand:/home/ubuntu/.vscode-server/data/User/globalStorage/github.copilot-chat/copilotCli:/home/ubuntu/.vscode-server/cli/servers/Stable-0958016b2af9f09bb4257e0df4a95e2f90590f9f/server/bin/remote-cli:/usr/local/sbin:/usr/local/bin:/usr/sbin:/usr/bin:/sbin:/bin:/usr/games:/usr/local/games:/snap/bin:/home/ubuntu/.vscode-server/extensions/ms-python.debugpy-2026.6.0/bundled/scripts/noConfigScripts:/usr/local/bin'), ('XDG_RUNTIME_DIR', '/run/user/1000'), ('VSCODE_DEBUGPY_ADAPTER_ENDPOINTS', '/home/ubuntu/.vscode-server/extensions/ms-python.debugpy-2026.6.0/.noConfigDebugAdapterEndpoints/endpoint-00d0b5565ef995a9.txt'), ('LANG', 'en_US.UTF-8'), ('PYTHONSTARTUP', '/home/ubuntu/.vscode-server/data/User/workspaceStorage/f3bef80f69d224608c509b83f13a955a/ms-python.python/pythonrc.py'), ('LS_COLORS', 'rs=0:di=01;34:ln=01;36:mh=00:pi=40;33:so=01;35:do=01;35:bd=40;33;01:cd=40;33;01:or=40;31;01:mi=00:su=37;41:sg=30;43:ca=30;41:tw=30;42:ow=34;42:st=37;44:ex=01;32:*.tar=01;31:*.tgz=01;31:*.arc=01;31:*.arj=01;31:*.taz=01;31:*.lha=01;31:*.lz4=01;31:*.lzh=01;31:*.lzma=01;31:*.tlz=01;31:*.txz=01;31:*.tzo=01;31:*.t7z=01;31:*.zip=01;31:*.z=01;31:*.dz=01;31:*.gz=01;31:*.lrz=01;31:*.lz=01;31:*.lzo=01;31:*.xz=01;31:*.zst=01;31:*.tzst=01;31:*.bz2=01;31:*.bz=01;31:*.tbz=01;31:*.tbz2=01;31:*.tz=01;31:*.deb=01;31:*.rpm=01;31:*.jar=01;31:*.war=01;31:*.ear=01;31:*.sar=01;31:*.rar=01;31:*.alz=01;31:*.ace=01;31:*.zoo=01;31:*.cpio=01;31:*.7z=01;31:*.rz=01;31:*.cab=01;31:*.wim=01;31:*.swm=01;31:*.dwm=01;31:*.esd=01;31:*.jpg=01;35:*.jpeg=01;35:*.mjpg=01;35:*.mjpeg=01;35:*.gif=01;35:*.bmp=01;35:*.pbm=01;35:*.pgm=01;35:*.ppm=01;35:*.tga=01;35:*.xbm=01;35:*.xpm=01;35:*.tif=01;35:*.tiff=01;35:*.png=01;35:*.svg=01;35:*.svgz=01;35:*.mng=01;35:*.pcx=01;35:*.mov=01;35:*.mpg=01;35:*.mpeg=01;35:*.m2v=01;35:*.mkv=01;35:*.webm=01;35:*.webp=01;35:*.ogm=01;35:*.mp4=01;35:*.m4v=01;35:*.mp4v=01;35:*.vob=01;35:*.qt=01;35:*.nuv=01;35:*.wmv=01;35:*.asf=01;35:*.rm=01;35:*.rmvb=01;35:*.flc=01;35:*.avi=01;35:*.fli=01;35:*.flv=01;35:*.gl=01;35:*.dl=01;35:*.xcf=01;35:*.xwd=01;35:*.yuv=01;35:*.cgm=01;35:*.emf=01;35:*.ogv=01;35:*.ogx=01;35:*.aac=00;36:*.au=00;36:*.flac=00;36:*.m4a=00;36:*.mid=00;36:*.midi=00;36:*.mka=00;36:*.mp3=00;36:*.mpc=00;36:*.ogg=00;36:*.ra=00;36:*.wav=00;36:*.oga=00;36:*.opus=00;36:*.spx=00;36:*.xspf=00;36:'), ('VSCODE_GIT_IPC_HANDLE', '/run/user/1000/vscode-git-a9f1ef9bc6.sock'), ('TERM_PROGRAM', 'vscode'), ('ROS_DOMAIN_ID', '1'), ('AMENT_PREFIX_PATH', '/home/ubuntu/spas_ws/install/spas_planning:/home/ubuntu/spas_ws/install/spas_perception:/home/ubuntu/spas_ws/install/spas_control:/home/ubuntu/spas_ws/install/spas_bringup:/home/ubuntu/spas_ws/install/sllidar_ros2:/home/ubuntu/spas_ws/install/slam_toolbox:/opt/ros/humble'), ('SHELL', '/bin/bash'), ('LESSCLOSE', '/usr/bin/lesspipe %s %s'), ('VSCODE_GIT_ASKPASS_EXTRA_ARGS', ''), ('PWD', '/home/ubuntu/spas_ws/build/slam_toolbox'), ('LC_ALL', 'en_US.UTF-8'), ('SSH_CONNECTION', '192.168.236.158 64914 192.168.236.18 22'), ('PYTHONPATH', '/home/ubuntu/spas_ws/build/spas_planning:/home/ubuntu/spas_ws/install/spas_planning/lib/python3.10/site-packages:/home/ubuntu/spas_ws/build/spas_perception:/home/ubuntu/spas_ws/install/spas_perception/lib/python3.10/site-packages:/home/ubuntu/spas_ws/build/spas_control:/home/ubuntu/spas_ws/install/spas_control/lib/python3.10/site-packages:/home/ubuntu/spas_ws/install/slam_toolbox/local/lib/python3.10/dist-packages:/opt/ros/humble/lib/python3.10/site-packages:/opt/ros/humble/local/lib/python3.10/dist-packages:/usr/local/lib/python3/dist-packages'), ('COLCON', '1'), ('CMAKE_PREFIX_PATH', '/home/ubuntu/spas_ws/install/spas_bringup:/home/ubuntu/spas_ws/install/sllidar_ros2:/home/ubuntu/spas_ws/install/slam_toolbox:/home/ubuntu/spas_ws/install/spas_planning:/home/ubuntu/spas_ws/install/spas_perception:/home/ubuntu/spas_ws/install/spas_control:/opt/ros/humble')]), 'shell': False}
[0.163197] (sllidar_ros2) JobProgress: {'identifier': 'sllidar_ros2', 'progress': 'cmake'}
[0.167158] (sllidar_ros2) JobProgress: {'identifier': 'sllidar_ros2', 'progress': 'build'}
[0.168568] (sllidar_ros2) Command: {'cmd': ['/usr/bin/cmake', '--build', '/home/ubuntu/spas_ws/build/sllidar_ros2', '--', '-j4', '-l4'], 'cwd': '/home/ubuntu/spas_ws/build/sllidar_ros2', 'env': OrderedDict([('PYTHON_BASIC_REPL', '1'), ('LESSOPEN', '| /usr/bin/lesspipe %s'), ('USER', 'ubuntu'), ('SSH_CLIENT', '192.168.236.158 64914 22'), ('XDG_SESSION_TYPE', 'tty'), ('GIT_ASKPASS', '/home/ubuntu/.vscode-server/cli/servers/Stable-0958016b2af9f09bb4257e0df4a95e2f90590f9f/server/extensions/git/dist/askpass.sh'), ('SHLVL', '1'), ('LD_LIBRARY_PATH', '/home/ubuntu/spas_ws/install/slam_toolbox/lib:/opt/ros/humble/opt/rviz_ogre_vendor/lib:/opt/ros/humble/lib/aarch64-linux-gnu:/opt/ros/humble/lib'), ('BROWSER', '/home/ubuntu/.vscode-server/cli/servers/Stable-0958016b2af9f09bb4257e0df4a95e2f90590f9f/server/bin/helpers/browser.sh'), ('MOTD_SHOWN', 'pam'), ('HOME', '/home/ubuntu'), ('OLDPWD', '/home/ubuntu/spas_ws/src'), ('TERM_PROGRAM_VERSION', '1.120.0'), ('VSCODE_IPC_HOOK_CLI', '/run/user/1000/vscode-ipc-4c52080f-8f54-4af6-b1c5-04354886fdd5.sock'), ('ROS_PYTHON_VERSION', '3'), ('VSCODE_GIT_ASKPASS_MAIN', '/home/ubuntu/.vscode-server/cli/servers/Stable-0958016b2af9f09bb4257e0df4a95e2f90590f9f/server/extensions/git/dist/askpass-main.js'), ('VSCODE_GIT_ASKPASS_NODE', '/home/ubuntu/.vscode-server/cli/servers/Stable-0958016b2af9f09bb4257e0df4a95e2f90590f9f/server/node'), ('PYDEVD_DISABLE_FILE_VALIDATION', '1'), ('BUNDLED_DEBUGPY_PATH', '/home/ubuntu/.vscode-server/extensions/ms-python.debugpy-2026.6.0/bundled/libs/debugpy'), ('VSCODE_PYTHON_AUTOACTIVATE_GUARD', '1'), ('DBUS_SESSION_BUS_ADDRESS', 'unix:path=/run/user/1000/bus'), ('COLORTERM', 'truecolor'), ('COLCON_PREFIX_PATH', '/home/ubuntu/spas_ws/install'), ('ROS_DISTRO', 'humble'), ('LOGNAME', 'ubuntu'), ('_', '/usr/bin/colcon'), ('ROS_VERSION', '2'), ('XDG_SESSION_CLASS', 'user'), ('TERM', 'xterm-256color'), ('XDG_SESSION_ID', '1'), ('ROS_LOCALHOST_ONLY', '0'), ('PATH', '/opt/ros/humble/bin:/home/ubuntu/.vscode-server/data/User/globalStorage/github.copilot-chat/debugCommand:/home/ubuntu/.vscode-server/data/User/globalStorage/github.copilot-chat/copilotCli:/home/ubuntu/.vscode-server/cli/servers/Stable-0958016b2af9f09bb4257e0df4a95e2f90590f9f/server/bin/remote-cli:/usr/local/sbin:/usr/local/bin:/usr/sbin:/usr/bin:/sbin:/bin:/usr/games:/usr/local/games:/snap/bin:/home/ubuntu/.vscode-server/extensions/ms-python.debugpy-2026.6.0/bundled/scripts/noConfigScripts:/usr/local/bin'), ('XDG_RUNTIME_DIR', '/run/user/1000'), ('VSCODE_DEBUGPY_ADAPTER_ENDPOINTS', '/home/ubuntu/.vscode-server/extensions/ms-python.debugpy-2026.6.0/.noConfigDebugAdapterEndpoints/endpoint-00d0b5565ef995a9.txt'), ('LANG', 'en_US.UTF-8'), ('PYTHONSTARTUP', '/home/ubuntu/.vscode-server/data/User/workspaceStorage/f3bef80f69d224608c509b83f13a955a/ms-python.python/pythonrc.py'), ('LS_COLORS', 'rs=0:di=01;34:ln=01;36:mh=00:pi=40;33:so=01;35:do=01;35:bd=40;33;01:cd=40;33;01:or=40;31;01:mi=00:su=37;41:sg=30;43:ca=30;41:tw=30;42:ow=34;42:st=37;44:ex=01;32:*.tar=01;31:*.tgz=01;31:*.arc=01;31:*.arj=01;31:*.taz=01;31:*.lha=01;31:*.lz4=01;31:*.lzh=01;31:*.lzma=01;31:*.tlz=01;31:*.txz=01;31:*.tzo=01;31:*.t7z=01;31:*.zip=01;31:*.z=01;31:*.dz=01;31:*.gz=01;31:*.lrz=01;31:*.lz=01;31:*.lzo=01;31:*.xz=01;31:*.zst=01;31:*.tzst=01;31:*.bz2=01;31:*.bz=01;31:*.tbz=01;31:*.tbz2=01;31:*.tz=01;31:*.deb=01;31:*.rpm=01;31:*.jar=01;31:*.war=01;31:*.ear=01;31:*.sar=01;31:*.rar=01;31:*.alz=01;31:*.ace=01;31:*.zoo=01;31:*.cpio=01;31:*.7z=01;31:*.rz=01;31:*.cab=01;31:*.wim=01;31:*.swm=01;31:*.dwm=01;31:*.esd=01;31:*.jpg=01;35:*.jpeg=01;35:*.mjpg=01;35:*.mjpeg=01;35:*.gif=01;35:*.bmp=01;35:*.pbm=01;35:*.pgm=01;35:*.ppm=01;35:*.tga=01;35:*.xbm=01;35:*.xpm=01;35:*.tif=01;35:*.tiff=01;35:*.png=01;35:*.svg=01;35:*.svgz=01;35:*.mng=01;35:*.pcx=01;35:*.mov=01;35:*.mpg=01;35:*.mpeg=01;35:*.m2v=01;35:*.mkv=01;35:*.webm=01;35:*.webp=01;35:*.ogm=01;35:*.mp4=01;35:*.m4v=01;35:*.mp4v=01;35:*.vob=01;35:*.qt=01;35:*.nuv=01;35:*.wmv=01;35:*.asf=01;35:*.rm=01;35:*.rmvb=01;35:*.flc=01;35:*.avi=01;35:*.fli=01;35:*.flv=01;35:*.gl=01;35:*.dl=01;35:*.xcf=01;35:*.xwd=01;35:*.yuv=01;35:*.cgm=01;35:*.emf=01;35:*.ogv=01;35:*.ogx=01;35:*.aac=00;36:*.au=00;36:*.flac=00;36:*.m4a=00;36:*.mid=00;36:*.midi=00;36:*.mka=00;36:*.mp3=00;36:*.mpc=00;36:*.ogg=00;36:*.ra=00;36:*.wav=00;36:*.oga=00;36:*.opus=00;36:*.spx=00;36:*.xspf=00;36:'), ('VSCODE_GIT_IPC_HANDLE', '/run/user/1000/vscode-git-a9f1ef9bc6.sock'), ('TERM_PROGRAM', 'vscode'), ('ROS_DOMAIN_ID', '1'), ('AMENT_PREFIX_PATH', '/home/ubuntu/spas_ws/install/spas_planning:/home/ubuntu/spas_ws/install/spas_perception:/home/ubuntu/spas_ws/install/spas_control:/home/ubuntu/spas_ws/install/spas_bringup:/home/ubuntu/spas_ws/install/sllidar_ros2:/home/ubuntu/spas_ws/install/slam_toolbox:/opt/ros/humble'), ('SHELL', '/bin/bash'), ('LESSCLOSE', '/usr/bin/lesspipe %s %s'), ('VSCODE_GIT_ASKPASS_EXTRA_ARGS', ''), ('PWD', '/home/ubuntu/spas_ws/build/sllidar_ros2'), ('LC_ALL', 'en_US.UTF-8'), ('SSH_CONNECTION', '192.168.236.158 64914 192.168.236.18 22'), ('PYTHONPATH', '/home/ubuntu/spas_ws/build/spas_planning:/home/ubuntu/spas_ws/install/spas_planning/lib/python3.10/site-packages:/home/ubuntu/spas_ws/build/spas_perception:/home/ubuntu/spas_ws/install/spas_perception/lib/python3.10/site-packages:/home/ubuntu/spas_ws/build/spas_control:/home/ubuntu/spas_ws/install/spas_control/lib/python3.10/site-packages:/home/ubuntu/spas_ws/install/slam_toolbox/local/lib/python3.10/dist-packages:/opt/ros/humble/lib/python3.10/site-packages:/opt/ros/humble/local/lib/python3.10/dist-packages:/usr/local/lib/python3/dist-packages'), ('COLCON', '1'), ('CMAKE_PREFIX_PATH', '/home/ubuntu/spas_ws/install/spas_bringup:/home/ubuntu/spas_ws/install/sllidar_ros2:/home/ubuntu/spas_ws/install/slam_toolbox:/home/ubuntu/spas_ws/install/spas_planning:/home/ubuntu/spas_ws/install/spas_perception:/home/ubuntu/spas_ws/install/spas_control:/opt/ros/humble')]), 'shell': False}
[0.182816] (spas_bringup) JobProgress: {'identifier': 'spas_bringup', 'progress': 'cmake'}
[0.187441] (spas_bringup) JobProgress: {'identifier': 'spas_bringup', 'progress': 'build'}
[0.189147] (spas_bringup) Command: {'cmd': ['/usr/bin/cmake', '--build', '/home/ubuntu/spas_ws/build/spas_bringup', '--', '-j4', '-l4'], 'cwd': '/home/ubuntu/spas_ws/build/spas_bringup', 'env': OrderedDict([('PYTHON_BASIC_REPL', '1'), ('LESSOPEN', '| /usr/bin/lesspipe %s'), ('USER', 'ubuntu'), ('SSH_CLIENT', '192.168.236.158 64914 22'), ('XDG_SESSION_TYPE', 'tty'), ('GIT_ASKPASS', '/home/ubuntu/.vscode-server/cli/servers/Stable-0958016b2af9f09bb4257e0df4a95e2f90590f9f/server/extensions/git/dist/askpass.sh'), ('SHLVL', '1'), ('LD_LIBRARY_PATH', '/home/ubuntu/spas_ws/install/slam_toolbox/lib:/opt/ros/humble/opt/rviz_ogre_vendor/lib:/opt/ros/humble/lib/aarch64-linux-gnu:/opt/ros/humble/lib'), ('BROWSER', '/home/ubuntu/.vscode-server/cli/servers/Stable-0958016b2af9f09bb4257e0df4a95e2f90590f9f/server/bin/helpers/browser.sh'), ('MOTD_SHOWN', 'pam'), ('HOME', '/home/ubuntu'), ('OLDPWD', '/home/ubuntu/spas_ws/src'), ('TERM_PROGRAM_VERSION', '1.120.0'), ('VSCODE_IPC_HOOK_CLI', '/run/user/1000/vscode-ipc-4c52080f-8f54-4af6-b1c5-04354886fdd5.sock'), ('ROS_PYTHON_VERSION', '3'), ('VSCODE_GIT_ASKPASS_MAIN', '/home/ubuntu/.vscode-server/cli/servers/Stable-0958016b2af9f09bb4257e0df4a95e2f90590f9f/server/extensions/git/dist/askpass-main.js'), ('VSCODE_GIT_ASKPASS_NODE', '/home/ubuntu/.vscode-server/cli/servers/Stable-0958016b2af9f09bb4257e0df4a95e2f90590f9f/server/node'), ('PYDEVD_DISABLE_FILE_VALIDATION', '1'), ('BUNDLED_DEBUGPY_PATH', '/home/ubuntu/.vscode-server/extensions/ms-python.debugpy-2026.6.0/bundled/libs/debugpy'), ('VSCODE_PYTHON_AUTOACTIVATE_GUARD', '1'), ('DBUS_SESSION_BUS_ADDRESS', 'unix:path=/run/user/1000/bus'), ('COLORTERM', 'truecolor'), ('COLCON_PREFIX_PATH', '/home/ubuntu/spas_ws/install'), ('ROS_DISTRO', 'humble'), ('LOGNAME', 'ubuntu'), ('_', '/usr/bin/colcon'), ('ROS_VERSION', '2'), ('XDG_SESSION_CLASS', 'user'), ('TERM', 'xterm-256color'), ('XDG_SESSION_ID', '1'), ('ROS_LOCALHOST_ONLY', '0'), ('PATH', '/opt/ros/humble/bin:/home/ubuntu/.vscode-server/data/User/globalStorage/github.copilot-chat/debugCommand:/home/ubuntu/.vscode-server/data/User/globalStorage/github.copilot-chat/copilotCli:/home/ubuntu/.vscode-server/cli/servers/Stable-0958016b2af9f09bb4257e0df4a95e2f90590f9f/server/bin/remote-cli:/usr/local/sbin:/usr/local/bin:/usr/sbin:/usr/bin:/sbin:/bin:/usr/games:/usr/local/games:/snap/bin:/home/ubuntu/.vscode-server/extensions/ms-python.debugpy-2026.6.0/bundled/scripts/noConfigScripts:/usr/local/bin'), ('XDG_RUNTIME_DIR', '/run/user/1000'), ('VSCODE_DEBUGPY_ADAPTER_ENDPOINTS', '/home/ubuntu/.vscode-server/extensions/ms-python.debugpy-2026.6.0/.noConfigDebugAdapterEndpoints/endpoint-00d0b5565ef995a9.txt'), ('LANG', 'en_US.UTF-8'), ('PYTHONSTARTUP', '/home/ubuntu/.vscode-server/data/User/workspaceStorage/f3bef80f69d224608c509b83f13a955a/ms-python.python/pythonrc.py'), ('LS_COLORS', 'rs=0:di=01;34:ln=01;36:mh=00:pi=40;33:so=01;35:do=01;35:bd=40;33;01:cd=40;33;01:or=40;31;01:mi=00:su=37;41:sg=30;43:ca=30;41:tw=30;42:ow=34;42:st=37;44:ex=01;32:*.tar=01;31:*.tgz=01;31:*.arc=01;31:*.arj=01;31:*.taz=01;31:*.lha=01;31:*.lz4=01;31:*.lzh=01;31:*.lzma=01;31:*.tlz=01;31:*.txz=01;31:*.tzo=01;31:*.t7z=01;31:*.zip=01;31:*.z=01;31:*.dz=01;31:*.gz=01;31:*.lrz=01;31:*.lz=01;31:*.lzo=01;31:*.xz=01;31:*.zst=01;31:*.tzst=01;31:*.bz2=01;31:*.bz=01;31:*.tbz=01;31:*.tbz2=01;31:*.tz=01;31:*.deb=01;31:*.rpm=01;31:*.jar=01;31:*.war=01;31:*.ear=01;31:*.sar=01;31:*.rar=01;31:*.alz=01;31:*.ace=01;31:*.zoo=01;31:*.cpio=01;31:*.7z=01;31:*.rz=01;31:*.cab=01;31:*.wim=01;31:*.swm=01;31:*.dwm=01;31:*.esd=01;31:*.jpg=01;35:*.jpeg=01;35:*.mjpg=01;35:*.mjpeg=01;35:*.gif=01;35:*.bmp=01;35:*.pbm=01;35:*.pgm=01;35:*.ppm=01;35:*.tga=01;35:*.xbm=01;35:*.xpm=01;35:*.tif=01;35:*.tiff=01;35:*.png=01;35:*.svg=01;35:*.svgz=01;35:*.mng=01;35:*.pcx=01;35:*.mov=01;35:*.mpg=01;35:*.mpeg=01;35:*.m2v=01;35:*.mkv=01;35:*.webm=01;35:*.webp=01;35:*.ogm=01;35:*.mp4=01;35:*.m4v=01;35:*.mp4v=01;35:*.vob=01;35:*.qt=01;35:*.nuv=01;35:*.wmv=01;35:*.asf=01;35:*.rm=01;35:*.rmvb=01;35:*.flc=01;35:*.avi=01;35:*.fli=01;35:*.flv=01;35:*.gl=01;35:*.dl=01;35:*.xcf=01;35:*.xwd=01;35:*.yuv=01;35:*.cgm=01;35:*.emf=01;35:*.ogv=01;35:*.ogx=01;35:*.aac=00;36:*.au=00;36:*.flac=00;36:*.m4a=00;36:*.mid=00;36:*.midi=00;36:*.mka=00;36:*.mp3=00;36:*.mpc=00;36:*.ogg=00;36:*.ra=00;36:*.wav=00;36:*.oga=00;36:*.opus=00;36:*.spx=00;36:*.xspf=00;36:'), ('VSCODE_GIT_IPC_HANDLE', '/run/user/1000/vscode-git-a9f1ef9bc6.sock'), ('TERM_PROGRAM', 'vscode'), ('ROS_DOMAIN_ID', '1'), ('AMENT_PREFIX_PATH', '/home/ubuntu/spas_ws/install/spas_planning:/home/ubuntu/spas_ws/install/spas_perception:/home/ubuntu/spas_ws/install/spas_control:/home/ubuntu/spas_ws/install/spas_bringup:/home/ubuntu/spas_ws/install/sllidar_ros2:/home/ubuntu/spas_ws/install/slam_toolbox:/opt/ros/humble'), ('SHELL', '/bin/bash'), ('LESSCLOSE', '/usr/bin/lesspipe %s %s'), ('VSCODE_GIT_ASKPASS_EXTRA_ARGS', ''), ('PWD', '/home/ubuntu/spas_ws/build/spas_bringup'), ('LC_ALL', 'en_US.UTF-8'), ('SSH_CONNECTION', '192.168.236.158 64914 192.168.236.18 22'), ('PYTHONPATH', '/home/ubuntu/spas_ws/build/spas_planning:/home/ubuntu/spas_ws/install/spas_planning/lib/python3.10/site-packages:/home/ubuntu/spas_ws/build/spas_perception:/home/ubuntu/spas_ws/install/spas_perception/lib/python3.10/site-packages:/home/ubuntu/spas_ws/build/spas_control:/home/ubuntu/spas_ws/install/spas_control/lib/python3.10/site-packages:/home/ubuntu/spas_ws/install/slam_toolbox/local/lib/python3.10/dist-packages:/opt/ros/humble/lib/python3.10/site-packages:/opt/ros/humble/local/lib/python3.10/dist-packages:/usr/local/lib/python3/dist-packages'), ('COLCON', '1'), ('CMAKE_PREFIX_PATH', '/home/ubuntu/spas_ws/install/spas_bringup:/home/ubuntu/spas_ws/install/sllidar_ros2:/home/ubuntu/spas_ws/install/slam_toolbox:/home/ubuntu/spas_ws/install/spas_planning:/home/ubuntu/spas_ws/install/spas_perception:/home/ubuntu/spas_ws/install/spas_control:/opt/ros/humble')]), 'shell': False}
[0.200242] (-) TimerEvent: {}
[0.302017] (-) TimerEvent: {}
[0.402994] (-) TimerEvent: {}
[0.506366] (-) TimerEvent: {}
[0.610953] (-) TimerEvent: {}
[0.715712] (-) TimerEvent: {}
[0.820233] (-) TimerEvent: {}
[0.924963] (-) TimerEvent: {}
[1.018091] (sllidar_ros2) StdoutLine: {'line': b'[ 90%] Built target sllidar_node\n'}
[1.025298] (-) TimerEvent: {}
[1.046743] (slam_toolbox) StdoutLine: {'line': b'[  0%] Built target slam_toolbox__rs\n'}
[1.080650] (slam_toolbox) StdoutLine: {'line': b'[  9%] Built target slam_toolbox__rosidl_generator_c\n'}
[1.104529] (sllidar_ros2) StdoutLine: {'line': b'[100%] Built target sllidar_client\n'}
[1.125804] (-) TimerEvent: {}
[1.143169] (slam_toolbox) StdoutLine: {'line': b'[  9%] Built target slam_toolbox__cpp\n'}
[1.164300] (slam_toolbox) StdoutLine: {'line': b'[  9%] Built target ament_cmake_python_symlink_slam_toolbox\n'}
[1.226122] (-) TimerEvent: {}
[1.330177] (-) TimerEvent: {}
[1.434559] (-) TimerEvent: {}
[1.537090] (-) TimerEvent: {}
[1.638733] (-) TimerEvent: {}
[1.742556] (-) TimerEvent: {}
[1.786134] (slam_toolbox) StdoutLine: {'line': b'[ 33%] Built target slam_toolbox__rosidl_typesupport_fastrtps_c\n'}
[1.790711] (slam_toolbox) StdoutLine: {'line': b'[ 35%] Built target slam_toolbox__rosidl_typesupport_c\n'}
[1.794501] (slam_toolbox) StdoutLine: {'line': b'[ 35%] Built target slam_toolbox__rosidl_typesupport_introspection_c\n'}
[1.842980] (-) TimerEvent: {}
[1.937373] (slam_toolbox) StdoutLine: {'line': b'[ 37%] Built target kartoSlamToolbox\n'}
[1.943317] (-) TimerEvent: {}
[2.046567] (-) TimerEvent: {}
[2.149815] (-) TimerEvent: {}
[2.253079] (-) TimerEvent: {}
[2.296644] (slam_toolbox) StdoutLine: {'line': b'[ 46%] Built target slam_toolbox__rosidl_typesupport_introspection_cpp\n'}
[2.309294] (slam_toolbox) StdoutLine: {'line': b'[ 55%] Built target slam_toolbox__rosidl_typesupport_cpp\n'}
[2.353345] (-) TimerEvent: {}
[2.456736] (-) TimerEvent: {}
[2.558822] (-) TimerEvent: {}
[2.591419] (slam_toolbox) StdoutLine: {'line': b'[ 63%] Built target slam_toolbox__rosidl_typesupport_fastrtps_cpp\n'}
[2.659248] (-) TimerEvent: {}
[2.761264] (-) TimerEvent: {}
[2.863880] (-) TimerEvent: {}
[2.965797] (-) TimerEvent: {}
[2.983248] (slam_toolbox) StdoutLine: {'line': b'[ 65%] Built target SlamToolboxPlugin\n'}
[3.066117] (-) TimerEvent: {}
[3.169066] (-) TimerEvent: {}
[3.271904] (-) TimerEvent: {}
[3.294963] (slam_toolbox) StdoutLine: {'line': b'[ 65%] Built target slam_toolbox\n'}
[3.353473] (slam_toolbox) StdoutLine: {'line': b'[ 67%] Built target ceres_solver_plugin\n'}
[3.372252] (-) TimerEvent: {}
[3.475209] (-) TimerEvent: {}
[3.577083] (-) TimerEvent: {}
[3.625208] (slam_toolbox) StdoutLine: {'line': b'[ 72%] Built target toolbox_common\n'}
[3.651442] (slam_toolbox) StdoutLine: {'line': b'[ 73%] Built target slam_toolbox__py\n'}
[3.677233] (-) TimerEvent: {}
[3.778496] (-) TimerEvent: {}
[3.879862] (-) TimerEvent: {}
[3.932469] (slam_toolbox) StdoutLine: {'line': b'[ 75%] Built target async_slam_toolbox\n'}
[3.971253] (slam_toolbox) StdoutLine: {'line': b'[ 77%] Built target sync_slam_toolbox\n'}
[3.980071] (-) TimerEvent: {}
[4.020980] (slam_toolbox) StdoutLine: {'line': b'[ 78%] Built target localization_slam_toolbox\n'}
[4.080384] (-) TimerEvent: {}
[4.184047] (-) TimerEvent: {}
[4.292076] (-) TimerEvent: {}
[4.395099] (-) TimerEvent: {}
[4.492225] (slam_toolbox) StdoutLine: {'line': b'[ 79%] Built target lifelong_slam_toolbox\n'}
[4.495730] (-) TimerEvent: {}
[4.567708] (slam_toolbox) StdoutLine: {'line': b'[ 86%] Built target slam_toolbox__rosidl_generator_py\n'}
[4.596022] (-) TimerEvent: {}
[4.698525] (-) TimerEvent: {}
[4.763161] (slam_toolbox) StdoutLine: {'line': b'[ 88%] Built target merge_maps_kinematic\n'}
[4.798885] (-) TimerEvent: {}
[4.900658] (-) TimerEvent: {}
[5.002418] (-) TimerEvent: {}
[5.104057] (-) TimerEvent: {}
[5.206632] (-) TimerEvent: {}
[5.308484] (-) TimerEvent: {}
[5.407098] (slam_toolbox) StdoutLine: {'line': b'[ 89%] Built target sync_slam_toolbox_node\n'}
[5.409644] (-) TimerEvent: {}
[5.478991] (slam_toolbox) StdoutLine: {'line': b'[ 90%] Built target async_slam_toolbox_node\n'}
[5.510177] (-) TimerEvent: {}
[5.614244] (-) TimerEvent: {}
[5.688534] (slam_toolbox) StdoutLine: {'line': b'[ 91%] Built target localization_slam_toolbox_node\n'}
[5.715575] (-) TimerEvent: {}
[5.726343] (spas_bringup) CommandEnded: {'returncode': 0}
[5.737815] (spas_bringup) JobProgress: {'identifier': 'spas_bringup', 'progress': 'install'}
[5.815912] (-) TimerEvent: {}
[5.918022] (-) TimerEvent: {}
[5.954312] (spas_bringup) Command: {'cmd': ['/usr/bin/cmake', '--install', '/home/ubuntu/spas_ws/build/spas_bringup'], 'cwd': '/home/ubuntu/spas_ws/build/spas_bringup', 'env': OrderedDict([('PYTHON_BASIC_REPL', '1'), ('LESSOPEN', '| /usr/bin/lesspipe %s'), ('USER', 'ubuntu'), ('SSH_CLIENT', '192.168.236.158 64914 22'), ('XDG_SESSION_TYPE', 'tty'), ('GIT_ASKPASS', '/home/ubuntu/.vscode-server/cli/servers/Stable-0958016b2af9f09bb4257e0df4a95e2f90590f9f/server/extensions/git/dist/askpass.sh'), ('SHLVL', '1'), ('LD_LIBRARY_PATH', '/home/ubuntu/spas_ws/install/slam_toolbox/lib:/opt/ros/humble/opt/rviz_ogre_vendor/lib:/opt/ros/humble/lib/aarch64-linux-gnu:/opt/ros/humble/lib'), ('BROWSER', '/home/ubuntu/.vscode-server/cli/servers/Stable-0958016b2af9f09bb4257e0df4a95e2f90590f9f/server/bin/helpers/browser.sh'), ('MOTD_SHOWN', 'pam'), ('HOME', '/home/ubuntu'), ('OLDPWD', '/home/ubuntu/spas_ws/src'), ('TERM_PROGRAM_VERSION', '1.120.0'), ('VSCODE_IPC_HOOK_CLI', '/run/user/1000/vscode-ipc-4c52080f-8f54-4af6-b1c5-04354886fdd5.sock'), ('ROS_PYTHON_VERSION', '3'), ('VSCODE_GIT_ASKPASS_MAIN', '/home/ubuntu/.vscode-server/cli/servers/Stable-0958016b2af9f09bb4257e0df4a95e2f90590f9f/server/extensions/git/dist/askpass-main.js'), ('VSCODE_GIT_ASKPASS_NODE', '/home/ubuntu/.vscode-server/cli/servers/Stable-0958016b2af9f09bb4257e0df4a95e2f90590f9f/server/node'), ('PYDEVD_DISABLE_FILE_VALIDATION', '1'), ('BUNDLED_DEBUGPY_PATH', '/home/ubuntu/.vscode-server/extensions/ms-python.debugpy-2026.6.0/bundled/libs/debugpy'), ('VSCODE_PYTHON_AUTOACTIVATE_GUARD', '1'), ('DBUS_SESSION_BUS_ADDRESS', 'unix:path=/run/user/1000/bus'), ('COLORTERM', 'truecolor'), ('COLCON_PREFIX_PATH', '/home/ubuntu/spas_ws/install'), ('ROS_DISTRO', 'humble'), ('LOGNAME', 'ubuntu'), ('_', '/usr/bin/colcon'), ('ROS_VERSION', '2'), ('XDG_SESSION_CLASS', 'user'), ('TERM', 'xterm-256color'), ('XDG_SESSION_ID', '1'), ('ROS_LOCALHOST_ONLY', '0'), ('PATH', '/opt/ros/humble/bin:/home/ubuntu/.vscode-server/data/User/globalStorage/github.copilot-chat/debugCommand:/home/ubuntu/.vscode-server/data/User/globalStorage/github.copilot-chat/copilotCli:/home/ubuntu/.vscode-server/cli/servers/Stable-0958016b2af9f09bb4257e0df4a95e2f90590f9f/server/bin/remote-cli:/usr/local/sbin:/usr/local/bin:/usr/sbin:/usr/bin:/sbin:/bin:/usr/games:/usr/local/games:/snap/bin:/home/ubuntu/.vscode-server/extensions/ms-python.debugpy-2026.6.0/bundled/scripts/noConfigScripts:/usr/local/bin'), ('XDG_RUNTIME_DIR', '/run/user/1000'), ('VSCODE_DEBUGPY_ADAPTER_ENDPOINTS', '/home/ubuntu/.vscode-server/extensions/ms-python.debugpy-2026.6.0/.noConfigDebugAdapterEndpoints/endpoint-00d0b5565ef995a9.txt'), ('LANG', 'en_US.UTF-8'), ('PYTHONSTARTUP', '/home/ubuntu/.vscode-server/data/User/workspaceStorage/f3bef80f69d224608c509b83f13a955a/ms-python.python/pythonrc.py'), ('LS_COLORS', 'rs=0:di=01;34:ln=01;36:mh=00:pi=40;33:so=01;35:do=01;35:bd=40;33;01:cd=40;33;01:or=40;31;01:mi=00:su=37;41:sg=30;43:ca=30;41:tw=30;42:ow=34;42:st=37;44:ex=01;32:*.tar=01;31:*.tgz=01;31:*.arc=01;31:*.arj=01;31:*.taz=01;31:*.lha=01;31:*.lz4=01;31:*.lzh=01;31:*.lzma=01;31:*.tlz=01;31:*.txz=01;31:*.tzo=01;31:*.t7z=01;31:*.zip=01;31:*.z=01;31:*.dz=01;31:*.gz=01;31:*.lrz=01;31:*.lz=01;31:*.lzo=01;31:*.xz=01;31:*.zst=01;31:*.tzst=01;31:*.bz2=01;31:*.bz=01;31:*.tbz=01;31:*.tbz2=01;31:*.tz=01;31:*.deb=01;31:*.rpm=01;31:*.jar=01;31:*.war=01;31:*.ear=01;31:*.sar=01;31:*.rar=01;31:*.alz=01;31:*.ace=01;31:*.zoo=01;31:*.cpio=01;31:*.7z=01;31:*.rz=01;31:*.cab=01;31:*.wim=01;31:*.swm=01;31:*.dwm=01;31:*.esd=01;31:*.jpg=01;35:*.jpeg=01;35:*.mjpg=01;35:*.mjpeg=01;35:*.gif=01;35:*.bmp=01;35:*.pbm=01;35:*.pgm=01;35:*.ppm=01;35:*.tga=01;35:*.xbm=01;35:*.xpm=01;35:*.tif=01;35:*.tiff=01;35:*.png=01;35:*.svg=01;35:*.svgz=01;35:*.mng=01;35:*.pcx=01;35:*.mov=01;35:*.mpg=01;35:*.mpeg=01;35:*.m2v=01;35:*.mkv=01;35:*.webm=01;35:*.webp=01;35:*.ogm=01;35:*.mp4=01;35:*.m4v=01;35:*.mp4v=01;35:*.vob=01;35:*.qt=01;35:*.nuv=01;35:*.wmv=01;35:*.asf=01;35:*.rm=01;35:*.rmvb=01;35:*.flc=01;35:*.avi=01;35:*.fli=01;35:*.flv=01;35:*.gl=01;35:*.dl=01;35:*.xcf=01;35:*.xwd=01;35:*.yuv=01;35:*.cgm=01;35:*.emf=01;35:*.ogv=01;35:*.ogx=01;35:*.aac=00;36:*.au=00;36:*.flac=00;36:*.m4a=00;36:*.mid=00;36:*.midi=00;36:*.mka=00;36:*.mp3=00;36:*.mpc=00;36:*.ogg=00;36:*.ra=00;36:*.wav=00;36:*.oga=00;36:*.opus=00;36:*.spx=00;36:*.xspf=00;36:'), ('VSCODE_GIT_IPC_HANDLE', '/run/user/1000/vscode-git-a9f1ef9bc6.sock'), ('TERM_PROGRAM', 'vscode'), ('ROS_DOMAIN_ID', '1'), ('AMENT_PREFIX_PATH', '/home/ubuntu/spas_ws/install/spas_planning:/home/ubuntu/spas_ws/install/spas_perception:/home/ubuntu/spas_ws/install/spas_control:/home/ubuntu/spas_ws/install/spas_bringup:/home/ubuntu/spas_ws/install/sllidar_ros2:/home/ubuntu/spas_ws/install/slam_toolbox:/opt/ros/humble'), ('SHELL', '/bin/bash'), ('LESSCLOSE', '/usr/bin/lesspipe %s %s'), ('VSCODE_GIT_ASKPASS_EXTRA_ARGS', ''), ('PWD', '/home/ubuntu/spas_ws/build/spas_bringup'), ('LC_ALL', 'en_US.UTF-8'), ('SSH_CONNECTION', '192.168.236.158 64914 192.168.236.18 22'), ('PYTHONPATH', '/home/ubuntu/spas_ws/build/spas_planning:/home/ubuntu/spas_ws/install/spas_planning/lib/python3.10/site-packages:/home/ubuntu/spas_ws/build/spas_perception:/home/ubuntu/spas_ws/install/spas_perception/lib/python3.10/site-packages:/home/ubuntu/spas_ws/build/spas_control:/home/ubuntu/spas_ws/install/spas_control/lib/python3.10/site-packages:/home/ubuntu/spas_ws/install/slam_toolbox/local/lib/python3.10/dist-packages:/opt/ros/humble/lib/python3.10/site-packages:/opt/ros/humble/local/lib/python3.10/dist-packages:/usr/local/lib/python3/dist-packages'), ('COLCON', '1'), ('CMAKE_PREFIX_PATH', '/home/ubuntu/spas_ws/install/spas_bringup:/home/ubuntu/spas_ws/install/sllidar_ros2:/home/ubuntu/spas_ws/install/slam_toolbox:/home/ubuntu/spas_ws/install/spas_planning:/home/ubuntu/spas_ws/install/spas_perception:/home/ubuntu/spas_ws/install/spas_control:/opt/ros/humble')]), 'shell': False}
[6.014624] (sllidar_ros2) CommandEnded: {'returncode': 0}
[6.018872] (-) TimerEvent: {}
[6.045665] (sllidar_ros2) JobProgress: {'identifier': 'sllidar_ros2', 'progress': 'install'}
[6.046284] (sllidar_ros2) Command: {'cmd': ['/usr/bin/cmake', '--install', '/home/ubuntu/spas_ws/build/sllidar_ros2'], 'cwd': '/home/ubuntu/spas_ws/build/sllidar_ros2', 'env': OrderedDict([('PYTHON_BASIC_REPL', '1'), ('LESSOPEN', '| /usr/bin/lesspipe %s'), ('USER', 'ubuntu'), ('SSH_CLIENT', '192.168.236.158 64914 22'), ('XDG_SESSION_TYPE', 'tty'), ('GIT_ASKPASS', '/home/ubuntu/.vscode-server/cli/servers/Stable-0958016b2af9f09bb4257e0df4a95e2f90590f9f/server/extensions/git/dist/askpass.sh'), ('SHLVL', '1'), ('LD_LIBRARY_PATH', '/home/ubuntu/spas_ws/install/slam_toolbox/lib:/opt/ros/humble/opt/rviz_ogre_vendor/lib:/opt/ros/humble/lib/aarch64-linux-gnu:/opt/ros/humble/lib'), ('BROWSER', '/home/ubuntu/.vscode-server/cli/servers/Stable-0958016b2af9f09bb4257e0df4a95e2f90590f9f/server/bin/helpers/browser.sh'), ('MOTD_SHOWN', 'pam'), ('HOME', '/home/ubuntu'), ('OLDPWD', '/home/ubuntu/spas_ws/src'), ('TERM_PROGRAM_VERSION', '1.120.0'), ('VSCODE_IPC_HOOK_CLI', '/run/user/1000/vscode-ipc-4c52080f-8f54-4af6-b1c5-04354886fdd5.sock'), ('ROS_PYTHON_VERSION', '3'), ('VSCODE_GIT_ASKPASS_MAIN', '/home/ubuntu/.vscode-server/cli/servers/Stable-0958016b2af9f09bb4257e0df4a95e2f90590f9f/server/extensions/git/dist/askpass-main.js'), ('VSCODE_GIT_ASKPASS_NODE', '/home/ubuntu/.vscode-server/cli/servers/Stable-0958016b2af9f09bb4257e0df4a95e2f90590f9f/server/node'), ('PYDEVD_DISABLE_FILE_VALIDATION', '1'), ('BUNDLED_DEBUGPY_PATH', '/home/ubuntu/.vscode-server/extensions/ms-python.debugpy-2026.6.0/bundled/libs/debugpy'), ('VSCODE_PYTHON_AUTOACTIVATE_GUARD', '1'), ('DBUS_SESSION_BUS_ADDRESS', 'unix:path=/run/user/1000/bus'), ('COLORTERM', 'truecolor'), ('COLCON_PREFIX_PATH', '/home/ubuntu/spas_ws/install'), ('ROS_DISTRO', 'humble'), ('LOGNAME', 'ubuntu'), ('_', '/usr/bin/colcon'), ('ROS_VERSION', '2'), ('XDG_SESSION_CLASS', 'user'), ('TERM', 'xterm-256color'), ('XDG_SESSION_ID', '1'), ('ROS_LOCALHOST_ONLY', '0'), ('PATH', '/opt/ros/humble/bin:/home/ubuntu/.vscode-server/data/User/globalStorage/github.copilot-chat/debugCommand:/home/ubuntu/.vscode-server/data/User/globalStorage/github.copilot-chat/copilotCli:/home/ubuntu/.vscode-server/cli/servers/Stable-0958016b2af9f09bb4257e0df4a95e2f90590f9f/server/bin/remote-cli:/usr/local/sbin:/usr/local/bin:/usr/sbin:/usr/bin:/sbin:/bin:/usr/games:/usr/local/games:/snap/bin:/home/ubuntu/.vscode-server/extensions/ms-python.debugpy-2026.6.0/bundled/scripts/noConfigScripts:/usr/local/bin'), ('XDG_RUNTIME_DIR', '/run/user/1000'), ('VSCODE_DEBUGPY_ADAPTER_ENDPOINTS', '/home/ubuntu/.vscode-server/extensions/ms-python.debugpy-2026.6.0/.noConfigDebugAdapterEndpoints/endpoint-00d0b5565ef995a9.txt'), ('LANG', 'en_US.UTF-8'), ('PYTHONSTARTUP', '/home/ubuntu/.vscode-server/data/User/workspaceStorage/f3bef80f69d224608c509b83f13a955a/ms-python.python/pythonrc.py'), ('LS_COLORS', 'rs=0:di=01;34:ln=01;36:mh=00:pi=40;33:so=01;35:do=01;35:bd=40;33;01:cd=40;33;01:or=40;31;01:mi=00:su=37;41:sg=30;43:ca=30;41:tw=30;42:ow=34;42:st=37;44:ex=01;32:*.tar=01;31:*.tgz=01;31:*.arc=01;31:*.arj=01;31:*.taz=01;31:*.lha=01;31:*.lz4=01;31:*.lzh=01;31:*.lzma=01;31:*.tlz=01;31:*.txz=01;31:*.tzo=01;31:*.t7z=01;31:*.zip=01;31:*.z=01;31:*.dz=01;31:*.gz=01;31:*.lrz=01;31:*.lz=01;31:*.lzo=01;31:*.xz=01;31:*.zst=01;31:*.tzst=01;31:*.bz2=01;31:*.bz=01;31:*.tbz=01;31:*.tbz2=01;31:*.tz=01;31:*.deb=01;31:*.rpm=01;31:*.jar=01;31:*.war=01;31:*.ear=01;31:*.sar=01;31:*.rar=01;31:*.alz=01;31:*.ace=01;31:*.zoo=01;31:*.cpio=01;31:*.7z=01;31:*.rz=01;31:*.cab=01;31:*.wim=01;31:*.swm=01;31:*.dwm=01;31:*.esd=01;31:*.jpg=01;35:*.jpeg=01;35:*.mjpg=01;35:*.mjpeg=01;35:*.gif=01;35:*.bmp=01;35:*.pbm=01;35:*.pgm=01;35:*.ppm=01;35:*.tga=01;35:*.xbm=01;35:*.xpm=01;35:*.tif=01;35:*.tiff=01;35:*.png=01;35:*.svg=01;35:*.svgz=01;35:*.mng=01;35:*.pcx=01;35:*.mov=01;35:*.mpg=01;35:*.mpeg=01;35:*.m2v=01;35:*.mkv=01;35:*.webm=01;35:*.webp=01;35:*.ogm=01;35:*.mp4=01;35:*.m4v=01;35:*.mp4v=01;35:*.vob=01;35:*.qt=01;35:*.nuv=01;35:*.wmv=01;35:*.asf=01;35:*.rm=01;35:*.rmvb=01;35:*.flc=01;35:*.avi=01;35:*.fli=01;35:*.flv=01;35:*.gl=01;35:*.dl=01;35:*.xcf=01;35:*.xwd=01;35:*.yuv=01;35:*.cgm=01;35:*.emf=01;35:*.ogv=01;35:*.ogx=01;35:*.aac=00;36:*.au=00;36:*.flac=00;36:*.m4a=00;36:*.mid=00;36:*.midi=00;36:*.mka=00;36:*.mp3=00;36:*.mpc=00;36:*.ogg=00;36:*.ra=00;36:*.wav=00;36:*.oga=00;36:*.opus=00;36:*.spx=00;36:*.xspf=00;36:'), ('VSCODE_GIT_IPC_HANDLE', '/run/user/1000/vscode-git-a9f1ef9bc6.sock'), ('TERM_PROGRAM', 'vscode'), ('ROS_DOMAIN_ID', '1'), ('AMENT_PREFIX_PATH', '/home/ubuntu/spas_ws/install/spas_planning:/home/ubuntu/spas_ws/install/spas_perception:/home/ubuntu/spas_ws/install/spas_control:/home/ubuntu/spas_ws/install/spas_bringup:/home/ubuntu/spas_ws/install/sllidar_ros2:/home/ubuntu/spas_ws/install/slam_toolbox:/opt/ros/humble'), ('SHELL', '/bin/bash'), ('LESSCLOSE', '/usr/bin/lesspipe %s %s'), ('VSCODE_GIT_ASKPASS_EXTRA_ARGS', ''), ('PWD', '/home/ubuntu/spas_ws/build/sllidar_ros2'), ('LC_ALL', 'en_US.UTF-8'), ('SSH_CONNECTION', '192.168.236.158 64914 192.168.236.18 22'), ('PYTHONPATH', '/home/ubuntu/spas_ws/build/spas_planning:/home/ubuntu/spas_ws/install/spas_planning/lib/python3.10/site-packages:/home/ubuntu/spas_ws/build/spas_perception:/home/ubuntu/spas_ws/install/spas_perception/lib/python3.10/site-packages:/home/ubuntu/spas_ws/build/spas_control:/home/ubuntu/spas_ws/install/spas_control/lib/python3.10/site-packages:/home/ubuntu/spas_ws/install/slam_toolbox/local/lib/python3.10/dist-packages:/opt/ros/humble/lib/python3.10/site-packages:/opt/ros/humble/local/lib/python3.10/dist-packages:/usr/local/lib/python3/dist-packages'), ('COLCON', '1'), ('CMAKE_PREFIX_PATH', '/home/ubuntu/spas_ws/install/spas_bringup:/home/ubuntu/spas_ws/install/sllidar_ros2:/home/ubuntu/spas_ws/install/slam_toolbox:/home/ubuntu/spas_ws/install/spas_planning:/home/ubuntu/spas_ws/install/spas_perception:/home/ubuntu/spas_ws/install/spas_control:/opt/ros/humble')]), 'shell': False}
[6.129125] (-) TimerEvent: {}
[6.199503] (sllidar_ros2) StdoutLine: {'line': b'-- Install configuration: ""\n'}
[6.207414] (sllidar_ros2) StdoutLine: {'line': b'-- Execute custom install script\n'}
[6.229427] (-) TimerEvent: {}
[6.233545] (sllidar_ros2) StdoutLine: {'line': b'-- Up-to-date symlink: /home/ubuntu/spas_ws/install/sllidar_ros2/share/sllidar_ros2/launch/sllidar_a1_launch.py\n'}
[6.235650] (spas_bringup) StdoutLine: {'line': b'-- Install configuration: ""\n'}
[6.240370] (sllidar_ros2) StdoutLine: {'line': b'-- Up-to-date symlink: /home/ubuntu/spas_ws/install/sllidar_ros2/share/sllidar_ros2/launch/sllidar_a2m12_launch .py\n'}
[6.252585] (sllidar_ros2) StdoutLine: {'line': b'-- Up-to-date symlink: /home/ubuntu/spas_ws/install/sllidar_ros2/share/sllidar_ros2/launch/sllidar_a2m7_launch.py\n'}
[6.254189] (spas_bringup) StdoutLine: {'line': b'-- Execute custom install script\n'}
[6.258306] (sllidar_ros2) StdoutLine: {'line': b'-- Up-to-date symlink: /home/ubuntu/spas_ws/install/sllidar_ros2/share/sllidar_ros2/launch/sllidar_a2m8_launch.py\n'}
[6.263222] (sllidar_ros2) StdoutLine: {'line': b'-- Up-to-date symlink: /home/ubuntu/spas_ws/install/sllidar_ros2/share/sllidar_ros2/launch/sllidar_a3_launch.py\n'}
[6.267970] (sllidar_ros2) StdoutLine: {'line': b'-- Up-to-date symlink: /home/ubuntu/spas_ws/install/sllidar_ros2/share/sllidar_ros2/launch/sllidar_c1_launch.py\n'}
[6.272504] (sllidar_ros2) StdoutLine: {'line': b'-- Up-to-date symlink: /home/ubuntu/spas_ws/install/sllidar_ros2/share/sllidar_ros2/launch/sllidar_s1_launch.py\n'}
[6.276596] (spas_bringup) StdoutLine: {'line': b'-- Up-to-date symlink: /home/ubuntu/spas_ws/install/spas_bringup/share/spas_bringup/launch/spas_bringup_launch.py\n'}
[6.283216] (spas_bringup) StdoutLine: {'line': b'-- Up-to-date symlink: /home/ubuntu/spas_ws/install/spas_bringup/share/ament_index/resource_index/package_run_dependencies/spas_bringup\n'}
[6.288927] (spas_bringup) StdoutLine: {'line': b'-- Up-to-date symlink: /home/ubuntu/spas_ws/install/spas_bringup/share/ament_index/resource_index/parent_prefix_path/spas_bringup\n'}
[6.291853] (sllidar_ros2) StdoutLine: {'line': b'-- Up-to-date symlink: /home/ubuntu/spas_ws/install/sllidar_ros2/share/sllidar_ros2/launch/sllidar_s1_tcp_launch.py\n'}
[6.297167] (spas_bringup) StdoutLine: {'line': b'-- Up-to-date symlink: /home/ubuntu/spas_ws/install/spas_bringup/share/spas_bringup/environment/ament_prefix_path.sh\n'}
[6.298703] (sllidar_ros2) StdoutLine: {'line': b'-- Up-to-date symlink: /home/ubuntu/spas_ws/install/sllidar_ros2/share/sllidar_ros2/launch/sllidar_s2_launch.py\n'}
[6.303124] (spas_bringup) StdoutLine: {'line': b'-- Up-to-date symlink: /home/ubuntu/spas_ws/install/spas_bringup/share/spas_bringup/environment/ament_prefix_path.dsv\n'}
[6.312636] (spas_bringup) StdoutLine: {'line': b'-- Up-to-date symlink: /home/ubuntu/spas_ws/install/spas_bringup/share/spas_bringup/environment/path.sh\n'}
[6.314301] (spas_bringup) StdoutLine: {'line': b'-- Up-to-date symlink: /home/ubuntu/spas_ws/install/spas_bringup/share/spas_bringup/environment/path.dsv\n'}
[6.329068] (sllidar_ros2) StdoutLine: {'line': b'-- Up-to-date symlink: /home/ubuntu/spas_ws/install/sllidar_ros2/share/sllidar_ros2/launch/sllidar_s2e_launch.py\n'}
[6.330693] (-) TimerEvent: {}
[6.331840] (spas_bringup) StdoutLine: {'line': b'-- Up-to-date symlink: /home/ubuntu/spas_ws/install/spas_bringup/share/spas_bringup/local_setup.bash\n'}
[6.340020] (spas_bringup) StdoutLine: {'line': b'-- Up-to-date symlink: /home/ubuntu/spas_ws/install/spas_bringup/share/spas_bringup/local_setup.sh\n'}
[6.343157] (sllidar_ros2) StdoutLine: {'line': b'-- Up-to-date symlink: /home/ubuntu/spas_ws/install/sllidar_ros2/share/sllidar_ros2/launch/sllidar_s3_launch.py\n'}
[6.356227] (slam_toolbox) StdoutLine: {'line': b'[ 93%] Built target slam_toolbox__rosidl_typesupport_fastrtps_c__pyext\n'}
[6.359992] (sllidar_ros2) StdoutLine: {'line': b'-- Up-to-date symlink: /home/ubuntu/spas_ws/install/sllidar_ros2/share/sllidar_ros2/launch/sllidar_t1_launch.py\n'}
[6.379156] (spas_bringup) StdoutLine: {'line': b'-- Up-to-date symlink: /home/ubuntu/spas_ws/install/spas_bringup/share/spas_bringup/local_setup.zsh\n'}
[6.386873] (spas_bringup) StdoutLine: {'line': b'-- Up-to-date symlink: /home/ubuntu/spas_ws/install/spas_bringup/share/spas_bringup/local_setup.dsv\n'}
[6.392647] (spas_bringup) StdoutLine: {'line': b'-- Symlinking: /home/ubuntu/spas_ws/install/spas_bringup/share/spas_bringup/package.dsv\n'}
[6.399487] (sllidar_ros2) StdoutLine: {'line': b'-- Up-to-date symlink: /home/ubuntu/spas_ws/install/sllidar_ros2/share/sllidar_ros2/launch/view_sllidar_a1_launch.py\n'}
[6.409464] (sllidar_ros2) StdoutLine: {'line': b'-- Up-to-date symlink: /home/ubuntu/spas_ws/install/sllidar_ros2/share/sllidar_ros2/launch/view_sllidar_a2m12_launch.py\n'}
[6.423971] (sllidar_ros2) StdoutLine: {'line': b'-- Up-to-date symlink: /home/ubuntu/spas_ws/install/sllidar_ros2/share/sllidar_ros2/launch/view_sllidar_a2m7_launch.py\n'}
[6.430986] (-) TimerEvent: {}
[6.435566] (sllidar_ros2) StdoutLine: {'line': b'-- Up-to-date symlink: /home/ubuntu/spas_ws/install/sllidar_ros2/share/sllidar_ros2/launch/view_sllidar_a2m8_launch.py\n'}
[6.440196] (sllidar_ros2) StdoutLine: {'line': b'-- Up-to-date symlink: /home/ubuntu/spas_ws/install/sllidar_ros2/share/sllidar_ros2/launch/view_sllidar_a3_launch.py\n'}
[6.459878] (sllidar_ros2) StdoutLine: {'line': b'-- Up-to-date symlink: /home/ubuntu/spas_ws/install/sllidar_ros2/share/sllidar_ros2/launch/view_sllidar_c1_launch.py\n'}
[6.464695] (sllidar_ros2) StdoutLine: {'line': b'-- Up-to-date symlink: /home/ubuntu/spas_ws/install/sllidar_ros2/share/sllidar_ros2/launch/view_sllidar_s1_launch.py\n'}
[6.469418] (sllidar_ros2) StdoutLine: {'line': b'-- Up-to-date symlink: /home/ubuntu/spas_ws/install/sllidar_ros2/share/sllidar_ros2/launch/view_sllidar_s1_tcp_launch.py\n'}
[6.475909] (sllidar_ros2) StdoutLine: {'line': b'-- Up-to-date symlink: /home/ubuntu/spas_ws/install/sllidar_ros2/share/sllidar_ros2/launch/view_sllidar_s2_launch.py\n'}
[6.496089] (sllidar_ros2) StdoutLine: {'line': b'-- Up-to-date symlink: /home/ubuntu/spas_ws/install/sllidar_ros2/share/sllidar_ros2/launch/view_sllidar_s2e_launch.py\n'}
[6.517194] (sllidar_ros2) StdoutLine: {'line': b'-- Up-to-date symlink: /home/ubuntu/spas_ws/install/sllidar_ros2/share/sllidar_ros2/launch/view_sllidar_s3_launch.py\n'}
[6.519445] (slam_toolbox) StdoutLine: {'line': b'[ 95%] Built target map_and_localization_slam_toolbox\n'}
[6.524444] (sllidar_ros2) StdoutLine: {'line': b'-- Up-to-date symlink: /home/ubuntu/spas_ws/install/sllidar_ros2/share/sllidar_ros2/launch/view_sllidar_t1_launch.py\n'}
[6.531339] (-) TimerEvent: {}
[6.541441] (spas_bringup) StdoutLine: {'line': b'-- Up-to-date symlink: /home/ubuntu/spas_ws/install/spas_bringup/share/ament_index/resource_index/packages/spas_bringup\n'}
[6.544379] (spas_bringup) StdoutLine: {'line': b'-- Up-to-date symlink: /home/ubuntu/spas_ws/install/spas_bringup/share/spas_bringup/cmake/spas_bringupConfig.cmake\n'}
[6.553149] (spas_bringup) StdoutLine: {'line': b'-- Up-to-date symlink: /home/ubuntu/spas_ws/install/spas_bringup/share/spas_bringup/cmake/spas_bringupConfig-version.cmake\n'}
[6.554932] (spas_bringup) StdoutLine: {'line': b'-- Up-to-date symlink: /home/ubuntu/spas_ws/install/spas_bringup/share/spas_bringup/package.xml\n'}
[6.610910] (sllidar_ros2) StdoutLine: {'line': b'-- Up-to-date symlink: /home/ubuntu/spas_ws/install/sllidar_ros2/share/sllidar_ros2/rviz/sllidar_ros2.rviz\n'}
[6.613055] (sllidar_ros2) StdoutLine: {'line': b'-- Up-to-date symlink: /home/ubuntu/spas_ws/install/sllidar_ros2/lib/sllidar_ros2/sllidar_node\n'}
[6.614346] (spas_bringup) CommandEnded: {'returncode': 0}
[6.618130] (sllidar_ros2) StdoutLine: {'line': b'-- Up-to-date symlink: /home/ubuntu/spas_ws/install/sllidar_ros2/lib/sllidar_ros2/sllidar_client\n'}
[6.641056] (sllidar_ros2) StdoutLine: {'line': b'-- Up-to-date symlink: /home/ubuntu/spas_ws/install/sllidar_ros2/share/ament_index/resource_index/package_run_dependencies/sllidar_ros2\n'}
[6.642860] (-) TimerEvent: {}
[6.653036] (sllidar_ros2) StdoutLine: {'line': b'-- Up-to-date symlink: /home/ubuntu/spas_ws/install/sllidar_ros2/share/ament_index/resource_index/parent_prefix_path/sllidar_ros2\n'}
[6.659403] (slam_toolbox) StdoutLine: {'line': b'[ 97%] Built target lifelong_slam_toolbox_node\n'}
[6.687040] (sllidar_ros2) StdoutLine: {'line': b'-- Up-to-date symlink: /home/ubuntu/spas_ws/install/sllidar_ros2/share/sllidar_ros2/environment/ament_prefix_path.sh\n'}
[6.689471] (sllidar_ros2) StdoutLine: {'line': b'-- Up-to-date symlink: /home/ubuntu/spas_ws/install/sllidar_ros2/share/sllidar_ros2/environment/ament_prefix_path.dsv\n'}
[6.693234] (sllidar_ros2) StdoutLine: {'line': b'-- Up-to-date symlink: /home/ubuntu/spas_ws/install/sllidar_ros2/share/sllidar_ros2/environment/path.sh\n'}
[6.741579] (sllidar_ros2) StdoutLine: {'line': b'-- Up-to-date symlink: /home/ubuntu/spas_ws/install/sllidar_ros2/share/sllidar_ros2/environment/path.dsv\n'}
[6.743214] (-) TimerEvent: {}
[6.744408] (sllidar_ros2) StdoutLine: {'line': b'-- Up-to-date symlink: /home/ubuntu/spas_ws/install/sllidar_ros2/share/sllidar_ros2/local_setup.bash\n'}
[6.790809] (sllidar_ros2) StdoutLine: {'line': b'-- Up-to-date symlink: /home/ubuntu/spas_ws/install/sllidar_ros2/share/sllidar_ros2/local_setup.sh\n'}
[6.792897] (sllidar_ros2) StdoutLine: {'line': b'-- Up-to-date symlink: /home/ubuntu/spas_ws/install/sllidar_ros2/share/sllidar_ros2/local_setup.zsh\n'}
[6.833004] (sllidar_ros2) StdoutLine: {'line': b'-- Up-to-date symlink: /home/ubuntu/spas_ws/install/sllidar_ros2/share/sllidar_ros2/local_setup.dsv\n'}
[6.847254] (-) TimerEvent: {}
[6.849311] (sllidar_ros2) StdoutLine: {'line': b'-- Symlinking: /home/ubuntu/spas_ws/install/sllidar_ros2/share/sllidar_ros2/package.dsv\n'}
[6.947661] (-) TimerEvent: {}
[7.050854] (-) TimerEvent: {}
[7.057230] (spas_bringup) JobEnded: {'identifier': 'spas_bringup', 'rc': 0}
[7.064587] (spas_perception) JobStarted: {'identifier': 'spas_perception'}
[7.142669] (sllidar_ros2) StdoutLine: {'line': b'-- Up-to-date symlink: /home/ubuntu/spas_ws/install/sllidar_ros2/share/ament_index/resource_index/packages/sllidar_ros2\n'}
[7.151791] (-) TimerEvent: {}
[7.153818] (sllidar_ros2) StdoutLine: {'line': b'-- Up-to-date symlink: /home/ubuntu/spas_ws/install/sllidar_ros2/share/sllidar_ros2/cmake/ament_cmake_export_dependencies-extras.cmake\n'}
[7.164580] (sllidar_ros2) StdoutLine: {'line': b'-- Up-to-date symlink: /home/ubuntu/spas_ws/install/sllidar_ros2/share/sllidar_ros2/cmake/ament_cmake_export_include_directories-extras.cmake\n'}
[7.201871] (sllidar_ros2) StdoutLine: {'line': b'-- Up-to-date symlink: /home/ubuntu/spas_ws/install/sllidar_ros2/share/sllidar_ros2/cmake/sllidar_ros2Config.cmake\n'}
[7.205245] (sllidar_ros2) StdoutLine: {'line': b'-- Up-to-date symlink: /home/ubuntu/spas_ws/install/sllidar_ros2/share/sllidar_ros2/cmake/sllidar_ros2Config-version.cmake\n'}
[7.206649] (sllidar_ros2) StdoutLine: {'line': b'-- Up-to-date symlink: /home/ubuntu/spas_ws/install/sllidar_ros2/share/sllidar_ros2/package.xml\n'}
[7.215989] (slam_toolbox) StdoutLine: {'line': b'[ 98%] Built target slam_toolbox__rosidl_typesupport_introspection_c__pyext\n'}
[7.226346] (sllidar_ros2) CommandEnded: {'returncode': 0}
[7.258146] (-) TimerEvent: {}
[7.359725] (-) TimerEvent: {}
[7.363034] (slam_toolbox) StdoutLine: {'line': b'[ 99%] Built target slam_toolbox__rosidl_typesupport_c__pyext\n'}
[7.421940] (slam_toolbox) StdoutLine: {'line': b'[100%] Built target map_and_localization_slam_toolbox_node\n'}
[7.447118] (sllidar_ros2) JobEnded: {'identifier': 'sllidar_ros2', 'rc': 0}
[7.455275] (spas_planning) JobStarted: {'identifier': 'spas_planning'}
[7.465157] (-) TimerEvent: {}
[7.566135] (-) TimerEvent: {}
[7.667128] (-) TimerEvent: {}
[7.734090] (slam_toolbox) StdoutLine: {'line': b'running egg_info\n'}
[7.740125] (slam_toolbox) StdoutLine: {'line': b'writing slam_toolbox.egg-info/PKG-INFO\n'}
[7.743897] (slam_toolbox) StdoutLine: {'line': b'writing dependency_links to slam_toolbox.egg-info/dependency_links.txt\n'}
[7.748186] (slam_toolbox) StdoutLine: {'line': b'writing top-level names to slam_toolbox.egg-info/top_level.txt\n'}
[7.766830] (slam_toolbox) StdoutLine: {'line': b"reading manifest file 'slam_toolbox.egg-info/SOURCES.txt'\n"}
[7.767706] (-) TimerEvent: {}
[7.773898] (slam_toolbox) StdoutLine: {'line': b"writing manifest file 'slam_toolbox.egg-info/SOURCES.txt'\n"}
[7.868135] (-) TimerEvent: {}
[7.969286] (-) TimerEvent: {}
[8.070527] (-) TimerEvent: {}
[8.079222] (slam_toolbox) StdoutLine: {'line': b'[100%] Built target ament_cmake_python_build_slam_toolbox_egg\n'}
[8.170721] (-) TimerEvent: {}
[8.271632] (-) TimerEvent: {}
[8.372888] (-) TimerEvent: {}
[8.474519] (-) TimerEvent: {}
[8.576080] (-) TimerEvent: {}
[8.677823] (-) TimerEvent: {}
[8.779546] (-) TimerEvent: {}
[8.881564] (-) TimerEvent: {}
[8.983302] (-) TimerEvent: {}
[9.087014] (-) TimerEvent: {}
[9.190124] (-) TimerEvent: {}
[9.292906] (-) TimerEvent: {}
[9.395892] (-) TimerEvent: {}
[9.499246] (-) TimerEvent: {}
[9.602335] (-) TimerEvent: {}
[9.705165] (-) TimerEvent: {}
[9.807150] (-) TimerEvent: {}
[9.910480] (-) TimerEvent: {}
[10.013360] (-) TimerEvent: {}
[10.116362] (-) TimerEvent: {}
[10.219509] (-) TimerEvent: {}
[10.322654] (-) TimerEvent: {}
[10.425571] (-) TimerEvent: {}
[10.527446] (-) TimerEvent: {}
[10.629237] (-) TimerEvent: {}
[10.730908] (-) TimerEvent: {}
[10.832720] (-) TimerEvent: {}
[10.934512] (-) TimerEvent: {}
[11.037118] (-) TimerEvent: {}
[11.139598] (-) TimerEvent: {}
[11.244058] (-) TimerEvent: {}
[11.347898] (-) TimerEvent: {}
[11.452304] (-) TimerEvent: {}
[11.555932] (-) TimerEvent: {}
[11.660655] (-) TimerEvent: {}
[11.761525] (-) TimerEvent: {}
[11.862480] (-) TimerEvent: {}
[11.965002] (-) TimerEvent: {}
[12.067618] (-) TimerEvent: {}
[12.168990] (-) TimerEvent: {}
[12.271531] (-) TimerEvent: {}
[12.374023] (-) TimerEvent: {}
[12.475646] (-) TimerEvent: {}
[12.577331] (-) TimerEvent: {}
[12.678970] (-) TimerEvent: {}
[12.783295] (-) TimerEvent: {}
[12.885808] (-) TimerEvent: {}
[12.988255] (-) TimerEvent: {}
[13.089925] (-) TimerEvent: {}
[13.191581] (-) TimerEvent: {}
[13.298316] (-) TimerEvent: {}
[13.403691] (-) TimerEvent: {}
[13.506976] (-) TimerEvent: {}
[13.609235] (-) TimerEvent: {}
[13.713051] (-) TimerEvent: {}
[13.814705] (-) TimerEvent: {}
[13.916345] (-) TimerEvent: {}
[14.018197] (-) TimerEvent: {}
[14.119867] (-) TimerEvent: {}
[14.221531] (-) TimerEvent: {}
[14.323661] (-) TimerEvent: {}
[14.425588] (-) TimerEvent: {}
[14.527198] (-) TimerEvent: {}
[14.628942] (-) TimerEvent: {}
[14.730609] (-) TimerEvent: {}
[14.832244] (-) TimerEvent: {}
[14.934040] (-) TimerEvent: {}
[15.035605] (-) TimerEvent: {}
[15.137886] (-) TimerEvent: {}
[15.239455] (-) TimerEvent: {}
[15.341066] (-) TimerEvent: {}
[15.443296] (-) TimerEvent: {}
[15.544518] (-) TimerEvent: {}
[15.645696] (-) TimerEvent: {}
[15.746967] (-) TimerEvent: {}
[15.848426] (-) TimerEvent: {}
[15.950295] (-) TimerEvent: {}
[15.969848] (slam_toolbox) CommandEnded: {'returncode': 0}
[15.974950] (slam_toolbox) JobProgress: {'identifier': 'slam_toolbox', 'progress': 'install'}
[15.978430] (slam_toolbox) Command: {'cmd': ['/usr/bin/cmake', '--install', '/home/ubuntu/spas_ws/build/slam_toolbox'], 'cwd': '/home/ubuntu/spas_ws/build/slam_toolbox', 'env': OrderedDict([('PYTHON_BASIC_REPL', '1'), ('LESSOPEN', '| /usr/bin/lesspipe %s'), ('USER', 'ubuntu'), ('SSH_CLIENT', '192.168.236.158 64914 22'), ('XDG_SESSION_TYPE', 'tty'), ('GIT_ASKPASS', '/home/ubuntu/.vscode-server/cli/servers/Stable-0958016b2af9f09bb4257e0df4a95e2f90590f9f/server/extensions/git/dist/askpass.sh'), ('SHLVL', '1'), ('LD_LIBRARY_PATH', '/home/ubuntu/spas_ws/install/slam_toolbox/lib:/opt/ros/humble/opt/rviz_ogre_vendor/lib:/opt/ros/humble/lib/aarch64-linux-gnu:/opt/ros/humble/lib'), ('BROWSER', '/home/ubuntu/.vscode-server/cli/servers/Stable-0958016b2af9f09bb4257e0df4a95e2f90590f9f/server/bin/helpers/browser.sh'), ('MOTD_SHOWN', 'pam'), ('HOME', '/home/ubuntu'), ('OLDPWD', '/home/ubuntu/spas_ws/src'), ('TERM_PROGRAM_VERSION', '1.120.0'), ('VSCODE_IPC_HOOK_CLI', '/run/user/1000/vscode-ipc-4c52080f-8f54-4af6-b1c5-04354886fdd5.sock'), ('ROS_PYTHON_VERSION', '3'), ('VSCODE_GIT_ASKPASS_MAIN', '/home/ubuntu/.vscode-server/cli/servers/Stable-0958016b2af9f09bb4257e0df4a95e2f90590f9f/server/extensions/git/dist/askpass-main.js'), ('VSCODE_GIT_ASKPASS_NODE', '/home/ubuntu/.vscode-server/cli/servers/Stable-0958016b2af9f09bb4257e0df4a95e2f90590f9f/server/node'), ('PYDEVD_DISABLE_FILE_VALIDATION', '1'), ('BUNDLED_DEBUGPY_PATH', '/home/ubuntu/.vscode-server/extensions/ms-python.debugpy-2026.6.0/bundled/libs/debugpy'), ('VSCODE_PYTHON_AUTOACTIVATE_GUARD', '1'), ('DBUS_SESSION_BUS_ADDRESS', 'unix:path=/run/user/1000/bus'), ('COLORTERM', 'truecolor'), ('COLCON_PREFIX_PATH', '/home/ubuntu/spas_ws/install'), ('ROS_DISTRO', 'humble'), ('LOGNAME', 'ubuntu'), ('_', '/usr/bin/colcon'), ('ROS_VERSION', '2'), ('XDG_SESSION_CLASS', 'user'), ('TERM', 'xterm-256color'), ('XDG_SESSION_ID', '1'), ('ROS_LOCALHOST_ONLY', '0'), ('PATH', '/opt/ros/humble/bin:/home/ubuntu/.vscode-server/data/User/globalStorage/github.copilot-chat/debugCommand:/home/ubuntu/.vscode-server/data/User/globalStorage/github.copilot-chat/copilotCli:/home/ubuntu/.vscode-server/cli/servers/Stable-0958016b2af9f09bb4257e0df4a95e2f90590f9f/server/bin/remote-cli:/usr/local/sbin:/usr/local/bin:/usr/sbin:/usr/bin:/sbin:/bin:/usr/games:/usr/local/games:/snap/bin:/home/ubuntu/.vscode-server/extensions/ms-python.debugpy-2026.6.0/bundled/scripts/noConfigScripts:/usr/local/bin'), ('XDG_RUNTIME_DIR', '/run/user/1000'), ('VSCODE_DEBUGPY_ADAPTER_ENDPOINTS', '/home/ubuntu/.vscode-server/extensions/ms-python.debugpy-2026.6.0/.noConfigDebugAdapterEndpoints/endpoint-00d0b5565ef995a9.txt'), ('LANG', 'en_US.UTF-8'), ('PYTHONSTARTUP', '/home/ubuntu/.vscode-server/data/User/workspaceStorage/f3bef80f69d224608c509b83f13a955a/ms-python.python/pythonrc.py'), ('LS_COLORS', 'rs=0:di=01;34:ln=01;36:mh=00:pi=40;33:so=01;35:do=01;35:bd=40;33;01:cd=40;33;01:or=40;31;01:mi=00:su=37;41:sg=30;43:ca=30;41:tw=30;42:ow=34;42:st=37;44:ex=01;32:*.tar=01;31:*.tgz=01;31:*.arc=01;31:*.arj=01;31:*.taz=01;31:*.lha=01;31:*.lz4=01;31:*.lzh=01;31:*.lzma=01;31:*.tlz=01;31:*.txz=01;31:*.tzo=01;31:*.t7z=01;31:*.zip=01;31:*.z=01;31:*.dz=01;31:*.gz=01;31:*.lrz=01;31:*.lz=01;31:*.lzo=01;31:*.xz=01;31:*.zst=01;31:*.tzst=01;31:*.bz2=01;31:*.bz=01;31:*.tbz=01;31:*.tbz2=01;31:*.tz=01;31:*.deb=01;31:*.rpm=01;31:*.jar=01;31:*.war=01;31:*.ear=01;31:*.sar=01;31:*.rar=01;31:*.alz=01;31:*.ace=01;31:*.zoo=01;31:*.cpio=01;31:*.7z=01;31:*.rz=01;31:*.cab=01;31:*.wim=01;31:*.swm=01;31:*.dwm=01;31:*.esd=01;31:*.jpg=01;35:*.jpeg=01;35:*.mjpg=01;35:*.mjpeg=01;35:*.gif=01;35:*.bmp=01;35:*.pbm=01;35:*.pgm=01;35:*.ppm=01;35:*.tga=01;35:*.xbm=01;35:*.xpm=01;35:*.tif=01;35:*.tiff=01;35:*.png=01;35:*.svg=01;35:*.svgz=01;35:*.mng=01;35:*.pcx=01;35:*.mov=01;35:*.mpg=01;35:*.mpeg=01;35:*.m2v=01;35:*.mkv=01;35:*.webm=01;35:*.webp=01;35:*.ogm=01;35:*.mp4=01;35:*.m4v=01;35:*.mp4v=01;35:*.vob=01;35:*.qt=01;35:*.nuv=01;35:*.wmv=01;35:*.asf=01;35:*.rm=01;35:*.rmvb=01;35:*.flc=01;35:*.avi=01;35:*.fli=01;35:*.flv=01;35:*.gl=01;35:*.dl=01;35:*.xcf=01;35:*.xwd=01;35:*.yuv=01;35:*.cgm=01;35:*.emf=01;35:*.ogv=01;35:*.ogx=01;35:*.aac=00;36:*.au=00;36:*.flac=00;36:*.m4a=00;36:*.mid=00;36:*.midi=00;36:*.mka=00;36:*.mp3=00;36:*.mpc=00;36:*.ogg=00;36:*.ra=00;36:*.wav=00;36:*.oga=00;36:*.opus=00;36:*.spx=00;36:*.xspf=00;36:'), ('VSCODE_GIT_IPC_HANDLE', '/run/user/1000/vscode-git-a9f1ef9bc6.sock'), ('TERM_PROGRAM', 'vscode'), ('ROS_DOMAIN_ID', '1'), ('AMENT_PREFIX_PATH', '/home/ubuntu/spas_ws/install/spas_planning:/home/ubuntu/spas_ws/install/spas_perception:/home/ubuntu/spas_ws/install/spas_control:/home/ubuntu/spas_ws/install/spas_bringup:/home/ubuntu/spas_ws/install/sllidar_ros2:/home/ubuntu/spas_ws/install/slam_toolbox:/opt/ros/humble'), ('SHELL', '/bin/bash'), ('LESSCLOSE', '/usr/bin/lesspipe %s %s'), ('VSCODE_GIT_ASKPASS_EXTRA_ARGS', ''), ('PWD', '/home/ubuntu/spas_ws/build/slam_toolbox'), ('LC_ALL', 'en_US.UTF-8'), ('SSH_CONNECTION', '192.168.236.158 64914 192.168.236.18 22'), ('PYTHONPATH', '/home/ubuntu/spas_ws/build/spas_planning:/home/ubuntu/spas_ws/install/spas_planning/lib/python3.10/site-packages:/home/ubuntu/spas_ws/build/spas_perception:/home/ubuntu/spas_ws/install/spas_perception/lib/python3.10/site-packages:/home/ubuntu/spas_ws/build/spas_control:/home/ubuntu/spas_ws/install/spas_control/lib/python3.10/site-packages:/home/ubuntu/spas_ws/install/slam_toolbox/local/lib/python3.10/dist-packages:/opt/ros/humble/lib/python3.10/site-packages:/opt/ros/humble/local/lib/python3.10/dist-packages:/usr/local/lib/python3/dist-packages'), ('COLCON', '1'), ('CMAKE_PREFIX_PATH', '/home/ubuntu/spas_ws/install/spas_bringup:/home/ubuntu/spas_ws/install/sllidar_ros2:/home/ubuntu/spas_ws/install/slam_toolbox:/home/ubuntu/spas_ws/install/spas_planning:/home/ubuntu/spas_ws/install/spas_perception:/home/ubuntu/spas_ws/install/spas_control:/opt/ros/humble')]), 'shell': False}
[16.011957] (spas_control) Command: {'cmd': ['/usr/bin/python3', '-W', 'ignore:setup.py install is deprecated', '-W', 'ignore:easy_install command is deprecated', 'setup.py', 'develop', '--editable', '--build-directory', '/home/ubuntu/spas_ws/build/spas_control/build', '--no-deps', 'symlink_data'], 'cwd': '/home/ubuntu/spas_ws/build/spas_control', 'env': {'PYTHON_BASIC_REPL': '1', 'LESSOPEN': '| /usr/bin/lesspipe %s', 'USER': 'ubuntu', 'SSH_CLIENT': '192.168.236.158 64914 22', 'XDG_SESSION_TYPE': 'tty', 'GIT_ASKPASS': '/home/ubuntu/.vscode-server/cli/servers/Stable-0958016b2af9f09bb4257e0df4a95e2f90590f9f/server/extensions/git/dist/askpass.sh', 'SHLVL': '1', 'LD_LIBRARY_PATH': '/home/ubuntu/spas_ws/install/slam_toolbox/lib:/opt/ros/humble/opt/rviz_ogre_vendor/lib:/opt/ros/humble/lib/aarch64-linux-gnu:/opt/ros/humble/lib', 'BROWSER': '/home/ubuntu/.vscode-server/cli/servers/Stable-0958016b2af9f09bb4257e0df4a95e2f90590f9f/server/bin/helpers/browser.sh', 'MOTD_SHOWN': 'pam', 'HOME': '/home/ubuntu', 'OLDPWD': '/home/ubuntu/spas_ws/src', 'TERM_PROGRAM_VERSION': '1.120.0', 'VSCODE_IPC_HOOK_CLI': '/run/user/1000/vscode-ipc-4c52080f-8f54-4af6-b1c5-04354886fdd5.sock', 'ROS_PYTHON_VERSION': '3', 'VSCODE_GIT_ASKPASS_MAIN': '/home/ubuntu/.vscode-server/cli/servers/Stable-0958016b2af9f09bb4257e0df4a95e2f90590f9f/server/extensions/git/dist/askpass-main.js', 'VSCODE_GIT_ASKPASS_NODE': '/home/ubuntu/.vscode-server/cli/servers/Stable-0958016b2af9f09bb4257e0df4a95e2f90590f9f/server/node', 'PYDEVD_DISABLE_FILE_VALIDATION': '1', 'BUNDLED_DEBUGPY_PATH': '/home/ubuntu/.vscode-server/extensions/ms-python.debugpy-2026.6.0/bundled/libs/debugpy', 'VSCODE_PYTHON_AUTOACTIVATE_GUARD': '1', 'DBUS_SESSION_BUS_ADDRESS': 'unix:path=/run/user/1000/bus', 'COLORTERM': 'truecolor', 'COLCON_PREFIX_PATH': '/home/ubuntu/spas_ws/install', 'ROS_DISTRO': 'humble', 'LOGNAME': 'ubuntu', '_': '/usr/bin/colcon', 'ROS_VERSION': '2', 'XDG_SESSION_CLASS': 'user', 'TERM': 'xterm-256color', 'XDG_SESSION_ID': '1', 'ROS_LOCALHOST_ONLY': '0', 'PATH': '/opt/ros/humble/bin:/home/ubuntu/.vscode-server/data/User/globalStorage/github.copilot-chat/debugCommand:/home/ubuntu/.vscode-server/data/User/globalStorage/github.copilot-chat/copilotCli:/home/ubuntu/.vscode-server/cli/servers/Stable-0958016b2af9f09bb4257e0df4a95e2f90590f9f/server/bin/remote-cli:/usr/local/sbin:/usr/local/bin:/usr/sbin:/usr/bin:/sbin:/bin:/usr/games:/usr/local/games:/snap/bin:/home/ubuntu/.vscode-server/extensions/ms-python.debugpy-2026.6.0/bundled/scripts/noConfigScripts:/usr/local/bin', 'XDG_RUNTIME_DIR': '/run/user/1000', 'VSCODE_DEBUGPY_ADAPTER_ENDPOINTS': '/home/ubuntu/.vscode-server/extensions/ms-python.debugpy-2026.6.0/.noConfigDebugAdapterEndpoints/endpoint-00d0b5565ef995a9.txt', 'LANG': 'en_US.UTF-8', 'PYTHONSTARTUP': '/home/ubuntu/.vscode-server/data/User/workspaceStorage/f3bef80f69d224608c509b83f13a955a/ms-python.python/pythonrc.py', 'LS_COLORS': 'rs=0:di=01;34:ln=01;36:mh=00:pi=40;33:so=01;35:do=01;35:bd=40;33;01:cd=40;33;01:or=40;31;01:mi=00:su=37;41:sg=30;43:ca=30;41:tw=30;42:ow=34;42:st=37;44:ex=01;32:*.tar=01;31:*.tgz=01;31:*.arc=01;31:*.arj=01;31:*.taz=01;31:*.lha=01;31:*.lz4=01;31:*.lzh=01;31:*.lzma=01;31:*.tlz=01;31:*.txz=01;31:*.tzo=01;31:*.t7z=01;31:*.zip=01;31:*.z=01;31:*.dz=01;31:*.gz=01;31:*.lrz=01;31:*.lz=01;31:*.lzo=01;31:*.xz=01;31:*.zst=01;31:*.tzst=01;31:*.bz2=01;31:*.bz=01;31:*.tbz=01;31:*.tbz2=01;31:*.tz=01;31:*.deb=01;31:*.rpm=01;31:*.jar=01;31:*.war=01;31:*.ear=01;31:*.sar=01;31:*.rar=01;31:*.alz=01;31:*.ace=01;31:*.zoo=01;31:*.cpio=01;31:*.7z=01;31:*.rz=01;31:*.cab=01;31:*.wim=01;31:*.swm=01;31:*.dwm=01;31:*.esd=01;31:*.jpg=01;35:*.jpeg=01;35:*.mjpg=01;35:*.mjpeg=01;35:*.gif=01;35:*.bmp=01;35:*.pbm=01;35:*.pgm=01;35:*.ppm=01;35:*.tga=01;35:*.xbm=01;35:*.xpm=01;35:*.tif=01;35:*.tiff=01;35:*.png=01;35:*.svg=01;35:*.svgz=01;35:*.mng=01;35:*.pcx=01;35:*.mov=01;35:*.mpg=01;35:*.mpeg=01;35:*.m2v=01;35:*.mkv=01;35:*.webm=01;35:*.webp=01;35:*.ogm=01;35:*.mp4=01;35:*.m4v=01;35:*.mp4v=01;35:*.vob=01;35:*.qt=01;35:*.nuv=01;35:*.wmv=01;35:*.asf=01;35:*.rm=01;35:*.rmvb=01;35:*.flc=01;35:*.avi=01;35:*.fli=01;35:*.flv=01;35:*.gl=01;35:*.dl=01;35:*.xcf=01;35:*.xwd=01;35:*.yuv=01;35:*.cgm=01;35:*.emf=01;35:*.ogv=01;35:*.ogx=01;35:*.aac=00;36:*.au=00;36:*.flac=00;36:*.m4a=00;36:*.mid=00;36:*.midi=00;36:*.mka=00;36:*.mp3=00;36:*.mpc=00;36:*.ogg=00;36:*.ra=00;36:*.wav=00;36:*.oga=00;36:*.opus=00;36:*.spx=00;36:*.xspf=00;36:', 'VSCODE_GIT_IPC_HANDLE': '/run/user/1000/vscode-git-a9f1ef9bc6.sock', 'TERM_PROGRAM': 'vscode', 'ROS_DOMAIN_ID': '1', 'AMENT_PREFIX_PATH': '/home/ubuntu/spas_ws/install/spas_planning:/home/ubuntu/spas_ws/install/spas_perception:/home/ubuntu/spas_ws/install/spas_control:/home/ubuntu/spas_ws/install/spas_bringup:/home/ubuntu/spas_ws/install/sllidar_ros2:/home/ubuntu/spas_ws/install/slam_toolbox:/opt/ros/humble', 'SHELL': '/bin/bash', 'LESSCLOSE': '/usr/bin/lesspipe %s %s', 'VSCODE_GIT_ASKPASS_EXTRA_ARGS': '', 'PWD': '/home/ubuntu/spas_ws/build/spas_control', 'LC_ALL': 'en_US.UTF-8', 'SSH_CONNECTION': '192.168.236.158 64914 192.168.236.18 22', 'PYTHONPATH': '/home/ubuntu/spas_ws/build/spas_control/prefix_override:/usr/lib/python3/dist-packages/colcon_core/task/python/colcon_distutils_commands:/home/ubuntu/spas_ws/install/spas_control/lib/python3.10/site-packages:/home/ubuntu/spas_ws/build/spas_planning:/home/ubuntu/spas_ws/install/spas_planning/lib/python3.10/site-packages:/home/ubuntu/spas_ws/build/spas_perception:/home/ubuntu/spas_ws/install/spas_perception/lib/python3.10/site-packages:/home/ubuntu/spas_ws/build/spas_control:/home/ubuntu/spas_ws/install/spas_control/lib/python3.10/site-packages:/home/ubuntu/spas_ws/install/slam_toolbox/local/lib/python3.10/dist-packages:/opt/ros/humble/lib/python3.10/site-packages:/opt/ros/humble/local/lib/python3.10/dist-packages:/usr/local/lib/python3/dist-packages', 'COLCON': '1', 'CMAKE_PREFIX_PATH': '/home/ubuntu/spas_ws/install/spas_bringup:/home/ubuntu/spas_ws/install/sllidar_ros2:/home/ubuntu/spas_ws/install/slam_toolbox'}, 'shell': False}
[16.022482] (slam_toolbox) StdoutLine: {'line': b'-- Install configuration: "Release"\n'}
[16.029138] (slam_toolbox) StdoutLine: {'line': b'-- Execute custom install script\n'}
[16.036980] (slam_toolbox) StdoutLine: {'line': b'-- Up-to-date symlink: /home/ubuntu/spas_ws/install/slam_toolbox/include//karto_sdk/Karto.h\n'}
[16.041634] (slam_toolbox) StdoutLine: {'line': b'-- Up-to-date symlink: /home/ubuntu/spas_ws/install/slam_toolbox/include//karto_sdk/Macros.h\n'}
[16.055584] (-) TimerEvent: {}
[16.057969] (slam_toolbox) StdoutLine: {'line': b'-- Up-to-date symlink: /home/ubuntu/spas_ws/install/slam_toolbox/include//karto_sdk/Mapper.h\n'}
[16.058983] (slam_toolbox) StdoutLine: {'line': b'-- Up-to-date symlink: /home/ubuntu/spas_ws/install/slam_toolbox/include//karto_sdk/Math.h\n'}
[16.060060] (slam_toolbox) StdoutLine: {'line': b'-- Up-to-date symlink: /home/ubuntu/spas_ws/install/slam_toolbox/include//karto_sdk/Types.h\n'}
[16.061714] (slam_toolbox) StdoutLine: {'line': b'-- Up-to-date symlink: /home/ubuntu/spas_ws/install/slam_toolbox/include//karto_sdk/nanoflann.hpp\n'}
[16.067007] (slam_toolbox) StdoutLine: {'line': b'-- Up-to-date symlink: /home/ubuntu/spas_ws/install/slam_toolbox/include//karto_sdk/nanoflann_adaptors.h\n'}
[16.071164] (slam_toolbox) StdoutLine: {'line': b'-- Up-to-date symlink: /home/ubuntu/spas_ws/install/slam_toolbox/share/ament_index/resource_index/rosidl_interfaces/slam_toolbox\n'}
[16.088501] (slam_toolbox) StdoutLine: {'line': b'-- Up-to-date symlink: /home/ubuntu/spas_ws/install/slam_toolbox/include/slam_toolbox/slam_toolbox/msg/rosidl_generator_c__visibility_control.h\n'}
[16.091910] (slam_toolbox) StdoutLine: {'line': b'-- Up-to-date symlink: /home/ubuntu/spas_ws/install/slam_toolbox/include/slam_toolbox/slam_toolbox/srv/add_submap.h\n'}
[16.095520] (slam_toolbox) StdoutLine: {'line': b'-- Up-to-date symlink: /home/ubuntu/spas_ws/install/slam_toolbox/include/slam_toolbox/slam_toolbox/srv/clear.h\n'}
[16.098799] (slam_toolbox) StdoutLine: {'line': b'-- Up-to-date symlink: /home/ubuntu/spas_ws/install/slam_toolbox/include/slam_toolbox/slam_toolbox/srv/clear_queue.h\n'}
[16.102281] (slam_toolbox) StdoutLine: {'line': b'-- Up-to-date symlink: /home/ubuntu/spas_ws/install/slam_toolbox/include/slam_toolbox/slam_toolbox/srv/deserialize_pose_graph.h\n'}
[16.105683] (slam_toolbox) StdoutLine: {'line': b'-- Up-to-date symlink: /home/ubuntu/spas_ws/install/slam_toolbox/include/slam_toolbox/slam_toolbox/srv/detail/add_submap__functions.h\n'}
[16.116071] (slam_toolbox) StdoutLine: {'line': b'-- Up-to-date symlink: /home/ubuntu/spas_ws/install/slam_toolbox/include/slam_toolbox/slam_toolbox/srv/detail/add_submap__struct.h\n'}
[16.121832] (slam_toolbox) StdoutLine: {'line': b'-- Up-to-date symlink: /home/ubuntu/spas_ws/install/slam_toolbox/include/slam_toolbox/slam_toolbox/srv/detail/add_submap__type_support.h\n'}
[16.125538] (slam_toolbox) StdoutLine: {'line': b'-- Up-to-date symlink: /home/ubuntu/spas_ws/install/slam_toolbox/include/slam_toolbox/slam_toolbox/srv/detail/clear__functions.h\n'}
[16.128739] (slam_toolbox) StdoutLine: {'line': b'-- Up-to-date symlink: /home/ubuntu/spas_ws/install/slam_toolbox/include/slam_toolbox/slam_toolbox/srv/detail/clear__struct.h\n'}
[16.142016] (slam_toolbox) StdoutLine: {'line': b'-- Up-to-date symlink: /home/ubuntu/spas_ws/install/slam_toolbox/include/slam_toolbox/slam_toolbox/srv/detail/clear__type_support.h\n'}
[16.145641] (slam_toolbox) StdoutLine: {'line': b'-- Up-to-date symlink: /home/ubuntu/spas_ws/install/slam_toolbox/include/slam_toolbox/slam_toolbox/srv/detail/clear_queue__functions.h\n'}
[16.149282] (slam_toolbox) StdoutLine: {'line': b'-- Up-to-date symlink: /home/ubuntu/spas_ws/install/slam_toolbox/include/slam_toolbox/slam_toolbox/srv/detail/clear_queue__struct.h\n'}
[16.153098] (slam_toolbox) StdoutLine: {'line': b'-- Up-to-date symlink: /home/ubuntu/spas_ws/install/slam_toolbox/include/slam_toolbox/slam_toolbox/srv/detail/clear_queue__type_support.h\n'}
[16.155931] (-) TimerEvent: {}
[16.158042] (slam_toolbox) StdoutLine: {'line': b'-- Up-to-date symlink: /home/ubuntu/spas_ws/install/slam_toolbox/include/slam_toolbox/slam_toolbox/srv/detail/deserialize_pose_graph__functions.h\n'}
[16.161068] (slam_toolbox) StdoutLine: {'line': b'-- Up-to-date symlink: /home/ubuntu/spas_ws/install/slam_toolbox/include/slam_toolbox/slam_toolbox/srv/detail/deserialize_pose_graph__struct.h\n'}
[16.164603] (slam_toolbox) StdoutLine: {'line': b'-- Up-to-date symlink: /home/ubuntu/spas_ws/install/slam_toolbox/include/slam_toolbox/slam_toolbox/srv/detail/deserialize_pose_graph__type_support.h\n'}
[16.170888] (slam_toolbox) StdoutLine: {'line': b'-- Up-to-date symlink: /home/ubuntu/spas_ws/install/slam_toolbox/include/slam_toolbox/slam_toolbox/srv/detail/loop_closure__functions.h\n'}
[16.177511] (slam_toolbox) StdoutLine: {'line': b'-- Up-to-date symlink: /home/ubuntu/spas_ws/install/slam_toolbox/include/slam_toolbox/slam_toolbox/srv/detail/loop_closure__struct.h\n'}
[16.180542] (slam_toolbox) StdoutLine: {'line': b'-- Up-to-date symlink: /home/ubuntu/spas_ws/install/slam_toolbox/include/slam_toolbox/slam_toolbox/srv/detail/loop_closure__type_support.h\n'}
[16.183107] (slam_toolbox) StdoutLine: {'line': b'-- Up-to-date symlink: /home/ubuntu/spas_ws/install/slam_toolbox/include/slam_toolbox/slam_toolbox/srv/detail/merge_maps__functions.h\n'}
[16.185927] (slam_toolbox) StdoutLine: {'line': b'-- Up-to-date symlink: /home/ubuntu/spas_ws/install/slam_toolbox/include/slam_toolbox/slam_toolbox/srv/detail/merge_maps__struct.h\n'}
[16.189422] (slam_toolbox) StdoutLine: {'line': b'-- Up-to-date symlink: /home/ubuntu/spas_ws/install/slam_toolbox/include/slam_toolbox/slam_toolbox/srv/detail/merge_maps__type_support.h\n'}
[16.192557] (slam_toolbox) StdoutLine: {'line': b'-- Up-to-date symlink: /home/ubuntu/spas_ws/install/slam_toolbox/include/slam_toolbox/slam_toolbox/srv/detail/pause__functions.h\n'}
[16.196008] (slam_toolbox) StdoutLine: {'line': b'-- Up-to-date symlink: /home/ubuntu/spas_ws/install/slam_toolbox/include/slam_toolbox/slam_toolbox/srv/detail/pause__struct.h\n'}
[16.199345] (slam_toolbox) StdoutLine: {'line': b'-- Up-to-date symlink: /home/ubuntu/spas_ws/install/slam_toolbox/include/slam_toolbox/slam_toolbox/srv/detail/pause__type_support.h\n'}
[16.202641] (slam_toolbox) StdoutLine: {'line': b'-- Up-to-date symlink: /home/ubuntu/spas_ws/install/slam_toolbox/include/slam_toolbox/slam_toolbox/srv/detail/save_map__functions.h\n'}
[16.205920] (slam_toolbox) StdoutLine: {'line': b'-- Up-to-date symlink: /home/ubuntu/spas_ws/install/slam_toolbox/include/slam_toolbox/slam_toolbox/srv/detail/save_map__struct.h\n'}
[16.209492] (slam_toolbox) StdoutLine: {'line': b'-- Up-to-date symlink: /home/ubuntu/spas_ws/install/slam_toolbox/include/slam_toolbox/slam_toolbox/srv/detail/save_map__type_support.h\n'}
[16.212870] (slam_toolbox) StdoutLine: {'line': b'-- Up-to-date symlink: /home/ubuntu/spas_ws/install/slam_toolbox/include/slam_toolbox/slam_toolbox/srv/detail/serialize_pose_graph__functions.h\n'}
[16.216425] (slam_toolbox) StdoutLine: {'line': b'-- Up-to-date symlink: /home/ubuntu/spas_ws/install/slam_toolbox/include/slam_toolbox/slam_toolbox/srv/detail/serialize_pose_graph__struct.h\n'}
[16.219749] (slam_toolbox) StdoutLine: {'line': b'-- Up-to-date symlink: /home/ubuntu/spas_ws/install/slam_toolbox/include/slam_toolbox/slam_toolbox/srv/detail/serialize_pose_graph__type_support.h\n'}
[16.222999] (slam_toolbox) StdoutLine: {'line': b'-- Up-to-date symlink: /home/ubuntu/spas_ws/install/slam_toolbox/include/slam_toolbox/slam_toolbox/srv/detail/toggle_interactive__functions.h\n'}
[16.226712] (slam_toolbox) StdoutLine: {'line': b'-- Up-to-date symlink: /home/ubuntu/spas_ws/install/slam_toolbox/include/slam_toolbox/slam_toolbox/srv/detail/toggle_interactive__struct.h\n'}
[16.230000] (slam_toolbox) StdoutLine: {'line': b'-- Up-to-date symlink: /home/ubuntu/spas_ws/install/slam_toolbox/include/slam_toolbox/slam_toolbox/srv/detail/toggle_interactive__type_support.h\n'}
[16.233160] (slam_toolbox) StdoutLine: {'line': b'-- Up-to-date symlink: /home/ubuntu/spas_ws/install/slam_toolbox/include/slam_toolbox/slam_toolbox/srv/loop_closure.h\n'}
[16.236313] (slam_toolbox) StdoutLine: {'line': b'-- Up-to-date symlink: /home/ubuntu/spas_ws/install/slam_toolbox/include/slam_toolbox/slam_toolbox/srv/merge_maps.h\n'}
[16.239654] (slam_toolbox) StdoutLine: {'line': b'-- Up-to-date symlink: /home/ubuntu/spas_ws/install/slam_toolbox/include/slam_toolbox/slam_toolbox/srv/pause.h\n'}
[16.242835] (slam_toolbox) StdoutLine: {'line': b'-- Up-to-date symlink: /home/ubuntu/spas_ws/install/slam_toolbox/include/slam_toolbox/slam_toolbox/srv/save_map.h\n'}
[16.246239] (slam_toolbox) StdoutLine: {'line': b'-- Up-to-date symlink: /home/ubuntu/spas_ws/install/slam_toolbox/include/slam_toolbox/slam_toolbox/srv/serialize_pose_graph.h\n'}
[16.249591] (slam_toolbox) StdoutLine: {'line': b'-- Up-to-date symlink: /home/ubuntu/spas_ws/install/slam_toolbox/include/slam_toolbox/slam_toolbox/srv/toggle_interactive.h\n'}
[16.252834] (slam_toolbox) StdoutLine: {'line': b'-- Up-to-date symlink: /home/ubuntu/spas_ws/install/slam_toolbox/share/slam_toolbox/environment/library_path.sh\n'}
[16.255943] (slam_toolbox) StdoutLine: {'line': b'-- Up-to-date symlink: /home/ubuntu/spas_ws/install/slam_toolbox/share/slam_toolbox/environment/library_path.dsv\n'}
[16.256612] (-) TimerEvent: {}
[16.270389] (slam_toolbox) StdoutLine: {'line': b'-- Up-to-date symlink: /home/ubuntu/spas_ws/install/slam_toolbox/include/slam_toolbox/slam_toolbox/msg/rosidl_typesupport_fastrtps_c__visibility_control.h\n'}
[16.273881] (slam_toolbox) StdoutLine: {'line': b'-- Up-to-date symlink: /home/ubuntu/spas_ws/install/slam_toolbox/include/slam_toolbox/slam_toolbox/srv/detail/add_submap__rosidl_typesupport_fastrtps_c.h\n'}
[16.277301] (slam_toolbox) StdoutLine: {'line': b'-- Up-to-date symlink: /home/ubuntu/spas_ws/install/slam_toolbox/include/slam_toolbox/slam_toolbox/srv/detail/clear__rosidl_typesupport_fastrtps_c.h\n'}
[16.280642] (slam_toolbox) StdoutLine: {'line': b'-- Up-to-date symlink: /home/ubuntu/spas_ws/install/slam_toolbox/include/slam_toolbox/slam_toolbox/srv/detail/clear_queue__rosidl_typesupport_fastrtps_c.h\n'}
[16.285281] (slam_toolbox) StdoutLine: {'line': b'-- Up-to-date symlink: /home/ubuntu/spas_ws/install/slam_toolbox/include/slam_toolbox/slam_toolbox/srv/detail/deserialize_pose_graph__rosidl_typesupport_fastrtps_c.h\n'}
[16.288464] (slam_toolbox) StdoutLine: {'line': b'-- Up-to-date symlink: /home/ubuntu/spas_ws/install/slam_toolbox/include/slam_toolbox/slam_toolbox/srv/detail/loop_closure__rosidl_typesupport_fastrtps_c.h\n'}
[16.292093] (slam_toolbox) StdoutLine: {'line': b'-- Up-to-date symlink: /home/ubuntu/spas_ws/install/slam_toolbox/include/slam_toolbox/slam_toolbox/srv/detail/merge_maps__rosidl_typesupport_fastrtps_c.h\n'}
[16.295584] (slam_toolbox) StdoutLine: {'line': b'-- Up-to-date symlink: /home/ubuntu/spas_ws/install/slam_toolbox/include/slam_toolbox/slam_toolbox/srv/detail/pause__rosidl_typesupport_fastrtps_c.h\n'}
[16.298087] (slam_toolbox) StdoutLine: {'line': b'-- Up-to-date symlink: /home/ubuntu/spas_ws/install/slam_toolbox/include/slam_toolbox/slam_toolbox/srv/detail/save_map__rosidl_typesupport_fastrtps_c.h\n'}
[16.300447] (slam_toolbox) StdoutLine: {'line': b'-- Up-to-date symlink: /home/ubuntu/spas_ws/install/slam_toolbox/include/slam_toolbox/slam_toolbox/srv/detail/serialize_pose_graph__rosidl_typesupport_fastrtps_c.h\n'}
[16.303024] (slam_toolbox) StdoutLine: {'line': b'-- Up-to-date symlink: /home/ubuntu/spas_ws/install/slam_toolbox/include/slam_toolbox/slam_toolbox/srv/detail/toggle_interactive__rosidl_typesupport_fastrtps_c.h\n'}
[16.313594] (slam_toolbox) StdoutLine: {'line': b'-- Up-to-date symlink: /home/ubuntu/spas_ws/install/slam_toolbox/include/slam_toolbox/slam_toolbox/msg/rosidl_generator_cpp__visibility_control.hpp\n'}
[16.315878] (slam_toolbox) StdoutLine: {'line': b'-- Up-to-date symlink: /home/ubuntu/spas_ws/install/slam_toolbox/include/slam_toolbox/slam_toolbox/srv/add_submap.hpp\n'}
[16.318135] (slam_toolbox) StdoutLine: {'line': b'-- Up-to-date symlink: /home/ubuntu/spas_ws/install/slam_toolbox/include/slam_toolbox/slam_toolbox/srv/clear.hpp\n'}
[16.320211] (slam_toolbox) StdoutLine: {'line': b'-- Up-to-date symlink: /home/ubuntu/spas_ws/install/slam_toolbox/include/slam_toolbox/slam_toolbox/srv/clear_queue.hpp\n'}
[16.322492] (slam_toolbox) StdoutLine: {'line': b'-- Up-to-date symlink: /home/ubuntu/spas_ws/install/slam_toolbox/include/slam_toolbox/slam_toolbox/srv/deserialize_pose_graph.hpp\n'}
[16.324838] (slam_toolbox) StdoutLine: {'line': b'-- Up-to-date symlink: /home/ubuntu/spas_ws/install/slam_toolbox/include/slam_toolbox/slam_toolbox/srv/detail/add_submap__builder.hpp\n'}
[16.327217] (slam_toolbox) StdoutLine: {'line': b'-- Up-to-date symlink: /home/ubuntu/spas_ws/install/slam_toolbox/include/slam_toolbox/slam_toolbox/srv/detail/add_submap__struct.hpp\n'}
[16.329574] (slam_toolbox) StdoutLine: {'line': b'-- Up-to-date symlink: /home/ubuntu/spas_ws/install/slam_toolbox/include/slam_toolbox/slam_toolbox/srv/detail/add_submap__traits.hpp\n'}
[16.331936] (slam_toolbox) StdoutLine: {'line': b'-- Up-to-date symlink: /home/ubuntu/spas_ws/install/slam_toolbox/include/slam_toolbox/slam_toolbox/srv/detail/add_submap__type_support.hpp\n'}
[16.334206] (slam_toolbox) StdoutLine: {'line': b'-- Up-to-date symlink: /home/ubuntu/spas_ws/install/slam_toolbox/include/slam_toolbox/slam_toolbox/srv/detail/clear__builder.hpp\n'}
[16.336535] (slam_toolbox) StdoutLine: {'line': b'-- Up-to-date symlink: /home/ubuntu/spas_ws/install/slam_toolbox/include/slam_toolbox/slam_toolbox/srv/detail/clear__struct.hpp\n'}
[16.339043] (slam_toolbox) StdoutLine: {'line': b'-- Up-to-date symlink: /home/ubuntu/spas_ws/install/slam_toolbox/include/slam_toolbox/slam_toolbox/srv/detail/clear__traits.hpp\n'}
[16.341709] (slam_toolbox) StdoutLine: {'line': b'-- Up-to-date symlink: /home/ubuntu/spas_ws/install/slam_toolbox/include/slam_toolbox/slam_toolbox/srv/detail/clear__type_support.hpp\n'}
[16.344409] (slam_toolbox) StdoutLine: {'line': b'-- Up-to-date symlink: /home/ubuntu/spas_ws/install/slam_toolbox/include/slam_toolbox/slam_toolbox/srv/detail/clear_queue__builder.hpp\n'}
[16.346934] (slam_toolbox) StdoutLine: {'line': b'-- Up-to-date symlink: /home/ubuntu/spas_ws/install/slam_toolbox/include/slam_toolbox/slam_toolbox/srv/detail/clear_queue__struct.hpp\n'}
[16.350077] (slam_toolbox) StdoutLine: {'line': b'-- Up-to-date symlink: /home/ubuntu/spas_ws/install/slam_toolbox/include/slam_toolbox/slam_toolbox/srv/detail/clear_queue__traits.hpp\n'}
[16.356898] (-) TimerEvent: {}
[16.367968] (slam_toolbox) StdoutLine: {'line': b'-- Up-to-date symlink: /home/ubuntu/spas_ws/install/slam_toolbox/include/slam_toolbox/slam_toolbox/srv/detail/clear_queue__type_support.hpp\n'}
[16.370440] (slam_toolbox) StdoutLine: {'line': b'-- Up-to-date symlink: /home/ubuntu/spas_ws/install/slam_toolbox/include/slam_toolbox/slam_toolbox/srv/detail/deserialize_pose_graph__builder.hpp\n'}
[16.372729] (slam_toolbox) StdoutLine: {'line': b'-- Up-to-date symlink: /home/ubuntu/spas_ws/install/slam_toolbox/include/slam_toolbox/slam_toolbox/srv/detail/deserialize_pose_graph__struct.hpp\n'}
[16.376591] (slam_toolbox) StdoutLine: {'line': b'-- Up-to-date symlink: /home/ubuntu/spas_ws/install/slam_toolbox/include/slam_toolbox/slam_toolbox/srv/detail/deserialize_pose_graph__traits.hpp\n'}
[16.379013] (slam_toolbox) StdoutLine: {'line': b'-- Up-to-date symlink: /home/ubuntu/spas_ws/install/slam_toolbox/include/slam_toolbox/slam_toolbox/srv/detail/deserialize_pose_graph__type_support.hpp\n'}
[16.381425] (slam_toolbox) StdoutLine: {'line': b'-- Up-to-date symlink: /home/ubuntu/spas_ws/install/slam_toolbox/include/slam_toolbox/slam_toolbox/srv/detail/loop_closure__builder.hpp\n'}
[16.384031] (slam_toolbox) StdoutLine: {'line': b'-- Up-to-date symlink: /home/ubuntu/spas_ws/install/slam_toolbox/include/slam_toolbox/slam_toolbox/srv/detail/loop_closure__struct.hpp\n'}
[16.386400] (slam_toolbox) StdoutLine: {'line': b'-- Up-to-date symlink: /home/ubuntu/spas_ws/install/slam_toolbox/include/slam_toolbox/slam_toolbox/srv/detail/loop_closure__traits.hpp\n'}
[16.390553] (slam_toolbox) StdoutLine: {'line': b'-- Up-to-date symlink: /home/ubuntu/spas_ws/install/slam_toolbox/include/slam_toolbox/slam_toolbox/srv/detail/loop_closure__type_support.hpp\n'}
[16.393964] (slam_toolbox) StdoutLine: {'line': b'-- Up-to-date symlink: /home/ubuntu/spas_ws/install/slam_toolbox/include/slam_toolbox/slam_toolbox/srv/detail/merge_maps__builder.hpp\n'}
[16.396236] (slam_toolbox) StdoutLine: {'line': b'-- Up-to-date symlink: /home/ubuntu/spas_ws/install/slam_toolbox/include/slam_toolbox/slam_toolbox/srv/detail/merge_maps__struct.hpp\n'}
[16.398805] (slam_toolbox) StdoutLine: {'line': b'-- Up-to-date symlink: /home/ubuntu/spas_ws/install/slam_toolbox/include/slam_toolbox/slam_toolbox/srv/detail/merge_maps__traits.hpp\n'}
[16.401831] (slam_toolbox) StdoutLine: {'line': b'-- Up-to-date symlink: /home/ubuntu/spas_ws/install/slam_toolbox/include/slam_toolbox/slam_toolbox/srv/detail/merge_maps__type_support.hpp\n'}
[16.404103] (slam_toolbox) StdoutLine: {'line': b'-- Up-to-date symlink: /home/ubuntu/spas_ws/install/slam_toolbox/include/slam_toolbox/slam_toolbox/srv/detail/pause__builder.hpp\n'}
[16.407014] (slam_toolbox) StdoutLine: {'line': b'-- Up-to-date symlink: /home/ubuntu/spas_ws/install/slam_toolbox/include/slam_toolbox/slam_toolbox/srv/detail/pause__struct.hpp\n'}
[16.410020] (slam_toolbox) StdoutLine: {'line': b'-- Up-to-date symlink: /home/ubuntu/spas_ws/install/slam_toolbox/include/slam_toolbox/slam_toolbox/srv/detail/pause__traits.hpp\n'}
[16.412866] (slam_toolbox) StdoutLine: {'line': b'-- Up-to-date symlink: /home/ubuntu/spas_ws/install/slam_toolbox/include/slam_toolbox/slam_toolbox/srv/detail/pause__type_support.hpp\n'}
[16.415712] (slam_toolbox) StdoutLine: {'line': b'-- Up-to-date symlink: /home/ubuntu/spas_ws/install/slam_toolbox/include/slam_toolbox/slam_toolbox/srv/detail/save_map__builder.hpp\n'}
[16.418598] (slam_toolbox) StdoutLine: {'line': b'-- Up-to-date symlink: /home/ubuntu/spas_ws/install/slam_toolbox/include/slam_toolbox/slam_toolbox/srv/detail/save_map__struct.hpp\n'}
[16.421383] (slam_toolbox) StdoutLine: {'line': b'-- Up-to-date symlink: /home/ubuntu/spas_ws/install/slam_toolbox/include/slam_toolbox/slam_toolbox/srv/detail/save_map__traits.hpp\n'}
[16.424159] (slam_toolbox) StdoutLine: {'line': b'-- Up-to-date symlink: /home/ubuntu/spas_ws/install/slam_toolbox/include/slam_toolbox/slam_toolbox/srv/detail/save_map__type_support.hpp\n'}
[16.428509] (slam_toolbox) StdoutLine: {'line': b'-- Up-to-date symlink: /home/ubuntu/spas_ws/install/slam_toolbox/include/slam_toolbox/slam_toolbox/srv/detail/serialize_pose_graph__builder.hpp\n'}
[16.433494] (slam_toolbox) StdoutLine: {'line': b'-- Up-to-date symlink: /home/ubuntu/spas_ws/install/slam_toolbox/include/slam_toolbox/slam_toolbox/srv/detail/serialize_pose_graph__struct.hpp\n'}
[16.438642] (slam_toolbox) StdoutLine: {'line': b'-- Up-to-date symlink: /home/ubuntu/spas_ws/install/slam_toolbox/include/slam_toolbox/slam_toolbox/srv/detail/serialize_pose_graph__traits.hpp\n'}
[16.442042] (slam_toolbox) StdoutLine: {'line': b'-- Up-to-date symlink: /home/ubuntu/spas_ws/install/slam_toolbox/include/slam_toolbox/slam_toolbox/srv/detail/serialize_pose_graph__type_support.hpp\n'}
[16.445244] (slam_toolbox) StdoutLine: {'line': b'-- Up-to-date symlink: /home/ubuntu/spas_ws/install/slam_toolbox/include/slam_toolbox/slam_toolbox/srv/detail/toggle_interactive__builder.hpp\n'}
[16.448053] (slam_toolbox) StdoutLine: {'line': b'-- Up-to-date symlink: /home/ubuntu/spas_ws/install/slam_toolbox/include/slam_toolbox/slam_toolbox/srv/detail/toggle_interactive__struct.hpp\n'}
[16.450619] (slam_toolbox) StdoutLine: {'line': b'-- Up-to-date symlink: /home/ubuntu/spas_ws/install/slam_toolbox/include/slam_toolbox/slam_toolbox/srv/detail/toggle_interactive__traits.hpp\n'}
[16.458141] (-) TimerEvent: {}
[16.460427] (slam_toolbox) StdoutLine: {'line': b'-- Up-to-date symlink: /home/ubuntu/spas_ws/install/slam_toolbox/include/slam_toolbox/slam_toolbox/srv/detail/toggle_interactive__type_support.hpp\n'}
[16.463349] (slam_toolbox) StdoutLine: {'line': b'-- Up-to-date symlink: /home/ubuntu/spas_ws/install/slam_toolbox/include/slam_toolbox/slam_toolbox/srv/loop_closure.hpp\n'}
[16.469637] (slam_toolbox) StdoutLine: {'line': b'-- Up-to-date symlink: /home/ubuntu/spas_ws/install/slam_toolbox/include/slam_toolbox/slam_toolbox/srv/merge_maps.hpp\n'}
[16.486542] (slam_toolbox) StdoutLine: {'line': b'-- Up-to-date symlink: /home/ubuntu/spas_ws/install/slam_toolbox/include/slam_toolbox/slam_toolbox/srv/pause.hpp\n'}
[16.501008] (slam_toolbox) StdoutLine: {'line': b'-- Up-to-date symlink: /home/ubuntu/spas_ws/install/slam_toolbox/include/slam_toolbox/slam_toolbox/srv/save_map.hpp\n'}
[16.504266] (slam_toolbox) StdoutLine: {'line': b'-- Up-to-date symlink: /home/ubuntu/spas_ws/install/slam_toolbox/include/slam_toolbox/slam_toolbox/srv/serialize_pose_graph.hpp\n'}
[16.508048] (slam_toolbox) StdoutLine: {'line': b'-- Up-to-date symlink: /home/ubuntu/spas_ws/install/slam_toolbox/include/slam_toolbox/slam_toolbox/srv/toggle_interactive.hpp\n'}
[16.517644] (slam_toolbox) StdoutLine: {'line': b'-- Up-to-date symlink: /home/ubuntu/spas_ws/install/slam_toolbox/include/slam_toolbox/slam_toolbox/msg/rosidl_typesupport_fastrtps_cpp__visibility_control.h\n'}
[16.519979] (slam_toolbox) StdoutLine: {'line': b'-- Up-to-date symlink: /home/ubuntu/spas_ws/install/slam_toolbox/include/slam_toolbox/slam_toolbox/srv/detail/add_submap__rosidl_typesupport_fastrtps_cpp.hpp\n'}
[16.522386] (slam_toolbox) StdoutLine: {'line': b'-- Up-to-date symlink: /home/ubuntu/spas_ws/install/slam_toolbox/include/slam_toolbox/slam_toolbox/srv/detail/clear__rosidl_typesupport_fastrtps_cpp.hpp\n'}
[16.524724] (slam_toolbox) StdoutLine: {'line': b'-- Up-to-date symlink: /home/ubuntu/spas_ws/install/slam_toolbox/include/slam_toolbox/slam_toolbox/srv/detail/clear_queue__rosidl_typesupport_fastrtps_cpp.hpp\n'}
[16.527106] (slam_toolbox) StdoutLine: {'line': b'-- Up-to-date symlink: /home/ubuntu/spas_ws/install/slam_toolbox/include/slam_toolbox/slam_toolbox/srv/detail/deserialize_pose_graph__rosidl_typesupport_fastrtps_cpp.hpp\n'}
[16.529476] (slam_toolbox) StdoutLine: {'line': b'-- Up-to-date symlink: /home/ubuntu/spas_ws/install/slam_toolbox/include/slam_toolbox/slam_toolbox/srv/detail/loop_closure__rosidl_typesupport_fastrtps_cpp.hpp\n'}
[16.531837] (slam_toolbox) StdoutLine: {'line': b'-- Up-to-date symlink: /home/ubuntu/spas_ws/install/slam_toolbox/include/slam_toolbox/slam_toolbox/srv/detail/merge_maps__rosidl_typesupport_fastrtps_cpp.hpp\n'}
[16.534003] (slam_toolbox) StdoutLine: {'line': b'-- Up-to-date symlink: /home/ubuntu/spas_ws/install/slam_toolbox/include/slam_toolbox/slam_toolbox/srv/detail/pause__rosidl_typesupport_fastrtps_cpp.hpp\n'}
[16.536671] (slam_toolbox) StdoutLine: {'line': b'-- Up-to-date symlink: /home/ubuntu/spas_ws/install/slam_toolbox/include/slam_toolbox/slam_toolbox/srv/detail/save_map__rosidl_typesupport_fastrtps_cpp.hpp\n'}
[16.539294] (slam_toolbox) StdoutLine: {'line': b'-- Up-to-date symlink: /home/ubuntu/spas_ws/install/slam_toolbox/include/slam_toolbox/slam_toolbox/srv/detail/serialize_pose_graph__rosidl_typesupport_fastrtps_cpp.hpp\n'}
[16.541984] (slam_toolbox) StdoutLine: {'line': b'-- Up-to-date symlink: /home/ubuntu/spas_ws/install/slam_toolbox/include/slam_toolbox/slam_toolbox/srv/detail/toggle_interactive__rosidl_typesupport_fastrtps_cpp.hpp\n'}
[16.548104] (slam_toolbox) StdoutLine: {'line': b'-- Up-to-date symlink: /home/ubuntu/spas_ws/install/slam_toolbox/include/slam_toolbox/slam_toolbox/msg/rosidl_typesupport_introspection_c__visibility_control.h\n'}
[16.550767] (slam_toolbox) StdoutLine: {'line': b'-- Up-to-date symlink: /home/ubuntu/spas_ws/install/slam_toolbox/include/slam_toolbox/slam_toolbox/srv/detail/add_submap__rosidl_typesupport_introspection_c.h\n'}
[16.553406] (slam_toolbox) StdoutLine: {'line': b'-- Up-to-date symlink: /home/ubuntu/spas_ws/install/slam_toolbox/include/slam_toolbox/slam_toolbox/srv/detail/clear__rosidl_typesupport_introspection_c.h\n'}
[16.555882] (slam_toolbox) StdoutLine: {'line': b'-- Up-to-date symlink: /home/ubuntu/spas_ws/install/slam_toolbox/include/slam_toolbox/slam_toolbox/srv/detail/clear_queue__rosidl_typesupport_introspection_c.h\n'}
[16.558430] (-) TimerEvent: {}
[16.559938] (slam_toolbox) StdoutLine: {'line': b'-- Up-to-date symlink: /home/ubuntu/spas_ws/install/slam_toolbox/include/slam_toolbox/slam_toolbox/srv/detail/deserialize_pose_graph__rosidl_typesupport_introspection_c.h\n'}
[16.562770] (slam_toolbox) StdoutLine: {'line': b'-- Up-to-date symlink: /home/ubuntu/spas_ws/install/slam_toolbox/include/slam_toolbox/slam_toolbox/srv/detail/loop_closure__rosidl_typesupport_introspection_c.h\n'}
[16.568400] (slam_toolbox) StdoutLine: {'line': b'-- Up-to-date symlink: /home/ubuntu/spas_ws/install/slam_toolbox/include/slam_toolbox/slam_toolbox/srv/detail/merge_maps__rosidl_typesupport_introspection_c.h\n'}
[16.571916] (slam_toolbox) StdoutLine: {'line': b'-- Up-to-date symlink: /home/ubuntu/spas_ws/install/slam_toolbox/include/slam_toolbox/slam_toolbox/srv/detail/pause__rosidl_typesupport_introspection_c.h\n'}
[16.574661] (slam_toolbox) StdoutLine: {'line': b'-- Up-to-date symlink: /home/ubuntu/spas_ws/install/slam_toolbox/include/slam_toolbox/slam_toolbox/srv/detail/save_map__rosidl_typesupport_introspection_c.h\n'}
[16.577846] (slam_toolbox) StdoutLine: {'line': b'-- Up-to-date symlink: /home/ubuntu/spas_ws/install/slam_toolbox/include/slam_toolbox/slam_toolbox/srv/detail/serialize_pose_graph__rosidl_typesupport_introspection_c.h\n'}
[16.580975] (slam_toolbox) StdoutLine: {'line': b'-- Up-to-date symlink: /home/ubuntu/spas_ws/install/slam_toolbox/include/slam_toolbox/slam_toolbox/srv/detail/toggle_interactive__rosidl_typesupport_introspection_c.h\n'}
[16.593033] (slam_toolbox) StdoutLine: {'line': b'-- Up-to-date symlink: /home/ubuntu/spas_ws/install/slam_toolbox/include/slam_toolbox/slam_toolbox/srv/detail/add_submap__rosidl_typesupport_introspection_cpp.hpp\n'}
[16.595660] (slam_toolbox) StdoutLine: {'line': b'-- Up-to-date symlink: /home/ubuntu/spas_ws/install/slam_toolbox/include/slam_toolbox/slam_toolbox/srv/detail/clear__rosidl_typesupport_introspection_cpp.hpp\n'}
[16.603018] (slam_toolbox) StdoutLine: {'line': b'-- Up-to-date symlink: /home/ubuntu/spas_ws/install/slam_toolbox/include/slam_toolbox/slam_toolbox/srv/detail/clear_queue__rosidl_typesupport_introspection_cpp.hpp\n'}
[16.605391] (slam_toolbox) StdoutLine: {'line': b'-- Up-to-date symlink: /home/ubuntu/spas_ws/install/slam_toolbox/include/slam_toolbox/slam_toolbox/srv/detail/deserialize_pose_graph__rosidl_typesupport_introspection_cpp.hpp\n'}
[16.607569] (slam_toolbox) StdoutLine: {'line': b'-- Up-to-date symlink: /home/ubuntu/spas_ws/install/slam_toolbox/include/slam_toolbox/slam_toolbox/srv/detail/loop_closure__rosidl_typesupport_introspection_cpp.hpp\n'}
[16.609877] (slam_toolbox) StdoutLine: {'line': b'-- Up-to-date symlink: /home/ubuntu/spas_ws/install/slam_toolbox/include/slam_toolbox/slam_toolbox/srv/detail/merge_maps__rosidl_typesupport_introspection_cpp.hpp\n'}
[16.612188] (slam_toolbox) StdoutLine: {'line': b'-- Up-to-date symlink: /home/ubuntu/spas_ws/install/slam_toolbox/include/slam_toolbox/slam_toolbox/srv/detail/pause__rosidl_typesupport_introspection_cpp.hpp\n'}
[16.614920] (slam_toolbox) StdoutLine: {'line': b'-- Up-to-date symlink: /home/ubuntu/spas_ws/install/slam_toolbox/include/slam_toolbox/slam_toolbox/srv/detail/save_map__rosidl_typesupport_introspection_cpp.hpp\n'}
[16.618623] (slam_toolbox) StdoutLine: {'line': b'-- Up-to-date symlink: /home/ubuntu/spas_ws/install/slam_toolbox/include/slam_toolbox/slam_toolbox/srv/detail/serialize_pose_graph__rosidl_typesupport_introspection_cpp.hpp\n'}
[16.620859] (slam_toolbox) StdoutLine: {'line': b'-- Up-to-date symlink: /home/ubuntu/spas_ws/install/slam_toolbox/include/slam_toolbox/slam_toolbox/srv/detail/toggle_interactive__rosidl_typesupport_introspection_cpp.hpp\n'}
[16.623789] (slam_toolbox) StdoutLine: {'line': b'-- Up-to-date symlink: /home/ubuntu/spas_ws/install/slam_toolbox/share/slam_toolbox/environment/pythonpath.sh\n'}
[16.626449] (slam_toolbox) StdoutLine: {'line': b'-- Up-to-date symlink: /home/ubuntu/spas_ws/install/slam_toolbox/share/slam_toolbox/environment/pythonpath.dsv\n'}
[16.631045] (slam_toolbox) StdoutLine: {'line': b'-- Up-to-date symlink: /home/ubuntu/spas_ws/install/slam_toolbox/local/lib/python3.10/dist-packages/slam_toolbox-2.6.10-py3.10.egg-info/PKG-INFO\n'}
[16.633463] (slam_toolbox) StdoutLine: {'line': b'-- Up-to-date symlink: /home/ubuntu/spas_ws/install/slam_toolbox/local/lib/python3.10/dist-packages/slam_toolbox-2.6.10-py3.10.egg-info/SOURCES.txt\n'}
[16.635807] (slam_toolbox) StdoutLine: {'line': b'-- Up-to-date symlink: /home/ubuntu/spas_ws/install/slam_toolbox/local/lib/python3.10/dist-packages/slam_toolbox-2.6.10-py3.10.egg-info/dependency_links.txt\n'}
[16.638116] (slam_toolbox) StdoutLine: {'line': b'-- Up-to-date symlink: /home/ubuntu/spas_ws/install/slam_toolbox/local/lib/python3.10/dist-packages/slam_toolbox-2.6.10-py3.10.egg-info/top_level.txt\n'}
[16.649112] (slam_toolbox) StdoutLine: {'line': b'-- Up-to-date symlink: /home/ubuntu/spas_ws/install/slam_toolbox/local/lib/python3.10/dist-packages/slam_toolbox/__init__.py\n'}
[16.651282] (slam_toolbox) StdoutLine: {'line': b'-- Up-to-date symlink: /home/ubuntu/spas_ws/install/slam_toolbox/local/lib/python3.10/dist-packages/slam_toolbox/_slam_toolbox_s.ep.rosidl_typesupport_c.c\n'}
[16.653636] (slam_toolbox) StdoutLine: {'line': b'-- Up-to-date symlink: /home/ubuntu/spas_ws/install/slam_toolbox/local/lib/python3.10/dist-packages/slam_toolbox/_slam_toolbox_s.ep.rosidl_typesupport_fastrtps_c.c\n'}
[16.655832] (slam_toolbox) StdoutLine: {'line': b'-- Up-to-date symlink: /home/ubuntu/spas_ws/install/slam_toolbox/local/lib/python3.10/dist-packages/slam_toolbox/_slam_toolbox_s.ep.rosidl_typesupport_introspection_c.c\n'}
[16.658220] (slam_toolbox) StdoutLine: {'line': b'-- Up-to-date symlink: /home/ubuntu/spas_ws/install/slam_toolbox/local/lib/python3.10/dist-packages/slam_toolbox/libslam_toolbox__rosidl_generator_py.so\n'}
[16.667473] (-) TimerEvent: {}
[16.674683] (slam_toolbox) StdoutLine: {'line': b'-- Up-to-date symlink: /home/ubuntu/spas_ws/install/slam_toolbox/local/lib/python3.10/dist-packages/slam_toolbox/slam_toolbox_s__rosidl_typesupport_c.cpython-310-aarch64-linux-gnu.so\n'}
[16.675569] (slam_toolbox) StdoutLine: {'line': b'-- Up-to-date symlink: /home/ubuntu/spas_ws/install/slam_toolbox/local/lib/python3.10/dist-packages/slam_toolbox/slam_toolbox_s__rosidl_typesupport_fastrtps_c.cpython-310-aarch64-linux-gnu.so\n'}
[16.676360] (slam_toolbox) StdoutLine: {'line': b'-- Up-to-date symlink: /home/ubuntu/spas_ws/install/slam_toolbox/local/lib/python3.10/dist-packages/slam_toolbox/slam_toolbox_s__rosidl_typesupport_introspection_c.cpython-310-aarch64-linux-gnu.so\n'}
[16.680618] (slam_toolbox) StdoutLine: {'line': b'-- Up-to-date symlink: /home/ubuntu/spas_ws/install/slam_toolbox/local/lib/python3.10/dist-packages/slam_toolbox/srv/__init__.py\n'}
[16.683695] (slam_toolbox) StdoutLine: {'line': b'-- Up-to-date symlink: /home/ubuntu/spas_ws/install/slam_toolbox/local/lib/python3.10/dist-packages/slam_toolbox/srv/_add_submap.py\n'}
[16.687449] (slam_toolbox) StdoutLine: {'line': b'-- Up-to-date symlink: /home/ubuntu/spas_ws/install/slam_toolbox/local/lib/python3.10/dist-packages/slam_toolbox/srv/_add_submap_s.c\n'}
[16.693827] (slam_toolbox) StdoutLine: {'line': b'-- Up-to-date symlink: /home/ubuntu/spas_ws/install/slam_toolbox/local/lib/python3.10/dist-packages/slam_toolbox/srv/_clear.py\n'}
[16.698895] (slam_toolbox) StdoutLine: {'line': b'-- Up-to-date symlink: /home/ubuntu/spas_ws/install/slam_toolbox/local/lib/python3.10/dist-packages/slam_toolbox/srv/_clear_queue.py\n'}
[16.706821] (slam_toolbox) StdoutLine: {'line': b'-- Up-to-date symlink: /home/ubuntu/spas_ws/install/slam_toolbox/local/lib/python3.10/dist-packages/slam_toolbox/srv/_clear_queue_s.c\n'}
[16.710806] (slam_toolbox) StdoutLine: {'line': b'-- Up-to-date symlink: /home/ubuntu/spas_ws/install/slam_toolbox/local/lib/python3.10/dist-packages/slam_toolbox/srv/_clear_s.c\n'}
[16.716378] (slam_toolbox) StdoutLine: {'line': b'-- Up-to-date symlink: /home/ubuntu/spas_ws/install/slam_toolbox/local/lib/python3.10/dist-packages/slam_toolbox/srv/_deserialize_pose_graph.py\n'}
[16.726727] (slam_toolbox) StdoutLine: {'line': b'-- Up-to-date symlink: /home/ubuntu/spas_ws/install/slam_toolbox/local/lib/python3.10/dist-packages/slam_toolbox/srv/_deserialize_pose_graph_s.c\n'}
[16.731107] (slam_toolbox) StdoutLine: {'line': b'-- Up-to-date symlink: /home/ubuntu/spas_ws/install/slam_toolbox/local/lib/python3.10/dist-packages/slam_toolbox/srv/_loop_closure.py\n'}
[16.734682] (slam_toolbox) StdoutLine: {'line': b'-- Up-to-date symlink: /home/ubuntu/spas_ws/install/slam_toolbox/local/lib/python3.10/dist-packages/slam_toolbox/srv/_loop_closure_s.c\n'}
[16.738929] (slam_toolbox) StdoutLine: {'line': b'-- Up-to-date symlink: /home/ubuntu/spas_ws/install/slam_toolbox/local/lib/python3.10/dist-packages/slam_toolbox/srv/_merge_maps.py\n'}
[16.758758] (slam_toolbox) StdoutLine: {'line': b'-- Up-to-date symlink: /home/ubuntu/spas_ws/install/slam_toolbox/local/lib/python3.10/dist-packages/slam_toolbox/srv/_merge_maps_s.c\n'}
[16.762537] (slam_toolbox) StdoutLine: {'line': b'-- Up-to-date symlink: /home/ubuntu/spas_ws/install/slam_toolbox/local/lib/python3.10/dist-packages/slam_toolbox/srv/_pause.py\n'}
[16.767704] (-) TimerEvent: {}
[16.770147] (slam_toolbox) StdoutLine: {'line': b'-- Up-to-date symlink: /home/ubuntu/spas_ws/install/slam_toolbox/local/lib/python3.10/dist-packages/slam_toolbox/srv/_pause_s.c\n'}
[16.774318] (slam_toolbox) StdoutLine: {'line': b'-- Up-to-date symlink: /home/ubuntu/spas_ws/install/slam_toolbox/local/lib/python3.10/dist-packages/slam_toolbox/srv/_save_map.py\n'}
[16.782813] (slam_toolbox) StdoutLine: {'line': b'-- Up-to-date symlink: /home/ubuntu/spas_ws/install/slam_toolbox/local/lib/python3.10/dist-packages/slam_toolbox/srv/_save_map_s.c\n'}
[16.786407] (slam_toolbox) StdoutLine: {'line': b'-- Up-to-date symlink: /home/ubuntu/spas_ws/install/slam_toolbox/local/lib/python3.10/dist-packages/slam_toolbox/srv/_serialize_pose_graph.py\n'}
[16.790301] (slam_toolbox) StdoutLine: {'line': b'-- Up-to-date symlink: /home/ubuntu/spas_ws/install/slam_toolbox/local/lib/python3.10/dist-packages/slam_toolbox/srv/_serialize_pose_graph_s.c\n'}
[16.801111] (slam_toolbox) StdoutLine: {'line': b'-- Up-to-date symlink: /home/ubuntu/spas_ws/install/slam_toolbox/local/lib/python3.10/dist-packages/slam_toolbox/srv/_toggle_interactive.py\n'}
[16.805253] (slam_toolbox) StdoutLine: {'line': b'-- Up-to-date symlink: /home/ubuntu/spas_ws/install/slam_toolbox/local/lib/python3.10/dist-packages/slam_toolbox/srv/_toggle_interactive_s.c\n'}
[16.809878] (slam_toolbox) StdoutLine: {'line': b'-- Up-to-date symlink: /home/ubuntu/spas_ws/install/slam_toolbox/local/lib/python3.10/dist-packages/slam_toolbox/slam_toolbox_s__rosidl_typesupport_fastrtps_c.cpython-310-aarch64-linux-gnu.so\n'}
[16.818048] (slam_toolbox) StdoutLine: {'line': b'-- Up-to-date symlink: /home/ubuntu/spas_ws/install/slam_toolbox/local/lib/python3.10/dist-packages/slam_toolbox/slam_toolbox_s__rosidl_typesupport_introspection_c.cpython-310-aarch64-linux-gnu.so\n'}
[16.833219] (slam_toolbox) StdoutLine: {'line': b'-- Up-to-date symlink: /home/ubuntu/spas_ws/install/slam_toolbox/local/lib/python3.10/dist-packages/slam_toolbox/slam_toolbox_s__rosidl_typesupport_c.cpython-310-aarch64-linux-gnu.so\n'}
[16.837414] (slam_toolbox) StdoutLine: {'line': b'-- Up-to-date symlink: /home/ubuntu/spas_ws/install/slam_toolbox/share/ament_index/resource_index/rust_packages/slam_toolbox\n'}
[16.842433] (slam_toolbox) StdoutLine: {'line': b'-- Up-to-date symlink: /home/ubuntu/spas_ws/install/slam_toolbox/share/slam_toolbox/rust/Cargo.toml\n'}
[16.846045] (slam_toolbox) StdoutLine: {'line': b'-- Up-to-date symlink: /home/ubuntu/spas_ws/install/slam_toolbox/share/slam_toolbox/rust/build.rs\n'}
[16.849739] (slam_toolbox) StdoutLine: {'line': b'-- Up-to-date symlink: /home/ubuntu/spas_ws/install/slam_toolbox/share/slam_toolbox/rust/src/lib.rs\n'}
[16.854225] (slam_toolbox) StdoutLine: {'line': b'-- Up-to-date symlink: /home/ubuntu/spas_ws/install/slam_toolbox/share/slam_toolbox/rust/src/srv.rs\n'}
[16.858766] (slam_toolbox) StdoutLine: {'line': b'-- Up-to-date symlink: /home/ubuntu/spas_ws/install/slam_toolbox/share/slam_toolbox/rust/src/srv/rmw.rs\n'}
[16.862761] (slam_toolbox) StdoutLine: {'line': b'-- Up-to-date symlink: /home/ubuntu/spas_ws/install/slam_toolbox/share/slam_toolbox/srv/Pause.idl\n'}
[16.866672] (slam_toolbox) StdoutLine: {'line': b'-- Up-to-date symlink: /home/ubuntu/spas_ws/install/slam_toolbox/share/slam_toolbox/srv/ClearQueue.idl\n'}
[16.868446] (-) TimerEvent: {}
[16.871471] (slam_toolbox) StdoutLine: {'line': b'-- Up-to-date symlink: /home/ubuntu/spas_ws/install/slam_toolbox/share/slam_toolbox/srv/ToggleInteractive.idl\n'}
[16.876061] (slam_toolbox) StdoutLine: {'line': b'-- Up-to-date symlink: /home/ubuntu/spas_ws/install/slam_toolbox/share/slam_toolbox/srv/Clear.idl\n'}
[16.880955] (slam_toolbox) StdoutLine: {'line': b'-- Up-to-date symlink: /home/ubuntu/spas_ws/install/slam_toolbox/share/slam_toolbox/srv/SaveMap.idl\n'}
[16.884879] (slam_toolbox) StdoutLine: {'line': b'-- Up-to-date symlink: /home/ubuntu/spas_ws/install/slam_toolbox/share/slam_toolbox/srv/LoopClosure.idl\n'}
[16.889058] (slam_toolbox) StdoutLine: {'line': b'-- Up-to-date symlink: /home/ubuntu/spas_ws/install/slam_toolbox/share/slam_toolbox/srv/MergeMaps.idl\n'}
[16.892992] (slam_toolbox) StdoutLine: {'line': b'-- Up-to-date symlink: /home/ubuntu/spas_ws/install/slam_toolbox/share/slam_toolbox/srv/AddSubmap.idl\n'}
[16.897041] (slam_toolbox) StdoutLine: {'line': b'-- Up-to-date symlink: /home/ubuntu/spas_ws/install/slam_toolbox/share/slam_toolbox/srv/DeserializePoseGraph.idl\n'}
[16.900857] (slam_toolbox) StdoutLine: {'line': b'-- Up-to-date symlink: /home/ubuntu/spas_ws/install/slam_toolbox/share/slam_toolbox/srv/SerializePoseGraph.idl\n'}
[16.904898] (slam_toolbox) StdoutLine: {'line': b'-- Up-to-date symlink: /home/ubuntu/spas_ws/install/slam_toolbox/share/slam_toolbox/srv/Pause.srv\n'}
[16.909038] (slam_toolbox) StdoutLine: {'line': b'-- Up-to-date symlink: /home/ubuntu/spas_ws/install/slam_toolbox/share/slam_toolbox/srv/Pause_Request.msg\n'}
[16.912930] (slam_toolbox) StdoutLine: {'line': b'-- Up-to-date symlink: /home/ubuntu/spas_ws/install/slam_toolbox/share/slam_toolbox/srv/Pause_Response.msg\n'}
[16.916714] (slam_toolbox) StdoutLine: {'line': b'-- Up-to-date symlink: /home/ubuntu/spas_ws/install/slam_toolbox/share/slam_toolbox/srv/ClearQueue.srv\n'}
[16.920429] (slam_toolbox) StdoutLine: {'line': b'-- Up-to-date symlink: /home/ubuntu/spas_ws/install/slam_toolbox/share/slam_toolbox/srv/ClearQueue_Request.msg\n'}
[16.924811] (slam_toolbox) StdoutLine: {'line': b'-- Up-to-date symlink: /home/ubuntu/spas_ws/install/slam_toolbox/share/slam_toolbox/srv/ClearQueue_Response.msg\n'}
[16.929268] (slam_toolbox) StdoutLine: {'line': b'-- Up-to-date symlink: /home/ubuntu/spas_ws/install/slam_toolbox/share/slam_toolbox/srv/ToggleInteractive.srv\n'}
[16.933617] (slam_toolbox) StdoutLine: {'line': b'-- Up-to-date symlink: /home/ubuntu/spas_ws/install/slam_toolbox/share/slam_toolbox/srv/ToggleInteractive_Request.msg\n'}
[16.937884] (slam_toolbox) StdoutLine: {'line': b'-- Up-to-date symlink: /home/ubuntu/spas_ws/install/slam_toolbox/share/slam_toolbox/srv/ToggleInteractive_Response.msg\n'}
[16.941833] (slam_toolbox) StdoutLine: {'line': b'-- Up-to-date symlink: /home/ubuntu/spas_ws/install/slam_toolbox/share/slam_toolbox/srv/Clear.srv\n'}
[16.945555] (slam_toolbox) StdoutLine: {'line': b'-- Up-to-date symlink: /home/ubuntu/spas_ws/install/slam_toolbox/share/slam_toolbox/srv/Clear_Request.msg\n'}
[16.949430] (slam_toolbox) StdoutLine: {'line': b'-- Up-to-date symlink: /home/ubuntu/spas_ws/install/slam_toolbox/share/slam_toolbox/srv/Clear_Response.msg\n'}
[16.953431] (slam_toolbox) StdoutLine: {'line': b'-- Up-to-date symlink: /home/ubuntu/spas_ws/install/slam_toolbox/share/slam_toolbox/srv/SaveMap.srv\n'}
[16.957386] (slam_toolbox) StdoutLine: {'line': b'-- Up-to-date symlink: /home/ubuntu/spas_ws/install/slam_toolbox/share/slam_toolbox/srv/SaveMap_Request.msg\n'}
[16.960949] (slam_toolbox) StdoutLine: {'line': b'-- Up-to-date symlink: /home/ubuntu/spas_ws/install/slam_toolbox/share/slam_toolbox/srv/SaveMap_Response.msg\n'}
[16.964701] (slam_toolbox) StdoutLine: {'line': b'-- Up-to-date symlink: /home/ubuntu/spas_ws/install/slam_toolbox/share/slam_toolbox/srv/LoopClosure.srv\n'}
[16.968475] (slam_toolbox) StdoutLine: {'line': b'-- Up-to-date symlink: /home/ubuntu/spas_ws/install/slam_toolbox/share/slam_toolbox/srv/LoopClosure_Request.msg\n'}
[16.969717] (-) TimerEvent: {}
[16.973245] (slam_toolbox) StdoutLine: {'line': b'-- Up-to-date symlink: /home/ubuntu/spas_ws/install/slam_toolbox/share/slam_toolbox/srv/LoopClosure_Response.msg\n'}
[16.976982] (slam_toolbox) StdoutLine: {'line': b'-- Up-to-date symlink: /home/ubuntu/spas_ws/install/slam_toolbox/share/slam_toolbox/srv/MergeMaps.srv\n'}
[16.983950] (slam_toolbox) StdoutLine: {'line': b'-- Up-to-date symlink: /home/ubuntu/spas_ws/install/slam_toolbox/share/slam_toolbox/srv/MergeMaps_Request.msg\n'}
[16.988102] (slam_toolbox) StdoutLine: {'line': b'-- Up-to-date symlink: /home/ubuntu/spas_ws/install/slam_toolbox/share/slam_toolbox/srv/MergeMaps_Response.msg\n'}
[16.993088] (slam_toolbox) StdoutLine: {'line': b'-- Up-to-date symlink: /home/ubuntu/spas_ws/install/slam_toolbox/share/slam_toolbox/srv/AddSubmap.srv\n'}
[17.001894] (slam_toolbox) StdoutLine: {'line': b'-- Up-to-date symlink: /home/ubuntu/spas_ws/install/slam_toolbox/share/slam_toolbox/srv/AddSubmap_Request.msg\n'}
[17.006304] (slam_toolbox) StdoutLine: {'line': b'-- Up-to-date symlink: /home/ubuntu/spas_ws/install/slam_toolbox/share/slam_toolbox/srv/AddSubmap_Response.msg\n'}
[17.009962] (slam_toolbox) StdoutLine: {'line': b'-- Up-to-date symlink: /home/ubuntu/spas_ws/install/slam_toolbox/share/slam_toolbox/srv/DeserializePoseGraph.srv\n'}
[17.013789] (slam_toolbox) StdoutLine: {'line': b'-- Up-to-date symlink: /home/ubuntu/spas_ws/install/slam_toolbox/share/slam_toolbox/srv/DeserializePoseGraph_Request.msg\n'}
[17.017868] (slam_toolbox) StdoutLine: {'line': b'-- Up-to-date symlink: /home/ubuntu/spas_ws/install/slam_toolbox/share/slam_toolbox/srv/DeserializePoseGraph_Response.msg\n'}
[17.021860] (slam_toolbox) StdoutLine: {'line': b'-- Up-to-date symlink: /home/ubuntu/spas_ws/install/slam_toolbox/share/slam_toolbox/srv/SerializePoseGraph.srv\n'}
[17.025853] (slam_toolbox) StdoutLine: {'line': b'-- Up-to-date symlink: /home/ubuntu/spas_ws/install/slam_toolbox/share/slam_toolbox/srv/SerializePoseGraph_Request.msg\n'}
[17.029908] (slam_toolbox) StdoutLine: {'line': b'-- Up-to-date symlink: /home/ubuntu/spas_ws/install/slam_toolbox/share/slam_toolbox/srv/SerializePoseGraph_Response.msg\n'}
[17.033644] (slam_toolbox) StdoutLine: {'line': b'-- Up-to-date symlink: /home/ubuntu/spas_ws/install/slam_toolbox/share/slam_toolbox//rviz_plugins.xml\n'}
[17.037603] (slam_toolbox) StdoutLine: {'line': b'-- Up-to-date symlink: /home/ubuntu/spas_ws/install/slam_toolbox/share/slam_toolbox//solver_plugins.xml\n'}
[17.042847] (slam_toolbox) StdoutLine: {'line': b'-- Up-to-date symlink: /home/ubuntu/spas_ws/install/slam_toolbox/lib/slam_toolbox/async_slam_toolbox_node\n'}
[17.047832] (slam_toolbox) StdoutLine: {'line': b'-- Up-to-date symlink: /home/ubuntu/spas_ws/install/slam_toolbox/lib/slam_toolbox/sync_slam_toolbox_node\n'}
[17.051689] (slam_toolbox) StdoutLine: {'line': b'-- Up-to-date symlink: /home/ubuntu/spas_ws/install/slam_toolbox/lib/slam_toolbox/localization_slam_toolbox_node\n'}
[17.061908] (slam_toolbox) StdoutLine: {'line': b'-- Up-to-date symlink: /home/ubuntu/spas_ws/install/slam_toolbox/lib/slam_toolbox/map_and_localization_slam_toolbox_node\n'}
[17.070019] (slam_toolbox) StdoutLine: {'line': b'-- Up-to-date symlink: /home/ubuntu/spas_ws/install/slam_toolbox/lib/slam_toolbox/merge_maps_kinematic\n'}
[17.072733] (-) TimerEvent: {}
[17.081368] (slam_toolbox) StdoutLine: {'line': b'-- Up-to-date symlink: /home/ubuntu/spas_ws/install/slam_toolbox/lib/libtoolbox_common.so\n'}
[17.118090] (slam_toolbox) StdoutLine: {'line': b'-- Up-to-date symlink: /home/ubuntu/spas_ws/install/slam_toolbox/lib/libSlamToolboxPlugin.so\n'}
[17.129181] (slam_toolbox) StdoutLine: {'line': b'-- Up-to-date symlink: /home/ubuntu/spas_ws/install/slam_toolbox/lib/libceres_solver_plugin.so\n'}
[17.154326] (slam_toolbox) StdoutLine: {'line': b'-- Up-to-date symlink: /home/ubuntu/spas_ws/install/slam_toolbox/lib/libasync_slam_toolbox.so\n'}
[17.173102] (-) TimerEvent: {}
[17.175636] (slam_toolbox) StdoutLine: {'line': b'-- Up-to-date symlink: /home/ubuntu/spas_ws/install/slam_toolbox/lib/libsync_slam_toolbox.so\n'}
[17.194995] (slam_toolbox) StdoutLine: {'line': b'-- Up-to-date symlink: /home/ubuntu/spas_ws/install/slam_toolbox/lib/liblocalization_slam_toolbox.so\n'}
[17.199683] (slam_toolbox) StdoutLine: {'line': b'-- Up-to-date symlink: /home/ubuntu/spas_ws/install/slam_toolbox/lib/liblifelong_slam_toolbox.so\n'}
[17.227726] (slam_toolbox) StdoutLine: {'line': b'-- Up-to-date symlink: /home/ubuntu/spas_ws/install/slam_toolbox/lib/libmap_and_localization_slam_toolbox.so\n'}
[17.236550] (slam_toolbox) StdoutLine: {'line': b'-- Up-to-date symlink: /home/ubuntu/spas_ws/install/slam_toolbox/lib/libkartoSlamToolbox.so\n'}
[17.263535] (slam_toolbox) StdoutLine: {'line': b'-- Up-to-date symlink: /home/ubuntu/spas_ws/install/slam_toolbox/include/slam_toolbox/experimental/slam_toolbox_lifelong.hpp\n'}
[17.273412] (-) TimerEvent: {}
[17.276187] (slam_toolbox) StdoutLine: {'line': b'-- Up-to-date symlink: /home/ubuntu/spas_ws/install/slam_toolbox/include/slam_toolbox/experimental/slam_toolbox_map_and_localization.hpp\n'}
[17.291480] (slam_toolbox) StdoutLine: {'line': b'-- Up-to-date symlink: /home/ubuntu/spas_ws/install/slam_toolbox/include/slam_toolbox/get_pose_helper.hpp\n'}
[17.299313] (slam_toolbox) StdoutLine: {'line': b'-- Up-to-date symlink: /home/ubuntu/spas_ws/install/slam_toolbox/include/slam_toolbox/laser_utils.hpp\n'}
[17.307113] (slam_toolbox) StdoutLine: {'line': b'-- Up-to-date symlink: /home/ubuntu/spas_ws/install/slam_toolbox/include/slam_toolbox/loop_closure_assistant.hpp\n'}
[17.315841] (slam_toolbox) StdoutLine: {'line': b'-- Up-to-date symlink: /home/ubuntu/spas_ws/install/slam_toolbox/include/slam_toolbox/map_saver.hpp\n'}
[17.323751] (slam_toolbox) StdoutLine: {'line': b'-- Up-to-date symlink: /home/ubuntu/spas_ws/install/slam_toolbox/include/slam_toolbox/merge_maps_kinematic.hpp\n'}
[17.339791] (slam_toolbox) StdoutLine: {'line': b'-- Up-to-date symlink: /home/ubuntu/spas_ws/install/slam_toolbox/include/slam_toolbox/serialization.hpp\n'}
[17.347674] (slam_toolbox) StdoutLine: {'line': b'-- Up-to-date symlink: /home/ubuntu/spas_ws/install/slam_toolbox/include/slam_toolbox/slam_mapper.hpp\n'}
[17.355741] (slam_toolbox) StdoutLine: {'line': b'-- Up-to-date symlink: /home/ubuntu/spas_ws/install/slam_toolbox/include/slam_toolbox/slam_toolbox_async.hpp\n'}
[17.373776] (-) TimerEvent: {}
[17.376178] (slam_toolbox) StdoutLine: {'line': b'-- Up-to-date symlink: /home/ubuntu/spas_ws/install/slam_toolbox/include/slam_toolbox/slam_toolbox_common.hpp\n'}
[17.380123] (slam_toolbox) StdoutLine: {'line': b'-- Up-to-date symlink: /home/ubuntu/spas_ws/install/slam_toolbox/include/slam_toolbox/slam_toolbox_localization.hpp\n'}
[17.391865] (slam_toolbox) StdoutLine: {'line': b'-- Up-to-date symlink: /home/ubuntu/spas_ws/install/slam_toolbox/include/slam_toolbox/slam_toolbox_sync.hpp\n'}
[17.399253] (slam_toolbox) StdoutLine: {'line': b'-- Up-to-date symlink: /home/ubuntu/spas_ws/install/slam_toolbox/include/slam_toolbox/snap_utils.hpp\n'}
[17.411598] (slam_toolbox) StdoutLine: {'line': b'-- Up-to-date symlink: /home/ubuntu/spas_ws/install/slam_toolbox/include/slam_toolbox/toolbox_msgs.hpp\n'}
[17.433291] (slam_toolbox) StdoutLine: {'line': b'-- Up-to-date symlink: /home/ubuntu/spas_ws/install/slam_toolbox/include/slam_toolbox/toolbox_types.hpp\n'}
[17.457529] (slam_toolbox) StdoutLine: {'line': b'-- Up-to-date symlink: /home/ubuntu/spas_ws/install/slam_toolbox/include/slam_toolbox/visualization_utils.hpp\n'}
[17.474084] (-) TimerEvent: {}
[17.488649] (slam_toolbox) StdoutLine: {'line': b'-- Up-to-date symlink: /home/ubuntu/spas_ws/install/slam_toolbox/share/slam_toolbox/launch/localization_launch.py\n'}
[17.494128] (slam_toolbox) StdoutLine: {'line': b'-- Up-to-date symlink: /home/ubuntu/spas_ws/install/slam_toolbox/share/slam_toolbox/launch/merge_maps_kinematic_launch.py\n'}
[17.503781] (slam_toolbox) StdoutLine: {'line': b'-- Up-to-date symlink: /home/ubuntu/spas_ws/install/slam_toolbox/share/slam_toolbox/launch/offline_launch.py\n'}
[17.509464] (slam_toolbox) StdoutLine: {'line': b'-- Up-to-date symlink: /home/ubuntu/spas_ws/install/slam_toolbox/share/slam_toolbox/launch/online_async_launch.py\n'}
[17.523028] (slam_toolbox) StdoutLine: {'line': b'-- Up-to-date symlink: /home/ubuntu/spas_ws/install/slam_toolbox/share/slam_toolbox/launch/online_sync_launch.py\n'}
[17.539292] (slam_toolbox) StdoutLine: {'line': b'-- Up-to-date symlink: /home/ubuntu/spas_ws/install/slam_toolbox/share/slam_toolbox/config/mapper_params_lifelong.yaml\n'}
[17.543921] (slam_toolbox) StdoutLine: {'line': b'-- Up-to-date symlink: /home/ubuntu/spas_ws/install/slam_toolbox/share/slam_toolbox/config/mapper_params_localization.yaml\n'}
[17.563780] (slam_toolbox) StdoutLine: {'line': b'-- Up-to-date symlink: /home/ubuntu/spas_ws/install/slam_toolbox/share/slam_toolbox/config/mapper_params_offline.yaml\n'}
[17.569120] (slam_toolbox) StdoutLine: {'line': b'-- Up-to-date symlink: /home/ubuntu/spas_ws/install/slam_toolbox/share/slam_toolbox/config/mapper_params_online_async.yaml\n'}
[17.573340] (slam_toolbox) StdoutLine: {'line': b'-- Up-to-date symlink: /home/ubuntu/spas_ws/install/slam_toolbox/share/slam_toolbox/config/mapper_params_online_sync.yaml\n'}
[17.574866] (-) TimerEvent: {}
[17.591055] (slam_toolbox) StdoutLine: {'line': b'-- Up-to-date symlink: /home/ubuntu/spas_ws/install/slam_toolbox/share/slam_toolbox/config/slam_toolbox_default.rviz\n'}
[17.602784] (slam_toolbox) StdoutLine: {'line': b'-- Up-to-date symlink: /home/ubuntu/spas_ws/install/slam_toolbox/share/solver_plugins.xml\n'}
[17.607340] (slam_toolbox) StdoutLine: {'line': b'-- Up-to-date symlink: /home/ubuntu/spas_ws/install/slam_toolbox/share/rviz_plugins.xml\n'}
[17.620697] (slam_toolbox) StdoutLine: {'line': b'-- Up-to-date symlink: /home/ubuntu/spas_ws/install/slam_toolbox/share/ament_index/resource_index/package_run_dependencies/slam_toolbox\n'}
[17.645423] (slam_toolbox) StdoutLine: {'line': b'-- Up-to-date symlink: /home/ubuntu/spas_ws/install/slam_toolbox/share/ament_index/resource_index/parent_prefix_path/slam_toolbox\n'}
[17.651074] (slam_toolbox) StdoutLine: {'line': b'-- Up-to-date symlink: /home/ubuntu/spas_ws/install/slam_toolbox/share/slam_toolbox/environment/ament_prefix_path.sh\n'}
[17.664306] (slam_toolbox) StdoutLine: {'line': b'-- Up-to-date symlink: /home/ubuntu/spas_ws/install/slam_toolbox/share/slam_toolbox/environment/ament_prefix_path.dsv\n'}
[17.670803] (slam_toolbox) StdoutLine: {'line': b'-- Up-to-date symlink: /home/ubuntu/spas_ws/install/slam_toolbox/share/slam_toolbox/environment/path.sh\n'}
[17.675309] (-) TimerEvent: {}
[17.695075] (slam_toolbox) StdoutLine: {'line': b'-- Up-to-date symlink: /home/ubuntu/spas_ws/install/slam_toolbox/share/slam_toolbox/environment/path.dsv\n'}
[17.700484] (slam_toolbox) StdoutLine: {'line': b'-- Up-to-date symlink: /home/ubuntu/spas_ws/install/slam_toolbox/share/slam_toolbox/local_setup.bash\n'}
[17.708208] (slam_toolbox) StdoutLine: {'line': b'-- Up-to-date symlink: /home/ubuntu/spas_ws/install/slam_toolbox/share/slam_toolbox/local_setup.sh\n'}
[17.719967] (slam_toolbox) StdoutLine: {'line': b'-- Up-to-date symlink: /home/ubuntu/spas_ws/install/slam_toolbox/share/slam_toolbox/local_setup.zsh\n'}
[17.725247] (slam_toolbox) StdoutLine: {'line': b'-- Up-to-date symlink: /home/ubuntu/spas_ws/install/slam_toolbox/share/slam_toolbox/local_setup.dsv\n'}
[17.739674] (slam_toolbox) StdoutLine: {'line': b'-- Symlinking: /home/ubuntu/spas_ws/install/slam_toolbox/share/slam_toolbox/package.dsv\n'}
[17.775551] (-) TimerEvent: {}
[17.877148] (-) TimerEvent: {}
[17.978837] (-) TimerEvent: {}
[17.988110] (slam_toolbox) StdoutLine: {'line': b'-- Up-to-date symlink: /home/ubuntu/spas_ws/install/slam_toolbox/share/ament_index/resource_index/packages/slam_toolbox\n'}
[17.994471] (slam_toolbox) StdoutLine: {'line': b'-- Up-to-date symlink: /home/ubuntu/spas_ws/install/slam_toolbox/share/ament_index/resource_index/rclcpp_components/slam_toolbox\n'}
[18.000506] (slam_toolbox) StdoutLine: {'line': b'-- Up-to-date symlink: /home/ubuntu/spas_ws/install/slam_toolbox/share/ament_index/resource_index/rviz_common__pluginlib__plugin/slam_toolbox\n'}
[18.023783] (slam_toolbox) StdoutLine: {'line': b'-- Up-to-date symlink: /home/ubuntu/spas_ws/install/slam_toolbox/share/ament_index/resource_index/slam_toolbox__pluginlib__plugin/slam_toolbox\n'}
[18.029111] (slam_toolbox) StdoutLine: {'line': b'-- Up-to-date symlink: /home/ubuntu/spas_ws/install/slam_toolbox/share/slam_toolbox/cmake/rosidl_cmake-extras.cmake\n'}
[18.052586] (slam_toolbox) StdoutLine: {'line': b'-- Up-to-date symlink: /home/ubuntu/spas_ws/install/slam_toolbox/share/slam_toolbox/cmake/ament_cmake_export_dependencies-extras.cmake\n'}
[18.058215] (slam_toolbox) StdoutLine: {'line': b'-- Up-to-date symlink: /home/ubuntu/spas_ws/install/slam_toolbox/share/slam_toolbox/cmake/ament_cmake_export_include_directories-extras.cmake\n'}
[18.063423] (slam_toolbox) StdoutLine: {'line': b'-- Up-to-date symlink: /home/ubuntu/spas_ws/install/slam_toolbox/share/slam_toolbox/cmake/ament_cmake_export_libraries-extras.cmake\n'}
[18.068935] (slam_toolbox) StdoutLine: {'line': b'-- Up-to-date symlink: /home/ubuntu/spas_ws/install/slam_toolbox/share/slam_toolbox/cmake/ament_cmake_export_targets-extras.cmake\n'}
[18.081144] (slam_toolbox) StdoutLine: {'line': b'-- Up-to-date symlink: /home/ubuntu/spas_ws/install/slam_toolbox/share/slam_toolbox/cmake/rosidl_cmake_export_typesupport_targets-extras.cmake\n'}
[18.083883] (-) TimerEvent: {}
[18.085173] (slam_toolbox) StdoutLine: {'line': b'-- Up-to-date symlink: /home/ubuntu/spas_ws/install/slam_toolbox/share/slam_toolbox/cmake/rosidl_cmake_export_typesupport_libraries-extras.cmake\n'}
[18.086829] (slam_toolbox) StdoutLine: {'line': b'-- Up-to-date symlink: /home/ubuntu/spas_ws/install/slam_toolbox/share/slam_toolbox/cmake/slam_toolboxConfig.cmake\n'}
[18.094684] (slam_toolbox) StdoutLine: {'line': b'-- Up-to-date symlink: /home/ubuntu/spas_ws/install/slam_toolbox/share/slam_toolbox/cmake/slam_toolboxConfig-version.cmake\n'}
[18.096261] (slam_toolbox) StdoutLine: {'line': b'-- Up-to-date symlink: /home/ubuntu/spas_ws/install/slam_toolbox/share/slam_toolbox/package.xml\n'}
[18.105146] (slam_toolbox) StdoutLine: {'line': b'-- Up-to-date: /home/ubuntu/spas_ws/install/slam_toolbox/lib/libslam_toolbox__rosidl_generator_c.so\n'}
[18.115216] (slam_toolbox) StdoutLine: {'line': b'-- Up-to-date: /home/ubuntu/spas_ws/install/slam_toolbox/lib/libslam_toolbox__rosidl_typesupport_fastrtps_c.so\n'}
[18.121494] (slam_toolbox) StdoutLine: {'line': b'-- Up-to-date: /home/ubuntu/spas_ws/install/slam_toolbox/lib/libslam_toolbox__rosidl_typesupport_fastrtps_cpp.so\n'}
[18.131736] (slam_toolbox) StdoutLine: {'line': b'-- Up-to-date: /home/ubuntu/spas_ws/install/slam_toolbox/lib/libslam_toolbox__rosidl_typesupport_introspection_c.so\n'}
[18.145074] (slam_toolbox) StdoutLine: {'line': b'-- Up-to-date: /home/ubuntu/spas_ws/install/slam_toolbox/lib/libslam_toolbox__rosidl_typesupport_c.so\n'}
[18.150254] (slam_toolbox) StdoutLine: {'line': b'-- Up-to-date: /home/ubuntu/spas_ws/install/slam_toolbox/lib/libslam_toolbox__rosidl_typesupport_introspection_cpp.so\n'}
[18.159474] (slam_toolbox) StdoutLine: {'line': b'-- Up-to-date: /home/ubuntu/spas_ws/install/slam_toolbox/lib/libslam_toolbox__rosidl_typesupport_cpp.so\n'}
[18.184206] (-) TimerEvent: {}
[18.293190] (-) TimerEvent: {}
[18.394906] (-) TimerEvent: {}
[18.497701] (-) TimerEvent: {}
[18.599675] (-) TimerEvent: {}
[18.704111] (-) TimerEvent: {}
[18.808469] (-) TimerEvent: {}
[18.912414] (-) TimerEvent: {}
[19.016326] (-) TimerEvent: {}
[19.033709] (slam_toolbox) StdoutLine: {'line': b"Listing '/home/ubuntu/spas_ws/install/slam_toolbox/local/lib/python3.10/dist-packages/slam_toolbox'...\n"}
[19.036272] (slam_toolbox) StdoutLine: {'line': b"Listing '/home/ubuntu/spas_ws/install/slam_toolbox/local/lib/python3.10/dist-packages/slam_toolbox/srv'...\n"}
[19.117044] (-) TimerEvent: {}
[19.221052] (-) TimerEvent: {}
[19.227902] (slam_toolbox) StdoutLine: {'line': b'-- Up-to-date: /home/ubuntu/spas_ws/install/slam_toolbox/lib/libslam_toolbox__rosidl_generator_py.so\n'}
[19.245411] (slam_toolbox) StdoutLine: {'line': b'-- Up-to-date: /home/ubuntu/spas_ws/install/slam_toolbox/share/slam_toolbox/cmake/export_slam_toolbox__rosidl_generator_cExport.cmake\n'}
[19.258901] (slam_toolbox) StdoutLine: {'line': b'-- Up-to-date: /home/ubuntu/spas_ws/install/slam_toolbox/share/slam_toolbox/cmake/export_slam_toolbox__rosidl_generator_cExport-release.cmake\n'}
[19.264743] (slam_toolbox) StdoutLine: {'line': b'-- Up-to-date: /home/ubuntu/spas_ws/install/slam_toolbox/share/slam_toolbox/cmake/export_slam_toolbox__rosidl_typesupport_fastrtps_cExport.cmake\n'}
[19.283706] (slam_toolbox) StdoutLine: {'line': b'-- Up-to-date: /home/ubuntu/spas_ws/install/slam_toolbox/share/slam_toolbox/cmake/export_slam_toolbox__rosidl_typesupport_fastrtps_cExport-release.cmake\n'}
[19.291740] (slam_toolbox) StdoutLine: {'line': b'-- Up-to-date: /home/ubuntu/spas_ws/install/slam_toolbox/share/slam_toolbox/cmake/export_slam_toolbox__rosidl_generator_cppExport.cmake\n'}
[19.297089] (slam_toolbox) StdoutLine: {'line': b'-- Up-to-date: /home/ubuntu/spas_ws/install/slam_toolbox/share/slam_toolbox/cmake/export_slam_toolbox__rosidl_typesupport_fastrtps_cppExport.cmake\n'}
[19.314499] (slam_toolbox) StdoutLine: {'line': b'-- Up-to-date: /home/ubuntu/spas_ws/install/slam_toolbox/share/slam_toolbox/cmake/export_slam_toolbox__rosidl_typesupport_fastrtps_cppExport-release.cmake\n'}
[19.319098] (slam_toolbox) StdoutLine: {'line': b'-- Up-to-date: /home/ubuntu/spas_ws/install/slam_toolbox/share/slam_toolbox/cmake/slam_toolbox__rosidl_typesupport_introspection_cExport.cmake\n'}
[19.321595] (-) TimerEvent: {}
[19.324571] (slam_toolbox) StdoutLine: {'line': b'-- Up-to-date: /home/ubuntu/spas_ws/install/slam_toolbox/share/slam_toolbox/cmake/slam_toolbox__rosidl_typesupport_introspection_cExport-release.cmake\n'}
[19.335851] (slam_toolbox) StdoutLine: {'line': b'-- Up-to-date: /home/ubuntu/spas_ws/install/slam_toolbox/share/slam_toolbox/cmake/slam_toolbox__rosidl_typesupport_cExport.cmake\n'}
[19.343353] (slam_toolbox) StdoutLine: {'line': b'-- Up-to-date: /home/ubuntu/spas_ws/install/slam_toolbox/share/slam_toolbox/cmake/slam_toolbox__rosidl_typesupport_cExport-release.cmake\n'}
[19.352876] (slam_toolbox) StdoutLine: {'line': b'-- Up-to-date: /home/ubuntu/spas_ws/install/slam_toolbox/share/slam_toolbox/cmake/slam_toolbox__rosidl_typesupport_introspection_cppExport.cmake\n'}
[19.360012] (slam_toolbox) StdoutLine: {'line': b'-- Up-to-date: /home/ubuntu/spas_ws/install/slam_toolbox/share/slam_toolbox/cmake/slam_toolbox__rosidl_typesupport_introspection_cppExport-release.cmake\n'}
[19.361717] (slam_toolbox) StdoutLine: {'line': b'-- Up-to-date: /home/ubuntu/spas_ws/install/slam_toolbox/share/slam_toolbox/cmake/slam_toolbox__rosidl_typesupport_cppExport.cmake\n'}
[19.373770] (slam_toolbox) StdoutLine: {'line': b'-- Up-to-date: /home/ubuntu/spas_ws/install/slam_toolbox/share/slam_toolbox/cmake/slam_toolbox__rosidl_typesupport_cppExport-release.cmake\n'}
[19.380956] (slam_toolbox) StdoutLine: {'line': b'-- Up-to-date: /home/ubuntu/spas_ws/install/slam_toolbox/share/slam_toolbox/cmake/export_slam_toolbox__rosidl_generator_pyExport.cmake\n'}
[19.388068] (slam_toolbox) StdoutLine: {'line': b'-- Up-to-date: /home/ubuntu/spas_ws/install/slam_toolbox/share/slam_toolbox/cmake/export_slam_toolbox__rosidl_generator_pyExport-release.cmake\n'}
[19.398097] (slam_toolbox) StdoutLine: {'line': b'-- Up-to-date: /home/ubuntu/spas_ws/install/slam_toolbox/share/slam_toolbox/cmake/SlamToolboxPluginExport.cmake\n'}
[19.408029] (slam_toolbox) StdoutLine: {'line': b'-- Up-to-date: /home/ubuntu/spas_ws/install/slam_toolbox/share/slam_toolbox/cmake/SlamToolboxPluginExport-release.cmake\n'}
[19.421900] (-) TimerEvent: {}
[19.439092] (slam_toolbox) CommandEnded: {'returncode': 0}
[19.522400] (-) TimerEvent: {}
[19.637152] (-) TimerEvent: {}
[19.738960] (-) TimerEvent: {}
[19.841620] (-) TimerEvent: {}
[19.920887] (slam_toolbox) JobEnded: {'identifier': 'slam_toolbox', 'rc': 0}
[19.941931] (-) TimerEvent: {}
[20.043453] (-) TimerEvent: {}
[20.145182] (-) TimerEvent: {}
[20.246813] (-) TimerEvent: {}
[20.348323] (-) TimerEvent: {}
[20.449284] (-) TimerEvent: {}
[20.550195] (-) TimerEvent: {}
[20.651086] (-) TimerEvent: {}
[20.752546] (-) TimerEvent: {}
[20.854109] (-) TimerEvent: {}
[20.956266] (-) TimerEvent: {}
[21.057414] (-) TimerEvent: {}
[21.158586] (-) TimerEvent: {}
[21.259892] (-) TimerEvent: {}
[21.362629] (-) TimerEvent: {}
[21.464337] (-) TimerEvent: {}
[21.498688] (spas_control) StdoutLine: {'line': b'running develop\n'}
[21.564576] (-) TimerEvent: {}
[21.647724] (spas_perception) Command: {'cmd': ['/usr/bin/python3', '-W', 'ignore:setup.py install is deprecated', '-W', 'ignore:easy_install command is deprecated', 'setup.py', 'develop', '--editable', '--build-directory', '/home/ubuntu/spas_ws/build/spas_perception/build', '--no-deps', 'symlink_data'], 'cwd': '/home/ubuntu/spas_ws/build/spas_perception', 'env': {'PYTHON_BASIC_REPL': '1', 'LESSOPEN': '| /usr/bin/lesspipe %s', 'USER': 'ubuntu', 'SSH_CLIENT': '192.168.236.158 64914 22', 'XDG_SESSION_TYPE': 'tty', 'GIT_ASKPASS': '/home/ubuntu/.vscode-server/cli/servers/Stable-0958016b2af9f09bb4257e0df4a95e2f90590f9f/server/extensions/git/dist/askpass.sh', 'SHLVL': '1', 'LD_LIBRARY_PATH': '/home/ubuntu/spas_ws/install/slam_toolbox/lib:/opt/ros/humble/opt/rviz_ogre_vendor/lib:/opt/ros/humble/lib/aarch64-linux-gnu:/opt/ros/humble/lib', 'BROWSER': '/home/ubuntu/.vscode-server/cli/servers/Stable-0958016b2af9f09bb4257e0df4a95e2f90590f9f/server/bin/helpers/browser.sh', 'MOTD_SHOWN': 'pam', 'HOME': '/home/ubuntu', 'OLDPWD': '/home/ubuntu/spas_ws/src', 'TERM_PROGRAM_VERSION': '1.120.0', 'VSCODE_IPC_HOOK_CLI': '/run/user/1000/vscode-ipc-4c52080f-8f54-4af6-b1c5-04354886fdd5.sock', 'ROS_PYTHON_VERSION': '3', 'VSCODE_GIT_ASKPASS_MAIN': '/home/ubuntu/.vscode-server/cli/servers/Stable-0958016b2af9f09bb4257e0df4a95e2f90590f9f/server/extensions/git/dist/askpass-main.js', 'VSCODE_GIT_ASKPASS_NODE': '/home/ubuntu/.vscode-server/cli/servers/Stable-0958016b2af9f09bb4257e0df4a95e2f90590f9f/server/node', 'PYDEVD_DISABLE_FILE_VALIDATION': '1', 'BUNDLED_DEBUGPY_PATH': '/home/ubuntu/.vscode-server/extensions/ms-python.debugpy-2026.6.0/bundled/libs/debugpy', 'VSCODE_PYTHON_AUTOACTIVATE_GUARD': '1', 'DBUS_SESSION_BUS_ADDRESS': 'unix:path=/run/user/1000/bus', 'COLORTERM': 'truecolor', 'COLCON_PREFIX_PATH': '/home/ubuntu/spas_ws/install', 'ROS_DISTRO': 'humble', 'LOGNAME': 'ubuntu', '_': '/usr/bin/colcon', 'ROS_VERSION': '2', 'XDG_SESSION_CLASS': 'user', 'TERM': 'xterm-256color', 'XDG_SESSION_ID': '1', 'ROS_LOCALHOST_ONLY': '0', 'PATH': '/opt/ros/humble/bin:/home/ubuntu/.vscode-server/data/User/globalStorage/github.copilot-chat/debugCommand:/home/ubuntu/.vscode-server/data/User/globalStorage/github.copilot-chat/copilotCli:/home/ubuntu/.vscode-server/cli/servers/Stable-0958016b2af9f09bb4257e0df4a95e2f90590f9f/server/bin/remote-cli:/usr/local/sbin:/usr/local/bin:/usr/sbin:/usr/bin:/sbin:/bin:/usr/games:/usr/local/games:/snap/bin:/home/ubuntu/.vscode-server/extensions/ms-python.debugpy-2026.6.0/bundled/scripts/noConfigScripts:/usr/local/bin', 'XDG_RUNTIME_DIR': '/run/user/1000', 'VSCODE_DEBUGPY_ADAPTER_ENDPOINTS': '/home/ubuntu/.vscode-server/extensions/ms-python.debugpy-2026.6.0/.noConfigDebugAdapterEndpoints/endpoint-00d0b5565ef995a9.txt', 'LANG': 'en_US.UTF-8', 'PYTHONSTARTUP': '/home/ubuntu/.vscode-server/data/User/workspaceStorage/f3bef80f69d224608c509b83f13a955a/ms-python.python/pythonrc.py', 'LS_COLORS': 'rs=0:di=01;34:ln=01;36:mh=00:pi=40;33:so=01;35:do=01;35:bd=40;33;01:cd=40;33;01:or=40;31;01:mi=00:su=37;41:sg=30;43:ca=30;41:tw=30;42:ow=34;42:st=37;44:ex=01;32:*.tar=01;31:*.tgz=01;31:*.arc=01;31:*.arj=01;31:*.taz=01;31:*.lha=01;31:*.lz4=01;31:*.lzh=01;31:*.lzma=01;31:*.tlz=01;31:*.txz=01;31:*.tzo=01;31:*.t7z=01;31:*.zip=01;31:*.z=01;31:*.dz=01;31:*.gz=01;31:*.lrz=01;31:*.lz=01;31:*.lzo=01;31:*.xz=01;31:*.zst=01;31:*.tzst=01;31:*.bz2=01;31:*.bz=01;31:*.tbz=01;31:*.tbz2=01;31:*.tz=01;31:*.deb=01;31:*.rpm=01;31:*.jar=01;31:*.war=01;31:*.ear=01;31:*.sar=01;31:*.rar=01;31:*.alz=01;31:*.ace=01;31:*.zoo=01;31:*.cpio=01;31:*.7z=01;31:*.rz=01;31:*.cab=01;31:*.wim=01;31:*.swm=01;31:*.dwm=01;31:*.esd=01;31:*.jpg=01;35:*.jpeg=01;35:*.mjpg=01;35:*.mjpeg=01;35:*.gif=01;35:*.bmp=01;35:*.pbm=01;35:*.pgm=01;35:*.ppm=01;35:*.tga=01;35:*.xbm=01;35:*.xpm=01;35:*.tif=01;35:*.tiff=01;35:*.png=01;35:*.svg=01;35:*.svgz=01;35:*.mng=01;35:*.pcx=01;35:*.mov=01;35:*.mpg=01;35:*.mpeg=01;35:*.m2v=01;35:*.mkv=01;35:*.webm=01;35:*.webp=01;35:*.ogm=01;35:*.mp4=01;35:*.m4v=01;35:*.mp4v=01;35:*.vob=01;35:*.qt=01;35:*.nuv=01;35:*.wmv=01;35:*.asf=01;35:*.rm=01;35:*.rmvb=01;35:*.flc=01;35:*.avi=01;35:*.fli=01;35:*.flv=01;35:*.gl=01;35:*.dl=01;35:*.xcf=01;35:*.xwd=01;35:*.yuv=01;35:*.cgm=01;35:*.emf=01;35:*.ogv=01;35:*.ogx=01;35:*.aac=00;36:*.au=00;36:*.flac=00;36:*.m4a=00;36:*.mid=00;36:*.midi=00;36:*.mka=00;36:*.mp3=00;36:*.mpc=00;36:*.ogg=00;36:*.ra=00;36:*.wav=00;36:*.oga=00;36:*.opus=00;36:*.spx=00;36:*.xspf=00;36:', 'VSCODE_GIT_IPC_HANDLE': '/run/user/1000/vscode-git-a9f1ef9bc6.sock', 'TERM_PROGRAM': 'vscode', 'ROS_DOMAIN_ID': '1', 'AMENT_PREFIX_PATH': '/home/ubuntu/spas_ws/install/spas_planning:/home/ubuntu/spas_ws/install/spas_perception:/home/ubuntu/spas_ws/install/spas_control:/home/ubuntu/spas_ws/install/spas_bringup:/home/ubuntu/spas_ws/install/sllidar_ros2:/home/ubuntu/spas_ws/install/slam_toolbox:/opt/ros/humble', 'SHELL': '/bin/bash', 'LESSCLOSE': '/usr/bin/lesspipe %s %s', 'VSCODE_GIT_ASKPASS_EXTRA_ARGS': '', 'PWD': '/home/ubuntu/spas_ws/build/spas_perception', 'LC_ALL': 'en_US.UTF-8', 'SSH_CONNECTION': '192.168.236.158 64914 192.168.236.18 22', 'PYTHONPATH': '/home/ubuntu/spas_ws/build/spas_perception/prefix_override:/usr/lib/python3/dist-packages/colcon_core/task/python/colcon_distutils_commands:/home/ubuntu/spas_ws/install/spas_perception/lib/python3.10/site-packages:/home/ubuntu/spas_ws/build/spas_planning:/home/ubuntu/spas_ws/install/spas_planning/lib/python3.10/site-packages:/home/ubuntu/spas_ws/build/spas_perception:/home/ubuntu/spas_ws/install/spas_perception/lib/python3.10/site-packages:/home/ubuntu/spas_ws/build/spas_control:/home/ubuntu/spas_ws/install/spas_control/lib/python3.10/site-packages:/home/ubuntu/spas_ws/install/slam_toolbox/local/lib/python3.10/dist-packages:/opt/ros/humble/lib/python3.10/site-packages:/opt/ros/humble/local/lib/python3.10/dist-packages:/usr/local/lib/python3/dist-packages', 'COLCON': '1', 'CMAKE_PREFIX_PATH': '/home/ubuntu/spas_ws/install/spas_bringup:/home/ubuntu/spas_ws/install/sllidar_ros2:/home/ubuntu/spas_ws/install/slam_toolbox'}, 'shell': False}
[21.664891] (-) TimerEvent: {}
[21.766429] (-) TimerEvent: {}
[21.870542] (-) TimerEvent: {}
[21.974126] (-) TimerEvent: {}
[22.077031] (-) TimerEvent: {}
[22.179368] (-) TimerEvent: {}
[22.282862] (-) TimerEvent: {}
[22.386339] (-) TimerEvent: {}
[22.489911] (-) TimerEvent: {}
[22.595977] (-) TimerEvent: {}
[22.700022] (-) TimerEvent: {}
[22.803538] (-) TimerEvent: {}
[22.907123] (-) TimerEvent: {}
[23.011405] (-) TimerEvent: {}
[23.113944] (-) TimerEvent: {}
[23.215776] (-) TimerEvent: {}
[23.317482] (-) TimerEvent: {}
[23.422276] (-) TimerEvent: {}
[23.528170] (-) TimerEvent: {}
[23.633531] (-) TimerEvent: {}
[23.679405] (spas_planning) Command: {'cmd': ['/usr/bin/python3', '-W', 'ignore:setup.py install is deprecated', '-W', 'ignore:easy_install command is deprecated', 'setup.py', 'develop', '--editable', '--build-directory', '/home/ubuntu/spas_ws/build/spas_planning/build', '--no-deps', 'symlink_data'], 'cwd': '/home/ubuntu/spas_ws/build/spas_planning', 'env': {'PYTHON_BASIC_REPL': '1', 'LESSOPEN': '| /usr/bin/lesspipe %s', 'USER': 'ubuntu', 'SSH_CLIENT': '192.168.236.158 64914 22', 'XDG_SESSION_TYPE': 'tty', 'GIT_ASKPASS': '/home/ubuntu/.vscode-server/cli/servers/Stable-0958016b2af9f09bb4257e0df4a95e2f90590f9f/server/extensions/git/dist/askpass.sh', 'SHLVL': '1', 'LD_LIBRARY_PATH': '/home/ubuntu/spas_ws/install/slam_toolbox/lib:/opt/ros/humble/opt/rviz_ogre_vendor/lib:/opt/ros/humble/lib/aarch64-linux-gnu:/opt/ros/humble/lib', 'BROWSER': '/home/ubuntu/.vscode-server/cli/servers/Stable-0958016b2af9f09bb4257e0df4a95e2f90590f9f/server/bin/helpers/browser.sh', 'MOTD_SHOWN': 'pam', 'HOME': '/home/ubuntu', 'OLDPWD': '/home/ubuntu/spas_ws/src', 'TERM_PROGRAM_VERSION': '1.120.0', 'VSCODE_IPC_HOOK_CLI': '/run/user/1000/vscode-ipc-4c52080f-8f54-4af6-b1c5-04354886fdd5.sock', 'ROS_PYTHON_VERSION': '3', 'VSCODE_GIT_ASKPASS_MAIN': '/home/ubuntu/.vscode-server/cli/servers/Stable-0958016b2af9f09bb4257e0df4a95e2f90590f9f/server/extensions/git/dist/askpass-main.js', 'VSCODE_GIT_ASKPASS_NODE': '/home/ubuntu/.vscode-server/cli/servers/Stable-0958016b2af9f09bb4257e0df4a95e2f90590f9f/server/node', 'PYDEVD_DISABLE_FILE_VALIDATION': '1', 'BUNDLED_DEBUGPY_PATH': '/home/ubuntu/.vscode-server/extensions/ms-python.debugpy-2026.6.0/bundled/libs/debugpy', 'VSCODE_PYTHON_AUTOACTIVATE_GUARD': '1', 'DBUS_SESSION_BUS_ADDRESS': 'unix:path=/run/user/1000/bus', 'COLORTERM': 'truecolor', 'COLCON_PREFIX_PATH': '/home/ubuntu/spas_ws/install', 'ROS_DISTRO': 'humble', 'LOGNAME': 'ubuntu', '_': '/usr/bin/colcon', 'ROS_VERSION': '2', 'XDG_SESSION_CLASS': 'user', 'TERM': 'xterm-256color', 'XDG_SESSION_ID': '1', 'ROS_LOCALHOST_ONLY': '0', 'PATH': '/opt/ros/humble/bin:/home/ubuntu/.vscode-server/data/User/globalStorage/github.copilot-chat/debugCommand:/home/ubuntu/.vscode-server/data/User/globalStorage/github.copilot-chat/copilotCli:/home/ubuntu/.vscode-server/cli/servers/Stable-0958016b2af9f09bb4257e0df4a95e2f90590f9f/server/bin/remote-cli:/usr/local/sbin:/usr/local/bin:/usr/sbin:/usr/bin:/sbin:/bin:/usr/games:/usr/local/games:/snap/bin:/home/ubuntu/.vscode-server/extensions/ms-python.debugpy-2026.6.0/bundled/scripts/noConfigScripts:/usr/local/bin', 'XDG_RUNTIME_DIR': '/run/user/1000', 'VSCODE_DEBUGPY_ADAPTER_ENDPOINTS': '/home/ubuntu/.vscode-server/extensions/ms-python.debugpy-2026.6.0/.noConfigDebugAdapterEndpoints/endpoint-00d0b5565ef995a9.txt', 'LANG': 'en_US.UTF-8', 'PYTHONSTARTUP': '/home/ubuntu/.vscode-server/data/User/workspaceStorage/f3bef80f69d224608c509b83f13a955a/ms-python.python/pythonrc.py', 'LS_COLORS': 'rs=0:di=01;34:ln=01;36:mh=00:pi=40;33:so=01;35:do=01;35:bd=40;33;01:cd=40;33;01:or=40;31;01:mi=00:su=37;41:sg=30;43:ca=30;41:tw=30;42:ow=34;42:st=37;44:ex=01;32:*.tar=01;31:*.tgz=01;31:*.arc=01;31:*.arj=01;31:*.taz=01;31:*.lha=01;31:*.lz4=01;31:*.lzh=01;31:*.lzma=01;31:*.tlz=01;31:*.txz=01;31:*.tzo=01;31:*.t7z=01;31:*.zip=01;31:*.z=01;31:*.dz=01;31:*.gz=01;31:*.lrz=01;31:*.lz=01;31:*.lzo=01;31:*.xz=01;31:*.zst=01;31:*.tzst=01;31:*.bz2=01;31:*.bz=01;31:*.tbz=01;31:*.tbz2=01;31:*.tz=01;31:*.deb=01;31:*.rpm=01;31:*.jar=01;31:*.war=01;31:*.ear=01;31:*.sar=01;31:*.rar=01;31:*.alz=01;31:*.ace=01;31:*.zoo=01;31:*.cpio=01;31:*.7z=01;31:*.rz=01;31:*.cab=01;31:*.wim=01;31:*.swm=01;31:*.dwm=01;31:*.esd=01;31:*.jpg=01;35:*.jpeg=01;35:*.mjpg=01;35:*.mjpeg=01;35:*.gif=01;35:*.bmp=01;35:*.pbm=01;35:*.pgm=01;35:*.ppm=01;35:*.tga=01;35:*.xbm=01;35:*.xpm=01;35:*.tif=01;35:*.tiff=01;35:*.png=01;35:*.svg=01;35:*.svgz=01;35:*.mng=01;35:*.pcx=01;35:*.mov=01;35:*.mpg=01;35:*.mpeg=01;35:*.m2v=01;35:*.mkv=01;35:*.webm=01;35:*.webp=01;35:*.ogm=01;35:*.mp4=01;35:*.m4v=01;35:*.mp4v=01;35:*.vob=01;35:*.qt=01;35:*.nuv=01;35:*.wmv=01;35:*.asf=01;35:*.rm=01;35:*.rmvb=01;35:*.flc=01;35:*.avi=01;35:*.fli=01;35:*.flv=01;35:*.gl=01;35:*.dl=01;35:*.xcf=01;35:*.xwd=01;35:*.yuv=01;35:*.cgm=01;35:*.emf=01;35:*.ogv=01;35:*.ogx=01;35:*.aac=00;36:*.au=00;36:*.flac=00;36:*.m4a=00;36:*.mid=00;36:*.midi=00;36:*.mka=00;36:*.mp3=00;36:*.mpc=00;36:*.ogg=00;36:*.ra=00;36:*.wav=00;36:*.oga=00;36:*.opus=00;36:*.spx=00;36:*.xspf=00;36:', 'VSCODE_GIT_IPC_HANDLE': '/run/user/1000/vscode-git-a9f1ef9bc6.sock', 'TERM_PROGRAM': 'vscode', 'ROS_DOMAIN_ID': '1', 'AMENT_PREFIX_PATH': '/home/ubuntu/spas_ws/install/spas_planning:/home/ubuntu/spas_ws/install/spas_perception:/home/ubuntu/spas_ws/install/spas_control:/home/ubuntu/spas_ws/install/spas_bringup:/home/ubuntu/spas_ws/install/sllidar_ros2:/home/ubuntu/spas_ws/install/slam_toolbox:/opt/ros/humble', 'SHELL': '/bin/bash', 'LESSCLOSE': '/usr/bin/lesspipe %s %s', 'VSCODE_GIT_ASKPASS_EXTRA_ARGS': '', 'PWD': '/home/ubuntu/spas_ws/build/spas_planning', 'LC_ALL': 'en_US.UTF-8', 'SSH_CONNECTION': '192.168.236.158 64914 192.168.236.18 22', 'PYTHONPATH': '/home/ubuntu/spas_ws/build/spas_planning/prefix_override:/usr/lib/python3/dist-packages/colcon_core/task/python/colcon_distutils_commands:/home/ubuntu/spas_ws/install/spas_planning/lib/python3.10/site-packages:/home/ubuntu/spas_ws/build/spas_planning:/home/ubuntu/spas_ws/install/spas_planning/lib/python3.10/site-packages:/home/ubuntu/spas_ws/build/spas_perception:/home/ubuntu/spas_ws/install/spas_perception/lib/python3.10/site-packages:/home/ubuntu/spas_ws/build/spas_control:/home/ubuntu/spas_ws/install/spas_control/lib/python3.10/site-packages:/home/ubuntu/spas_ws/install/slam_toolbox/local/lib/python3.10/dist-packages:/opt/ros/humble/lib/python3.10/site-packages:/opt/ros/humble/local/lib/python3.10/dist-packages:/usr/local/lib/python3/dist-packages', 'COLCON': '1', 'CMAKE_PREFIX_PATH': '/home/ubuntu/spas_ws/install/spas_bringup:/home/ubuntu/spas_ws/install/sllidar_ros2:/home/ubuntu/spas_ws/install/slam_toolbox'}, 'shell': False}
[23.733915] (-) TimerEvent: {}
[23.840073] (-) TimerEvent: {}
[23.944598] (-) TimerEvent: {}
[24.047615] (-) TimerEvent: {}
[24.151034] (-) TimerEvent: {}
[24.254221] (-) TimerEvent: {}
[24.359238] (-) TimerEvent: {}
[24.463370] (-) TimerEvent: {}
[24.567808] (-) TimerEvent: {}
[24.674412] (-) TimerEvent: {}
[24.781311] (-) TimerEvent: {}
[24.885755] (-) TimerEvent: {}
[24.990817] (-) TimerEvent: {}
[25.092916] (-) TimerEvent: {}
[25.193848] (-) TimerEvent: {}
[25.294738] (-) TimerEvent: {}
[25.395652] (-) TimerEvent: {}
[25.496599] (-) TimerEvent: {}
[25.598885] (-) TimerEvent: {}
[25.608600] (spas_control) StdoutLine: {'line': b'running egg_info\n'}
[25.613346] (spas_control) StdoutLine: {'line': b'writing spas_control.egg-info/PKG-INFO\n'}
[25.615258] (spas_control) StdoutLine: {'line': b'writing dependency_links to spas_control.egg-info/dependency_links.txt\n'}
[25.617966] (spas_control) StdoutLine: {'line': b'writing entry points to spas_control.egg-info/entry_points.txt\n'}
[25.618485] (spas_control) StdoutLine: {'line': b'writing requirements to spas_control.egg-info/requires.txt\n'}
[25.618968] (spas_control) StdoutLine: {'line': b'writing top-level names to spas_control.egg-info/top_level.txt\n'}
[25.623771] (spas_control) StdoutLine: {'line': b"reading manifest file 'spas_control.egg-info/SOURCES.txt'\n"}
[25.629299] (spas_control) StdoutLine: {'line': b"writing manifest file 'spas_control.egg-info/SOURCES.txt'\n"}
[25.637287] (spas_control) StdoutLine: {'line': b'running build_ext\n'}
[25.639524] (spas_control) StdoutLine: {'line': b'Creating /home/ubuntu/spas_ws/install/spas_control/lib/python3.10/site-packages/spas-control.egg-link (link to .)\n'}
[25.644416] (spas_control) StdoutLine: {'line': b'Installing stm32_bridge_node script to /home/ubuntu/spas_ws/install/spas_control/lib/spas_control\n'}
[25.647703] (spas_control) StdoutLine: {'line': b'\n'}
[25.648744] (spas_control) StdoutLine: {'line': b'Installed /home/ubuntu/spas_ws/build/spas_control\n'}
[25.650475] (spas_control) StdoutLine: {'line': b'running symlink_data\n'}
[25.699342] (-) TimerEvent: {}
[25.802077] (-) TimerEvent: {}
[25.897510] (spas_control) CommandEnded: {'returncode': 0}
[25.904792] (-) TimerEvent: {}
[26.007129] (-) TimerEvent: {}
[26.021155] (spas_control) JobEnded: {'identifier': 'spas_control', 'rc': 0}
[26.107364] (-) TimerEvent: {}
[26.208414] (-) TimerEvent: {}
[26.310194] (-) TimerEvent: {}
[26.411973] (-) TimerEvent: {}
[26.514195] (-) TimerEvent: {}
[26.615924] (-) TimerEvent: {}
[26.648743] (spas_perception) StdoutLine: {'line': b'running develop\n'}
[26.716149] (-) TimerEvent: {}
[26.817048] (-) TimerEvent: {}
[26.919163] (-) TimerEvent: {}
[27.020700] (-) TimerEvent: {}
[27.122374] (-) TimerEvent: {}
[27.226176] (-) TimerEvent: {}
[27.328823] (-) TimerEvent: {}
[27.425410] (spas_planning) StdoutLine: {'line': b'running develop\n'}
[27.428986] (-) TimerEvent: {}
[27.534164] (-) TimerEvent: {}
[27.635034] (-) TimerEvent: {}
[27.737244] (-) TimerEvent: {}
[27.838938] (-) TimerEvent: {}
[27.941448] (-) TimerEvent: {}
[28.046245] (-) TimerEvent: {}
[28.148705] (-) TimerEvent: {}
[28.250974] (-) TimerEvent: {}
[28.353317] (-) TimerEvent: {}
[28.454976] (-) TimerEvent: {}
[28.557514] (-) TimerEvent: {}
[28.587135] (spas_perception) StdoutLine: {'line': b'running egg_info\n'}
[28.588093] (spas_perception) StdoutLine: {'line': b'writing spas_perception.egg-info/PKG-INFO\n'}
[28.601584] (spas_perception) StdoutLine: {'line': b'writing dependency_links to spas_perception.egg-info/dependency_links.txt\n'}
[28.602452] (spas_perception) StdoutLine: {'line': b'writing entry points to spas_perception.egg-info/entry_points.txt\n'}
[28.603277] (spas_perception) StdoutLine: {'line': b'writing requirements to spas_perception.egg-info/requires.txt\n'}
[28.604033] (spas_perception) StdoutLine: {'line': b'writing top-level names to spas_perception.egg-info/top_level.txt\n'}
[28.610457] (spas_perception) StdoutLine: {'line': b"reading manifest file 'spas_perception.egg-info/SOURCES.txt'\n"}
[28.615535] (spas_perception) StdoutLine: {'line': b"writing manifest file 'spas_perception.egg-info/SOURCES.txt'\n"}
[28.621093] (spas_perception) StdoutLine: {'line': b'running build_ext\n'}
[28.626434] (spas_perception) StdoutLine: {'line': b'Creating /home/ubuntu/spas_ws/install/spas_perception/lib/python3.10/site-packages/spas-perception.egg-link (link to .)\n'}
[28.640302] (spas_perception) StdoutLine: {'line': b'Installing sensor_filter_node script to /home/ubuntu/spas_ws/install/spas_perception/lib/spas_perception\n'}
[28.647324] (spas_perception) StdoutLine: {'line': b'\n'}
[28.655957] (spas_perception) StdoutLine: {'line': b'Installed /home/ubuntu/spas_ws/build/spas_perception\n'}
[28.661645] (-) TimerEvent: {}
[28.663684] (spas_perception) StdoutLine: {'line': b'running symlink_data\n'}
[28.762001] (-) TimerEvent: {}
[28.862997] (spas_perception) CommandEnded: {'returncode': 0}
[28.865393] (-) TimerEvent: {}
[28.969002] (-) TimerEvent: {}
[28.973181] (spas_perception) JobEnded: {'identifier': 'spas_perception', 'rc': 0}
[29.069187] (-) TimerEvent: {}
[29.171145] (-) TimerEvent: {}
[29.273558] (-) TimerEvent: {}
[29.375743] (-) TimerEvent: {}
[29.466883] (spas_planning) StdoutLine: {'line': b'running egg_info\n'}
[29.468341] (spas_planning) StdoutLine: {'line': b'writing spas_planning.egg-info/PKG-INFO\n'}
[29.471860] (spas_planning) StdoutLine: {'line': b'writing dependency_links to spas_planning.egg-info/dependency_links.txt\n'}
[29.476129] (-) TimerEvent: {}
[29.477822] (spas_planning) StdoutLine: {'line': b'writing entry points to spas_planning.egg-info/entry_points.txt\n'}
[29.479283] (spas_planning) StdoutLine: {'line': b'writing requirements to spas_planning.egg-info/requires.txt\n'}
[29.480807] (spas_planning) StdoutLine: {'line': b'writing top-level names to spas_planning.egg-info/top_level.txt\n'}
[29.495029] (spas_planning) StdoutLine: {'line': b"reading manifest file 'spas_planning.egg-info/SOURCES.txt'\n"}
[29.499928] (spas_planning) StdoutLine: {'line': b"writing manifest file 'spas_planning.egg-info/SOURCES.txt'\n"}
[29.512558] (spas_planning) StdoutLine: {'line': b'running build_ext\n'}
[29.515744] (spas_planning) StdoutLine: {'line': b'Creating /home/ubuntu/spas_ws/install/spas_planning/lib/python3.10/site-packages/spas-planning.egg-link (link to .)\n'}
[29.520163] (spas_planning) StdoutLine: {'line': b'Installing hybrid_A_star_node script to /home/ubuntu/spas_ws/install/spas_planning/lib/spas_planning\n'}
[29.526256] (spas_planning) StdoutLine: {'line': b'Installing parking_space_detector script to /home/ubuntu/spas_ws/install/spas_planning/lib/spas_planning\n'}
[29.527153] (spas_planning) StdoutLine: {'line': b'Installing safety_node script to /home/ubuntu/spas_ws/install/spas_planning/lib/spas_planning\n'}
[29.531794] (spas_planning) StdoutLine: {'line': b'\n'}
[29.534361] (spas_planning) StdoutLine: {'line': b'Installed /home/ubuntu/spas_ws/build/spas_planning\n'}
[29.536534] (spas_planning) StdoutLine: {'line': b'running symlink_data\n'}
[29.576415] (-) TimerEvent: {}
[29.678961] (-) TimerEvent: {}
[29.758667] (spas_planning) CommandEnded: {'returncode': 0}
[29.779237] (-) TimerEvent: {}
[29.823562] (spas_planning) JobEnded: {'identifier': 'spas_planning', 'rc': 0}
[29.827478] (-) EventReactorShutdown: {}
