[0.000000] (-) TimerEvent: {}
[0.001758] (slam_toolbox) JobQueued: {'identifier': 'slam_toolbox', 'dependencies': OrderedDict()}
[0.002410] (sllidar_ros2) JobQueued: {'identifier': 'sllidar_ros2', 'dependencies': OrderedDict()}
[0.002962] (spas_bringup) JobQueued: {'identifier': 'spas_bringup', 'dependencies': OrderedDict()}
[0.003198] (spas_control) JobQueued: {'identifier': 'spas_control', 'dependencies': OrderedDict()}
[0.003505] (spas_perception) JobQueued: {'identifier': 'spas_perception', 'dependencies': OrderedDict()}
[0.003676] (spas_planning) JobQueued: {'identifier': 'spas_planning', 'dependencies': OrderedDict()}
[0.003836] (slam_toolbox) JobStarted: {'identifier': 'slam_toolbox'}
[0.038629] (sllidar_ros2) JobStarted: {'identifier': 'sllidar_ros2'}
[0.066313] (spas_bringup) JobStarted: {'identifier': 'spas_bringup'}
[0.093414] (spas_control) JobStarted: {'identifier': 'spas_control'}
[0.099915] (-) TimerEvent: {}
[0.136736] (slam_toolbox) JobProgress: {'identifier': 'slam_toolbox', 'progress': 'cmake'}
[0.143953] (slam_toolbox) JobProgress: {'identifier': 'slam_toolbox', 'progress': 'build'}
[0.147481] (slam_toolbox) Command: {'cmd': ['/usr/bin/cmake', '--build', '/home/ubuntu/spas_ws/build/slam_toolbox', '--', '-j4', '-l4'], 'cwd': '/home/ubuntu/spas_ws/build/slam_toolbox', 'env': OrderedDict([('PYTHON_BASIC_REPL', '1'), ('LESSOPEN', '| /usr/bin/lesspipe %s'), ('USER', 'ubuntu'), ('SSH_CLIENT', '192.168.236.158 64914 22'), ('XDG_SESSION_TYPE', 'tty'), ('GIT_ASKPASS', '/home/ubuntu/.vscode-server/cli/servers/Stable-0958016b2af9f09bb4257e0df4a95e2f90590f9f/server/extensions/git/dist/askpass.sh'), ('SHLVL', '1'), ('LD_LIBRARY_PATH', '/home/ubuntu/spas_ws/install/slam_toolbox/lib:/opt/ros/humble/opt/rviz_ogre_vendor/lib:/opt/ros/humble/lib/aarch64-linux-gnu:/opt/ros/humble/lib'), ('BROWSER', '/home/ubuntu/.vscode-server/cli/servers/Stable-0958016b2af9f09bb4257e0df4a95e2f90590f9f/server/bin/helpers/browser.sh'), ('MOTD_SHOWN', 'pam'), ('HOME', '/home/ubuntu'), ('OLDPWD', '/home/ubuntu/spas_ws/src'), ('TERM_PROGRAM_VERSION', '1.120.0'), ('VSCODE_IPC_HOOK_CLI', '/run/user/1000/vscode-ipc-4c52080f-8f54-4af6-b1c5-04354886fdd5.sock'), ('ROS_PYTHON_VERSION', '3'), ('VSCODE_GIT_ASKPASS_MAIN', '/home/ubuntu/.vscode-server/cli/servers/Stable-0958016b2af9f09bb4257e0df4a95e2f90590f9f/server/extensions/git/dist/askpass-main.js'), ('VSCODE_GIT_ASKPASS_NODE', '/home/ubuntu/.vscode-server/cli/servers/Stable-0958016b2af9f09bb4257e0df4a95e2f90590f9f/server/node'), ('PYDEVD_DISABLE_FILE_VALIDATION', '1'), ('BUNDLED_DEBUGPY_PATH', '/home/ubuntu/.vscode-server/extensions/ms-python.debugpy-2026.6.0/bundled/libs/debugpy'), ('VSCODE_PYTHON_AUTOACTIVATE_GUARD', '1'), ('DBUS_SESSION_BUS_ADDRESS', 'unix:path=/run/user/1000/bus'), ('COLORTERM', 'truecolor'), ('COLCON_PREFIX_PATH', '/home/ubuntu/spas_ws/install'), ('ROS_DISTRO', 'humble'), ('LOGNAME', 'ubuntu'), ('_', '/usr/bin/colcon'), ('ROS_VERSION', '2'), ('XDG_SESSION_CLASS', 'user'), ('TERM', 'xterm-256color'), ('XDG_SESSION_ID', '1'), ('ROS_LOCALHOST_ONLY', '0'), ('PATH', '/opt/ros/humble/bin:/home/ubuntu/.vscode-server/data/User/globalStorage/github.copilot-chat/debugCommand:/home/ubuntu/.vscode-server/data/User/globalStorage/github.copilot-chat/copilotCli:/home/ubuntu/.vscode-server/cli/servers/Stable-0958016b2af9f09bb4257e0df4a95e2f90590f9f/server/bin/remote-cli:/usr/local/sbin:/usr/local/bin:/usr/sbin:/usr/bin:/sbin:/bin:/usr/games:/usr/local/games:/snap/bin:/home/ubuntu/.vscode-server/extensions/ms-python.debugpy-2026.6.0/bundled/scripts/noConfigScripts:/usr/local/bin'), ('XDG_RUNTIME_DIR', '/run/user/1000'), ('VSCODE_DEBUGPY_ADAPTER_ENDPOINTS', '/home/ubuntu/.vscode-server/extensions/ms-python.debugpy-2026.6.0/.noConfigDebugAdapterEndpoints/endpoint-00d0b5565ef995a9.txt'), ('LANG', 'en_US.UTF-8'), ('PYTHONSTARTUP', '/home/ubuntu/.vscode-server/data/User/workspaceStorage/f3bef80f69d224608c509b83f13a955a/ms-python.python/pythonrc.py'), ('LS_COLORS', 'rs=0:di=01;34:ln=01;36:mh=00:pi=40;33:so=01;35:do=01;35:bd=40;33;01:cd=40;33;01:or=40;31;01:mi=00:su=37;41:sg=30;43:ca=30;41:tw=30;42:ow=34;42:st=37;44:ex=01;32:*.tar=01;31:*.tgz=01;31:*.arc=01;31:*.arj=01;31:*.taz=01;31:*.lha=01;31:*.lz4=01;31:*.lzh=01;31:*.lzma=01;31:*.tlz=01;31:*.txz=01;31:*.tzo=01;31:*.t7z=01;31:*.zip=01;31:*.z=01;31:*.dz=01;31:*.gz=01;31:*.lrz=01;31:*.lz=01;31:*.lzo=01;31:*.xz=01;31:*.zst=01;31:*.tzst=01;31:*.bz2=01;31:*.bz=01;31:*.tbz=01;31:*.tbz2=01;31:*.tz=01;31:*.deb=01;31:*.rpm=01;31:*.jar=01;31:*.war=01;31:*.ear=01;31:*.sar=01;31:*.rar=01;31:*.alz=01;31:*.ace=01;31:*.zoo=01;31:*.cpio=01;31:*.7z=01;31:*.rz=01;31:*.cab=01;31:*.wim=01;31:*.swm=01;31:*.dwm=01;31:*.esd=01;31:*.jpg=01;35:*.jpeg=01;35:*.mjpg=01;35:*.mjpeg=01;35:*.gif=01;35:*.bmp=01;35:*.pbm=01;35:*.pgm=01;35:*.ppm=01;35:*.tga=01;35:*.xbm=01;35:*.xpm=01;35:*.tif=01;35:*.tiff=01;35:*.png=01;35:*.svg=01;35:*.svgz=01;35:*.mng=01;35:*.pcx=01;35:*.mov=01;35:*.mpg=01;35:*.mpeg=01;35:*.m2v=01;35:*.mkv=01;35:*.webm=01;35:*.webp=01;35:*.ogm=01;35:*.mp4=01;35:*.m4v=01;35:*.mp4v=01;35:*.vob=01;35:*.qt=01;35:*.nuv=01;35:*.wmv=01;35:*.asf=01;35:*.rm=01;35:*.rmvb=01;35:*.flc=01;35:*.avi=01;35:*.fli=01;35:*.flv=01;35:*.gl=01;35:*.dl=01;35:*.xcf=01;35:*.xwd=01;35:*.yuv=01;35:*.cgm=01;35:*.emf=01;35:*.ogv=01;35:*.ogx=01;35:*.aac=00;36:*.au=00;36:*.flac=00;36:*.m4a=00;36:*.mid=00;36:*.midi=00;36:*.mka=00;36:*.mp3=00;36:*.mpc=00;36:*.ogg=00;36:*.ra=00;36:*.wav=00;36:*.oga=00;36:*.opus=00;36:*.spx=00;36:*.xspf=00;36:'), ('VSCODE_GIT_IPC_HANDLE', '/run/user/1000/vscode-git-a9f1ef9bc6.sock'), ('TERM_PROGRAM', 'vscode'), ('ROS_DOMAIN_ID', '1'), ('AMENT_PREFIX_PATH', '/home/ubuntu/spas_ws/install/spas_planning:/home/ubuntu/spas_ws/install/spas_perception:/home/ubuntu/spas_ws/install/spas_control:/home/ubuntu/spas_ws/install/spas_bringup:/home/ubuntu/spas_ws/install/sllidar_ros2:/home/ubuntu/spas_ws/install/slam_toolbox:/opt/ros/humble'), ('SHELL', '/bin/bash'), ('LESSCLOSE', '/usr/bin/lesspipe %s %s'), ('VSCODE_GIT_ASKPASS_EXTRA_ARGS', ''), ('PWD', '/home/ubuntu/spas_ws/build/slam_toolbox'), ('LC_ALL', 'en_US.UTF-8'), ('SSH_CONNECTION', '192.168.236.158 64914 192.168.236.18 22'), ('PYTHONPATH', '/home/ubuntu/spas_ws/build/spas_planning:/home/ubuntu/spas_ws/install/spas_planning/lib/python3.10/site-packages:/home/ubuntu/spas_ws/build/spas_perception:/home/ubuntu/spas_ws/install/spas_perception/lib/python3.10/site-packages:/home/ubuntu/spas_ws/build/spas_control:/home/ubuntu/spas_ws/install/spas_control/lib/python3.10/site-packages:/home/ubuntu/spas_ws/install/slam_toolbox/local/lib/python3.10/dist-packages:/opt/ros/humble/lib/python3.10/site-packages:/opt/ros/humble/local/lib/python3.10/dist-packages:/usr/local/lib/python3/dist-packages'), ('COLCON', '1'), ('CMAKE_PREFIX_PATH', '/home/ubuntu/spas_ws/install/spas_bringup:/home/ubuntu/spas_ws/install/sllidar_ros2:/home/ubuntu/spas_ws/install/slam_toolbox:/home/ubuntu/spas_ws/install/spas_planning:/home/ubuntu/spas_ws/install/spas_perception:/home/ubuntu/spas_ws/install/spas_control:/opt/ros/humble')]), 'shell': False}
[0.164259] (sllidar_ros2) JobProgress: {'identifier': 'sllidar_ros2', 'progress': 'cmake'}
[0.170497] (sllidar_ros2) JobProgress: {'identifier': 'sllidar_ros2', 'progress': 'build'}
[0.177207] (sllidar_ros2) Command: {'cmd': ['/usr/bin/cmake', '--build', '/home/ubuntu/spas_ws/build/sllidar_ros2', '--', '-j4', '-l4'], 'cwd': '/home/ubuntu/spas_ws/build/sllidar_ros2', 'env': OrderedDict([('PYTHON_BASIC_REPL', '1'), ('LESSOPEN', '| /usr/bin/lesspipe %s'), ('USER', 'ubuntu'), ('SSH_CLIENT', '192.168.236.158 64914 22'), ('XDG_SESSION_TYPE', 'tty'), ('GIT_ASKPASS', '/home/ubuntu/.vscode-server/cli/servers/Stable-0958016b2af9f09bb4257e0df4a95e2f90590f9f/server/extensions/git/dist/askpass.sh'), ('SHLVL', '1'), ('LD_LIBRARY_PATH', '/home/ubuntu/spas_ws/install/slam_toolbox/lib:/opt/ros/humble/opt/rviz_ogre_vendor/lib:/opt/ros/humble/lib/aarch64-linux-gnu:/opt/ros/humble/lib'), ('BROWSER', '/home/ubuntu/.vscode-server/cli/servers/Stable-0958016b2af9f09bb4257e0df4a95e2f90590f9f/server/bin/helpers/browser.sh'), ('MOTD_SHOWN', 'pam'), ('HOME', '/home/ubuntu'), ('OLDPWD', '/home/ubuntu/spas_ws/src'), ('TERM_PROGRAM_VERSION', '1.120.0'), ('VSCODE_IPC_HOOK_CLI', '/run/user/1000/vscode-ipc-4c52080f-8f54-4af6-b1c5-04354886fdd5.sock'), ('ROS_PYTHON_VERSION', '3'), ('VSCODE_GIT_ASKPASS_MAIN', '/home/ubuntu/.vscode-server/cli/servers/Stable-0958016b2af9f09bb4257e0df4a95e2f90590f9f/server/extensions/git/dist/askpass-main.js'), ('VSCODE_GIT_ASKPASS_NODE', '/home/ubuntu/.vscode-server/cli/servers/Stable-0958016b2af9f09bb4257e0df4a95e2f90590f9f/server/node'), ('PYDEVD_DISABLE_FILE_VALIDATION', '1'), ('BUNDLED_DEBUGPY_PATH', '/home/ubuntu/.vscode-server/extensions/ms-python.debugpy-2026.6.0/bundled/libs/debugpy'), ('VSCODE_PYTHON_AUTOACTIVATE_GUARD', '1'), ('DBUS_SESSION_BUS_ADDRESS', 'unix:path=/run/user/1000/bus'), ('COLORTERM', 'truecolor'), ('COLCON_PREFIX_PATH', '/home/ubuntu/spas_ws/install'), ('ROS_DISTRO', 'humble'), ('LOGNAME', 'ubuntu'), ('_', '/usr/bin/colcon'), ('ROS_VERSION', '2'), ('XDG_SESSION_CLASS', 'user'), ('TERM', 'xterm-256color'), ('XDG_SESSION_ID', '1'), ('ROS_LOCALHOST_ONLY', '0'), ('PATH', '/opt/ros/humble/bin:/home/ubuntu/.vscode-server/data/User/globalStorage/github.copilot-chat/debugCommand:/home/ubuntu/.vscode-server/data/User/globalStorage/github.copilot-chat/copilotCli:/home/ubuntu/.vscode-server/cli/servers/Stable-0958016b2af9f09bb4257e0df4a95e2f90590f9f/server/bin/remote-cli:/usr/local/sbin:/usr/local/bin:/usr/sbin:/usr/bin:/sbin:/bin:/usr/games:/usr/local/games:/snap/bin:/home/ubuntu/.vscode-server/extensions/ms-python.debugpy-2026.6.0/bundled/scripts/noConfigScripts:/usr/local/bin'), ('XDG_RUNTIME_DIR', '/run/user/1000'), ('VSCODE_DEBUGPY_ADAPTER_ENDPOINTS', '/home/ubuntu/.vscode-server/extensions/ms-python.debugpy-2026.6.0/.noConfigDebugAdapterEndpoints/endpoint-00d0b5565ef995a9.txt'), ('LANG', 'en_US.UTF-8'), ('PYTHONSTARTUP', '/home/ubuntu/.vscode-server/data/User/workspaceStorage/f3bef80f69d224608c509b83f13a955a/ms-python.python/pythonrc.py'), ('LS_COLORS', 'rs=0:di=01;34:ln=01;36:mh=00:pi=40;33:so=01;35:do=01;35:bd=40;33;01:cd=40;33;01:or=40;31;01:mi=00:su=37;41:sg=30;43:ca=30;41:tw=30;42:ow=34;42:st=37;44:ex=01;32:*.tar=01;31:*.tgz=01;31:*.arc=01;31:*.arj=01;31:*.taz=01;31:*.lha=01;31:*.lz4=01;31:*.lzh=01;31:*.lzma=01;31:*.tlz=01;31:*.txz=01;31:*.tzo=01;31:*.t7z=01;31:*.zip=01;31:*.z=01;31:*.dz=01;31:*.gz=01;31:*.lrz=01;31:*.lz=01;31:*.lzo=01;31:*.xz=01;31:*.zst=01;31:*.tzst=01;31:*.bz2=01;31:*.bz=01;31:*.tbz=01;31:*.tbz2=01;31:*.tz=01;31:*.deb=01;31:*.rpm=01;31:*.jar=01;31:*.war=01;31:*.ear=01;31:*.sar=01;31:*.rar=01;31:*.alz=01;31:*.ace=01;31:*.zoo=01;31:*.cpio=01;31:*.7z=01;31:*.rz=01;31:*.cab=01;31:*.wim=01;31:*.swm=01;31:*.dwm=01;31:*.esd=01;31:*.jpg=01;35:*.jpeg=01;35:*.mjpg=01;35:*.mjpeg=01;35:*.gif=01;35:*.bmp=01;35:*.pbm=01;35:*.pgm=01;35:*.ppm=01;35:*.tga=01;35:*.xbm=01;35:*.xpm=01;35:*.tif=01;35:*.tiff=01;35:*.png=01;35:*.svg=01;35:*.svgz=01;35:*.mng=01;35:*.pcx=01;35:*.mov=01;35:*.mpg=01;35:*.mpeg=01;35:*.m2v=01;35:*.mkv=01;35:*.webm=01;35:*.webp=01;35:*.ogm=01;35:*.mp4=01;35:*.m4v=01;35:*.mp4v=01;35:*.vob=01;35:*.qt=01;35:*.nuv=01;35:*.wmv=01;35:*.asf=01;35:*.rm=01;35:*.rmvb=01;35:*.flc=01;35:*.avi=01;35:*.fli=01;35:*.flv=01;35:*.gl=01;35:*.dl=01;35:*.xcf=01;35:*.xwd=01;35:*.yuv=01;35:*.cgm=01;35:*.emf=01;35:*.ogv=01;35:*.ogx=01;35:*.aac=00;36:*.au=00;36:*.flac=00;36:*.m4a=00;36:*.mid=00;36:*.midi=00;36:*.mka=00;36:*.mp3=00;36:*.mpc=00;36:*.ogg=00;36:*.ra=00;36:*.wav=00;36:*.oga=00;36:*.opus=00;36:*.spx=00;36:*.xspf=00;36:'), ('VSCODE_GIT_IPC_HANDLE', '/run/user/1000/vscode-git-a9f1ef9bc6.sock'), ('TERM_PROGRAM', 'vscode'), ('ROS_DOMAIN_ID', '1'), ('AMENT_PREFIX_PATH', '/home/ubuntu/spas_ws/install/spas_planning:/home/ubuntu/spas_ws/install/spas_perception:/home/ubuntu/spas_ws/install/spas_control:/home/ubuntu/spas_ws/install/spas_bringup:/home/ubuntu/spas_ws/install/sllidar_ros2:/home/ubuntu/spas_ws/install/slam_toolbox:/opt/ros/humble'), ('SHELL', '/bin/bash'), ('LESSCLOSE', '/usr/bin/lesspipe %s %s'), ('VSCODE_GIT_ASKPASS_EXTRA_ARGS', ''), ('PWD', '/home/ubuntu/spas_ws/build/sllidar_ros2'), ('LC_ALL', 'en_US.UTF-8'), ('SSH_CONNECTION', '192.168.236.158 64914 192.168.236.18 22'), ('PYTHONPATH', '/home/ubuntu/spas_ws/build/spas_planning:/home/ubuntu/spas_ws/install/spas_planning/lib/python3.10/site-packages:/home/ubuntu/spas_ws/build/spas_perception:/home/ubuntu/spas_ws/install/spas_perception/lib/python3.10/site-packages:/home/ubuntu/spas_ws/build/spas_control:/home/ubuntu/spas_ws/install/spas_control/lib/python3.10/site-packages:/home/ubuntu/spas_ws/install/slam_toolbox/local/lib/python3.10/dist-packages:/opt/ros/humble/lib/python3.10/site-packages:/opt/ros/humble/local/lib/python3.10/dist-packages:/usr/local/lib/python3/dist-packages'), ('COLCON', '1'), ('CMAKE_PREFIX_PATH', '/home/ubuntu/spas_ws/install/spas_bringup:/home/ubuntu/spas_ws/install/sllidar_ros2:/home/ubuntu/spas_ws/install/slam_toolbox:/home/ubuntu/spas_ws/install/spas_planning:/home/ubuntu/spas_ws/install/spas_perception:/home/ubuntu/spas_ws/install/spas_control:/opt/ros/humble')]), 'shell': False}
[0.186499] (spas_bringup) JobProgress: {'identifier': 'spas_bringup', 'progress': 'cmake'}
[0.192212] (spas_bringup) JobProgress: {'identifier': 'spas_bringup', 'progress': 'build'}
[0.194040] (spas_bringup) Command: {'cmd': ['/usr/bin/cmake', '--build', '/home/ubuntu/spas_ws/build/spas_bringup', '--', '-j4', '-l4'], 'cwd': '/home/ubuntu/spas_ws/build/spas_bringup', 'env': OrderedDict([('PYTHON_BASIC_REPL', '1'), ('LESSOPEN', '| /usr/bin/lesspipe %s'), ('USER', 'ubuntu'), ('SSH_CLIENT', '192.168.236.158 64914 22'), ('XDG_SESSION_TYPE', 'tty'), ('GIT_ASKPASS', '/home/ubuntu/.vscode-server/cli/servers/Stable-0958016b2af9f09bb4257e0df4a95e2f90590f9f/server/extensions/git/dist/askpass.sh'), ('SHLVL', '1'), ('LD_LIBRARY_PATH', '/home/ubuntu/spas_ws/install/slam_toolbox/lib:/opt/ros/humble/opt/rviz_ogre_vendor/lib:/opt/ros/humble/lib/aarch64-linux-gnu:/opt/ros/humble/lib'), ('BROWSER', '/home/ubuntu/.vscode-server/cli/servers/Stable-0958016b2af9f09bb4257e0df4a95e2f90590f9f/server/bin/helpers/browser.sh'), ('MOTD_SHOWN', 'pam'), ('HOME', '/home/ubuntu'), ('OLDPWD', '/home/ubuntu/spas_ws/src'), ('TERM_PROGRAM_VERSION', '1.120.0'), ('VSCODE_IPC_HOOK_CLI', '/run/user/1000/vscode-ipc-4c52080f-8f54-4af6-b1c5-04354886fdd5.sock'), ('ROS_PYTHON_VERSION', '3'), ('VSCODE_GIT_ASKPASS_MAIN', '/home/ubuntu/.vscode-server/cli/servers/Stable-0958016b2af9f09bb4257e0df4a95e2f90590f9f/server/extensions/git/dist/askpass-main.js'), ('VSCODE_GIT_ASKPASS_NODE', '/home/ubuntu/.vscode-server/cli/servers/Stable-0958016b2af9f09bb4257e0df4a95e2f90590f9f/server/node'), ('PYDEVD_DISABLE_FILE_VALIDATION', '1'), ('BUNDLED_DEBUGPY_PATH', '/home/ubuntu/.vscode-server/extensions/ms-python.debugpy-2026.6.0/bundled/libs/debugpy'), ('VSCODE_PYTHON_AUTOACTIVATE_GUARD', '1'), ('DBUS_SESSION_BUS_ADDRESS', 'unix:path=/run/user/1000/bus'), ('COLORTERM', 'truecolor'), ('COLCON_PREFIX_PATH', '/home/ubuntu/spas_ws/install'), ('ROS_DISTRO', 'humble'), ('LOGNAME', 'ubuntu'), ('_', '/usr/bin/colcon'), ('ROS_VERSION', '2'), ('XDG_SESSION_CLASS', 'user'), ('TERM', 'xterm-256color'), ('XDG_SESSION_ID', '1'), ('ROS_LOCALHOST_ONLY', '0'), ('PATH', '/opt/ros/humble/bin:/home/ubuntu/.vscode-server/data/User/globalStorage/github.copilot-chat/debugCommand:/home/ubuntu/.vscode-server/data/User/globalStorage/github.copilot-chat/copilotCli:/home/ubuntu/.vscode-server/cli/servers/Stable-0958016b2af9f09bb4257e0df4a95e2f90590f9f/server/bin/remote-cli:/usr/local/sbin:/usr/local/bin:/usr/sbin:/usr/bin:/sbin:/bin:/usr/games:/usr/local/games:/snap/bin:/home/ubuntu/.vscode-server/extensions/ms-python.debugpy-2026.6.0/bundled/scripts/noConfigScripts:/usr/local/bin'), ('XDG_RUNTIME_DIR', '/run/user/1000'), ('VSCODE_DEBUGPY_ADAPTER_ENDPOINTS', '/home/ubuntu/.vscode-server/extensions/ms-python.debugpy-2026.6.0/.noConfigDebugAdapterEndpoints/endpoint-00d0b5565ef995a9.txt'), ('LANG', 'en_US.UTF-8'), ('PYTHONSTARTUP', '/home/ubuntu/.vscode-server/data/User/workspaceStorage/f3bef80f69d224608c509b83f13a955a/ms-python.python/pythonrc.py'), ('LS_COLORS', 'rs=0:di=01;34:ln=01;36:mh=00:pi=40;33:so=01;35:do=01;35:bd=40;33;01:cd=40;33;01:or=40;31;01:mi=00:su=37;41:sg=30;43:ca=30;41:tw=30;42:ow=34;42:st=37;44:ex=01;32:*.tar=01;31:*.tgz=01;31:*.arc=01;31:*.arj=01;31:*.taz=01;31:*.lha=01;31:*.lz4=01;31:*.lzh=01;31:*.lzma=01;31:*.tlz=01;31:*.txz=01;31:*.tzo=01;31:*.t7z=01;31:*.zip=01;31:*.z=01;31:*.dz=01;31:*.gz=01;31:*.lrz=01;31:*.lz=01;31:*.lzo=01;31:*.xz=01;31:*.zst=01;31:*.tzst=01;31:*.bz2=01;31:*.bz=01;31:*.tbz=01;31:*.tbz2=01;31:*.tz=01;31:*.deb=01;31:*.rpm=01;31:*.jar=01;31:*.war=01;31:*.ear=01;31:*.sar=01;31:*.rar=01;31:*.alz=01;31:*.ace=01;31:*.zoo=01;31:*.cpio=01;31:*.7z=01;31:*.rz=01;31:*.cab=01;31:*.wim=01;31:*.swm=01;31:*.dwm=01;31:*.esd=01;31:*.jpg=01;35:*.jpeg=01;35:*.mjpg=01;35:*.mjpeg=01;35:*.gif=01;35:*.bmp=01;35:*.pbm=01;35:*.pgm=01;35:*.ppm=01;35:*.tga=01;35:*.xbm=01;35:*.xpm=01;35:*.tif=01;35:*.tiff=01;35:*.png=01;35:*.svg=01;35:*.svgz=01;35:*.mng=01;35:*.pcx=01;35:*.mov=01;35:*.mpg=01;35:*.mpeg=01;35:*.m2v=01;35:*.mkv=01;35:*.webm=01;35:*.webp=01;35:*.ogm=01;35:*.mp4=01;35:*.m4v=01;35:*.mp4v=01;35:*.vob=01;35:*.qt=01;35:*.nuv=01;35:*.wmv=01;35:*.asf=01;35:*.rm=01;35:*.rmvb=01;35:*.flc=01;35:*.avi=01;35:*.fli=01;35:*.flv=01;35:*.gl=01;35:*.dl=01;35:*.xcf=01;35:*.xwd=01;35:*.yuv=01;35:*.cgm=01;35:*.emf=01;35:*.ogv=01;35:*.ogx=01;35:*.aac=00;36:*.au=00;36:*.flac=00;36:*.m4a=00;36:*.mid=00;36:*.midi=00;36:*.mka=00;36:*.mp3=00;36:*.mpc=00;36:*.ogg=00;36:*.ra=00;36:*.wav=00;36:*.oga=00;36:*.opus=00;36:*.spx=00;36:*.xspf=00;36:'), ('VSCODE_GIT_IPC_HANDLE', '/run/user/1000/vscode-git-a9f1ef9bc6.sock'), ('TERM_PROGRAM', 'vscode'), ('ROS_DOMAIN_ID', '1'), ('AMENT_PREFIX_PATH', '/home/ubuntu/spas_ws/install/spas_planning:/home/ubuntu/spas_ws/install/spas_perception:/home/ubuntu/spas_ws/install/spas_control:/home/ubuntu/spas_ws/install/spas_bringup:/home/ubuntu/spas_ws/install/sllidar_ros2:/home/ubuntu/spas_ws/install/slam_toolbox:/opt/ros/humble'), ('SHELL', '/bin/bash'), ('LESSCLOSE', '/usr/bin/lesspipe %s %s'), ('VSCODE_GIT_ASKPASS_EXTRA_ARGS', ''), ('PWD', '/home/ubuntu/spas_ws/build/spas_bringup'), ('LC_ALL', 'en_US.UTF-8'), ('SSH_CONNECTION', '192.168.236.158 64914 192.168.236.18 22'), ('PYTHONPATH', '/home/ubuntu/spas_ws/build/spas_planning:/home/ubuntu/spas_ws/install/spas_planning/lib/python3.10/site-packages:/home/ubuntu/spas_ws/build/spas_perception:/home/ubuntu/spas_ws/install/spas_perception/lib/python3.10/site-packages:/home/ubuntu/spas_ws/build/spas_control:/home/ubuntu/spas_ws/install/spas_control/lib/python3.10/site-packages:/home/ubuntu/spas_ws/install/slam_toolbox/local/lib/python3.10/dist-packages:/opt/ros/humble/lib/python3.10/site-packages:/opt/ros/humble/local/lib/python3.10/dist-packages:/usr/local/lib/python3/dist-packages'), ('COLCON', '1'), ('CMAKE_PREFIX_PATH', '/home/ubuntu/spas_ws/install/spas_bringup:/home/ubuntu/spas_ws/install/sllidar_ros2:/home/ubuntu/spas_ws/install/slam_toolbox:/home/ubuntu/spas_ws/install/spas_planning:/home/ubuntu/spas_ws/install/spas_perception:/home/ubuntu/spas_ws/install/spas_control:/opt/ros/humble')]), 'shell': False}
[0.201855] (-) TimerEvent: {}
[0.306711] (-) TimerEvent: {}
[0.373609] (spas_bringup) StdoutLine: {'line': b'-- Found ament_cmake: 1.3.14 (/opt/ros/humble/share/ament_cmake/cmake)\n'}
[0.406950] (-) TimerEvent: {}
[0.505523] (sllidar_ros2) StdoutLine: {'line': b'\x1b[35m\x1b[1mConsolidate compiler generated dependencies of target sllidar_client\x1b[0m\n'}
[0.507146] (-) TimerEvent: {}
[0.528256] (sllidar_ros2) StdoutLine: {'line': b'\x1b[35m\x1b[1mConsolidate compiler generated dependencies of target sllidar_node\x1b[0m\n'}
[0.607327] (-) TimerEvent: {}
[0.709653] (-) TimerEvent: {}
[0.821874] (-) TimerEvent: {}
[0.905387] (slam_toolbox) StdoutLine: {'line': b'\x1b[35m\x1b[1mConsolidate compiler generated dependencies of target slam_toolbox__rosidl_generator_c\x1b[0m\n'}
[0.922289] (-) TimerEvent: {}
[1.024064] (-) TimerEvent: {}
[1.078584] (sllidar_ros2) StdoutLine: {'line': b'[ 10%] Built target sllidar_client\n'}
[1.124409] (-) TimerEvent: {}
[1.187086] (slam_toolbox) StdoutLine: {'line': b'[  0%] Built target slam_toolbox__rs\n'}
[1.224941] (-) TimerEvent: {}
[1.326685] (-) TimerEvent: {}
[1.428399] (-) TimerEvent: {}
[1.449174] (slam_toolbox) StdoutLine: {'line': b'[  0%] Built target ament_cmake_python_symlink_slam_toolbox\n'}
[1.467795] (slam_toolbox) StdoutLine: {'line': b'[  0%] Built target slam_toolbox__cpp\n'}
[1.528926] (-) TimerEvent: {}
[1.621252] (slam_toolbox) StdoutLine: {'line': b'\x1b[35m\x1b[1mConsolidate compiler generated dependencies of target kartoSlamToolbox\x1b[0m\n'}
[1.629239] (-) TimerEvent: {}
[1.731234] (-) TimerEvent: {}
[1.766512] (slam_toolbox) StdoutLine: {'line': b'[  9%] Built target slam_toolbox__rosidl_generator_c\n'}
[1.831489] (-) TimerEvent: {}
[1.933056] (-) TimerEvent: {}
[1.966741] (slam_toolbox) StdoutLine: {'line': b'\x1b[35m\x1b[1mConsolidate compiler generated dependencies of target slam_toolbox__rosidl_typesupport_fastrtps_cpp\x1b[0m\n'}
[2.033348] (-) TimerEvent: {}
[2.134909] (-) TimerEvent: {}
[2.181294] (sllidar_ros2) StdoutLine: {'line': b'[100%] Built target sllidar_node\n'}
[2.235358] (-) TimerEvent: {}
[2.337037] (-) TimerEvent: {}
[2.373566] (slam_toolbox) StdoutLine: {'line': b'\x1b[35m\x1b[1mConsolidate compiler generated dependencies of target slam_toolbox__rosidl_typesupport_introspection_cpp\x1b[0m\n'}
[2.437313] (-) TimerEvent: {}
[2.538977] (-) TimerEvent: {}
[2.640707] (-) TimerEvent: {}
[2.742374] (-) TimerEvent: {}
[2.844143] (-) TimerEvent: {}
[2.945955] (-) TimerEvent: {}
[3.047866] (-) TimerEvent: {}
[3.149458] (-) TimerEvent: {}
[3.252500] (-) TimerEvent: {}
[3.284193] (slam_toolbox) StdoutLine: {'line': b'[ 11%] Built target kartoSlamToolbox\n'}
[3.352848] (-) TimerEvent: {}
[3.455885] (-) TimerEvent: {}
[3.558874] (-) TimerEvent: {}
[3.574521] (slam_toolbox) StdoutLine: {'line': b'[ 20%] Built target slam_toolbox__rosidl_typesupport_introspection_cpp\n'}
[3.659227] (-) TimerEvent: {}
[3.668172] (slam_toolbox) StdoutLine: {'line': b'\x1b[35m\x1b[1mConsolidate compiler generated dependencies of target slam_toolbox__rosidl_typesupport_cpp\x1b[0m\n'}
[3.737705] (slam_toolbox) StdoutLine: {'line': b'[ 28%] Built target slam_toolbox__rosidl_typesupport_fastrtps_cpp\n'}
[3.759486] (-) TimerEvent: {}
[3.861394] (-) TimerEvent: {}
[3.951380] (slam_toolbox) StdoutLine: {'line': b'\x1b[35m\x1b[1mConsolidate compiler generated dependencies of target slam_toolbox__rosidl_typesupport_fastrtps_c\x1b[0m\n'}
[3.961576] (-) TimerEvent: {}
[4.062616] (-) TimerEvent: {}
[4.148640] (slam_toolbox) StdoutLine: {'line': b'\x1b[35m\x1b[1mConsolidate compiler generated dependencies of target slam_toolbox__rosidl_typesupport_introspection_c\x1b[0m\n'}
[4.162976] (-) TimerEvent: {}
[4.264696] (-) TimerEvent: {}
[4.366585] (-) TimerEvent: {}
[4.468534] (-) TimerEvent: {}
[4.533937] (slam_toolbox) StdoutLine: {'line': b'[ 37%] Built target slam_toolbox__rosidl_typesupport_cpp\n'}
[4.568892] (-) TimerEvent: {}
[4.670745] (-) TimerEvent: {}
[4.772997] (-) TimerEvent: {}
[4.798296] (slam_toolbox) StdoutLine: {'line': b'[ 46%] Built target slam_toolbox__rosidl_typesupport_introspection_c\n'}
[4.873329] (-) TimerEvent: {}
[4.910214] (slam_toolbox) StdoutLine: {'line': b'\x1b[35m\x1b[1mConsolidate compiler generated dependencies of target slam_toolbox__rosidl_typesupport_c\x1b[0m\n'}
[4.973650] (-) TimerEvent: {}
[5.009662] (slam_toolbox) StdoutLine: {'line': b'[ 54%] Built target slam_toolbox__rosidl_typesupport_fastrtps_c\n'}
[5.074036] (-) TimerEvent: {}
[5.147414] (slam_toolbox) StdoutLine: {'line': b'\x1b[35m\x1b[1mConsolidate compiler generated dependencies of target SlamToolboxPlugin\x1b[0m\n'}
[5.174519] (-) TimerEvent: {}
[5.236452] (spas_bringup) StdoutLine: {'line': b'-- Override CMake install command with custom implementation using symlinks instead of copying resources\n'}
[5.274766] (-) TimerEvent: {}
[5.377554] (-) TimerEvent: {}
[5.436784] (slam_toolbox) StdoutLine: {'line': b'\x1b[35m\x1b[1mConsolidate compiler generated dependencies of target ceres_solver_plugin\x1b[0m\n'}
[5.477861] (-) TimerEvent: {}
[5.580766] (-) TimerEvent: {}
[5.652401] (slam_toolbox) StdoutLine: {'line': b'[ 63%] Built target slam_toolbox__rosidl_typesupport_c\n'}
[5.681081] (-) TimerEvent: {}
[5.784021] (-) TimerEvent: {}
[5.895869] (-) TimerEvent: {}
[5.997758] (-) TimerEvent: {}
[6.099753] (-) TimerEvent: {}
[6.202972] (-) TimerEvent: {}
[6.306144] (-) TimerEvent: {}
[6.311250] (slam_toolbox) StdoutLine: {'line': b'\x1b[35m\x1b[1mConsolidate compiler generated dependencies of target toolbox_common\x1b[0m\n'}
[6.406499] (-) TimerEvent: {}
[6.515511] (-) TimerEvent: {}
[6.618086] (-) TimerEvent: {}
[6.720759] (-) TimerEvent: {}
[6.823618] (-) TimerEvent: {}
[6.921065] (slam_toolbox) StdoutLine: {'line': b'[ 65%] Built target ceres_solver_plugin\n'}
[6.923887] (-) TimerEvent: {}
[7.025427] (-) TimerEvent: {}
[7.127311] (-) TimerEvent: {}
[7.229095] (-) TimerEvent: {}
[7.294694] (slam_toolbox) StdoutLine: {'line': b'[ 67%] Built target SlamToolboxPlugin\n'}
[7.329231] (-) TimerEvent: {}
[7.430228] (-) TimerEvent: {}
[7.532145] (-) TimerEvent: {}
[7.563725] (slam_toolbox) StdoutLine: {'line': b'[ 67%] Built target slam_toolbox\n'}
[7.632436] (-) TimerEvent: {}
[7.735285] (-) TimerEvent: {}
[7.838168] (-) TimerEvent: {}
[7.941274] (-) TimerEvent: {}
[8.044409] (-) TimerEvent: {}
[8.153000] (-) TimerEvent: {}
[8.200139] (slam_toolbox) StdoutLine: {'line': b'[ 68%] Built target slam_toolbox__py\n'}
[8.253303] (-) TimerEvent: {}
[8.356445] (-) TimerEvent: {}
[8.370420] (spas_bringup) StdoutLine: {'line': b'-- Configuring done\n'}
[8.457027] (-) TimerEvent: {}
[8.460216] (spas_bringup) StdoutLine: {'line': b'-- Generating done\n'}
[8.494193] (slam_toolbox) StdoutLine: {'line': b'\x1b[35m\x1b[1mConsolidate compiler generated dependencies of target slam_toolbox__rosidl_generator_py\x1b[0m\n'}
[8.546365] (spas_bringup) StdoutLine: {'line': b'-- Build files have been written to: /home/ubuntu/spas_ws/build/spas_bringup\n'}
[8.557392] (-) TimerEvent: {}
[8.660671] (-) TimerEvent: {}
[8.763791] (-) TimerEvent: {}
[8.867472] (-) TimerEvent: {}
[8.971396] (-) TimerEvent: {}
[9.074391] (-) TimerEvent: {}
[9.182415] (-) TimerEvent: {}
[9.256145] (slam_toolbox) StdoutLine: {'line': b'[ 73%] Built target toolbox_common\n'}
[9.282832] (-) TimerEvent: {}
[9.386095] (-) TimerEvent: {}
[9.389545] (slam_toolbox) StdoutLine: {'line': b'[ 80%] Built target slam_toolbox__rosidl_generator_py\n'}
[9.486492] (-) TimerEvent: {}
[9.515286] (slam_toolbox) StdoutLine: {'line': b'\x1b[35m\x1b[1mConsolidate compiler generated dependencies of target async_slam_toolbox\x1b[0m\n'}
[9.534620] (slam_toolbox) StdoutLine: {'line': b'\x1b[35m\x1b[1mConsolidate compiler generated dependencies of target sync_slam_toolbox\x1b[0m\n'}
[9.591389] (-) TimerEvent: {}
[9.699785] (-) TimerEvent: {}
[9.760132] (slam_toolbox) StdoutLine: {'line': b'\x1b[35m\x1b[1mConsolidate compiler generated dependencies of target localization_slam_toolbox\x1b[0m\n'}
[9.785376] (spas_bringup) CommandEnded: {'returncode': 0}
[9.795762] (spas_bringup) JobProgress: {'identifier': 'spas_bringup', 'progress': 'install'}
[9.822355] (-) TimerEvent: {}
[9.919868] (spas_bringup) Command: {'cmd': ['/usr/bin/cmake', '--install', '/home/ubuntu/spas_ws/build/spas_bringup'], 'cwd': '/home/ubuntu/spas_ws/build/spas_bringup', 'env': OrderedDict([('PYTHON_BASIC_REPL', '1'), ('LESSOPEN', '| /usr/bin/lesspipe %s'), ('USER', 'ubuntu'), ('SSH_CLIENT', '192.168.236.158 64914 22'), ('XDG_SESSION_TYPE', 'tty'), ('GIT_ASKPASS', '/home/ubuntu/.vscode-server/cli/servers/Stable-0958016b2af9f09bb4257e0df4a95e2f90590f9f/server/extensions/git/dist/askpass.sh'), ('SHLVL', '1'), ('LD_LIBRARY_PATH', '/home/ubuntu/spas_ws/install/slam_toolbox/lib:/opt/ros/humble/opt/rviz_ogre_vendor/lib:/opt/ros/humble/lib/aarch64-linux-gnu:/opt/ros/humble/lib'), ('BROWSER', '/home/ubuntu/.vscode-server/cli/servers/Stable-0958016b2af9f09bb4257e0df4a95e2f90590f9f/server/bin/helpers/browser.sh'), ('MOTD_SHOWN', 'pam'), ('HOME', '/home/ubuntu'), ('OLDPWD', '/home/ubuntu/spas_ws/src'), ('TERM_PROGRAM_VERSION', '1.120.0'), ('VSCODE_IPC_HOOK_CLI', '/run/user/1000/vscode-ipc-4c52080f-8f54-4af6-b1c5-04354886fdd5.sock'), ('ROS_PYTHON_VERSION', '3'), ('VSCODE_GIT_ASKPASS_MAIN', '/home/ubuntu/.vscode-server/cli/servers/Stable-0958016b2af9f09bb4257e0df4a95e2f90590f9f/server/extensions/git/dist/askpass-main.js'), ('VSCODE_GIT_ASKPASS_NODE', '/home/ubuntu/.vscode-server/cli/servers/Stable-0958016b2af9f09bb4257e0df4a95e2f90590f9f/server/node'), ('PYDEVD_DISABLE_FILE_VALIDATION', '1'), ('BUNDLED_DEBUGPY_PATH', '/home/ubuntu/.vscode-server/extensions/ms-python.debugpy-2026.6.0/bundled/libs/debugpy'), ('VSCODE_PYTHON_AUTOACTIVATE_GUARD', '1'), ('DBUS_SESSION_BUS_ADDRESS', 'unix:path=/run/user/1000/bus'), ('COLORTERM', 'truecolor'), ('COLCON_PREFIX_PATH', '/home/ubuntu/spas_ws/install'), ('ROS_DISTRO', 'humble'), ('LOGNAME', 'ubuntu'), ('_', '/usr/bin/colcon'), ('ROS_VERSION', '2'), ('XDG_SESSION_CLASS', 'user'), ('TERM', 'xterm-256color'), ('XDG_SESSION_ID', '1'), ('ROS_LOCALHOST_ONLY', '0'), ('PATH', '/opt/ros/humble/bin:/home/ubuntu/.vscode-server/data/User/globalStorage/github.copilot-chat/debugCommand:/home/ubuntu/.vscode-server/data/User/globalStorage/github.copilot-chat/copilotCli:/home/ubuntu/.vscode-server/cli/servers/Stable-0958016b2af9f09bb4257e0df4a95e2f90590f9f/server/bin/remote-cli:/usr/local/sbin:/usr/local/bin:/usr/sbin:/usr/bin:/sbin:/bin:/usr/games:/usr/local/games:/snap/bin:/home/ubuntu/.vscode-server/extensions/ms-python.debugpy-2026.6.0/bundled/scripts/noConfigScripts:/usr/local/bin'), ('XDG_RUNTIME_DIR', '/run/user/1000'), ('VSCODE_DEBUGPY_ADAPTER_ENDPOINTS', '/home/ubuntu/.vscode-server/extensions/ms-python.debugpy-2026.6.0/.noConfigDebugAdapterEndpoints/endpoint-00d0b5565ef995a9.txt'), ('LANG', 'en_US.UTF-8'), ('PYTHONSTARTUP', '/home/ubuntu/.vscode-server/data/User/workspaceStorage/f3bef80f69d224608c509b83f13a955a/ms-python.python/pythonrc.py'), ('LS_COLORS', 'rs=0:di=01;34:ln=01;36:mh=00:pi=40;33:so=01;35:do=01;35:bd=40;33;01:cd=40;33;01:or=40;31;01:mi=00:su=37;41:sg=30;43:ca=30;41:tw=30;42:ow=34;42:st=37;44:ex=01;32:*.tar=01;31:*.tgz=01;31:*.arc=01;31:*.arj=01;31:*.taz=01;31:*.lha=01;31:*.lz4=01;31:*.lzh=01;31:*.lzma=01;31:*.tlz=01;31:*.txz=01;31:*.tzo=01;31:*.t7z=01;31:*.zip=01;31:*.z=01;31:*.dz=01;31:*.gz=01;31:*.lrz=01;31:*.lz=01;31:*.lzo=01;31:*.xz=01;31:*.zst=01;31:*.tzst=01;31:*.bz2=01;31:*.bz=01;31:*.tbz=01;31:*.tbz2=01;31:*.tz=01;31:*.deb=01;31:*.rpm=01;31:*.jar=01;31:*.war=01;31:*.ear=01;31:*.sar=01;31:*.rar=01;31:*.alz=01;31:*.ace=01;31:*.zoo=01;31:*.cpio=01;31:*.7z=01;31:*.rz=01;31:*.cab=01;31:*.wim=01;31:*.swm=01;31:*.dwm=01;31:*.esd=01;31:*.jpg=01;35:*.jpeg=01;35:*.mjpg=01;35:*.mjpeg=01;35:*.gif=01;35:*.bmp=01;35:*.pbm=01;35:*.pgm=01;35:*.ppm=01;35:*.tga=01;35:*.xbm=01;35:*.xpm=01;35:*.tif=01;35:*.tiff=01;35:*.png=01;35:*.svg=01;35:*.svgz=01;35:*.mng=01;35:*.pcx=01;35:*.mov=01;35:*.mpg=01;35:*.mpeg=01;35:*.m2v=01;35:*.mkv=01;35:*.webm=01;35:*.webp=01;35:*.ogm=01;35:*.mp4=01;35:*.m4v=01;35:*.mp4v=01;35:*.vob=01;35:*.qt=01;35:*.nuv=01;35:*.wmv=01;35:*.asf=01;35:*.rm=01;35:*.rmvb=01;35:*.flc=01;35:*.avi=01;35:*.fli=01;35:*.flv=01;35:*.gl=01;35:*.dl=01;35:*.xcf=01;35:*.xwd=01;35:*.yuv=01;35:*.cgm=01;35:*.emf=01;35:*.ogv=01;35:*.ogx=01;35:*.aac=00;36:*.au=00;36:*.flac=00;36:*.m4a=00;36:*.mid=00;36:*.midi=00;36:*.mka=00;36:*.mp3=00;36:*.mpc=00;36:*.ogg=00;36:*.ra=00;36:*.wav=00;36:*.oga=00;36:*.opus=00;36:*.spx=00;36:*.xspf=00;36:'), ('VSCODE_GIT_IPC_HANDLE', '/run/user/1000/vscode-git-a9f1ef9bc6.sock'), ('TERM_PROGRAM', 'vscode'), ('ROS_DOMAIN_ID', '1'), ('AMENT_PREFIX_PATH', '/home/ubuntu/spas_ws/install/spas_planning:/home/ubuntu/spas_ws/install/spas_perception:/home/ubuntu/spas_ws/install/spas_control:/home/ubuntu/spas_ws/install/spas_bringup:/home/ubuntu/spas_ws/install/sllidar_ros2:/home/ubuntu/spas_ws/install/slam_toolbox:/opt/ros/humble'), ('SHELL', '/bin/bash'), ('LESSCLOSE', '/usr/bin/lesspipe %s %s'), ('VSCODE_GIT_ASKPASS_EXTRA_ARGS', ''), ('PWD', '/home/ubuntu/spas_ws/build/spas_bringup'), ('LC_ALL', 'en_US.UTF-8'), ('SSH_CONNECTION', '192.168.236.158 64914 192.168.236.18 22'), ('PYTHONPATH', '/home/ubuntu/spas_ws/build/spas_planning:/home/ubuntu/spas_ws/install/spas_planning/lib/python3.10/site-packages:/home/ubuntu/spas_ws/build/spas_perception:/home/ubuntu/spas_ws/install/spas_perception/lib/python3.10/site-packages:/home/ubuntu/spas_ws/build/spas_control:/home/ubuntu/spas_ws/install/spas_control/lib/python3.10/site-packages:/home/ubuntu/spas_ws/install/slam_toolbox/local/lib/python3.10/dist-packages:/opt/ros/humble/lib/python3.10/site-packages:/opt/ros/humble/local/lib/python3.10/dist-packages:/usr/local/lib/python3/dist-packages'), ('COLCON', '1'), ('CMAKE_PREFIX_PATH', '/home/ubuntu/spas_ws/install/spas_bringup:/home/ubuntu/spas_ws/install/sllidar_ros2:/home/ubuntu/spas_ws/install/slam_toolbox:/home/ubuntu/spas_ws/install/spas_planning:/home/ubuntu/spas_ws/install/spas_perception:/home/ubuntu/spas_ws/install/spas_control:/opt/ros/humble')]), 'shell': False}
[9.923850] (-) TimerEvent: {}
[9.980996] (sllidar_ros2) CommandEnded: {'returncode': 0}
[10.000605] (sllidar_ros2) JobProgress: {'identifier': 'sllidar_ros2', 'progress': 'install'}
[10.002925] (sllidar_ros2) Command: {'cmd': ['/usr/bin/cmake', '--install', '/home/ubuntu/spas_ws/build/sllidar_ros2'], 'cwd': '/home/ubuntu/spas_ws/build/sllidar_ros2', 'env': OrderedDict([('PYTHON_BASIC_REPL', '1'), ('LESSOPEN', '| /usr/bin/lesspipe %s'), ('USER', 'ubuntu'), ('SSH_CLIENT', '192.168.236.158 64914 22'), ('XDG_SESSION_TYPE', 'tty'), ('GIT_ASKPASS', '/home/ubuntu/.vscode-server/cli/servers/Stable-0958016b2af9f09bb4257e0df4a95e2f90590f9f/server/extensions/git/dist/askpass.sh'), ('SHLVL', '1'), ('LD_LIBRARY_PATH', '/home/ubuntu/spas_ws/install/slam_toolbox/lib:/opt/ros/humble/opt/rviz_ogre_vendor/lib:/opt/ros/humble/lib/aarch64-linux-gnu:/opt/ros/humble/lib'), ('BROWSER', '/home/ubuntu/.vscode-server/cli/servers/Stable-0958016b2af9f09bb4257e0df4a95e2f90590f9f/server/bin/helpers/browser.sh'), ('MOTD_SHOWN', 'pam'), ('HOME', '/home/ubuntu'), ('OLDPWD', '/home/ubuntu/spas_ws/src'), ('TERM_PROGRAM_VERSION', '1.120.0'), ('VSCODE_IPC_HOOK_CLI', '/run/user/1000/vscode-ipc-4c52080f-8f54-4af6-b1c5-04354886fdd5.sock'), ('ROS_PYTHON_VERSION', '3'), ('VSCODE_GIT_ASKPASS_MAIN', '/home/ubuntu/.vscode-server/cli/servers/Stable-0958016b2af9f09bb4257e0df4a95e2f90590f9f/server/extensions/git/dist/askpass-main.js'), ('VSCODE_GIT_ASKPASS_NODE', '/home/ubuntu/.vscode-server/cli/servers/Stable-0958016b2af9f09bb4257e0df4a95e2f90590f9f/server/node'), ('PYDEVD_DISABLE_FILE_VALIDATION', '1'), ('BUNDLED_DEBUGPY_PATH', '/home/ubuntu/.vscode-server/extensions/ms-python.debugpy-2026.6.0/bundled/libs/debugpy'), ('VSCODE_PYTHON_AUTOACTIVATE_GUARD', '1'), ('DBUS_SESSION_BUS_ADDRESS', 'unix:path=/run/user/1000/bus'), ('COLORTERM', 'truecolor'), ('COLCON_PREFIX_PATH', '/home/ubuntu/spas_ws/install'), ('ROS_DISTRO', 'humble'), ('LOGNAME', 'ubuntu'), ('_', '/usr/bin/colcon'), ('ROS_VERSION', '2'), ('XDG_SESSION_CLASS', 'user'), ('TERM', 'xterm-256color'), ('XDG_SESSION_ID', '1'), ('ROS_LOCALHOST_ONLY', '0'), ('PATH', '/opt/ros/humble/bin:/home/ubuntu/.vscode-server/data/User/globalStorage/github.copilot-chat/debugCommand:/home/ubuntu/.vscode-server/data/User/globalStorage/github.copilot-chat/copilotCli:/home/ubuntu/.vscode-server/cli/servers/Stable-0958016b2af9f09bb4257e0df4a95e2f90590f9f/server/bin/remote-cli:/usr/local/sbin:/usr/local/bin:/usr/sbin:/usr/bin:/sbin:/bin:/usr/games:/usr/local/games:/snap/bin:/home/ubuntu/.vscode-server/extensions/ms-python.debugpy-2026.6.0/bundled/scripts/noConfigScripts:/usr/local/bin'), ('XDG_RUNTIME_DIR', '/run/user/1000'), ('VSCODE_DEBUGPY_ADAPTER_ENDPOINTS', '/home/ubuntu/.vscode-server/extensions/ms-python.debugpy-2026.6.0/.noConfigDebugAdapterEndpoints/endpoint-00d0b5565ef995a9.txt'), ('LANG', 'en_US.UTF-8'), ('PYTHONSTARTUP', '/home/ubuntu/.vscode-server/data/User/workspaceStorage/f3bef80f69d224608c509b83f13a955a/ms-python.python/pythonrc.py'), ('LS_COLORS', 'rs=0:di=01;34:ln=01;36:mh=00:pi=40;33:so=01;35:do=01;35:bd=40;33;01:cd=40;33;01:or=40;31;01:mi=00:su=37;41:sg=30;43:ca=30;41:tw=30;42:ow=34;42:st=37;44:ex=01;32:*.tar=01;31:*.tgz=01;31:*.arc=01;31:*.arj=01;31:*.taz=01;31:*.lha=01;31:*.lz4=01;31:*.lzh=01;31:*.lzma=01;31:*.tlz=01;31:*.txz=01;31:*.tzo=01;31:*.t7z=01;31:*.zip=01;31:*.z=01;31:*.dz=01;31:*.gz=01;31:*.lrz=01;31:*.lz=01;31:*.lzo=01;31:*.xz=01;31:*.zst=01;31:*.tzst=01;31:*.bz2=01;31:*.bz=01;31:*.tbz=01;31:*.tbz2=01;31:*.tz=01;31:*.deb=01;31:*.rpm=01;31:*.jar=01;31:*.war=01;31:*.ear=01;31:*.sar=01;31:*.rar=01;31:*.alz=01;31:*.ace=01;31:*.zoo=01;31:*.cpio=01;31:*.7z=01;31:*.rz=01;31:*.cab=01;31:*.wim=01;31:*.swm=01;31:*.dwm=01;31:*.esd=01;31:*.jpg=01;35:*.jpeg=01;35:*.mjpg=01;35:*.mjpeg=01;35:*.gif=01;35:*.bmp=01;35:*.pbm=01;35:*.pgm=01;35:*.ppm=01;35:*.tga=01;35:*.xbm=01;35:*.xpm=01;35:*.tif=01;35:*.tiff=01;35:*.png=01;35:*.svg=01;35:*.svgz=01;35:*.mng=01;35:*.pcx=01;35:*.mov=01;35:*.mpg=01;35:*.mpeg=01;35:*.m2v=01;35:*.mkv=01;35:*.webm=01;35:*.webp=01;35:*.ogm=01;35:*.mp4=01;35:*.m4v=01;35:*.mp4v=01;35:*.vob=01;35:*.qt=01;35:*.nuv=01;35:*.wmv=01;35:*.asf=01;35:*.rm=01;35:*.rmvb=01;35:*.flc=01;35:*.avi=01;35:*.fli=01;35:*.flv=01;35:*.gl=01;35:*.dl=01;35:*.xcf=01;35:*.xwd=01;35:*.yuv=01;35:*.cgm=01;35:*.emf=01;35:*.ogv=01;35:*.ogx=01;35:*.aac=00;36:*.au=00;36:*.flac=00;36:*.m4a=00;36:*.mid=00;36:*.midi=00;36:*.mka=00;36:*.mp3=00;36:*.mpc=00;36:*.ogg=00;36:*.ra=00;36:*.wav=00;36:*.oga=00;36:*.opus=00;36:*.spx=00;36:*.xspf=00;36:'), ('VSCODE_GIT_IPC_HANDLE', '/run/user/1000/vscode-git-a9f1ef9bc6.sock'), ('TERM_PROGRAM', 'vscode'), ('ROS_DOMAIN_ID', '1'), ('AMENT_PREFIX_PATH', '/home/ubuntu/spas_ws/install/spas_planning:/home/ubuntu/spas_ws/install/spas_perception:/home/ubuntu/spas_ws/install/spas_control:/home/ubuntu/spas_ws/install/spas_bringup:/home/ubuntu/spas_ws/install/sllidar_ros2:/home/ubuntu/spas_ws/install/slam_toolbox:/opt/ros/humble'), ('SHELL', '/bin/bash'), ('LESSCLOSE', '/usr/bin/lesspipe %s %s'), ('VSCODE_GIT_ASKPASS_EXTRA_ARGS', ''), ('PWD', '/home/ubuntu/spas_ws/build/sllidar_ros2'), ('LC_ALL', 'en_US.UTF-8'), ('SSH_CONNECTION', '192.168.236.158 64914 192.168.236.18 22'), ('PYTHONPATH', '/home/ubuntu/spas_ws/build/spas_planning:/home/ubuntu/spas_ws/install/spas_planning/lib/python3.10/site-packages:/home/ubuntu/spas_ws/build/spas_perception:/home/ubuntu/spas_ws/install/spas_perception/lib/python3.10/site-packages:/home/ubuntu/spas_ws/build/spas_control:/home/ubuntu/spas_ws/install/spas_control/lib/python3.10/site-packages:/home/ubuntu/spas_ws/install/slam_toolbox/local/lib/python3.10/dist-packages:/opt/ros/humble/lib/python3.10/site-packages:/opt/ros/humble/local/lib/python3.10/dist-packages:/usr/local/lib/python3/dist-packages'), ('COLCON', '1'), ('CMAKE_PREFIX_PATH', '/home/ubuntu/spas_ws/install/spas_bringup:/home/ubuntu/spas_ws/install/sllidar_ros2:/home/ubuntu/spas_ws/install/slam_toolbox:/home/ubuntu/spas_ws/install/spas_planning:/home/ubuntu/spas_ws/install/spas_perception:/home/ubuntu/spas_ws/install/spas_control:/opt/ros/humble')]), 'shell': False}
[10.034245] (-) TimerEvent: {}
[10.136948] (-) TimerEvent: {}
[10.152731] (spas_bringup) StdoutLine: {'line': b'-- Install configuration: ""\n'}
[10.168614] (spas_bringup) StdoutLine: {'line': b'-- Execute custom install script\n'}
[10.187825] (spas_bringup) StdoutLine: {'line': b'-- Symlinking: /home/ubuntu/spas_ws/install/spas_bringup/share/spas_bringup/launch/spas_bringup_launch.py\n'}
[10.237261] (-) TimerEvent: {}
[10.263737] (sllidar_ros2) StdoutLine: {'line': b'-- Install configuration: ""\n'}
[10.271249] (sllidar_ros2) StdoutLine: {'line': b'-- Execute custom install script\n'}
[10.297482] (sllidar_ros2) StdoutLine: {'line': b'-- Up-to-date symlink: /home/ubuntu/spas_ws/install/sllidar_ros2/share/sllidar_ros2/launch/sllidar_a1_launch.py\n'}
[10.299940] (sllidar_ros2) StdoutLine: {'line': b'-- Up-to-date symlink: /home/ubuntu/spas_ws/install/sllidar_ros2/share/sllidar_ros2/launch/sllidar_a2m12_launch .py\n'}
[10.303221] (sllidar_ros2) StdoutLine: {'line': b'-- Up-to-date symlink: /home/ubuntu/spas_ws/install/sllidar_ros2/share/sllidar_ros2/launch/sllidar_a2m7_launch.py\n'}
[10.321557] (sllidar_ros2) StdoutLine: {'line': b'-- Up-to-date symlink: /home/ubuntu/spas_ws/install/sllidar_ros2/share/sllidar_ros2/launch/sllidar_a2m8_launch.py\n'}
[10.323890] (sllidar_ros2) StdoutLine: {'line': b'-- Up-to-date symlink: /home/ubuntu/spas_ws/install/sllidar_ros2/share/sllidar_ros2/launch/sllidar_a3_launch.py\n'}
[10.326183] (sllidar_ros2) StdoutLine: {'line': b'-- Up-to-date symlink: /home/ubuntu/spas_ws/install/sllidar_ros2/share/sllidar_ros2/launch/sllidar_c1_launch.py\n'}
[10.337581] (-) TimerEvent: {}
[10.365004] (sllidar_ros2) StdoutLine: {'line': b'-- Up-to-date symlink: /home/ubuntu/spas_ws/install/sllidar_ros2/share/sllidar_ros2/launch/sllidar_s1_launch.py\n'}
[10.367408] (sllidar_ros2) StdoutLine: {'line': b'-- Up-to-date symlink: /home/ubuntu/spas_ws/install/sllidar_ros2/share/sllidar_ros2/launch/sllidar_s1_tcp_launch.py\n'}
[10.369916] (sllidar_ros2) StdoutLine: {'line': b'-- Up-to-date symlink: /home/ubuntu/spas_ws/install/sllidar_ros2/share/sllidar_ros2/launch/sllidar_s2_launch.py\n'}
[10.374017] (sllidar_ros2) StdoutLine: {'line': b'-- Up-to-date symlink: /home/ubuntu/spas_ws/install/sllidar_ros2/share/sllidar_ros2/launch/sllidar_s2e_launch.py\n'}
[10.376428] (sllidar_ros2) StdoutLine: {'line': b'-- Up-to-date symlink: /home/ubuntu/spas_ws/install/sllidar_ros2/share/sllidar_ros2/launch/sllidar_s3_launch.py\n'}
[10.378632] (sllidar_ros2) StdoutLine: {'line': b'-- Up-to-date symlink: /home/ubuntu/spas_ws/install/sllidar_ros2/share/sllidar_ros2/launch/sllidar_t1_launch.py\n'}
[10.385019] (sllidar_ros2) StdoutLine: {'line': b'-- Up-to-date symlink: /home/ubuntu/spas_ws/install/sllidar_ros2/share/sllidar_ros2/launch/view_sllidar_a1_launch.py\n'}
[10.386467] (sllidar_ros2) StdoutLine: {'line': b'-- Up-to-date symlink: /home/ubuntu/spas_ws/install/sllidar_ros2/share/sllidar_ros2/launch/view_sllidar_a2m12_launch.py\n'}
[10.399554] (sllidar_ros2) StdoutLine: {'line': b'-- Up-to-date symlink: /home/ubuntu/spas_ws/install/sllidar_ros2/share/sllidar_ros2/launch/view_sllidar_a2m7_launch.py\n'}
[10.409706] (sllidar_ros2) StdoutLine: {'line': b'-- Up-to-date symlink: /home/ubuntu/spas_ws/install/sllidar_ros2/share/sllidar_ros2/launch/view_sllidar_a2m8_launch.py\n'}
[10.417003] (sllidar_ros2) StdoutLine: {'line': b'-- Up-to-date symlink: /home/ubuntu/spas_ws/install/sllidar_ros2/share/sllidar_ros2/launch/view_sllidar_a3_launch.py\n'}
[10.418464] (sllidar_ros2) StdoutLine: {'line': b'-- Up-to-date symlink: /home/ubuntu/spas_ws/install/sllidar_ros2/share/sllidar_ros2/launch/view_sllidar_c1_launch.py\n'}
[10.419986] (sllidar_ros2) StdoutLine: {'line': b'-- Up-to-date symlink: /home/ubuntu/spas_ws/install/sllidar_ros2/share/sllidar_ros2/launch/view_sllidar_s1_launch.py\n'}
[10.421363] (sllidar_ros2) StdoutLine: {'line': b'-- Up-to-date symlink: /home/ubuntu/spas_ws/install/sllidar_ros2/share/sllidar_ros2/launch/view_sllidar_s1_tcp_launch.py\n'}
[10.422593] (sllidar_ros2) StdoutLine: {'line': b'-- Up-to-date symlink: /home/ubuntu/spas_ws/install/sllidar_ros2/share/sllidar_ros2/launch/view_sllidar_s2_launch.py\n'}
[10.444543] (-) TimerEvent: {}
[10.449874] (sllidar_ros2) StdoutLine: {'line': b'-- Up-to-date symlink: /home/ubuntu/spas_ws/install/sllidar_ros2/share/sllidar_ros2/launch/view_sllidar_s2e_launch.py\n'}
[10.457409] (sllidar_ros2) StdoutLine: {'line': b'-- Up-to-date symlink: /home/ubuntu/spas_ws/install/sllidar_ros2/share/sllidar_ros2/launch/view_sllidar_s3_launch.py\n'}
[10.458669] (sllidar_ros2) StdoutLine: {'line': b'-- Up-to-date symlink: /home/ubuntu/spas_ws/install/sllidar_ros2/share/sllidar_ros2/launch/view_sllidar_t1_launch.py\n'}
[10.459938] (sllidar_ros2) StdoutLine: {'line': b'-- Up-to-date symlink: /home/ubuntu/spas_ws/install/sllidar_ros2/share/sllidar_ros2/rviz/sllidar_ros2.rviz\n'}
[10.461113] (sllidar_ros2) StdoutLine: {'line': b'-- Up-to-date symlink: /home/ubuntu/spas_ws/install/sllidar_ros2/lib/sllidar_ros2/sllidar_node\n'}
[10.462151] (sllidar_ros2) StdoutLine: {'line': b'-- Up-to-date symlink: /home/ubuntu/spas_ws/install/sllidar_ros2/lib/sllidar_ros2/sllidar_client\n'}
[10.500718] (slam_toolbox) StdoutLine: {'line': b'running egg_info\n'}
[10.502025] (sllidar_ros2) StdoutLine: {'line': b'-- Up-to-date symlink: /home/ubuntu/spas_ws/install/sllidar_ros2/share/ament_index/resource_index/package_run_dependencies/sllidar_ros2\n'}
[10.519884] (sllidar_ros2) StdoutLine: {'line': b'-- Up-to-date symlink: /home/ubuntu/spas_ws/install/sllidar_ros2/share/ament_index/resource_index/parent_prefix_path/sllidar_ros2\n'}
[10.521256] (sllidar_ros2) StdoutLine: {'line': b'-- Up-to-date symlink: /home/ubuntu/spas_ws/install/sllidar_ros2/share/sllidar_ros2/environment/ament_prefix_path.sh\n'}
[10.522455] (sllidar_ros2) StdoutLine: {'line': b'-- Up-to-date symlink: /home/ubuntu/spas_ws/install/sllidar_ros2/share/sllidar_ros2/environment/ament_prefix_path.dsv\n'}
[10.560044] (-) TimerEvent: {}
[10.572415] (sllidar_ros2) StdoutLine: {'line': b'-- Up-to-date symlink: /home/ubuntu/spas_ws/install/sllidar_ros2/share/sllidar_ros2/environment/path.sh\n'}
[10.573873] (sllidar_ros2) StdoutLine: {'line': b'-- Up-to-date symlink: /home/ubuntu/spas_ws/install/sllidar_ros2/share/sllidar_ros2/environment/path.dsv\n'}
[10.580300] (sllidar_ros2) StdoutLine: {'line': b'-- Up-to-date symlink: /home/ubuntu/spas_ws/install/sllidar_ros2/share/sllidar_ros2/local_setup.bash\n'}
[10.592833] (slam_toolbox) StdoutLine: {'line': b'writing slam_toolbox.egg-info/PKG-INFO\n'}
[10.594150] (sllidar_ros2) StdoutLine: {'line': b'-- Up-to-date symlink: /home/ubuntu/spas_ws/install/sllidar_ros2/share/sllidar_ros2/local_setup.sh\n'}
[10.595725] (slam_toolbox) StdoutLine: {'line': b'writing dependency_links to slam_toolbox.egg-info/dependency_links.txt\n'}
[10.613713] (slam_toolbox) StdoutLine: {'line': b'writing top-level names to slam_toolbox.egg-info/top_level.txt\n'}
[10.615375] (sllidar_ros2) StdoutLine: {'line': b'-- Up-to-date symlink: /home/ubuntu/spas_ws/install/sllidar_ros2/share/sllidar_ros2/local_setup.zsh\n'}
[10.616853] (sllidar_ros2) StdoutLine: {'line': b'-- Up-to-date symlink: /home/ubuntu/spas_ws/install/sllidar_ros2/share/sllidar_ros2/local_setup.dsv\n'}
[10.618340] (sllidar_ros2) StdoutLine: {'line': b'-- Symlinking: /home/ubuntu/spas_ws/install/sllidar_ros2/share/sllidar_ros2/package.dsv\n'}
[10.652098] (spas_bringup) StdoutLine: {'line': b'-- Up-to-date symlink: /home/ubuntu/spas_ws/install/spas_bringup/share/ament_index/resource_index/package_run_dependencies/spas_bringup\n'}
[10.675321] (-) TimerEvent: {}
[10.680554] (spas_bringup) StdoutLine: {'line': b'-- Up-to-date symlink: /home/ubuntu/spas_ws/install/spas_bringup/share/ament_index/resource_index/parent_prefix_path/spas_bringup\n'}
[10.681250] (spas_bringup) StdoutLine: {'line': b'-- Up-to-date symlink: /home/ubuntu/spas_ws/install/spas_bringup/share/spas_bringup/environment/ament_prefix_path.sh\n'}
[10.681808] (spas_bringup) StdoutLine: {'line': b'-- Up-to-date symlink: /home/ubuntu/spas_ws/install/spas_bringup/share/spas_bringup/environment/ament_prefix_path.dsv\n'}
[10.682459] (spas_bringup) StdoutLine: {'line': b'-- Up-to-date symlink: /home/ubuntu/spas_ws/install/spas_bringup/share/spas_bringup/environment/path.sh\n'}
[10.685452] (spas_bringup) StdoutLine: {'line': b'-- Up-to-date symlink: /home/ubuntu/spas_ws/install/spas_bringup/share/spas_bringup/environment/path.dsv\n'}
[10.687325] (spas_bringup) StdoutLine: {'line': b'-- Up-to-date symlink: /home/ubuntu/spas_ws/install/spas_bringup/share/spas_bringup/local_setup.bash\n'}
[10.687932] (slam_toolbox) StdoutLine: {'line': b"reading manifest file 'slam_toolbox.egg-info/SOURCES.txt'\n"}
[10.688480] (spas_bringup) StdoutLine: {'line': b'-- Up-to-date symlink: /home/ubuntu/spas_ws/install/spas_bringup/share/spas_bringup/local_setup.sh\n'}
[10.689042] (slam_toolbox) StdoutLine: {'line': b"writing manifest file 'slam_toolbox.egg-info/SOURCES.txt'\n"}
[10.689630] (spas_bringup) StdoutLine: {'line': b'-- Up-to-date symlink: /home/ubuntu/spas_ws/install/spas_bringup/share/spas_bringup/local_setup.zsh\n'}
[10.690203] (spas_bringup) StdoutLine: {'line': b'-- Up-to-date symlink: /home/ubuntu/spas_ws/install/spas_bringup/share/spas_bringup/local_setup.dsv\n'}
[10.690658] (spas_bringup) StdoutLine: {'line': b'-- Symlinking: /home/ubuntu/spas_ws/install/spas_bringup/share/spas_bringup/package.dsv\n'}
[10.701798] (sllidar_ros2) StdoutLine: {'line': b'-- Up-to-date symlink: /home/ubuntu/spas_ws/install/sllidar_ros2/share/ament_index/resource_index/packages/sllidar_ros2\n'}
[10.702976] (sllidar_ros2) StdoutLine: {'line': b'-- Up-to-date symlink: /home/ubuntu/spas_ws/install/sllidar_ros2/share/sllidar_ros2/cmake/ament_cmake_export_dependencies-extras.cmake\n'}
[10.704306] (sllidar_ros2) StdoutLine: {'line': b'-- Up-to-date symlink: /home/ubuntu/spas_ws/install/sllidar_ros2/share/sllidar_ros2/cmake/ament_cmake_export_include_directories-extras.cmake\n'}
[10.705429] (sllidar_ros2) StdoutLine: {'line': b'-- Up-to-date symlink: /home/ubuntu/spas_ws/install/sllidar_ros2/share/sllidar_ros2/cmake/sllidar_ros2Config.cmake\n'}
[10.706351] (sllidar_ros2) StdoutLine: {'line': b'-- Up-to-date symlink: /home/ubuntu/spas_ws/install/sllidar_ros2/share/sllidar_ros2/cmake/sllidar_ros2Config-version.cmake\n'}
[10.709661] (sllidar_ros2) StdoutLine: {'line': b'-- Up-to-date symlink: /home/ubuntu/spas_ws/install/sllidar_ros2/share/sllidar_ros2/package.xml\n'}
[10.743449] (sllidar_ros2) CommandEnded: {'returncode': 0}
[10.776360] (-) TimerEvent: {}
[10.863963] (spas_bringup) StdoutLine: {'line': b'-- Up-to-date symlink: /home/ubuntu/spas_ws/install/spas_bringup/share/ament_index/resource_index/packages/spas_bringup\n'}
[10.864737] (spas_bringup) StdoutLine: {'line': b'-- Up-to-date symlink: /home/ubuntu/spas_ws/install/spas_bringup/share/spas_bringup/cmake/spas_bringupConfig.cmake\n'}
[10.865458] (spas_bringup) StdoutLine: {'line': b'-- Up-to-date symlink: /home/ubuntu/spas_ws/install/spas_bringup/share/spas_bringup/cmake/spas_bringupConfig-version.cmake\n'}
[10.866313] (spas_bringup) StdoutLine: {'line': b'-- Up-to-date symlink: /home/ubuntu/spas_ws/install/spas_bringup/share/spas_bringup/package.xml\n'}
[10.879883] (-) TimerEvent: {}
[10.982806] (-) TimerEvent: {}
[11.084472] (-) TimerEvent: {}
[11.108403] (sllidar_ros2) JobEnded: {'identifier': 'sllidar_ros2', 'rc': 0}
[11.116493] (spas_perception) JobStarted: {'identifier': 'spas_perception'}
[11.184713] (-) TimerEvent: {}
[11.273212] (spas_bringup) CommandEnded: {'returncode': 0}
[11.284950] (-) TimerEvent: {}
[11.387717] (-) TimerEvent: {}
[11.472560] (slam_toolbox) StdoutLine: {'line': b'[ 82%] Built target async_slam_toolbox\n'}
[11.494059] (-) TimerEvent: {}
[11.516793] (spas_bringup) JobEnded: {'identifier': 'spas_bringup', 'rc': 0}
[11.530769] (spas_planning) JobStarted: {'identifier': 'spas_planning'}
[11.594416] (-) TimerEvent: {}
[11.686072] (slam_toolbox) StdoutLine: {'line': b'[ 82%] Built target ament_cmake_python_build_slam_toolbox_egg\n'}
[11.694716] (-) TimerEvent: {}
[11.783400] (slam_toolbox) StdoutLine: {'line': b'[ 84%] Built target sync_slam_toolbox\n'}
[11.795142] (-) TimerEvent: {}
[11.897083] (-) TimerEvent: {}
[11.955453] (slam_toolbox) StdoutLine: {'line': b'\x1b[35m\x1b[1mConsolidate compiler generated dependencies of target slam_toolbox__rosidl_typesupport_fastrtps_c__pyext\x1b[0m\n'}
[11.997409] (-) TimerEvent: {}
[12.001694] (slam_toolbox) StdoutLine: {'line': b'\x1b[35m\x1b[1mConsolidate compiler generated dependencies of target lifelong_slam_toolbox\x1b[0m\n'}
[12.038677] (slam_toolbox) StdoutLine: {'line': b'\x1b[35m\x1b[1mConsolidate compiler generated dependencies of target merge_maps_kinematic\x1b[0m\n'}
[12.097718] (-) TimerEvent: {}
[12.195353] (slam_toolbox) StdoutLine: {'line': b'[ 85%] Built target localization_slam_toolbox\n'}
[12.197943] (-) TimerEvent: {}
[12.293285] (slam_toolbox) StdoutLine: {'line': b'[ 87%] Built target slam_toolbox__rosidl_typesupport_fastrtps_c__pyext\n'}
[12.298265] (-) TimerEvent: {}
[12.401019] (-) TimerEvent: {}
[12.505247] (-) TimerEvent: {}
[12.590547] (slam_toolbox) StdoutLine: {'line': b'\x1b[35m\x1b[1mConsolidate compiler generated dependencies of target slam_toolbox__rosidl_typesupport_introspection_c__pyext\x1b[0m\n'}
[12.605613] (-) TimerEvent: {}
[12.689768] (slam_toolbox) StdoutLine: {'line': b'\x1b[35m\x1b[1mConsolidate compiler generated dependencies of target slam_toolbox__rosidl_typesupport_c__pyext\x1b[0m\n'}
[12.705912] (-) TimerEvent: {}
[12.807678] (-) TimerEvent: {}
[12.910622] (-) TimerEvent: {}
[13.013756] (-) TimerEvent: {}
[13.116602] (-) TimerEvent: {}
[13.219310] (-) TimerEvent: {}
[13.222259] (slam_toolbox) StdoutLine: {'line': b'[ 88%] Built target slam_toolbox__rosidl_typesupport_introspection_c__pyext\n'}
[13.319623] (-) TimerEvent: {}
[13.422559] (-) TimerEvent: {}
[13.443738] (slam_toolbox) StdoutLine: {'line': b'[ 89%] Built target slam_toolbox__rosidl_typesupport_c__pyext\n'}
[13.522980] (-) TimerEvent: {}
[13.625967] (-) TimerEvent: {}
[13.731451] (-) TimerEvent: {}
[13.740867] (slam_toolbox) StdoutLine: {'line': b'\x1b[35m\x1b[1mConsolidate compiler generated dependencies of target async_slam_toolbox_node\x1b[0m\n'}
[13.831735] (-) TimerEvent: {}
[13.936885] (-) TimerEvent: {}
[13.981742] (slam_toolbox) StdoutLine: {'line': b'[ 90%] Built target lifelong_slam_toolbox\n'}
[14.037234] (-) TimerEvent: {}
[14.055765] (slam_toolbox) StdoutLine: {'line': b'\x1b[35m\x1b[1mConsolidate compiler generated dependencies of target sync_slam_toolbox_node\x1b[0m\n'}
[14.137543] (-) TimerEvent: {}
[14.210186] (slam_toolbox) StdoutLine: {'line': b'\x1b[35m\x1b[1mConsolidate compiler generated dependencies of target localization_slam_toolbox_node\x1b[0m\n'}
[14.237740] (-) TimerEvent: {}
[14.339384] (-) TimerEvent: {}
[14.440998] (-) TimerEvent: {}
[14.542708] (-) TimerEvent: {}
[14.555299] (slam_toolbox) StdoutLine: {'line': b'[ 92%] Built target merge_maps_kinematic\n'}
[14.643116] (-) TimerEvent: {}
[14.745857] (-) TimerEvent: {}
[14.848816] (-) TimerEvent: {}
[14.949546] (slam_toolbox) StdoutLine: {'line': b'\x1b[35m\x1b[1mConsolidate compiler generated dependencies of target lifelong_slam_toolbox_node\x1b[0m\n'}
[14.951089] (-) TimerEvent: {}
[15.053604] (-) TimerEvent: {}
[15.156384] (-) TimerEvent: {}
[15.259228] (-) TimerEvent: {}
[15.361817] (-) TimerEvent: {}
[15.464653] (-) TimerEvent: {}
[15.567372] (-) TimerEvent: {}
[15.623276] (slam_toolbox) StdoutLine: {'line': b'[ 93%] Built target localization_slam_toolbox_node\n'}
[15.667671] (-) TimerEvent: {}
[15.770458] (-) TimerEvent: {}
[15.873603] (-) TimerEvent: {}
[15.885021] (slam_toolbox) StdoutLine: {'line': b'\x1b[35m\x1b[1mConsolidate compiler generated dependencies of target map_and_localization_slam_toolbox\x1b[0m\n'}
[15.974137] (-) TimerEvent: {}
[16.076151] (-) TimerEvent: {}
[16.177972] (-) TimerEvent: {}
[16.216964] (slam_toolbox) StdoutLine: {'line': b'[ 94%] Built target async_slam_toolbox_node\n'}
[16.278298] (-) TimerEvent: {}
[16.380054] (-) TimerEvent: {}
[16.481863] (-) TimerEvent: {}
[16.583932] (-) TimerEvent: {}
[16.621340] (slam_toolbox) StdoutLine: {'line': b'[ 95%] Built target sync_slam_toolbox_node\n'}
[16.684247] (-) TimerEvent: {}
[16.786141] (-) TimerEvent: {}
[16.887809] (-) TimerEvent: {}
[16.972076] (slam_toolbox) StdoutLine: {'line': b'[ 97%] Built target lifelong_slam_toolbox_node\n'}
[16.988118] (-) TimerEvent: {}
[17.090934] (-) TimerEvent: {}
[17.193565] (-) TimerEvent: {}
[17.296305] (-) TimerEvent: {}
[17.399307] (-) TimerEvent: {}
[17.487955] (slam_toolbox) StdoutLine: {'line': b'[ 99%] Built target map_and_localization_slam_toolbox\n'}
[17.499620] (-) TimerEvent: {}
[17.601320] (-) TimerEvent: {}
[17.647392] (slam_toolbox) StdoutLine: {'line': b'\x1b[35m\x1b[1mConsolidate compiler generated dependencies of target map_and_localization_slam_toolbox_node\x1b[0m\n'}
[17.701754] (-) TimerEvent: {}
[17.804846] (-) TimerEvent: {}
[17.907552] (-) TimerEvent: {}
[18.010304] (-) TimerEvent: {}
[18.113125] (-) TimerEvent: {}
[18.215811] (-) TimerEvent: {}
[18.319228] (-) TimerEvent: {}
[18.422466] (-) TimerEvent: {}
[18.524974] (-) TimerEvent: {}
[18.627348] (-) TimerEvent: {}
[18.729717] (-) TimerEvent: {}
[18.832185] (-) TimerEvent: {}
[18.910714] (slam_toolbox) StdoutLine: {'line': b'[100%] Built target map_and_localization_slam_toolbox_node\n'}
[18.932502] (-) TimerEvent: {}
[19.034914] (-) TimerEvent: {}
[19.137338] (-) TimerEvent: {}
[19.239817] (-) TimerEvent: {}
[19.343135] (-) TimerEvent: {}
[19.448858] (-) TimerEvent: {}
[19.554318] (-) TimerEvent: {}
[19.659841] (-) TimerEvent: {}
[19.763261] (-) TimerEvent: {}
[19.866079] (-) TimerEvent: {}
[19.969718] (-) TimerEvent: {}
[20.073210] (-) TimerEvent: {}
[20.175961] (-) TimerEvent: {}
[20.283525] (-) TimerEvent: {}
[20.388579] (-) TimerEvent: {}
[20.492088] (-) TimerEvent: {}
[20.595171] (-) TimerEvent: {}
[20.698260] (-) TimerEvent: {}
[20.801786] (-) TimerEvent: {}
[20.905366] (-) TimerEvent: {}
[21.024711] (-) TimerEvent: {}
[21.125964] (-) TimerEvent: {}
[21.227910] (-) TimerEvent: {}
[21.329911] (-) TimerEvent: {}
[21.431781] (-) TimerEvent: {}
[21.533746] (-) TimerEvent: {}
[21.634700] (-) TimerEvent: {}
[21.736036] (-) TimerEvent: {}
[21.836973] (-) TimerEvent: {}
[21.937927] (-) TimerEvent: {}
[22.039769] (-) TimerEvent: {}
[22.142275] (-) TimerEvent: {}
[22.244830] (-) TimerEvent: {}
[22.347964] (-) TimerEvent: {}
[22.451840] (-) TimerEvent: {}
[22.555829] (-) TimerEvent: {}
[22.658319] (-) TimerEvent: {}
[22.761037] (-) TimerEvent: {}
[22.864582] (-) TimerEvent: {}
[22.967909] (-) TimerEvent: {}
[23.069671] (-) TimerEvent: {}
[23.171479] (-) TimerEvent: {}
[23.273218] (-) TimerEvent: {}
[23.374912] (-) TimerEvent: {}
[23.476607] (-) TimerEvent: {}
[23.578310] (-) TimerEvent: {}
[23.680114] (-) TimerEvent: {}
[23.781903] (-) TimerEvent: {}
[23.883565] (-) TimerEvent: {}
[23.985508] (-) TimerEvent: {}
[24.087557] (-) TimerEvent: {}
[24.189926] (-) TimerEvent: {}
[24.292119] (-) TimerEvent: {}
[24.393888] (-) TimerEvent: {}
[24.495709] (-) TimerEvent: {}
[24.597853] (-) TimerEvent: {}
[24.699922] (-) TimerEvent: {}
[24.801752] (-) TimerEvent: {}
[24.903587] (-) TimerEvent: {}
[25.005295] (-) TimerEvent: {}
[25.107119] (-) TimerEvent: {}
[25.208839] (-) TimerEvent: {}
[25.310314] (-) TimerEvent: {}
[25.412284] (-) TimerEvent: {}
[25.514029] (-) TimerEvent: {}
[25.545376] (spas_control) Command: {'cmd': ['/usr/bin/python3', '-W', 'ignore:setup.py install is deprecated', '-W', 'ignore:easy_install command is deprecated', 'setup.py', 'develop', '--editable', '--build-directory', '/home/ubuntu/spas_ws/build/spas_control/build', '--no-deps', 'symlink_data'], 'cwd': '/home/ubuntu/spas_ws/build/spas_control', 'env': {'PYTHON_BASIC_REPL': '1', 'LESSOPEN': '| /usr/bin/lesspipe %s', 'USER': 'ubuntu', 'SSH_CLIENT': '192.168.236.158 64914 22', 'XDG_SESSION_TYPE': 'tty', 'GIT_ASKPASS': '/home/ubuntu/.vscode-server/cli/servers/Stable-0958016b2af9f09bb4257e0df4a95e2f90590f9f/server/extensions/git/dist/askpass.sh', 'SHLVL': '1', 'LD_LIBRARY_PATH': '/home/ubuntu/spas_ws/install/slam_toolbox/lib:/opt/ros/humble/opt/rviz_ogre_vendor/lib:/opt/ros/humble/lib/aarch64-linux-gnu:/opt/ros/humble/lib', 'BROWSER': '/home/ubuntu/.vscode-server/cli/servers/Stable-0958016b2af9f09bb4257e0df4a95e2f90590f9f/server/bin/helpers/browser.sh', 'MOTD_SHOWN': 'pam', 'HOME': '/home/ubuntu', 'OLDPWD': '/home/ubuntu/spas_ws/src', 'TERM_PROGRAM_VERSION': '1.120.0', 'VSCODE_IPC_HOOK_CLI': '/run/user/1000/vscode-ipc-4c52080f-8f54-4af6-b1c5-04354886fdd5.sock', 'ROS_PYTHON_VERSION': '3', 'VSCODE_GIT_ASKPASS_MAIN': '/home/ubuntu/.vscode-server/cli/servers/Stable-0958016b2af9f09bb4257e0df4a95e2f90590f9f/server/extensions/git/dist/askpass-main.js', 'VSCODE_GIT_ASKPASS_NODE': '/home/ubuntu/.vscode-server/cli/servers/Stable-0958016b2af9f09bb4257e0df4a95e2f90590f9f/server/node', 'PYDEVD_DISABLE_FILE_VALIDATION': '1', 'BUNDLED_DEBUGPY_PATH': '/home/ubuntu/.vscode-server/extensions/ms-python.debugpy-2026.6.0/bundled/libs/debugpy', 'VSCODE_PYTHON_AUTOACTIVATE_GUARD': '1', 'DBUS_SESSION_BUS_ADDRESS': 'unix:path=/run/user/1000/bus', 'COLORTERM': 'truecolor', 'COLCON_PREFIX_PATH': '/home/ubuntu/spas_ws/install', 'ROS_DISTRO': 'humble', 'LOGNAME': 'ubuntu', '_': '/usr/bin/colcon', 'ROS_VERSION': '2', 'XDG_SESSION_CLASS': 'user', 'TERM': 'xterm-256color', 'XDG_SESSION_ID': '1', 'ROS_LOCALHOST_ONLY': '0', 'PATH': '/opt/ros/humble/bin:/home/ubuntu/.vscode-server/data/User/globalStorage/github.copilot-chat/debugCommand:/home/ubuntu/.vscode-server/data/User/globalStorage/github.copilot-chat/copilotCli:/home/ubuntu/.vscode-server/cli/servers/Stable-0958016b2af9f09bb4257e0df4a95e2f90590f9f/server/bin/remote-cli:/usr/local/sbin:/usr/local/bin:/usr/sbin:/usr/bin:/sbin:/bin:/usr/games:/usr/local/games:/snap/bin:/home/ubuntu/.vscode-server/extensions/ms-python.debugpy-2026.6.0/bundled/scripts/noConfigScripts:/usr/local/bin', 'XDG_RUNTIME_DIR': '/run/user/1000', 'VSCODE_DEBUGPY_ADAPTER_ENDPOINTS': '/home/ubuntu/.vscode-server/extensions/ms-python.debugpy-2026.6.0/.noConfigDebugAdapterEndpoints/endpoint-00d0b5565ef995a9.txt', 'LANG': 'en_US.UTF-8', 'PYTHONSTARTUP': '/home/ubuntu/.vscode-server/data/User/workspaceStorage/f3bef80f69d224608c509b83f13a955a/ms-python.python/pythonrc.py', 'LS_COLORS': 'rs=0:di=01;34:ln=01;36:mh=00:pi=40;33:so=01;35:do=01;35:bd=40;33;01:cd=40;33;01:or=40;31;01:mi=00:su=37;41:sg=30;43:ca=30;41:tw=30;42:ow=34;42:st=37;44:ex=01;32:*.tar=01;31:*.tgz=01;31:*.arc=01;31:*.arj=01;31:*.taz=01;31:*.lha=01;31:*.lz4=01;31:*.lzh=01;31:*.lzma=01;31:*.tlz=01;31:*.txz=01;31:*.tzo=01;31:*.t7z=01;31:*.zip=01;31:*.z=01;31:*.dz=01;31:*.gz=01;31:*.lrz=01;31:*.lz=01;31:*.lzo=01;31:*.xz=01;31:*.zst=01;31:*.tzst=01;31:*.bz2=01;31:*.bz=01;31:*.tbz=01;31:*.tbz2=01;31:*.tz=01;31:*.deb=01;31:*.rpm=01;31:*.jar=01;31:*.war=01;31:*.ear=01;31:*.sar=01;31:*.rar=01;31:*.alz=01;31:*.ace=01;31:*.zoo=01;31:*.cpio=01;31:*.7z=01;31:*.rz=01;31:*.cab=01;31:*.wim=01;31:*.swm=01;31:*.dwm=01;31:*.esd=01;31:*.jpg=01;35:*.jpeg=01;35:*.mjpg=01;35:*.mjpeg=01;35:*.gif=01;35:*.bmp=01;35:*.pbm=01;35:*.pgm=01;35:*.ppm=01;35:*.tga=01;35:*.xbm=01;35:*.xpm=01;35:*.tif=01;35:*.tiff=01;35:*.png=01;35:*.svg=01;35:*.svgz=01;35:*.mng=01;35:*.pcx=01;35:*.mov=01;35:*.mpg=01;35:*.mpeg=01;35:*.m2v=01;35:*.mkv=01;35:*.webm=01;35:*.webp=01;35:*.ogm=01;35:*.mp4=01;35:*.m4v=01;35:*.mp4v=01;35:*.vob=01;35:*.qt=01;35:*.nuv=01;35:*.wmv=01;35:*.asf=01;35:*.rm=01;35:*.rmvb=01;35:*.flc=01;35:*.avi=01;35:*.fli=01;35:*.flv=01;35:*.gl=01;35:*.dl=01;35:*.xcf=01;35:*.xwd=01;35:*.yuv=01;35:*.cgm=01;35:*.emf=01;35:*.ogv=01;35:*.ogx=01;35:*.aac=00;36:*.au=00;36:*.flac=00;36:*.m4a=00;36:*.mid=00;36:*.midi=00;36:*.mka=00;36:*.mp3=00;36:*.mpc=00;36:*.ogg=00;36:*.ra=00;36:*.wav=00;36:*.oga=00;36:*.opus=00;36:*.spx=00;36:*.xspf=00;36:', 'VSCODE_GIT_IPC_HANDLE': '/run/user/1000/vscode-git-a9f1ef9bc6.sock', 'TERM_PROGRAM': 'vscode', 'ROS_DOMAIN_ID': '1', 'AMENT_PREFIX_PATH': '/home/ubuntu/spas_ws/install/spas_planning:/home/ubuntu/spas_ws/install/spas_perception:/home/ubuntu/spas_ws/install/spas_control:/home/ubuntu/spas_ws/install/spas_bringup:/home/ubuntu/spas_ws/install/sllidar_ros2:/home/ubuntu/spas_ws/install/slam_toolbox:/opt/ros/humble', 'SHELL': '/bin/bash', 'LESSCLOSE': '/usr/bin/lesspipe %s %s', 'VSCODE_GIT_ASKPASS_EXTRA_ARGS': '', 'PWD': '/home/ubuntu/spas_ws/build/spas_control', 'LC_ALL': 'en_US.UTF-8', 'SSH_CONNECTION': '192.168.236.158 64914 192.168.236.18 22', 'PYTHONPATH': '/home/ubuntu/spas_ws/build/spas_control/prefix_override:/usr/lib/python3/dist-packages/colcon_core/task/python/colcon_distutils_commands:/home/ubuntu/spas_ws/install/spas_control/lib/python3.10/site-packages:/home/ubuntu/spas_ws/build/spas_planning:/home/ubuntu/spas_ws/install/spas_planning/lib/python3.10/site-packages:/home/ubuntu/spas_ws/build/spas_perception:/home/ubuntu/spas_ws/install/spas_perception/lib/python3.10/site-packages:/home/ubuntu/spas_ws/build/spas_control:/home/ubuntu/spas_ws/install/spas_control/lib/python3.10/site-packages:/home/ubuntu/spas_ws/install/slam_toolbox/local/lib/python3.10/dist-packages:/opt/ros/humble/lib/python3.10/site-packages:/opt/ros/humble/local/lib/python3.10/dist-packages:/usr/local/lib/python3/dist-packages', 'COLCON': '1', 'CMAKE_PREFIX_PATH': '/home/ubuntu/spas_ws/install/spas_bringup:/home/ubuntu/spas_ws/install/sllidar_ros2:/home/ubuntu/spas_ws/install/slam_toolbox'}, 'shell': False}
[25.601727] (slam_toolbox) CommandEnded: {'returncode': 0}
[25.613388] (slam_toolbox) JobProgress: {'identifier': 'slam_toolbox', 'progress': 'install'}
[25.614725] (-) TimerEvent: {}
[25.642463] (slam_toolbox) Command: {'cmd': ['/usr/bin/cmake', '--install', '/home/ubuntu/spas_ws/build/slam_toolbox'], 'cwd': '/home/ubuntu/spas_ws/build/slam_toolbox', 'env': OrderedDict([('PYTHON_BASIC_REPL', '1'), ('LESSOPEN', '| /usr/bin/lesspipe %s'), ('USER', 'ubuntu'), ('SSH_CLIENT', '192.168.236.158 64914 22'), ('XDG_SESSION_TYPE', 'tty'), ('GIT_ASKPASS', '/home/ubuntu/.vscode-server/cli/servers/Stable-0958016b2af9f09bb4257e0df4a95e2f90590f9f/server/extensions/git/dist/askpass.sh'), ('SHLVL', '1'), ('LD_LIBRARY_PATH', '/home/ubuntu/spas_ws/install/slam_toolbox/lib:/opt/ros/humble/opt/rviz_ogre_vendor/lib:/opt/ros/humble/lib/aarch64-linux-gnu:/opt/ros/humble/lib'), ('BROWSER', '/home/ubuntu/.vscode-server/cli/servers/Stable-0958016b2af9f09bb4257e0df4a95e2f90590f9f/server/bin/helpers/browser.sh'), ('MOTD_SHOWN', 'pam'), ('HOME', '/home/ubuntu'), ('OLDPWD', '/home/ubuntu/spas_ws/src'), ('TERM_PROGRAM_VERSION', '1.120.0'), ('VSCODE_IPC_HOOK_CLI', '/run/user/1000/vscode-ipc-4c52080f-8f54-4af6-b1c5-04354886fdd5.sock'), ('ROS_PYTHON_VERSION', '3'), ('VSCODE_GIT_ASKPASS_MAIN', '/home/ubuntu/.vscode-server/cli/servers/Stable-0958016b2af9f09bb4257e0df4a95e2f90590f9f/server/extensions/git/dist/askpass-main.js'), ('VSCODE_GIT_ASKPASS_NODE', '/home/ubuntu/.vscode-server/cli/servers/Stable-0958016b2af9f09bb4257e0df4a95e2f90590f9f/server/node'), ('PYDEVD_DISABLE_FILE_VALIDATION', '1'), ('BUNDLED_DEBUGPY_PATH', '/home/ubuntu/.vscode-server/extensions/ms-python.debugpy-2026.6.0/bundled/libs/debugpy'), ('VSCODE_PYTHON_AUTOACTIVATE_GUARD', '1'), ('DBUS_SESSION_BUS_ADDRESS', 'unix:path=/run/user/1000/bus'), ('COLORTERM', 'truecolor'), ('COLCON_PREFIX_PATH', '/home/ubuntu/spas_ws/install'), ('ROS_DISTRO', 'humble'), ('LOGNAME', 'ubuntu'), ('_', '/usr/bin/colcon'), ('ROS_VERSION', '2'), ('XDG_SESSION_CLASS', 'user'), ('TERM', 'xterm-256color'), ('XDG_SESSION_ID', '1'), ('ROS_LOCALHOST_ONLY', '0'), ('PATH', '/opt/ros/humble/bin:/home/ubuntu/.vscode-server/data/User/globalStorage/github.copilot-chat/debugCommand:/home/ubuntu/.vscode-server/data/User/globalStorage/github.copilot-chat/copilotCli:/home/ubuntu/.vscode-server/cli/servers/Stable-0958016b2af9f09bb4257e0df4a95e2f90590f9f/server/bin/remote-cli:/usr/local/sbin:/usr/local/bin:/usr/sbin:/usr/bin:/sbin:/bin:/usr/games:/usr/local/games:/snap/bin:/home/ubuntu/.vscode-server/extensions/ms-python.debugpy-2026.6.0/bundled/scripts/noConfigScripts:/usr/local/bin'), ('XDG_RUNTIME_DIR', '/run/user/1000'), ('VSCODE_DEBUGPY_ADAPTER_ENDPOINTS', '/home/ubuntu/.vscode-server/extensions/ms-python.debugpy-2026.6.0/.noConfigDebugAdapterEndpoints/endpoint-00d0b5565ef995a9.txt'), ('LANG', 'en_US.UTF-8'), ('PYTHONSTARTUP', '/home/ubuntu/.vscode-server/data/User/workspaceStorage/f3bef80f69d224608c509b83f13a955a/ms-python.python/pythonrc.py'), ('LS_COLORS', 'rs=0:di=01;34:ln=01;36:mh=00:pi=40;33:so=01;35:do=01;35:bd=40;33;01:cd=40;33;01:or=40;31;01:mi=00:su=37;41:sg=30;43:ca=30;41:tw=30;42:ow=34;42:st=37;44:ex=01;32:*.tar=01;31:*.tgz=01;31:*.arc=01;31:*.arj=01;31:*.taz=01;31:*.lha=01;31:*.lz4=01;31:*.lzh=01;31:*.lzma=01;31:*.tlz=01;31:*.txz=01;31:*.tzo=01;31:*.t7z=01;31:*.zip=01;31:*.z=01;31:*.dz=01;31:*.gz=01;31:*.lrz=01;31:*.lz=01;31:*.lzo=01;31:*.xz=01;31:*.zst=01;31:*.tzst=01;31:*.bz2=01;31:*.bz=01;31:*.tbz=01;31:*.tbz2=01;31:*.tz=01;31:*.deb=01;31:*.rpm=01;31:*.jar=01;31:*.war=01;31:*.ear=01;31:*.sar=01;31:*.rar=01;31:*.alz=01;31:*.ace=01;31:*.zoo=01;31:*.cpio=01;31:*.7z=01;31:*.rz=01;31:*.cab=01;31:*.wim=01;31:*.swm=01;31:*.dwm=01;31:*.esd=01;31:*.jpg=01;35:*.jpeg=01;35:*.mjpg=01;35:*.mjpeg=01;35:*.gif=01;35:*.bmp=01;35:*.pbm=01;35:*.pgm=01;35:*.ppm=01;35:*.tga=01;35:*.xbm=01;35:*.xpm=01;35:*.tif=01;35:*.tiff=01;35:*.png=01;35:*.svg=01;35:*.svgz=01;35:*.mng=01;35:*.pcx=01;35:*.mov=01;35:*.mpg=01;35:*.mpeg=01;35:*.m2v=01;35:*.mkv=01;35:*.webm=01;35:*.webp=01;35:*.ogm=01;35:*.mp4=01;35:*.m4v=01;35:*.mp4v=01;35:*.vob=01;35:*.qt=01;35:*.nuv=01;35:*.wmv=01;35:*.asf=01;35:*.rm=01;35:*.rmvb=01;35:*.flc=01;35:*.avi=01;35:*.fli=01;35:*.flv=01;35:*.gl=01;35:*.dl=01;35:*.xcf=01;35:*.xwd=01;35:*.yuv=01;35:*.cgm=01;35:*.emf=01;35:*.ogv=01;35:*.ogx=01;35:*.aac=00;36:*.au=00;36:*.flac=00;36:*.m4a=00;36:*.mid=00;36:*.midi=00;36:*.mka=00;36:*.mp3=00;36:*.mpc=00;36:*.ogg=00;36:*.ra=00;36:*.wav=00;36:*.oga=00;36:*.opus=00;36:*.spx=00;36:*.xspf=00;36:'), ('VSCODE_GIT_IPC_HANDLE', '/run/user/1000/vscode-git-a9f1ef9bc6.sock'), ('TERM_PROGRAM', 'vscode'), ('ROS_DOMAIN_ID', '1'), ('AMENT_PREFIX_PATH', '/home/ubuntu/spas_ws/install/spas_planning:/home/ubuntu/spas_ws/install/spas_perception:/home/ubuntu/spas_ws/install/spas_control:/home/ubuntu/spas_ws/install/spas_bringup:/home/ubuntu/spas_ws/install/sllidar_ros2:/home/ubuntu/spas_ws/install/slam_toolbox:/opt/ros/humble'), ('SHELL', '/bin/bash'), ('LESSCLOSE', '/usr/bin/lesspipe %s %s'), ('VSCODE_GIT_ASKPASS_EXTRA_ARGS', ''), ('PWD', '/home/ubuntu/spas_ws/build/slam_toolbox'), ('LC_ALL', 'en_US.UTF-8'), ('SSH_CONNECTION', '192.168.236.158 64914 192.168.236.18 22'), ('PYTHONPATH', '/home/ubuntu/spas_ws/build/spas_planning:/home/ubuntu/spas_ws/install/spas_planning/lib/python3.10/site-packages:/home/ubuntu/spas_ws/build/spas_perception:/home/ubuntu/spas_ws/install/spas_perception/lib/python3.10/site-packages:/home/ubuntu/spas_ws/build/spas_control:/home/ubuntu/spas_ws/install/spas_control/lib/python3.10/site-packages:/home/ubuntu/spas_ws/install/slam_toolbox/local/lib/python3.10/dist-packages:/opt/ros/humble/lib/python3.10/site-packages:/opt/ros/humble/local/lib/python3.10/dist-packages:/usr/local/lib/python3/dist-packages'), ('COLCON', '1'), ('CMAKE_PREFIX_PATH', '/home/ubuntu/spas_ws/install/spas_bringup:/home/ubuntu/spas_ws/install/sllidar_ros2:/home/ubuntu/spas_ws/install/slam_toolbox:/home/ubuntu/spas_ws/install/spas_planning:/home/ubuntu/spas_ws/install/spas_perception:/home/ubuntu/spas_ws/install/spas_control:/opt/ros/humble')]), 'shell': False}
[25.715181] (-) TimerEvent: {}
[25.817139] (-) TimerEvent: {}
[25.918809] (-) TimerEvent: {}
[25.938539] (slam_toolbox) StdoutLine: {'line': b'-- Install configuration: "Release"\n'}
[25.958744] (slam_toolbox) StdoutLine: {'line': b'-- Execute custom install script\n'}
[25.966165] (slam_toolbox) StdoutLine: {'line': b'-- Up-to-date symlink: /home/ubuntu/spas_ws/install/slam_toolbox/include//karto_sdk/Karto.h\n'}
[25.969574] (slam_toolbox) StdoutLine: {'line': b'-- Up-to-date symlink: /home/ubuntu/spas_ws/install/slam_toolbox/include//karto_sdk/Macros.h\n'}
[25.979515] (slam_toolbox) StdoutLine: {'line': b'-- Up-to-date symlink: /home/ubuntu/spas_ws/install/slam_toolbox/include//karto_sdk/Mapper.h\n'}
[25.991633] (slam_toolbox) StdoutLine: {'line': b'-- Up-to-date symlink: /home/ubuntu/spas_ws/install/slam_toolbox/include//karto_sdk/Math.h\n'}
[25.993088] (slam_toolbox) StdoutLine: {'line': b'-- Up-to-date symlink: /home/ubuntu/spas_ws/install/slam_toolbox/include//karto_sdk/Types.h\n'}
[25.994446] (slam_toolbox) StdoutLine: {'line': b'-- Up-to-date symlink: /home/ubuntu/spas_ws/install/slam_toolbox/include//karto_sdk/nanoflann.hpp\n'}
[25.996014] (slam_toolbox) StdoutLine: {'line': b'-- Up-to-date symlink: /home/ubuntu/spas_ws/install/slam_toolbox/include//karto_sdk/nanoflann_adaptors.h\n'}
[25.997178] (slam_toolbox) StdoutLine: {'line': b'-- Up-to-date symlink: /home/ubuntu/spas_ws/install/slam_toolbox/share/ament_index/resource_index/rosidl_interfaces/slam_toolbox\n'}
[26.006443] (slam_toolbox) StdoutLine: {'line': b'-- Up-to-date symlink: /home/ubuntu/spas_ws/install/slam_toolbox/include/slam_toolbox/slam_toolbox/msg/rosidl_generator_c__visibility_control.h\n'}
[26.020135] (-) TimerEvent: {}
[26.029820] (slam_toolbox) StdoutLine: {'line': b'-- Up-to-date symlink: /home/ubuntu/spas_ws/install/slam_toolbox/include/slam_toolbox/slam_toolbox/srv/add_submap.h\n'}
[26.046831] (slam_toolbox) StdoutLine: {'line': b'-- Up-to-date symlink: /home/ubuntu/spas_ws/install/slam_toolbox/include/slam_toolbox/slam_toolbox/srv/clear.h\n'}
[26.061124] (slam_toolbox) StdoutLine: {'line': b'-- Up-to-date symlink: /home/ubuntu/spas_ws/install/slam_toolbox/include/slam_toolbox/slam_toolbox/srv/clear_queue.h\n'}
[26.068047] (slam_toolbox) StdoutLine: {'line': b'-- Up-to-date symlink: /home/ubuntu/spas_ws/install/slam_toolbox/include/slam_toolbox/slam_toolbox/srv/deserialize_pose_graph.h\n'}
[26.100413] (slam_toolbox) StdoutLine: {'line': b'-- Up-to-date symlink: /home/ubuntu/spas_ws/install/slam_toolbox/include/slam_toolbox/slam_toolbox/srv/detail/add_submap__functions.h\n'}
[26.102036] (slam_toolbox) StdoutLine: {'line': b'-- Up-to-date symlink: /home/ubuntu/spas_ws/install/slam_toolbox/include/slam_toolbox/slam_toolbox/srv/detail/add_submap__struct.h\n'}
[26.103583] (slam_toolbox) StdoutLine: {'line': b'-- Up-to-date symlink: /home/ubuntu/spas_ws/install/slam_toolbox/include/slam_toolbox/slam_toolbox/srv/detail/add_submap__type_support.h\n'}
[26.104688] (slam_toolbox) StdoutLine: {'line': b'-- Up-to-date symlink: /home/ubuntu/spas_ws/install/slam_toolbox/include/slam_toolbox/slam_toolbox/srv/detail/clear__functions.h\n'}
[26.105795] (slam_toolbox) StdoutLine: {'line': b'-- Up-to-date symlink: /home/ubuntu/spas_ws/install/slam_toolbox/include/slam_toolbox/slam_toolbox/srv/detail/clear__struct.h\n'}
[26.106909] (slam_toolbox) StdoutLine: {'line': b'-- Up-to-date symlink: /home/ubuntu/spas_ws/install/slam_toolbox/include/slam_toolbox/slam_toolbox/srv/detail/clear__type_support.h\n'}
[26.132810] (-) TimerEvent: {}
[26.149545] (slam_toolbox) StdoutLine: {'line': b'-- Up-to-date symlink: /home/ubuntu/spas_ws/install/slam_toolbox/include/slam_toolbox/slam_toolbox/srv/detail/clear_queue__functions.h\n'}
[26.152019] (slam_toolbox) StdoutLine: {'line': b'-- Up-to-date symlink: /home/ubuntu/spas_ws/install/slam_toolbox/include/slam_toolbox/slam_toolbox/srv/detail/clear_queue__struct.h\n'}
[26.153298] (slam_toolbox) StdoutLine: {'line': b'-- Up-to-date symlink: /home/ubuntu/spas_ws/install/slam_toolbox/include/slam_toolbox/slam_toolbox/srv/detail/clear_queue__type_support.h\n'}
[26.154547] (slam_toolbox) StdoutLine: {'line': b'-- Up-to-date symlink: /home/ubuntu/spas_ws/install/slam_toolbox/include/slam_toolbox/slam_toolbox/srv/detail/deserialize_pose_graph__functions.h\n'}
[26.174504] (slam_toolbox) StdoutLine: {'line': b'-- Up-to-date symlink: /home/ubuntu/spas_ws/install/slam_toolbox/include/slam_toolbox/slam_toolbox/srv/detail/deserialize_pose_graph__struct.h\n'}
[26.175974] (slam_toolbox) StdoutLine: {'line': b'-- Up-to-date symlink: /home/ubuntu/spas_ws/install/slam_toolbox/include/slam_toolbox/slam_toolbox/srv/detail/deserialize_pose_graph__type_support.h\n'}
[26.177174] (slam_toolbox) StdoutLine: {'line': b'-- Up-to-date symlink: /home/ubuntu/spas_ws/install/slam_toolbox/include/slam_toolbox/slam_toolbox/srv/detail/loop_closure__functions.h\n'}
[26.178353] (slam_toolbox) StdoutLine: {'line': b'-- Up-to-date symlink: /home/ubuntu/spas_ws/install/slam_toolbox/include/slam_toolbox/slam_toolbox/srv/detail/loop_closure__struct.h\n'}
[26.194352] (slam_toolbox) StdoutLine: {'line': b'-- Up-to-date symlink: /home/ubuntu/spas_ws/install/slam_toolbox/include/slam_toolbox/slam_toolbox/srv/detail/loop_closure__type_support.h\n'}
[26.195980] (slam_toolbox) StdoutLine: {'line': b'-- Up-to-date symlink: /home/ubuntu/spas_ws/install/slam_toolbox/include/slam_toolbox/slam_toolbox/srv/detail/merge_maps__functions.h\n'}
[26.197332] (slam_toolbox) StdoutLine: {'line': b'-- Up-to-date symlink: /home/ubuntu/spas_ws/install/slam_toolbox/include/slam_toolbox/slam_toolbox/srv/detail/merge_maps__struct.h\n'}
[26.198606] (slam_toolbox) StdoutLine: {'line': b'-- Up-to-date symlink: /home/ubuntu/spas_ws/install/slam_toolbox/include/slam_toolbox/slam_toolbox/srv/detail/merge_maps__type_support.h\n'}
[26.212327] (slam_toolbox) StdoutLine: {'line': b'-- Up-to-date symlink: /home/ubuntu/spas_ws/install/slam_toolbox/include/slam_toolbox/slam_toolbox/srv/detail/pause__functions.h\n'}
[26.213615] (slam_toolbox) StdoutLine: {'line': b'-- Up-to-date symlink: /home/ubuntu/spas_ws/install/slam_toolbox/include/slam_toolbox/slam_toolbox/srv/detail/pause__struct.h\n'}
[26.214957] (slam_toolbox) StdoutLine: {'line': b'-- Up-to-date symlink: /home/ubuntu/spas_ws/install/slam_toolbox/include/slam_toolbox/slam_toolbox/srv/detail/pause__type_support.h\n'}
[26.216332] (slam_toolbox) StdoutLine: {'line': b'-- Up-to-date symlink: /home/ubuntu/spas_ws/install/slam_toolbox/include/slam_toolbox/slam_toolbox/srv/detail/save_map__functions.h\n'}
[26.217379] (slam_toolbox) StdoutLine: {'line': b'-- Up-to-date symlink: /home/ubuntu/spas_ws/install/slam_toolbox/include/slam_toolbox/slam_toolbox/srv/detail/save_map__struct.h\n'}
[26.218492] (slam_toolbox) StdoutLine: {'line': b'-- Up-to-date symlink: /home/ubuntu/spas_ws/install/slam_toolbox/include/slam_toolbox/slam_toolbox/srv/detail/save_map__type_support.h\n'}
[26.233396] (-) TimerEvent: {}
[26.236285] (slam_toolbox) StdoutLine: {'line': b'-- Up-to-date symlink: /home/ubuntu/spas_ws/install/slam_toolbox/include/slam_toolbox/slam_toolbox/srv/detail/serialize_pose_graph__functions.h\n'}
[26.242792] (slam_toolbox) StdoutLine: {'line': b'-- Up-to-date symlink: /home/ubuntu/spas_ws/install/slam_toolbox/include/slam_toolbox/slam_toolbox/srv/detail/serialize_pose_graph__struct.h\n'}
[26.249853] (slam_toolbox) StdoutLine: {'line': b'-- Up-to-date symlink: /home/ubuntu/spas_ws/install/slam_toolbox/include/slam_toolbox/slam_toolbox/srv/detail/serialize_pose_graph__type_support.h\n'}
[26.266033] (slam_toolbox) StdoutLine: {'line': b'-- Up-to-date symlink: /home/ubuntu/spas_ws/install/slam_toolbox/include/slam_toolbox/slam_toolbox/srv/detail/toggle_interactive__functions.h\n'}
[26.280469] (slam_toolbox) StdoutLine: {'line': b'-- Up-to-date symlink: /home/ubuntu/spas_ws/install/slam_toolbox/include/slam_toolbox/slam_toolbox/srv/detail/toggle_interactive__struct.h\n'}
[26.293870] (slam_toolbox) StdoutLine: {'line': b'-- Up-to-date symlink: /home/ubuntu/spas_ws/install/slam_toolbox/include/slam_toolbox/slam_toolbox/srv/detail/toggle_interactive__type_support.h\n'}
[26.303198] (slam_toolbox) StdoutLine: {'line': b'-- Up-to-date symlink: /home/ubuntu/spas_ws/install/slam_toolbox/include/slam_toolbox/slam_toolbox/srv/loop_closure.h\n'}
[26.315114] (slam_toolbox) StdoutLine: {'line': b'-- Up-to-date symlink: /home/ubuntu/spas_ws/install/slam_toolbox/include/slam_toolbox/slam_toolbox/srv/merge_maps.h\n'}
[26.331820] (slam_toolbox) StdoutLine: {'line': b'-- Up-to-date symlink: /home/ubuntu/spas_ws/install/slam_toolbox/include/slam_toolbox/slam_toolbox/srv/pause.h\n'}
[26.333459] (-) TimerEvent: {}
[26.337651] (slam_toolbox) StdoutLine: {'line': b'-- Up-to-date symlink: /home/ubuntu/spas_ws/install/slam_toolbox/include/slam_toolbox/slam_toolbox/srv/save_map.h\n'}
[26.344711] (slam_toolbox) StdoutLine: {'line': b'-- Up-to-date symlink: /home/ubuntu/spas_ws/install/slam_toolbox/include/slam_toolbox/slam_toolbox/srv/serialize_pose_graph.h\n'}
[26.346503] (slam_toolbox) StdoutLine: {'line': b'-- Up-to-date symlink: /home/ubuntu/spas_ws/install/slam_toolbox/include/slam_toolbox/slam_toolbox/srv/toggle_interactive.h\n'}
[26.370150] (slam_toolbox) StdoutLine: {'line': b'-- Up-to-date symlink: /home/ubuntu/spas_ws/install/slam_toolbox/share/slam_toolbox/environment/library_path.sh\n'}
[26.373509] (slam_toolbox) StdoutLine: {'line': b'-- Up-to-date symlink: /home/ubuntu/spas_ws/install/slam_toolbox/share/slam_toolbox/environment/library_path.dsv\n'}
[26.432928] (slam_toolbox) StdoutLine: {'line': b'-- Up-to-date symlink: /home/ubuntu/spas_ws/install/slam_toolbox/include/slam_toolbox/slam_toolbox/msg/rosidl_typesupport_fastrtps_c__visibility_control.h\n'}
[26.434413] (-) TimerEvent: {}
[26.438926] (slam_toolbox) StdoutLine: {'line': b'-- Up-to-date symlink: /home/ubuntu/spas_ws/install/slam_toolbox/include/slam_toolbox/slam_toolbox/srv/detail/add_submap__rosidl_typesupport_fastrtps_c.h\n'}
[26.445928] (slam_toolbox) StdoutLine: {'line': b'-- Up-to-date symlink: /home/ubuntu/spas_ws/install/slam_toolbox/include/slam_toolbox/slam_toolbox/srv/detail/clear__rosidl_typesupport_fastrtps_c.h\n'}
[26.449359] (slam_toolbox) StdoutLine: {'line': b'-- Up-to-date symlink: /home/ubuntu/spas_ws/install/slam_toolbox/include/slam_toolbox/slam_toolbox/srv/detail/clear_queue__rosidl_typesupport_fastrtps_c.h\n'}
[26.461679] (slam_toolbox) StdoutLine: {'line': b'-- Up-to-date symlink: /home/ubuntu/spas_ws/install/slam_toolbox/include/slam_toolbox/slam_toolbox/srv/detail/deserialize_pose_graph__rosidl_typesupport_fastrtps_c.h\n'}
[26.480386] (slam_toolbox) StdoutLine: {'line': b'-- Up-to-date symlink: /home/ubuntu/spas_ws/install/slam_toolbox/include/slam_toolbox/slam_toolbox/srv/detail/loop_closure__rosidl_typesupport_fastrtps_c.h\n'}
[26.487157] (slam_toolbox) StdoutLine: {'line': b'-- Up-to-date symlink: /home/ubuntu/spas_ws/install/slam_toolbox/include/slam_toolbox/slam_toolbox/srv/detail/merge_maps__rosidl_typesupport_fastrtps_c.h\n'}
[26.491856] (slam_toolbox) StdoutLine: {'line': b'-- Up-to-date symlink: /home/ubuntu/spas_ws/install/slam_toolbox/include/slam_toolbox/slam_toolbox/srv/detail/pause__rosidl_typesupport_fastrtps_c.h\n'}
[26.505276] (slam_toolbox) StdoutLine: {'line': b'-- Up-to-date symlink: /home/ubuntu/spas_ws/install/slam_toolbox/include/slam_toolbox/slam_toolbox/srv/detail/save_map__rosidl_typesupport_fastrtps_c.h\n'}
[26.528970] (slam_toolbox) StdoutLine: {'line': b'-- Up-to-date symlink: /home/ubuntu/spas_ws/install/slam_toolbox/include/slam_toolbox/slam_toolbox/srv/detail/serialize_pose_graph__rosidl_typesupport_fastrtps_c.h\n'}
[26.538450] (-) TimerEvent: {}
[26.545274] (slam_toolbox) StdoutLine: {'line': b'-- Up-to-date symlink: /home/ubuntu/spas_ws/install/slam_toolbox/include/slam_toolbox/slam_toolbox/srv/detail/toggle_interactive__rosidl_typesupport_fastrtps_c.h\n'}
[26.559657] (slam_toolbox) StdoutLine: {'line': b'-- Up-to-date symlink: /home/ubuntu/spas_ws/install/slam_toolbox/include/slam_toolbox/slam_toolbox/msg/rosidl_generator_cpp__visibility_control.hpp\n'}
[26.567499] (slam_toolbox) StdoutLine: {'line': b'-- Up-to-date symlink: /home/ubuntu/spas_ws/install/slam_toolbox/include/slam_toolbox/slam_toolbox/srv/add_submap.hpp\n'}
[26.587595] (slam_toolbox) StdoutLine: {'line': b'-- Up-to-date symlink: /home/ubuntu/spas_ws/install/slam_toolbox/include/slam_toolbox/slam_toolbox/srv/clear.hpp\n'}
[26.595492] (slam_toolbox) StdoutLine: {'line': b'-- Up-to-date symlink: /home/ubuntu/spas_ws/install/slam_toolbox/include/slam_toolbox/slam_toolbox/srv/clear_queue.hpp\n'}
[26.606637] (slam_toolbox) StdoutLine: {'line': b'-- Up-to-date symlink: /home/ubuntu/spas_ws/install/slam_toolbox/include/slam_toolbox/slam_toolbox/srv/deserialize_pose_graph.hpp\n'}
[26.616955] (slam_toolbox) StdoutLine: {'line': b'-- Up-to-date symlink: /home/ubuntu/spas_ws/install/slam_toolbox/include/slam_toolbox/slam_toolbox/srv/detail/add_submap__builder.hpp\n'}
[26.623882] (slam_toolbox) StdoutLine: {'line': b'-- Up-to-date symlink: /home/ubuntu/spas_ws/install/slam_toolbox/include/slam_toolbox/slam_toolbox/srv/detail/add_submap__struct.hpp\n'}
[26.630447] (slam_toolbox) StdoutLine: {'line': b'-- Up-to-date symlink: /home/ubuntu/spas_ws/install/slam_toolbox/include/slam_toolbox/slam_toolbox/srv/detail/add_submap__traits.hpp\n'}
[26.632144] (slam_toolbox) StdoutLine: {'line': b'-- Up-to-date symlink: /home/ubuntu/spas_ws/install/slam_toolbox/include/slam_toolbox/slam_toolbox/srv/detail/add_submap__type_support.hpp\n'}
[26.633571] (slam_toolbox) StdoutLine: {'line': b'-- Up-to-date symlink: /home/ubuntu/spas_ws/install/slam_toolbox/include/slam_toolbox/slam_toolbox/srv/detail/clear__builder.hpp\n'}
[26.646779] (-) TimerEvent: {}
[26.654261] (slam_toolbox) StdoutLine: {'line': b'-- Up-to-date symlink: /home/ubuntu/spas_ws/install/slam_toolbox/include/slam_toolbox/slam_toolbox/srv/detail/clear__struct.hpp\n'}
[26.667821] (slam_toolbox) StdoutLine: {'line': b'-- Up-to-date symlink: /home/ubuntu/spas_ws/install/slam_toolbox/include/slam_toolbox/slam_toolbox/srv/detail/clear__traits.hpp\n'}
[26.679825] (slam_toolbox) StdoutLine: {'line': b'-- Up-to-date symlink: /home/ubuntu/spas_ws/install/slam_toolbox/include/slam_toolbox/slam_toolbox/srv/detail/clear__type_support.hpp\n'}
[26.682894] (slam_toolbox) StdoutLine: {'line': b'-- Up-to-date symlink: /home/ubuntu/spas_ws/install/slam_toolbox/include/slam_toolbox/slam_toolbox/srv/detail/clear_queue__builder.hpp\n'}
[26.693753] (slam_toolbox) StdoutLine: {'line': b'-- Up-to-date symlink: /home/ubuntu/spas_ws/install/slam_toolbox/include/slam_toolbox/slam_toolbox/srv/detail/clear_queue__struct.hpp\n'}
[26.710540] (slam_toolbox) StdoutLine: {'line': b'-- Up-to-date symlink: /home/ubuntu/spas_ws/install/slam_toolbox/include/slam_toolbox/slam_toolbox/srv/detail/clear_queue__traits.hpp\n'}
[26.715820] (slam_toolbox) StdoutLine: {'line': b'-- Up-to-date symlink: /home/ubuntu/spas_ws/install/slam_toolbox/include/slam_toolbox/slam_toolbox/srv/detail/clear_queue__type_support.hpp\n'}
[26.720243] (slam_toolbox) StdoutLine: {'line': b'-- Up-to-date symlink: /home/ubuntu/spas_ws/install/slam_toolbox/include/slam_toolbox/slam_toolbox/srv/detail/deserialize_pose_graph__builder.hpp\n'}
[26.724623] (slam_toolbox) StdoutLine: {'line': b'-- Up-to-date symlink: /home/ubuntu/spas_ws/install/slam_toolbox/include/slam_toolbox/slam_toolbox/srv/detail/deserialize_pose_graph__struct.hpp\n'}
[26.729266] (slam_toolbox) StdoutLine: {'line': b'-- Up-to-date symlink: /home/ubuntu/spas_ws/install/slam_toolbox/include/slam_toolbox/slam_toolbox/srv/detail/deserialize_pose_graph__traits.hpp\n'}
[26.743177] (slam_toolbox) StdoutLine: {'line': b'-- Up-to-date symlink: /home/ubuntu/spas_ws/install/slam_toolbox/include/slam_toolbox/slam_toolbox/srv/detail/deserialize_pose_graph__type_support.hpp\n'}
[26.747844] (-) TimerEvent: {}
[26.751346] (slam_toolbox) StdoutLine: {'line': b'-- Up-to-date symlink: /home/ubuntu/spas_ws/install/slam_toolbox/include/slam_toolbox/slam_toolbox/srv/detail/loop_closure__builder.hpp\n'}
[26.760677] (slam_toolbox) StdoutLine: {'line': b'-- Up-to-date symlink: /home/ubuntu/spas_ws/install/slam_toolbox/include/slam_toolbox/slam_toolbox/srv/detail/loop_closure__struct.hpp\n'}
[26.779629] (slam_toolbox) StdoutLine: {'line': b'-- Up-to-date symlink: /home/ubuntu/spas_ws/install/slam_toolbox/include/slam_toolbox/slam_toolbox/srv/detail/loop_closure__traits.hpp\n'}
[26.785627] (slam_toolbox) StdoutLine: {'line': b'-- Up-to-date symlink: /home/ubuntu/spas_ws/install/slam_toolbox/include/slam_toolbox/slam_toolbox/srv/detail/loop_closure__type_support.hpp\n'}
[26.792443] (slam_toolbox) StdoutLine: {'line': b'-- Up-to-date symlink: /home/ubuntu/spas_ws/install/slam_toolbox/include/slam_toolbox/slam_toolbox/srv/detail/merge_maps__builder.hpp\n'}
[26.801027] (slam_toolbox) StdoutLine: {'line': b'-- Up-to-date symlink: /home/ubuntu/spas_ws/install/slam_toolbox/include/slam_toolbox/slam_toolbox/srv/detail/merge_maps__struct.hpp\n'}
[26.816897] (slam_toolbox) StdoutLine: {'line': b'-- Up-to-date symlink: /home/ubuntu/spas_ws/install/slam_toolbox/include/slam_toolbox/slam_toolbox/srv/detail/merge_maps__traits.hpp\n'}
[26.824509] (slam_toolbox) StdoutLine: {'line': b'-- Up-to-date symlink: /home/ubuntu/spas_ws/install/slam_toolbox/include/slam_toolbox/slam_toolbox/srv/detail/merge_maps__type_support.hpp\n'}
[26.832923] (slam_toolbox) StdoutLine: {'line': b'-- Up-to-date symlink: /home/ubuntu/spas_ws/install/slam_toolbox/include/slam_toolbox/slam_toolbox/srv/detail/pause__builder.hpp\n'}
[26.838920] (slam_toolbox) StdoutLine: {'line': b'-- Up-to-date symlink: /home/ubuntu/spas_ws/install/slam_toolbox/include/slam_toolbox/slam_toolbox/srv/detail/pause__struct.hpp\n'}
[26.853236] (-) TimerEvent: {}
[26.857954] (slam_toolbox) StdoutLine: {'line': b'-- Up-to-date symlink: /home/ubuntu/spas_ws/install/slam_toolbox/include/slam_toolbox/slam_toolbox/srv/detail/pause__traits.hpp\n'}
[26.863916] (slam_toolbox) StdoutLine: {'line': b'-- Up-to-date symlink: /home/ubuntu/spas_ws/install/slam_toolbox/include/slam_toolbox/slam_toolbox/srv/detail/pause__type_support.hpp\n'}
[26.869465] (slam_toolbox) StdoutLine: {'line': b'-- Up-to-date symlink: /home/ubuntu/spas_ws/install/slam_toolbox/include/slam_toolbox/slam_toolbox/srv/detail/save_map__builder.hpp\n'}
[26.877323] (slam_toolbox) StdoutLine: {'line': b'-- Up-to-date symlink: /home/ubuntu/spas_ws/install/slam_toolbox/include/slam_toolbox/slam_toolbox/srv/detail/save_map__struct.hpp\n'}
[26.899598] (slam_toolbox) StdoutLine: {'line': b'-- Up-to-date symlink: /home/ubuntu/spas_ws/install/slam_toolbox/include/slam_toolbox/slam_toolbox/srv/detail/save_map__traits.hpp\n'}
[26.901173] (slam_toolbox) StdoutLine: {'line': b'-- Up-to-date symlink: /home/ubuntu/spas_ws/install/slam_toolbox/include/slam_toolbox/slam_toolbox/srv/detail/save_map__type_support.hpp\n'}
[26.902370] (slam_toolbox) StdoutLine: {'line': b'-- Up-to-date symlink: /home/ubuntu/spas_ws/install/slam_toolbox/include/slam_toolbox/slam_toolbox/srv/detail/serialize_pose_graph__builder.hpp\n'}
[26.903864] (slam_toolbox) StdoutLine: {'line': b'-- Up-to-date symlink: /home/ubuntu/spas_ws/install/slam_toolbox/include/slam_toolbox/slam_toolbox/srv/detail/serialize_pose_graph__struct.hpp\n'}
[26.905218] (slam_toolbox) StdoutLine: {'line': b'-- Up-to-date symlink: /home/ubuntu/spas_ws/install/slam_toolbox/include/slam_toolbox/slam_toolbox/srv/detail/serialize_pose_graph__traits.hpp\n'}
[26.906540] (slam_toolbox) StdoutLine: {'line': b'-- Up-to-date symlink: /home/ubuntu/spas_ws/install/slam_toolbox/include/slam_toolbox/slam_toolbox/srv/detail/serialize_pose_graph__type_support.hpp\n'}
[26.943513] (slam_toolbox) StdoutLine: {'line': b'-- Up-to-date symlink: /home/ubuntu/spas_ws/install/slam_toolbox/include/slam_toolbox/slam_toolbox/srv/detail/toggle_interactive__builder.hpp\n'}
[26.945007] (slam_toolbox) StdoutLine: {'line': b'-- Up-to-date symlink: /home/ubuntu/spas_ws/install/slam_toolbox/include/slam_toolbox/slam_toolbox/srv/detail/toggle_interactive__struct.hpp\n'}
[26.946839] (slam_toolbox) StdoutLine: {'line': b'-- Up-to-date symlink: /home/ubuntu/spas_ws/install/slam_toolbox/include/slam_toolbox/slam_toolbox/srv/detail/toggle_interactive__traits.hpp\n'}
[26.948204] (slam_toolbox) StdoutLine: {'line': b'-- Up-to-date symlink: /home/ubuntu/spas_ws/install/slam_toolbox/include/slam_toolbox/slam_toolbox/srv/detail/toggle_interactive__type_support.hpp\n'}
[26.949463] (slam_toolbox) StdoutLine: {'line': b'-- Up-to-date symlink: /home/ubuntu/spas_ws/install/slam_toolbox/include/slam_toolbox/slam_toolbox/srv/loop_closure.hpp\n'}
[26.950794] (slam_toolbox) StdoutLine: {'line': b'-- Up-to-date symlink: /home/ubuntu/spas_ws/install/slam_toolbox/include/slam_toolbox/slam_toolbox/srv/merge_maps.hpp\n'}
[26.976439] (-) TimerEvent: {}
[26.978405] (slam_toolbox) StdoutLine: {'line': b'-- Up-to-date symlink: /home/ubuntu/spas_ws/install/slam_toolbox/include/slam_toolbox/slam_toolbox/srv/pause.hpp\n'}
[26.980143] (slam_toolbox) StdoutLine: {'line': b'-- Up-to-date symlink: /home/ubuntu/spas_ws/install/slam_toolbox/include/slam_toolbox/slam_toolbox/srv/save_map.hpp\n'}
[26.981438] (slam_toolbox) StdoutLine: {'line': b'-- Up-to-date symlink: /home/ubuntu/spas_ws/install/slam_toolbox/include/slam_toolbox/slam_toolbox/srv/serialize_pose_graph.hpp\n'}
[26.999456] (slam_toolbox) StdoutLine: {'line': b'-- Up-to-date symlink: /home/ubuntu/spas_ws/install/slam_toolbox/include/slam_toolbox/slam_toolbox/srv/toggle_interactive.hpp\n'}
[27.010517] (slam_toolbox) StdoutLine: {'line': b'-- Up-to-date symlink: /home/ubuntu/spas_ws/install/slam_toolbox/include/slam_toolbox/slam_toolbox/msg/rosidl_typesupport_fastrtps_cpp__visibility_control.h\n'}
[27.030964] (slam_toolbox) StdoutLine: {'line': b'-- Up-to-date symlink: /home/ubuntu/spas_ws/install/slam_toolbox/include/slam_toolbox/slam_toolbox/srv/detail/add_submap__rosidl_typesupport_fastrtps_cpp.hpp\n'}
[27.056996] (slam_toolbox) StdoutLine: {'line': b'-- Up-to-date symlink: /home/ubuntu/spas_ws/install/slam_toolbox/include/slam_toolbox/slam_toolbox/srv/detail/clear__rosidl_typesupport_fastrtps_cpp.hpp\n'}
[27.064969] (slam_toolbox) StdoutLine: {'line': b'-- Up-to-date symlink: /home/ubuntu/spas_ws/install/slam_toolbox/include/slam_toolbox/slam_toolbox/srv/detail/clear_queue__rosidl_typesupport_fastrtps_cpp.hpp\n'}
[27.075556] (slam_toolbox) StdoutLine: {'line': b'-- Up-to-date symlink: /home/ubuntu/spas_ws/install/slam_toolbox/include/slam_toolbox/slam_toolbox/srv/detail/deserialize_pose_graph__rosidl_typesupport_fastrtps_cpp.hpp\n'}
[27.091546] (-) TimerEvent: {}
[27.093541] (slam_toolbox) StdoutLine: {'line': b'-- Up-to-date symlink: /home/ubuntu/spas_ws/install/slam_toolbox/include/slam_toolbox/slam_toolbox/srv/detail/loop_closure__rosidl_typesupport_fastrtps_cpp.hpp\n'}
[27.101284] (slam_toolbox) StdoutLine: {'line': b'-- Up-to-date symlink: /home/ubuntu/spas_ws/install/slam_toolbox/include/slam_toolbox/slam_toolbox/srv/detail/merge_maps__rosidl_typesupport_fastrtps_cpp.hpp\n'}
[27.105228] (slam_toolbox) StdoutLine: {'line': b'-- Up-to-date symlink: /home/ubuntu/spas_ws/install/slam_toolbox/include/slam_toolbox/slam_toolbox/srv/detail/pause__rosidl_typesupport_fastrtps_cpp.hpp\n'}
[27.118946] (slam_toolbox) StdoutLine: {'line': b'-- Up-to-date symlink: /home/ubuntu/spas_ws/install/slam_toolbox/include/slam_toolbox/slam_toolbox/srv/detail/save_map__rosidl_typesupport_fastrtps_cpp.hpp\n'}
[27.122314] (slam_toolbox) StdoutLine: {'line': b'-- Up-to-date symlink: /home/ubuntu/spas_ws/install/slam_toolbox/include/slam_toolbox/slam_toolbox/srv/detail/serialize_pose_graph__rosidl_typesupport_fastrtps_cpp.hpp\n'}
[27.137154] (slam_toolbox) StdoutLine: {'line': b'-- Up-to-date symlink: /home/ubuntu/spas_ws/install/slam_toolbox/include/slam_toolbox/slam_toolbox/srv/detail/toggle_interactive__rosidl_typesupport_fastrtps_cpp.hpp\n'}
[27.143610] (slam_toolbox) StdoutLine: {'line': b'-- Up-to-date symlink: /home/ubuntu/spas_ws/install/slam_toolbox/include/slam_toolbox/slam_toolbox/msg/rosidl_typesupport_introspection_c__visibility_control.h\n'}
[27.150305] (slam_toolbox) StdoutLine: {'line': b'-- Up-to-date symlink: /home/ubuntu/spas_ws/install/slam_toolbox/include/slam_toolbox/slam_toolbox/srv/detail/add_submap__rosidl_typesupport_introspection_c.h\n'}
[27.161284] (slam_toolbox) StdoutLine: {'line': b'-- Up-to-date symlink: /home/ubuntu/spas_ws/install/slam_toolbox/include/slam_toolbox/slam_toolbox/srv/detail/clear__rosidl_typesupport_introspection_c.h\n'}
[27.164795] (slam_toolbox) StdoutLine: {'line': b'-- Up-to-date symlink: /home/ubuntu/spas_ws/install/slam_toolbox/include/slam_toolbox/slam_toolbox/srv/detail/clear_queue__rosidl_typesupport_introspection_c.h\n'}
[27.168455] (slam_toolbox) StdoutLine: {'line': b'-- Up-to-date symlink: /home/ubuntu/spas_ws/install/slam_toolbox/include/slam_toolbox/slam_toolbox/srv/detail/deserialize_pose_graph__rosidl_typesupport_introspection_c.h\n'}
[27.174043] (slam_toolbox) StdoutLine: {'line': b'-- Up-to-date symlink: /home/ubuntu/spas_ws/install/slam_toolbox/include/slam_toolbox/slam_toolbox/srv/detail/loop_closure__rosidl_typesupport_introspection_c.h\n'}
[27.183579] (slam_toolbox) StdoutLine: {'line': b'-- Up-to-date symlink: /home/ubuntu/spas_ws/install/slam_toolbox/include/slam_toolbox/slam_toolbox/srv/detail/merge_maps__rosidl_typesupport_introspection_c.h\n'}
[27.196803] (-) TimerEvent: {}
[27.198736] (slam_toolbox) StdoutLine: {'line': b'-- Up-to-date symlink: /home/ubuntu/spas_ws/install/slam_toolbox/include/slam_toolbox/slam_toolbox/srv/detail/pause__rosidl_typesupport_introspection_c.h\n'}
[27.210204] (slam_toolbox) StdoutLine: {'line': b'-- Up-to-date symlink: /home/ubuntu/spas_ws/install/slam_toolbox/include/slam_toolbox/slam_toolbox/srv/detail/save_map__rosidl_typesupport_introspection_c.h\n'}
[27.215425] (slam_toolbox) StdoutLine: {'line': b'-- Up-to-date symlink: /home/ubuntu/spas_ws/install/slam_toolbox/include/slam_toolbox/slam_toolbox/srv/detail/serialize_pose_graph__rosidl_typesupport_introspection_c.h\n'}
[27.219274] (slam_toolbox) StdoutLine: {'line': b'-- Up-to-date symlink: /home/ubuntu/spas_ws/install/slam_toolbox/include/slam_toolbox/slam_toolbox/srv/detail/toggle_interactive__rosidl_typesupport_introspection_c.h\n'}
[27.226260] (slam_toolbox) StdoutLine: {'line': b'-- Up-to-date symlink: /home/ubuntu/spas_ws/install/slam_toolbox/include/slam_toolbox/slam_toolbox/srv/detail/add_submap__rosidl_typesupport_introspection_cpp.hpp\n'}
[27.235568] (slam_toolbox) StdoutLine: {'line': b'-- Up-to-date symlink: /home/ubuntu/spas_ws/install/slam_toolbox/include/slam_toolbox/slam_toolbox/srv/detail/clear__rosidl_typesupport_introspection_cpp.hpp\n'}
[27.246202] (slam_toolbox) StdoutLine: {'line': b'-- Up-to-date symlink: /home/ubuntu/spas_ws/install/slam_toolbox/include/slam_toolbox/slam_toolbox/srv/detail/clear_queue__rosidl_typesupport_introspection_cpp.hpp\n'}
[27.272282] (slam_toolbox) StdoutLine: {'line': b'-- Up-to-date symlink: /home/ubuntu/spas_ws/install/slam_toolbox/include/slam_toolbox/slam_toolbox/srv/detail/deserialize_pose_graph__rosidl_typesupport_introspection_cpp.hpp\n'}
[27.274065] (slam_toolbox) StdoutLine: {'line': b'-- Up-to-date symlink: /home/ubuntu/spas_ws/install/slam_toolbox/include/slam_toolbox/slam_toolbox/srv/detail/loop_closure__rosidl_typesupport_introspection_cpp.hpp\n'}
[27.275635] (slam_toolbox) StdoutLine: {'line': b'-- Up-to-date symlink: /home/ubuntu/spas_ws/install/slam_toolbox/include/slam_toolbox/slam_toolbox/srv/detail/merge_maps__rosidl_typesupport_introspection_cpp.hpp\n'}
[27.277188] (slam_toolbox) StdoutLine: {'line': b'-- Up-to-date symlink: /home/ubuntu/spas_ws/install/slam_toolbox/include/slam_toolbox/slam_toolbox/srv/detail/pause__rosidl_typesupport_introspection_cpp.hpp\n'}
[27.278622] (slam_toolbox) StdoutLine: {'line': b'-- Up-to-date symlink: /home/ubuntu/spas_ws/install/slam_toolbox/include/slam_toolbox/slam_toolbox/srv/detail/save_map__rosidl_typesupport_introspection_cpp.hpp\n'}
[27.315196] (-) TimerEvent: {}
[27.326372] (slam_toolbox) StdoutLine: {'line': b'-- Up-to-date symlink: /home/ubuntu/spas_ws/install/slam_toolbox/include/slam_toolbox/slam_toolbox/srv/detail/serialize_pose_graph__rosidl_typesupport_introspection_cpp.hpp\n'}
[27.334662] (slam_toolbox) StdoutLine: {'line': b'-- Up-to-date symlink: /home/ubuntu/spas_ws/install/slam_toolbox/include/slam_toolbox/slam_toolbox/srv/detail/toggle_interactive__rosidl_typesupport_introspection_cpp.hpp\n'}
[27.346643] (slam_toolbox) StdoutLine: {'line': b'-- Up-to-date symlink: /home/ubuntu/spas_ws/install/slam_toolbox/share/slam_toolbox/environment/pythonpath.sh\n'}
[27.354540] (slam_toolbox) StdoutLine: {'line': b'-- Up-to-date symlink: /home/ubuntu/spas_ws/install/slam_toolbox/share/slam_toolbox/environment/pythonpath.dsv\n'}
[27.363420] (slam_toolbox) StdoutLine: {'line': b'-- Up-to-date symlink: /home/ubuntu/spas_ws/install/slam_toolbox/local/lib/python3.10/dist-packages/slam_toolbox-2.6.10-py3.10.egg-info/PKG-INFO\n'}
[27.368107] (slam_toolbox) StdoutLine: {'line': b'-- Up-to-date symlink: /home/ubuntu/spas_ws/install/slam_toolbox/local/lib/python3.10/dist-packages/slam_toolbox-2.6.10-py3.10.egg-info/SOURCES.txt\n'}
[27.389391] (slam_toolbox) StdoutLine: {'line': b'-- Up-to-date symlink: /home/ubuntu/spas_ws/install/slam_toolbox/local/lib/python3.10/dist-packages/slam_toolbox-2.6.10-py3.10.egg-info/dependency_links.txt\n'}
[27.396057] (slam_toolbox) StdoutLine: {'line': b'-- Up-to-date symlink: /home/ubuntu/spas_ws/install/slam_toolbox/local/lib/python3.10/dist-packages/slam_toolbox-2.6.10-py3.10.egg-info/top_level.txt\n'}
[27.412833] (-) TimerEvent: {}
[27.415683] (slam_toolbox) StdoutLine: {'line': b'-- Up-to-date symlink: /home/ubuntu/spas_ws/install/slam_toolbox/local/lib/python3.10/dist-packages/slam_toolbox/__init__.py\n'}
[27.417531] (slam_toolbox) StdoutLine: {'line': b'-- Up-to-date symlink: /home/ubuntu/spas_ws/install/slam_toolbox/local/lib/python3.10/dist-packages/slam_toolbox/_slam_toolbox_s.ep.rosidl_typesupport_c.c\n'}
[27.419116] (slam_toolbox) StdoutLine: {'line': b'-- Up-to-date symlink: /home/ubuntu/spas_ws/install/slam_toolbox/local/lib/python3.10/dist-packages/slam_toolbox/_slam_toolbox_s.ep.rosidl_typesupport_fastrtps_c.c\n'}
[27.420692] (slam_toolbox) StdoutLine: {'line': b'-- Up-to-date symlink: /home/ubuntu/spas_ws/install/slam_toolbox/local/lib/python3.10/dist-packages/slam_toolbox/_slam_toolbox_s.ep.rosidl_typesupport_introspection_c.c\n'}
[27.422230] (slam_toolbox) StdoutLine: {'line': b'-- Up-to-date symlink: /home/ubuntu/spas_ws/install/slam_toolbox/local/lib/python3.10/dist-packages/slam_toolbox/libslam_toolbox__rosidl_generator_py.so\n'}
[27.432139] (slam_toolbox) StdoutLine: {'line': b'-- Up-to-date symlink: /home/ubuntu/spas_ws/install/slam_toolbox/local/lib/python3.10/dist-packages/slam_toolbox/slam_toolbox_s__rosidl_typesupport_c.cpython-310-aarch64-linux-gnu.so\n'}
[27.433696] (slam_toolbox) StdoutLine: {'line': b'-- Up-to-date symlink: /home/ubuntu/spas_ws/install/slam_toolbox/local/lib/python3.10/dist-packages/slam_toolbox/slam_toolbox_s__rosidl_typesupport_fastrtps_c.cpython-310-aarch64-linux-gnu.so\n'}
[27.435143] (slam_toolbox) StdoutLine: {'line': b'-- Up-to-date symlink: /home/ubuntu/spas_ws/install/slam_toolbox/local/lib/python3.10/dist-packages/slam_toolbox/slam_toolbox_s__rosidl_typesupport_introspection_c.cpython-310-aarch64-linux-gnu.so\n'}
[27.436607] (slam_toolbox) StdoutLine: {'line': b'-- Up-to-date symlink: /home/ubuntu/spas_ws/install/slam_toolbox/local/lib/python3.10/dist-packages/slam_toolbox/srv/__init__.py\n'}
[27.437870] (slam_toolbox) StdoutLine: {'line': b'-- Up-to-date symlink: /home/ubuntu/spas_ws/install/slam_toolbox/local/lib/python3.10/dist-packages/slam_toolbox/srv/_add_submap.py\n'}
[27.439206] (slam_toolbox) StdoutLine: {'line': b'-- Up-to-date symlink: /home/ubuntu/spas_ws/install/slam_toolbox/local/lib/python3.10/dist-packages/slam_toolbox/srv/_add_submap_s.c\n'}
[27.440455] (slam_toolbox) StdoutLine: {'line': b'-- Up-to-date symlink: /home/ubuntu/spas_ws/install/slam_toolbox/local/lib/python3.10/dist-packages/slam_toolbox/srv/_clear.py\n'}
[27.452360] (slam_toolbox) StdoutLine: {'line': b'-- Up-to-date symlink: /home/ubuntu/spas_ws/install/slam_toolbox/local/lib/python3.10/dist-packages/slam_toolbox/srv/_clear_queue.py\n'}
[27.453659] (slam_toolbox) StdoutLine: {'line': b'-- Up-to-date symlink: /home/ubuntu/spas_ws/install/slam_toolbox/local/lib/python3.10/dist-packages/slam_toolbox/srv/_clear_queue_s.c\n'}
[27.454940] (slam_toolbox) StdoutLine: {'line': b'-- Up-to-date symlink: /home/ubuntu/spas_ws/install/slam_toolbox/local/lib/python3.10/dist-packages/slam_toolbox/srv/_clear_s.c\n'}
[27.456552] (slam_toolbox) StdoutLine: {'line': b'-- Up-to-date symlink: /home/ubuntu/spas_ws/install/slam_toolbox/local/lib/python3.10/dist-packages/slam_toolbox/srv/_deserialize_pose_graph.py\n'}
[27.470411] (slam_toolbox) StdoutLine: {'line': b'-- Up-to-date symlink: /home/ubuntu/spas_ws/install/slam_toolbox/local/lib/python3.10/dist-packages/slam_toolbox/srv/_deserialize_pose_graph_s.c\n'}
[27.471951] (slam_toolbox) StdoutLine: {'line': b'-- Up-to-date symlink: /home/ubuntu/spas_ws/install/slam_toolbox/local/lib/python3.10/dist-packages/slam_toolbox/srv/_loop_closure.py\n'}
[27.473446] (slam_toolbox) StdoutLine: {'line': b'-- Up-to-date symlink: /home/ubuntu/spas_ws/install/slam_toolbox/local/lib/python3.10/dist-packages/slam_toolbox/srv/_loop_closure_s.c\n'}
[27.474786] (slam_toolbox) StdoutLine: {'line': b'-- Up-to-date symlink: /home/ubuntu/spas_ws/install/slam_toolbox/local/lib/python3.10/dist-packages/slam_toolbox/srv/_merge_maps.py\n'}
[27.500255] (slam_toolbox) StdoutLine: {'line': b'-- Up-to-date symlink: /home/ubuntu/spas_ws/install/slam_toolbox/local/lib/python3.10/dist-packages/slam_toolbox/srv/_merge_maps_s.c\n'}
[27.501589] (slam_toolbox) StdoutLine: {'line': b'-- Up-to-date symlink: /home/ubuntu/spas_ws/install/slam_toolbox/local/lib/python3.10/dist-packages/slam_toolbox/srv/_pause.py\n'}
[27.524719] (-) TimerEvent: {}
[27.535516] (slam_toolbox) StdoutLine: {'line': b'-- Up-to-date symlink: /home/ubuntu/spas_ws/install/slam_toolbox/local/lib/python3.10/dist-packages/slam_toolbox/srv/_pause_s.c\n'}
[27.542809] (slam_toolbox) StdoutLine: {'line': b'-- Up-to-date symlink: /home/ubuntu/spas_ws/install/slam_toolbox/local/lib/python3.10/dist-packages/slam_toolbox/srv/_save_map.py\n'}
[27.549134] (slam_toolbox) StdoutLine: {'line': b'-- Up-to-date symlink: /home/ubuntu/spas_ws/install/slam_toolbox/local/lib/python3.10/dist-packages/slam_toolbox/srv/_save_map_s.c\n'}
[27.561291] (slam_toolbox) StdoutLine: {'line': b'-- Up-to-date symlink: /home/ubuntu/spas_ws/install/slam_toolbox/local/lib/python3.10/dist-packages/slam_toolbox/srv/_serialize_pose_graph.py\n'}
[27.565948] (slam_toolbox) StdoutLine: {'line': b'-- Up-to-date symlink: /home/ubuntu/spas_ws/install/slam_toolbox/local/lib/python3.10/dist-packages/slam_toolbox/srv/_serialize_pose_graph_s.c\n'}
[27.570457] (slam_toolbox) StdoutLine: {'line': b'-- Up-to-date symlink: /home/ubuntu/spas_ws/install/slam_toolbox/local/lib/python3.10/dist-packages/slam_toolbox/srv/_toggle_interactive.py\n'}
[27.575861] (slam_toolbox) StdoutLine: {'line': b'-- Up-to-date symlink: /home/ubuntu/spas_ws/install/slam_toolbox/local/lib/python3.10/dist-packages/slam_toolbox/srv/_toggle_interactive_s.c\n'}
[27.603741] (slam_toolbox) StdoutLine: {'line': b'-- Up-to-date symlink: /home/ubuntu/spas_ws/install/slam_toolbox/local/lib/python3.10/dist-packages/slam_toolbox/slam_toolbox_s__rosidl_typesupport_fastrtps_c.cpython-310-aarch64-linux-gnu.so\n'}
[27.610249] (slam_toolbox) StdoutLine: {'line': b'-- Up-to-date symlink: /home/ubuntu/spas_ws/install/slam_toolbox/local/lib/python3.10/dist-packages/slam_toolbox/slam_toolbox_s__rosidl_typesupport_introspection_c.cpython-310-aarch64-linux-gnu.so\n'}
[27.615286] (slam_toolbox) StdoutLine: {'line': b'-- Up-to-date symlink: /home/ubuntu/spas_ws/install/slam_toolbox/local/lib/python3.10/dist-packages/slam_toolbox/slam_toolbox_s__rosidl_typesupport_c.cpython-310-aarch64-linux-gnu.so\n'}
[27.620165] (slam_toolbox) StdoutLine: {'line': b'-- Up-to-date symlink: /home/ubuntu/spas_ws/install/slam_toolbox/share/ament_index/resource_index/rust_packages/slam_toolbox\n'}
[27.628251] (-) TimerEvent: {}
[27.641493] (slam_toolbox) StdoutLine: {'line': b'-- Up-to-date symlink: /home/ubuntu/spas_ws/install/slam_toolbox/share/slam_toolbox/rust/Cargo.toml\n'}
[27.651999] (slam_toolbox) StdoutLine: {'line': b'-- Up-to-date symlink: /home/ubuntu/spas_ws/install/slam_toolbox/share/slam_toolbox/rust/build.rs\n'}
[27.658676] (slam_toolbox) StdoutLine: {'line': b'-- Up-to-date symlink: /home/ubuntu/spas_ws/install/slam_toolbox/share/slam_toolbox/rust/src/lib.rs\n'}
[27.675414] (slam_toolbox) StdoutLine: {'line': b'-- Up-to-date symlink: /home/ubuntu/spas_ws/install/slam_toolbox/share/slam_toolbox/rust/src/srv.rs\n'}
[27.685301] (slam_toolbox) StdoutLine: {'line': b'-- Up-to-date symlink: /home/ubuntu/spas_ws/install/slam_toolbox/share/slam_toolbox/rust/src/srv/rmw.rs\n'}
[27.695952] (slam_toolbox) StdoutLine: {'line': b'-- Up-to-date symlink: /home/ubuntu/spas_ws/install/slam_toolbox/share/slam_toolbox/srv/Pause.idl\n'}
[27.717329] (slam_toolbox) StdoutLine: {'line': b'-- Up-to-date symlink: /home/ubuntu/spas_ws/install/slam_toolbox/share/slam_toolbox/srv/ClearQueue.idl\n'}
[27.722787] (slam_toolbox) StdoutLine: {'line': b'-- Up-to-date symlink: /home/ubuntu/spas_ws/install/slam_toolbox/share/slam_toolbox/srv/ToggleInteractive.idl\n'}
[27.732497] (-) TimerEvent: {}
[27.748493] (slam_toolbox) StdoutLine: {'line': b'-- Up-to-date symlink: /home/ubuntu/spas_ws/install/slam_toolbox/share/slam_toolbox/srv/Clear.idl\n'}
[27.759814] (slam_toolbox) StdoutLine: {'line': b'-- Up-to-date symlink: /home/ubuntu/spas_ws/install/slam_toolbox/share/slam_toolbox/srv/SaveMap.idl\n'}
[27.771372] (slam_toolbox) StdoutLine: {'line': b'-- Up-to-date symlink: /home/ubuntu/spas_ws/install/slam_toolbox/share/slam_toolbox/srv/LoopClosure.idl\n'}
[27.780194] (slam_toolbox) StdoutLine: {'line': b'-- Up-to-date symlink: /home/ubuntu/spas_ws/install/slam_toolbox/share/slam_toolbox/srv/MergeMaps.idl\n'}
[27.792464] (slam_toolbox) StdoutLine: {'line': b'-- Up-to-date symlink: /home/ubuntu/spas_ws/install/slam_toolbox/share/slam_toolbox/srv/AddSubmap.idl\n'}
[27.808464] (slam_toolbox) StdoutLine: {'line': b'-- Up-to-date symlink: /home/ubuntu/spas_ws/install/slam_toolbox/share/slam_toolbox/srv/DeserializePoseGraph.idl\n'}
[27.813602] (slam_toolbox) StdoutLine: {'line': b'-- Up-to-date symlink: /home/ubuntu/spas_ws/install/slam_toolbox/share/slam_toolbox/srv/SerializePoseGraph.idl\n'}
[27.817426] (slam_toolbox) StdoutLine: {'line': b'-- Up-to-date symlink: /home/ubuntu/spas_ws/install/slam_toolbox/share/slam_toolbox/srv/Pause.srv\n'}
[27.821611] (slam_toolbox) StdoutLine: {'line': b'-- Up-to-date symlink: /home/ubuntu/spas_ws/install/slam_toolbox/share/slam_toolbox/srv/Pause_Request.msg\n'}
[27.829745] (slam_toolbox) StdoutLine: {'line': b'-- Up-to-date symlink: /home/ubuntu/spas_ws/install/slam_toolbox/share/slam_toolbox/srv/Pause_Response.msg\n'}
[27.847411] (-) TimerEvent: {}
[27.850668] (slam_toolbox) StdoutLine: {'line': b'-- Up-to-date symlink: /home/ubuntu/spas_ws/install/slam_toolbox/share/slam_toolbox/srv/ClearQueue.srv\n'}
[27.864866] (slam_toolbox) StdoutLine: {'line': b'-- Up-to-date symlink: /home/ubuntu/spas_ws/install/slam_toolbox/share/slam_toolbox/srv/ClearQueue_Request.msg\n'}
[27.868863] (slam_toolbox) StdoutLine: {'line': b'-- Up-to-date symlink: /home/ubuntu/spas_ws/install/slam_toolbox/share/slam_toolbox/srv/ClearQueue_Response.msg\n'}
[27.878226] (slam_toolbox) StdoutLine: {'line': b'-- Up-to-date symlink: /home/ubuntu/spas_ws/install/slam_toolbox/share/slam_toolbox/srv/ToggleInteractive.srv\n'}
[27.885662] (slam_toolbox) StdoutLine: {'line': b'-- Up-to-date symlink: /home/ubuntu/spas_ws/install/slam_toolbox/share/slam_toolbox/srv/ToggleInteractive_Request.msg\n'}
[27.895586] (slam_toolbox) StdoutLine: {'line': b'-- Up-to-date symlink: /home/ubuntu/spas_ws/install/slam_toolbox/share/slam_toolbox/srv/ToggleInteractive_Response.msg\n'}
[27.899891] (slam_toolbox) StdoutLine: {'line': b'-- Up-to-date symlink: /home/ubuntu/spas_ws/install/slam_toolbox/share/slam_toolbox/srv/Clear.srv\n'}
[27.936140] (slam_toolbox) StdoutLine: {'line': b'-- Up-to-date symlink: /home/ubuntu/spas_ws/install/slam_toolbox/share/slam_toolbox/srv/Clear_Request.msg\n'}
[27.937540] (slam_toolbox) StdoutLine: {'line': b'-- Up-to-date symlink: /home/ubuntu/spas_ws/install/slam_toolbox/share/slam_toolbox/srv/Clear_Response.msg\n'}
[27.939185] (slam_toolbox) StdoutLine: {'line': b'-- Up-to-date symlink: /home/ubuntu/spas_ws/install/slam_toolbox/share/slam_toolbox/srv/SaveMap.srv\n'}
[27.940555] (slam_toolbox) StdoutLine: {'line': b'-- Up-to-date symlink: /home/ubuntu/spas_ws/install/slam_toolbox/share/slam_toolbox/srv/SaveMap_Request.msg\n'}
[27.948678] (-) TimerEvent: {}
[27.949905] (slam_toolbox) StdoutLine: {'line': b'-- Up-to-date symlink: /home/ubuntu/spas_ws/install/slam_toolbox/share/slam_toolbox/srv/SaveMap_Response.msg\n'}
[27.951432] (slam_toolbox) StdoutLine: {'line': b'-- Up-to-date symlink: /home/ubuntu/spas_ws/install/slam_toolbox/share/slam_toolbox/srv/LoopClosure.srv\n'}
[27.952736] (slam_toolbox) StdoutLine: {'line': b'-- Up-to-date symlink: /home/ubuntu/spas_ws/install/slam_toolbox/share/slam_toolbox/srv/LoopClosure_Request.msg\n'}
[27.953975] (slam_toolbox) StdoutLine: {'line': b'-- Up-to-date symlink: /home/ubuntu/spas_ws/install/slam_toolbox/share/slam_toolbox/srv/LoopClosure_Response.msg\n'}
[27.975864] (slam_toolbox) StdoutLine: {'line': b'-- Up-to-date symlink: /home/ubuntu/spas_ws/install/slam_toolbox/share/slam_toolbox/srv/MergeMaps.srv\n'}
[27.983649] (slam_toolbox) StdoutLine: {'line': b'-- Up-to-date symlink: /home/ubuntu/spas_ws/install/slam_toolbox/share/slam_toolbox/srv/MergeMaps_Request.msg\n'}
[27.995383] (slam_toolbox) StdoutLine: {'line': b'-- Up-to-date symlink: /home/ubuntu/spas_ws/install/slam_toolbox/share/slam_toolbox/srv/MergeMaps_Response.msg\n'}
[28.003495] (slam_toolbox) StdoutLine: {'line': b'-- Up-to-date symlink: /home/ubuntu/spas_ws/install/slam_toolbox/share/slam_toolbox/srv/AddSubmap.srv\n'}
[28.012664] (slam_toolbox) StdoutLine: {'line': b'-- Up-to-date symlink: /home/ubuntu/spas_ws/install/slam_toolbox/share/slam_toolbox/srv/AddSubmap_Request.msg\n'}
[28.039203] (slam_toolbox) StdoutLine: {'line': b'-- Up-to-date symlink: /home/ubuntu/spas_ws/install/slam_toolbox/share/slam_toolbox/srv/AddSubmap_Response.msg\n'}
[28.043929] (slam_toolbox) StdoutLine: {'line': b'-- Up-to-date symlink: /home/ubuntu/spas_ws/install/slam_toolbox/share/slam_toolbox/srv/DeserializePoseGraph.srv\n'}
[28.048277] (slam_toolbox) StdoutLine: {'line': b'-- Up-to-date symlink: /home/ubuntu/spas_ws/install/slam_toolbox/share/slam_toolbox/srv/DeserializePoseGraph_Request.msg\n'}
[28.056489] (-) TimerEvent: {}
[28.060865] (slam_toolbox) StdoutLine: {'line': b'-- Up-to-date symlink: /home/ubuntu/spas_ws/install/slam_toolbox/share/slam_toolbox/srv/DeserializePoseGraph_Response.msg\n'}
[28.085461] (slam_toolbox) StdoutLine: {'line': b'-- Up-to-date symlink: /home/ubuntu/spas_ws/install/slam_toolbox/share/slam_toolbox/srv/SerializePoseGraph.srv\n'}
[28.091771] (slam_toolbox) StdoutLine: {'line': b'-- Up-to-date symlink: /home/ubuntu/spas_ws/install/slam_toolbox/share/slam_toolbox/srv/SerializePoseGraph_Request.msg\n'}
[28.097274] (slam_toolbox) StdoutLine: {'line': b'-- Up-to-date symlink: /home/ubuntu/spas_ws/install/slam_toolbox/share/slam_toolbox/srv/SerializePoseGraph_Response.msg\n'}
[28.101687] (slam_toolbox) StdoutLine: {'line': b'-- Up-to-date symlink: /home/ubuntu/spas_ws/install/slam_toolbox/share/slam_toolbox//rviz_plugins.xml\n'}
[28.105538] (slam_toolbox) StdoutLine: {'line': b'-- Up-to-date symlink: /home/ubuntu/spas_ws/install/slam_toolbox/share/slam_toolbox//solver_plugins.xml\n'}
[28.109703] (slam_toolbox) StdoutLine: {'line': b'-- Up-to-date symlink: /home/ubuntu/spas_ws/install/slam_toolbox/lib/slam_toolbox/async_slam_toolbox_node\n'}
[28.114082] (slam_toolbox) StdoutLine: {'line': b'-- Up-to-date symlink: /home/ubuntu/spas_ws/install/slam_toolbox/lib/slam_toolbox/sync_slam_toolbox_node\n'}
[28.117885] (slam_toolbox) StdoutLine: {'line': b'-- Up-to-date symlink: /home/ubuntu/spas_ws/install/slam_toolbox/lib/slam_toolbox/localization_slam_toolbox_node\n'}
[28.122760] (slam_toolbox) StdoutLine: {'line': b'-- Up-to-date symlink: /home/ubuntu/spas_ws/install/slam_toolbox/lib/slam_toolbox/map_and_localization_slam_toolbox_node\n'}
[28.126827] (slam_toolbox) StdoutLine: {'line': b'-- Up-to-date symlink: /home/ubuntu/spas_ws/install/slam_toolbox/lib/slam_toolbox/merge_maps_kinematic\n'}
[28.130484] (slam_toolbox) StdoutLine: {'line': b'-- Up-to-date symlink: /home/ubuntu/spas_ws/install/slam_toolbox/lib/libtoolbox_common.so\n'}
[28.134196] (slam_toolbox) StdoutLine: {'line': b'-- Up-to-date symlink: /home/ubuntu/spas_ws/install/slam_toolbox/lib/libSlamToolboxPlugin.so\n'}
[28.138736] (slam_toolbox) StdoutLine: {'line': b'-- Up-to-date symlink: /home/ubuntu/spas_ws/install/slam_toolbox/lib/libceres_solver_plugin.so\n'}
[28.147461] (slam_toolbox) StdoutLine: {'line': b'-- Up-to-date symlink: /home/ubuntu/spas_ws/install/slam_toolbox/lib/libasync_slam_toolbox.so\n'}
[28.163424] (-) TimerEvent: {}
[28.164671] (slam_toolbox) StdoutLine: {'line': b'-- Up-to-date symlink: /home/ubuntu/spas_ws/install/slam_toolbox/lib/libsync_slam_toolbox.so\n'}
[28.166112] (slam_toolbox) StdoutLine: {'line': b'-- Up-to-date symlink: /home/ubuntu/spas_ws/install/slam_toolbox/lib/liblocalization_slam_toolbox.so\n'}
[28.167423] (slam_toolbox) StdoutLine: {'line': b'-- Up-to-date symlink: /home/ubuntu/spas_ws/install/slam_toolbox/lib/liblifelong_slam_toolbox.so\n'}
[28.168871] (slam_toolbox) StdoutLine: {'line': b'-- Up-to-date symlink: /home/ubuntu/spas_ws/install/slam_toolbox/lib/libmap_and_localization_slam_toolbox.so\n'}
[28.170207] (slam_toolbox) StdoutLine: {'line': b'-- Up-to-date symlink: /home/ubuntu/spas_ws/install/slam_toolbox/lib/libkartoSlamToolbox.so\n'}
[28.184209] (slam_toolbox) StdoutLine: {'line': b'-- Up-to-date symlink: /home/ubuntu/spas_ws/install/slam_toolbox/include/slam_toolbox/experimental/slam_toolbox_lifelong.hpp\n'}
[28.185895] (slam_toolbox) StdoutLine: {'line': b'-- Up-to-date symlink: /home/ubuntu/spas_ws/install/slam_toolbox/include/slam_toolbox/experimental/slam_toolbox_map_and_localization.hpp\n'}
[28.187610] (slam_toolbox) StdoutLine: {'line': b'-- Up-to-date symlink: /home/ubuntu/spas_ws/install/slam_toolbox/include/slam_toolbox/get_pose_helper.hpp\n'}
[28.188989] (slam_toolbox) StdoutLine: {'line': b'-- Up-to-date symlink: /home/ubuntu/spas_ws/install/slam_toolbox/include/slam_toolbox/laser_utils.hpp\n'}
[28.190215] (slam_toolbox) StdoutLine: {'line': b'-- Up-to-date symlink: /home/ubuntu/spas_ws/install/slam_toolbox/include/slam_toolbox/loop_closure_assistant.hpp\n'}
[28.223218] (slam_toolbox) StdoutLine: {'line': b'-- Up-to-date symlink: /home/ubuntu/spas_ws/install/slam_toolbox/include/slam_toolbox/map_saver.hpp\n'}
[28.229544] (slam_toolbox) StdoutLine: {'line': b'-- Up-to-date symlink: /home/ubuntu/spas_ws/install/slam_toolbox/include/slam_toolbox/merge_maps_kinematic.hpp\n'}
[28.242303] (slam_toolbox) StdoutLine: {'line': b'-- Up-to-date symlink: /home/ubuntu/spas_ws/install/slam_toolbox/include/slam_toolbox/serialization.hpp\n'}
[28.247849] (slam_toolbox) StdoutLine: {'line': b'-- Up-to-date symlink: /home/ubuntu/spas_ws/install/slam_toolbox/include/slam_toolbox/slam_mapper.hpp\n'}
[28.257769] (slam_toolbox) StdoutLine: {'line': b'-- Up-to-date symlink: /home/ubuntu/spas_ws/install/slam_toolbox/include/slam_toolbox/slam_toolbox_async.hpp\n'}
[28.268421] (-) TimerEvent: {}
[28.269687] (slam_toolbox) StdoutLine: {'line': b'-- Up-to-date symlink: /home/ubuntu/spas_ws/install/slam_toolbox/include/slam_toolbox/slam_toolbox_common.hpp\n'}
[28.271309] (slam_toolbox) StdoutLine: {'line': b'-- Up-to-date symlink: /home/ubuntu/spas_ws/install/slam_toolbox/include/slam_toolbox/slam_toolbox_localization.hpp\n'}
[28.272782] (slam_toolbox) StdoutLine: {'line': b'-- Up-to-date symlink: /home/ubuntu/spas_ws/install/slam_toolbox/include/slam_toolbox/slam_toolbox_sync.hpp\n'}
[28.274189] (slam_toolbox) StdoutLine: {'line': b'-- Up-to-date symlink: /home/ubuntu/spas_ws/install/slam_toolbox/include/slam_toolbox/snap_utils.hpp\n'}
[28.303998] (slam_toolbox) StdoutLine: {'line': b'-- Up-to-date symlink: /home/ubuntu/spas_ws/install/slam_toolbox/include/slam_toolbox/toolbox_msgs.hpp\n'}
[28.305465] (slam_toolbox) StdoutLine: {'line': b'-- Up-to-date symlink: /home/ubuntu/spas_ws/install/slam_toolbox/include/slam_toolbox/toolbox_types.hpp\n'}
[28.306763] (slam_toolbox) StdoutLine: {'line': b'-- Up-to-date symlink: /home/ubuntu/spas_ws/install/slam_toolbox/include/slam_toolbox/visualization_utils.hpp\n'}
[28.316550] (slam_toolbox) StdoutLine: {'line': b'-- Up-to-date symlink: /home/ubuntu/spas_ws/install/slam_toolbox/share/slam_toolbox/launch/localization_launch.py\n'}
[28.317909] (slam_toolbox) StdoutLine: {'line': b'-- Up-to-date symlink: /home/ubuntu/spas_ws/install/slam_toolbox/share/slam_toolbox/launch/merge_maps_kinematic_launch.py\n'}
[28.319384] (slam_toolbox) StdoutLine: {'line': b'-- Up-to-date symlink: /home/ubuntu/spas_ws/install/slam_toolbox/share/slam_toolbox/launch/offline_launch.py\n'}
[28.320682] (slam_toolbox) StdoutLine: {'line': b'-- Up-to-date symlink: /home/ubuntu/spas_ws/install/slam_toolbox/share/slam_toolbox/launch/online_async_launch.py\n'}
[28.321955] (slam_toolbox) StdoutLine: {'line': b'-- Up-to-date symlink: /home/ubuntu/spas_ws/install/slam_toolbox/share/slam_toolbox/launch/online_sync_launch.py\n'}
[28.346781] (slam_toolbox) StdoutLine: {'line': b'-- Up-to-date symlink: /home/ubuntu/spas_ws/install/slam_toolbox/share/slam_toolbox/config/mapper_params_lifelong.yaml\n'}
[28.366198] (slam_toolbox) StdoutLine: {'line': b'-- Up-to-date symlink: /home/ubuntu/spas_ws/install/slam_toolbox/share/slam_toolbox/config/mapper_params_localization.yaml\n'}
[28.374088] (-) TimerEvent: {}
[28.375849] (slam_toolbox) StdoutLine: {'line': b'-- Up-to-date symlink: /home/ubuntu/spas_ws/install/slam_toolbox/share/slam_toolbox/config/mapper_params_offline.yaml\n'}
[28.391502] (slam_toolbox) StdoutLine: {'line': b'-- Up-to-date symlink: /home/ubuntu/spas_ws/install/slam_toolbox/share/slam_toolbox/config/mapper_params_online_async.yaml\n'}
[28.395710] (slam_toolbox) StdoutLine: {'line': b'-- Up-to-date symlink: /home/ubuntu/spas_ws/install/slam_toolbox/share/slam_toolbox/config/mapper_params_online_sync.yaml\n'}
[28.399538] (slam_toolbox) StdoutLine: {'line': b'-- Up-to-date symlink: /home/ubuntu/spas_ws/install/slam_toolbox/share/slam_toolbox/config/slam_toolbox_default.rviz\n'}
[28.407702] (slam_toolbox) StdoutLine: {'line': b'-- Up-to-date symlink: /home/ubuntu/spas_ws/install/slam_toolbox/share/solver_plugins.xml\n'}
[28.423468] (slam_toolbox) StdoutLine: {'line': b'-- Up-to-date symlink: /home/ubuntu/spas_ws/install/slam_toolbox/share/rviz_plugins.xml\n'}
[28.427408] (slam_toolbox) StdoutLine: {'line': b'-- Up-to-date symlink: /home/ubuntu/spas_ws/install/slam_toolbox/share/ament_index/resource_index/package_run_dependencies/slam_toolbox\n'}
[28.434958] (slam_toolbox) StdoutLine: {'line': b'-- Up-to-date symlink: /home/ubuntu/spas_ws/install/slam_toolbox/share/ament_index/resource_index/parent_prefix_path/slam_toolbox\n'}
[28.442971] (slam_toolbox) StdoutLine: {'line': b'-- Up-to-date symlink: /home/ubuntu/spas_ws/install/slam_toolbox/share/slam_toolbox/environment/ament_prefix_path.sh\n'}
[28.471573] (slam_toolbox) StdoutLine: {'line': b'-- Up-to-date symlink: /home/ubuntu/spas_ws/install/slam_toolbox/share/slam_toolbox/environment/ament_prefix_path.dsv\n'}
[28.481456] (-) TimerEvent: {}
[28.483493] (slam_toolbox) StdoutLine: {'line': b'-- Up-to-date symlink: /home/ubuntu/spas_ws/install/slam_toolbox/share/slam_toolbox/environment/path.sh\n'}
[28.487584] (slam_toolbox) StdoutLine: {'line': b'-- Up-to-date symlink: /home/ubuntu/spas_ws/install/slam_toolbox/share/slam_toolbox/environment/path.dsv\n'}
[28.503590] (slam_toolbox) StdoutLine: {'line': b'-- Up-to-date symlink: /home/ubuntu/spas_ws/install/slam_toolbox/share/slam_toolbox/local_setup.bash\n'}
[28.514881] (slam_toolbox) StdoutLine: {'line': b'-- Up-to-date symlink: /home/ubuntu/spas_ws/install/slam_toolbox/share/slam_toolbox/local_setup.sh\n'}
[28.517966] (slam_toolbox) StdoutLine: {'line': b'-- Up-to-date symlink: /home/ubuntu/spas_ws/install/slam_toolbox/share/slam_toolbox/local_setup.zsh\n'}
[28.520334] (slam_toolbox) StdoutLine: {'line': b'-- Up-to-date symlink: /home/ubuntu/spas_ws/install/slam_toolbox/share/slam_toolbox/local_setup.dsv\n'}
[28.532236] (slam_toolbox) StdoutLine: {'line': b'-- Symlinking: /home/ubuntu/spas_ws/install/slam_toolbox/share/slam_toolbox/package.dsv\n'}
[28.538522] (slam_toolbox) StdoutLine: {'line': b'-- Up-to-date symlink: /home/ubuntu/spas_ws/install/slam_toolbox/share/ament_index/resource_index/packages/slam_toolbox\n'}
[28.539947] (slam_toolbox) StdoutLine: {'line': b'-- Up-to-date symlink: /home/ubuntu/spas_ws/install/slam_toolbox/share/ament_index/resource_index/rclcpp_components/slam_toolbox\n'}
[28.541372] (slam_toolbox) StdoutLine: {'line': b'-- Up-to-date symlink: /home/ubuntu/spas_ws/install/slam_toolbox/share/ament_index/resource_index/rviz_common__pluginlib__plugin/slam_toolbox\n'}
[28.542815] (slam_toolbox) StdoutLine: {'line': b'-- Up-to-date symlink: /home/ubuntu/spas_ws/install/slam_toolbox/share/ament_index/resource_index/slam_toolbox__pluginlib__plugin/slam_toolbox\n'}
[28.543979] (slam_toolbox) StdoutLine: {'line': b'-- Up-to-date symlink: /home/ubuntu/spas_ws/install/slam_toolbox/share/slam_toolbox/cmake/rosidl_cmake-extras.cmake\n'}
[28.545266] (slam_toolbox) StdoutLine: {'line': b'-- Up-to-date symlink: /home/ubuntu/spas_ws/install/slam_toolbox/share/slam_toolbox/cmake/ament_cmake_export_dependencies-extras.cmake\n'}
[28.546386] (slam_toolbox) StdoutLine: {'line': b'-- Up-to-date symlink: /home/ubuntu/spas_ws/install/slam_toolbox/share/slam_toolbox/cmake/ament_cmake_export_include_directories-extras.cmake\n'}
[28.547645] (slam_toolbox) StdoutLine: {'line': b'-- Up-to-date symlink: /home/ubuntu/spas_ws/install/slam_toolbox/share/slam_toolbox/cmake/ament_cmake_export_libraries-extras.cmake\n'}
[28.549699] (slam_toolbox) StdoutLine: {'line': b'-- Up-to-date symlink: /home/ubuntu/spas_ws/install/slam_toolbox/share/slam_toolbox/cmake/ament_cmake_export_targets-extras.cmake\n'}
[28.551722] (slam_toolbox) StdoutLine: {'line': b'-- Up-to-date symlink: /home/ubuntu/spas_ws/install/slam_toolbox/share/slam_toolbox/cmake/rosidl_cmake_export_typesupport_targets-extras.cmake\n'}
[28.553734] (slam_toolbox) StdoutLine: {'line': b'-- Up-to-date symlink: /home/ubuntu/spas_ws/install/slam_toolbox/share/slam_toolbox/cmake/rosidl_cmake_export_typesupport_libraries-extras.cmake\n'}
[28.556088] (slam_toolbox) StdoutLine: {'line': b'-- Up-to-date symlink: /home/ubuntu/spas_ws/install/slam_toolbox/share/slam_toolbox/cmake/slam_toolboxConfig.cmake\n'}
[28.559591] (slam_toolbox) StdoutLine: {'line': b'-- Up-to-date symlink: /home/ubuntu/spas_ws/install/slam_toolbox/share/slam_toolbox/cmake/slam_toolboxConfig-version.cmake\n'}
[28.563676] (slam_toolbox) StdoutLine: {'line': b'-- Up-to-date symlink: /home/ubuntu/spas_ws/install/slam_toolbox/share/slam_toolbox/package.xml\n'}
[28.567345] (slam_toolbox) StdoutLine: {'line': b'-- Up-to-date: /home/ubuntu/spas_ws/install/slam_toolbox/lib/libslam_toolbox__rosidl_generator_c.so\n'}
[28.573856] (slam_toolbox) StdoutLine: {'line': b'-- Up-to-date: /home/ubuntu/spas_ws/install/slam_toolbox/lib/libslam_toolbox__rosidl_typesupport_fastrtps_c.so\n'}
[28.578904] (slam_toolbox) StdoutLine: {'line': b'-- Up-to-date: /home/ubuntu/spas_ws/install/slam_toolbox/lib/libslam_toolbox__rosidl_typesupport_fastrtps_cpp.so\n'}
[28.603312] (-) TimerEvent: {}
[28.604454] (slam_toolbox) StdoutLine: {'line': b'-- Up-to-date: /home/ubuntu/spas_ws/install/slam_toolbox/lib/libslam_toolbox__rosidl_typesupport_introspection_c.so\n'}
[28.606418] (slam_toolbox) StdoutLine: {'line': b'-- Up-to-date: /home/ubuntu/spas_ws/install/slam_toolbox/lib/libslam_toolbox__rosidl_typesupport_c.so\n'}
[28.608722] (slam_toolbox) StdoutLine: {'line': b'-- Up-to-date: /home/ubuntu/spas_ws/install/slam_toolbox/lib/libslam_toolbox__rosidl_typesupport_introspection_cpp.so\n'}
[28.611261] (slam_toolbox) StdoutLine: {'line': b'-- Up-to-date: /home/ubuntu/spas_ws/install/slam_toolbox/lib/libslam_toolbox__rosidl_typesupport_cpp.so\n'}
[28.703496] (-) TimerEvent: {}
[28.807247] (-) TimerEvent: {}
[28.910335] (-) TimerEvent: {}
[29.016595] (-) TimerEvent: {}
[29.119832] (-) TimerEvent: {}
[29.231322] (-) TimerEvent: {}
[29.280546] (slam_toolbox) StdoutLine: {'line': b"Listing '/home/ubuntu/spas_ws/install/slam_toolbox/local/lib/python3.10/dist-packages/slam_toolbox'...\n"}
[29.286802] (slam_toolbox) StdoutLine: {'line': b"Listing '/home/ubuntu/spas_ws/install/slam_toolbox/local/lib/python3.10/dist-packages/slam_toolbox/srv'...\n"}
[29.331739] (-) TimerEvent: {}
[29.405508] (slam_toolbox) StdoutLine: {'line': b'-- Up-to-date: /home/ubuntu/spas_ws/install/slam_toolbox/lib/libslam_toolbox__rosidl_generator_py.so\n'}
[29.415598] (slam_toolbox) StdoutLine: {'line': b'-- Up-to-date: /home/ubuntu/spas_ws/install/slam_toolbox/share/slam_toolbox/cmake/export_slam_toolbox__rosidl_generator_cExport.cmake\n'}
[29.418909] (slam_toolbox) StdoutLine: {'line': b'-- Up-to-date: /home/ubuntu/spas_ws/install/slam_toolbox/share/slam_toolbox/cmake/export_slam_toolbox__rosidl_generator_cExport-release.cmake\n'}
[29.423576] (slam_toolbox) StdoutLine: {'line': b'-- Up-to-date: /home/ubuntu/spas_ws/install/slam_toolbox/share/slam_toolbox/cmake/export_slam_toolbox__rosidl_typesupport_fastrtps_cExport.cmake\n'}
[29.427074] (slam_toolbox) StdoutLine: {'line': b'-- Up-to-date: /home/ubuntu/spas_ws/install/slam_toolbox/share/slam_toolbox/cmake/export_slam_toolbox__rosidl_typesupport_fastrtps_cExport-release.cmake\n'}
[29.431508] (slam_toolbox) StdoutLine: {'line': b'-- Up-to-date: /home/ubuntu/spas_ws/install/slam_toolbox/share/slam_toolbox/cmake/export_slam_toolbox__rosidl_generator_cppExport.cmake\n'}
[29.433471] (-) TimerEvent: {}
[29.440882] (slam_toolbox) StdoutLine: {'line': b'-- Up-to-date: /home/ubuntu/spas_ws/install/slam_toolbox/share/slam_toolbox/cmake/export_slam_toolbox__rosidl_typesupport_fastrtps_cppExport.cmake\n'}
[29.442759] (slam_toolbox) StdoutLine: {'line': b'-- Up-to-date: /home/ubuntu/spas_ws/install/slam_toolbox/share/slam_toolbox/cmake/export_slam_toolbox__rosidl_typesupport_fastrtps_cppExport-release.cmake\n'}
[29.461309] (slam_toolbox) StdoutLine: {'line': b'-- Up-to-date: /home/ubuntu/spas_ws/install/slam_toolbox/share/slam_toolbox/cmake/slam_toolbox__rosidl_typesupport_introspection_cExport.cmake\n'}
[29.462908] (slam_toolbox) StdoutLine: {'line': b'-- Up-to-date: /home/ubuntu/spas_ws/install/slam_toolbox/share/slam_toolbox/cmake/slam_toolbox__rosidl_typesupport_introspection_cExport-release.cmake\n'}
[29.464517] (slam_toolbox) StdoutLine: {'line': b'-- Up-to-date: /home/ubuntu/spas_ws/install/slam_toolbox/share/slam_toolbox/cmake/slam_toolbox__rosidl_typesupport_cExport.cmake\n'}
[29.465830] (slam_toolbox) StdoutLine: {'line': b'-- Up-to-date: /home/ubuntu/spas_ws/install/slam_toolbox/share/slam_toolbox/cmake/slam_toolbox__rosidl_typesupport_cExport-release.cmake\n'}
[29.485497] (slam_toolbox) StdoutLine: {'line': b'-- Up-to-date: /home/ubuntu/spas_ws/install/slam_toolbox/share/slam_toolbox/cmake/slam_toolbox__rosidl_typesupport_introspection_cppExport.cmake\n'}
[29.492668] (slam_toolbox) StdoutLine: {'line': b'-- Up-to-date: /home/ubuntu/spas_ws/install/slam_toolbox/share/slam_toolbox/cmake/slam_toolbox__rosidl_typesupport_introspection_cppExport-release.cmake\n'}
[29.494218] (slam_toolbox) StdoutLine: {'line': b'-- Up-to-date: /home/ubuntu/spas_ws/install/slam_toolbox/share/slam_toolbox/cmake/slam_toolbox__rosidl_typesupport_cppExport.cmake\n'}
[29.504111] (slam_toolbox) StdoutLine: {'line': b'-- Up-to-date: /home/ubuntu/spas_ws/install/slam_toolbox/share/slam_toolbox/cmake/slam_toolbox__rosidl_typesupport_cppExport-release.cmake\n'}
[29.505476] (slam_toolbox) StdoutLine: {'line': b'-- Up-to-date: /home/ubuntu/spas_ws/install/slam_toolbox/share/slam_toolbox/cmake/export_slam_toolbox__rosidl_generator_pyExport.cmake\n'}
[29.506644] (slam_toolbox) StdoutLine: {'line': b'-- Up-to-date: /home/ubuntu/spas_ws/install/slam_toolbox/share/slam_toolbox/cmake/export_slam_toolbox__rosidl_generator_pyExport-release.cmake\n'}
[29.507952] (slam_toolbox) StdoutLine: {'line': b'-- Up-to-date: /home/ubuntu/spas_ws/install/slam_toolbox/share/slam_toolbox/cmake/SlamToolboxPluginExport.cmake\n'}
[29.527460] (slam_toolbox) StdoutLine: {'line': b'-- Up-to-date: /home/ubuntu/spas_ws/install/slam_toolbox/share/slam_toolbox/cmake/SlamToolboxPluginExport-release.cmake\n'}
[29.535341] (-) TimerEvent: {}
[29.561415] (slam_toolbox) CommandEnded: {'returncode': 0}
[29.643566] (-) TimerEvent: {}
[29.747981] (-) TimerEvent: {}
[29.851300] (-) TimerEvent: {}
[29.958440] (-) TimerEvent: {}
[30.060496] (-) TimerEvent: {}
[30.163064] (-) TimerEvent: {}
[30.268469] (-) TimerEvent: {}
[30.357398] (slam_toolbox) JobEnded: {'identifier': 'slam_toolbox', 'rc': 0}
[30.368813] (-) TimerEvent: {}
[30.470427] (-) TimerEvent: {}
[30.572133] (-) TimerEvent: {}
[30.674069] (-) TimerEvent: {}
[30.775930] (-) TimerEvent: {}
[30.879270] (-) TimerEvent: {}
[30.982270] (-) TimerEvent: {}
[31.087786] (-) TimerEvent: {}
[31.191563] (-) TimerEvent: {}
[31.297266] (-) TimerEvent: {}
[31.400632] (-) TimerEvent: {}
[31.503695] (-) TimerEvent: {}
[31.606705] (-) TimerEvent: {}
[31.710012] (-) TimerEvent: {}
[31.813296] (-) TimerEvent: {}
[31.917216] (-) TimerEvent: {}
[32.021833] (-) TimerEvent: {}
[32.126415] (-) TimerEvent: {}
[32.228662] (-) TimerEvent: {}
[32.330215] (-) TimerEvent: {}
[32.433075] (-) TimerEvent: {}
[32.534945] (-) TimerEvent: {}
[32.636998] (-) TimerEvent: {}
[32.739689] (-) TimerEvent: {}
[32.842154] (-) TimerEvent: {}
[32.892871] (spas_control) StdoutLine: {'line': b'running develop\n'}
[32.942487] (-) TimerEvent: {}
[33.045002] (-) TimerEvent: {}
[33.148738] (-) TimerEvent: {}
[33.252630] (-) TimerEvent: {}
[33.356699] (-) TimerEvent: {}
[33.460422] (-) TimerEvent: {}
[33.564332] (-) TimerEvent: {}
[33.668702] (-) TimerEvent: {}
[33.771945] (-) TimerEvent: {}
[33.875289] (-) TimerEvent: {}
[33.978623] (-) TimerEvent: {}
[34.081142] (-) TimerEvent: {}
[34.184777] (-) TimerEvent: {}
[34.289040] (-) TimerEvent: {}
[34.392777] (-) TimerEvent: {}
[34.496365] (-) TimerEvent: {}
[34.600907] (-) TimerEvent: {}
[34.705395] (-) TimerEvent: {}
[34.809687] (-) TimerEvent: {}
[34.914135] (-) TimerEvent: {}
[35.018590] (-) TimerEvent: {}
[35.123615] (-) TimerEvent: {}
[35.228587] (-) TimerEvent: {}
[35.335205] (-) TimerEvent: {}
[35.441588] (-) TimerEvent: {}
[35.557788] (-) TimerEvent: {}
[35.660942] (-) TimerEvent: {}
[35.722320] (spas_perception) Command: {'cmd': ['/usr/bin/python3', '-W', 'ignore:setup.py install is deprecated', '-W', 'ignore:easy_install command is deprecated', 'setup.py', 'develop', '--editable', '--build-directory', '/home/ubuntu/spas_ws/build/spas_perception/build', '--no-deps', 'symlink_data'], 'cwd': '/home/ubuntu/spas_ws/build/spas_perception', 'env': {'PYTHON_BASIC_REPL': '1', 'LESSOPEN': '| /usr/bin/lesspipe %s', 'USER': 'ubuntu', 'SSH_CLIENT': '192.168.236.158 64914 22', 'XDG_SESSION_TYPE': 'tty', 'GIT_ASKPASS': '/home/ubuntu/.vscode-server/cli/servers/Stable-0958016b2af9f09bb4257e0df4a95e2f90590f9f/server/extensions/git/dist/askpass.sh', 'SHLVL': '1', 'LD_LIBRARY_PATH': '/home/ubuntu/spas_ws/install/slam_toolbox/lib:/opt/ros/humble/opt/rviz_ogre_vendor/lib:/opt/ros/humble/lib/aarch64-linux-gnu:/opt/ros/humble/lib', 'BROWSER': '/home/ubuntu/.vscode-server/cli/servers/Stable-0958016b2af9f09bb4257e0df4a95e2f90590f9f/server/bin/helpers/browser.sh', 'MOTD_SHOWN': 'pam', 'HOME': '/home/ubuntu', 'OLDPWD': '/home/ubuntu/spas_ws/src', 'TERM_PROGRAM_VERSION': '1.120.0', 'VSCODE_IPC_HOOK_CLI': '/run/user/1000/vscode-ipc-4c52080f-8f54-4af6-b1c5-04354886fdd5.sock', 'ROS_PYTHON_VERSION': '3', 'VSCODE_GIT_ASKPASS_MAIN': '/home/ubuntu/.vscode-server/cli/servers/Stable-0958016b2af9f09bb4257e0df4a95e2f90590f9f/server/extensions/git/dist/askpass-main.js', 'VSCODE_GIT_ASKPASS_NODE': '/home/ubuntu/.vscode-server/cli/servers/Stable-0958016b2af9f09bb4257e0df4a95e2f90590f9f/server/node', 'PYDEVD_DISABLE_FILE_VALIDATION': '1', 'BUNDLED_DEBUGPY_PATH': '/home/ubuntu/.vscode-server/extensions/ms-python.debugpy-2026.6.0/bundled/libs/debugpy', 'VSCODE_PYTHON_AUTOACTIVATE_GUARD': '1', 'DBUS_SESSION_BUS_ADDRESS': 'unix:path=/run/user/1000/bus', 'COLORTERM': 'truecolor', 'COLCON_PREFIX_PATH': '/home/ubuntu/spas_ws/install', 'ROS_DISTRO': 'humble', 'LOGNAME': 'ubuntu', '_': '/usr/bin/colcon', 'ROS_VERSION': '2', 'XDG_SESSION_CLASS': 'user', 'TERM': 'xterm-256color', 'XDG_SESSION_ID': '1', 'ROS_LOCALHOST_ONLY': '0', 'PATH': '/opt/ros/humble/bin:/home/ubuntu/.vscode-server/data/User/globalStorage/github.copilot-chat/debugCommand:/home/ubuntu/.vscode-server/data/User/globalStorage/github.copilot-chat/copilotCli:/home/ubuntu/.vscode-server/cli/servers/Stable-0958016b2af9f09bb4257e0df4a95e2f90590f9f/server/bin/remote-cli:/usr/local/sbin:/usr/local/bin:/usr/sbin:/usr/bin:/sbin:/bin:/usr/games:/usr/local/games:/snap/bin:/home/ubuntu/.vscode-server/extensions/ms-python.debugpy-2026.6.0/bundled/scripts/noConfigScripts:/usr/local/bin', 'XDG_RUNTIME_DIR': '/run/user/1000', 'VSCODE_DEBUGPY_ADAPTER_ENDPOINTS': '/home/ubuntu/.vscode-server/extensions/ms-python.debugpy-2026.6.0/.noConfigDebugAdapterEndpoints/endpoint-00d0b5565ef995a9.txt', 'LANG': 'en_US.UTF-8', 'PYTHONSTARTUP': '/home/ubuntu/.vscode-server/data/User/workspaceStorage/f3bef80f69d224608c509b83f13a955a/ms-python.python/pythonrc.py', 'LS_COLORS': 'rs=0:di=01;34:ln=01;36:mh=00:pi=40;33:so=01;35:do=01;35:bd=40;33;01:cd=40;33;01:or=40;31;01:mi=00:su=37;41:sg=30;43:ca=30;41:tw=30;42:ow=34;42:st=37;44:ex=01;32:*.tar=01;31:*.tgz=01;31:*.arc=01;31:*.arj=01;31:*.taz=01;31:*.lha=01;31:*.lz4=01;31:*.lzh=01;31:*.lzma=01;31:*.tlz=01;31:*.txz=01;31:*.tzo=01;31:*.t7z=01;31:*.zip=01;31:*.z=01;31:*.dz=01;31:*.gz=01;31:*.lrz=01;31:*.lz=01;31:*.lzo=01;31:*.xz=01;31:*.zst=01;31:*.tzst=01;31:*.bz2=01;31:*.bz=01;31:*.tbz=01;31:*.tbz2=01;31:*.tz=01;31:*.deb=01;31:*.rpm=01;31:*.jar=01;31:*.war=01;31:*.ear=01;31:*.sar=01;31:*.rar=01;31:*.alz=01;31:*.ace=01;31:*.zoo=01;31:*.cpio=01;31:*.7z=01;31:*.rz=01;31:*.cab=01;31:*.wim=01;31:*.swm=01;31:*.dwm=01;31:*.esd=01;31:*.jpg=01;35:*.jpeg=01;35:*.mjpg=01;35:*.mjpeg=01;35:*.gif=01;35:*.bmp=01;35:*.pbm=01;35:*.pgm=01;35:*.ppm=01;35:*.tga=01;35:*.xbm=01;35:*.xpm=01;35:*.tif=01;35:*.tiff=01;35:*.png=01;35:*.svg=01;35:*.svgz=01;35:*.mng=01;35:*.pcx=01;35:*.mov=01;35:*.mpg=01;35:*.mpeg=01;35:*.m2v=01;35:*.mkv=01;35:*.webm=01;35:*.webp=01;35:*.ogm=01;35:*.mp4=01;35:*.m4v=01;35:*.mp4v=01;35:*.vob=01;35:*.qt=01;35:*.nuv=01;35:*.wmv=01;35:*.asf=01;35:*.rm=01;35:*.rmvb=01;35:*.flc=01;35:*.avi=01;35:*.fli=01;35:*.flv=01;35:*.gl=01;35:*.dl=01;35:*.xcf=01;35:*.xwd=01;35:*.yuv=01;35:*.cgm=01;35:*.emf=01;35:*.ogv=01;35:*.ogx=01;35:*.aac=00;36:*.au=00;36:*.flac=00;36:*.m4a=00;36:*.mid=00;36:*.midi=00;36:*.mka=00;36:*.mp3=00;36:*.mpc=00;36:*.ogg=00;36:*.ra=00;36:*.wav=00;36:*.oga=00;36:*.opus=00;36:*.spx=00;36:*.xspf=00;36:', 'VSCODE_GIT_IPC_HANDLE': '/run/user/1000/vscode-git-a9f1ef9bc6.sock', 'TERM_PROGRAM': 'vscode', 'ROS_DOMAIN_ID': '1', 'AMENT_PREFIX_PATH': '/home/ubuntu/spas_ws/install/spas_planning:/home/ubuntu/spas_ws/install/spas_perception:/home/ubuntu/spas_ws/install/spas_control:/home/ubuntu/spas_ws/install/spas_bringup:/home/ubuntu/spas_ws/install/sllidar_ros2:/home/ubuntu/spas_ws/install/slam_toolbox:/opt/ros/humble', 'SHELL': '/bin/bash', 'LESSCLOSE': '/usr/bin/lesspipe %s %s', 'VSCODE_GIT_ASKPASS_EXTRA_ARGS': '', 'PWD': '/home/ubuntu/spas_ws/build/spas_perception', 'LC_ALL': 'en_US.UTF-8', 'SSH_CONNECTION': '192.168.236.158 64914 192.168.236.18 22', 'PYTHONPATH': '/home/ubuntu/spas_ws/build/spas_perception/prefix_override:/usr/lib/python3/dist-packages/colcon_core/task/python/colcon_distutils_commands:/home/ubuntu/spas_ws/install/spas_perception/lib/python3.10/site-packages:/home/ubuntu/spas_ws/build/spas_planning:/home/ubuntu/spas_ws/install/spas_planning/lib/python3.10/site-packages:/home/ubuntu/spas_ws/build/spas_perception:/home/ubuntu/spas_ws/install/spas_perception/lib/python3.10/site-packages:/home/ubuntu/spas_ws/build/spas_control:/home/ubuntu/spas_ws/install/spas_control/lib/python3.10/site-packages:/home/ubuntu/spas_ws/install/slam_toolbox/local/lib/python3.10/dist-packages:/opt/ros/humble/lib/python3.10/site-packages:/opt/ros/humble/local/lib/python3.10/dist-packages:/usr/local/lib/python3/dist-packages', 'COLCON': '1', 'CMAKE_PREFIX_PATH': '/home/ubuntu/spas_ws/install/spas_bringup:/home/ubuntu/spas_ws/install/sllidar_ros2:/home/ubuntu/spas_ws/install/slam_toolbox'}, 'shell': False}
[35.761122] (-) TimerEvent: {}
[35.862103] (-) TimerEvent: {}
[35.963119] (-) TimerEvent: {}
[36.063963] (-) TimerEvent: {}
[36.164852] (-) TimerEvent: {}
[36.265895] (-) TimerEvent: {}
[36.367090] (-) TimerEvent: {}
[36.468445] (-) TimerEvent: {}
[36.470380] (spas_control) StdoutLine: {'line': b'running egg_info\n'}
[36.475227] (spas_control) StdoutLine: {'line': b'writing spas_control.egg-info/PKG-INFO\n'}
[36.478100] (spas_control) StdoutLine: {'line': b'writing dependency_links to spas_control.egg-info/dependency_links.txt\n'}
[36.482491] (spas_control) StdoutLine: {'line': b'writing entry points to spas_control.egg-info/entry_points.txt\n'}
[36.489906] (spas_control) StdoutLine: {'line': b'writing requirements to spas_control.egg-info/requires.txt\n'}
[36.524998] (spas_control) StdoutLine: {'line': b'writing top-level names to spas_control.egg-info/top_level.txt\n'}
[36.529497] (spas_control) StdoutLine: {'line': b"reading manifest file 'spas_control.egg-info/SOURCES.txt'\n"}
[36.539195] (spas_control) StdoutLine: {'line': b"writing manifest file 'spas_control.egg-info/SOURCES.txt'\n"}
[36.547250] (spas_control) StdoutLine: {'line': b'running build_ext\n'}
[36.554258] (spas_control) StdoutLine: {'line': b'Creating /home/ubuntu/spas_ws/install/spas_control/lib/python3.10/site-packages/spas-control.egg-link (link to .)\n'}
[36.561098] (spas_control) StdoutLine: {'line': b'Installing stm32_bridge_node script to /home/ubuntu/spas_ws/install/spas_control/lib/spas_control\n'}
[36.567908] (spas_control) StdoutLine: {'line': b'\n'}
[36.575104] (-) TimerEvent: {}
[36.577356] (spas_control) StdoutLine: {'line': b'Installed /home/ubuntu/spas_ws/build/spas_control\n'}
[36.583440] (spas_control) StdoutLine: {'line': b'running symlink_data\n'}
[36.675445] (-) TimerEvent: {}
[36.721515] (spas_planning) Command: {'cmd': ['/usr/bin/python3', '-W', 'ignore:setup.py install is deprecated', '-W', 'ignore:easy_install command is deprecated', 'setup.py', 'develop', '--editable', '--build-directory', '/home/ubuntu/spas_ws/build/spas_planning/build', '--no-deps', 'symlink_data'], 'cwd': '/home/ubuntu/spas_ws/build/spas_planning', 'env': {'PYTHON_BASIC_REPL': '1', 'LESSOPEN': '| /usr/bin/lesspipe %s', 'USER': 'ubuntu', 'SSH_CLIENT': '192.168.236.158 64914 22', 'XDG_SESSION_TYPE': 'tty', 'GIT_ASKPASS': '/home/ubuntu/.vscode-server/cli/servers/Stable-0958016b2af9f09bb4257e0df4a95e2f90590f9f/server/extensions/git/dist/askpass.sh', 'SHLVL': '1', 'LD_LIBRARY_PATH': '/home/ubuntu/spas_ws/install/slam_toolbox/lib:/opt/ros/humble/opt/rviz_ogre_vendor/lib:/opt/ros/humble/lib/aarch64-linux-gnu:/opt/ros/humble/lib', 'BROWSER': '/home/ubuntu/.vscode-server/cli/servers/Stable-0958016b2af9f09bb4257e0df4a95e2f90590f9f/server/bin/helpers/browser.sh', 'MOTD_SHOWN': 'pam', 'HOME': '/home/ubuntu', 'OLDPWD': '/home/ubuntu/spas_ws/src', 'TERM_PROGRAM_VERSION': '1.120.0', 'VSCODE_IPC_HOOK_CLI': '/run/user/1000/vscode-ipc-4c52080f-8f54-4af6-b1c5-04354886fdd5.sock', 'ROS_PYTHON_VERSION': '3', 'VSCODE_GIT_ASKPASS_MAIN': '/home/ubuntu/.vscode-server/cli/servers/Stable-0958016b2af9f09bb4257e0df4a95e2f90590f9f/server/extensions/git/dist/askpass-main.js', 'VSCODE_GIT_ASKPASS_NODE': '/home/ubuntu/.vscode-server/cli/servers/Stable-0958016b2af9f09bb4257e0df4a95e2f90590f9f/server/node', 'PYDEVD_DISABLE_FILE_VALIDATION': '1', 'BUNDLED_DEBUGPY_PATH': '/home/ubuntu/.vscode-server/extensions/ms-python.debugpy-2026.6.0/bundled/libs/debugpy', 'VSCODE_PYTHON_AUTOACTIVATE_GUARD': '1', 'DBUS_SESSION_BUS_ADDRESS': 'unix:path=/run/user/1000/bus', 'COLORTERM': 'truecolor', 'COLCON_PREFIX_PATH': '/home/ubuntu/spas_ws/install', 'ROS_DISTRO': 'humble', 'LOGNAME': 'ubuntu', '_': '/usr/bin/colcon', 'ROS_VERSION': '2', 'XDG_SESSION_CLASS': 'user', 'TERM': 'xterm-256color', 'XDG_SESSION_ID': '1', 'ROS_LOCALHOST_ONLY': '0', 'PATH': '/opt/ros/humble/bin:/home/ubuntu/.vscode-server/data/User/globalStorage/github.copilot-chat/debugCommand:/home/ubuntu/.vscode-server/data/User/globalStorage/github.copilot-chat/copilotCli:/home/ubuntu/.vscode-server/cli/servers/Stable-0958016b2af9f09bb4257e0df4a95e2f90590f9f/server/bin/remote-cli:/usr/local/sbin:/usr/local/bin:/usr/sbin:/usr/bin:/sbin:/bin:/usr/games:/usr/local/games:/snap/bin:/home/ubuntu/.vscode-server/extensions/ms-python.debugpy-2026.6.0/bundled/scripts/noConfigScripts:/usr/local/bin', 'XDG_RUNTIME_DIR': '/run/user/1000', 'VSCODE_DEBUGPY_ADAPTER_ENDPOINTS': '/home/ubuntu/.vscode-server/extensions/ms-python.debugpy-2026.6.0/.noConfigDebugAdapterEndpoints/endpoint-00d0b5565ef995a9.txt', 'LANG': 'en_US.UTF-8', 'PYTHONSTARTUP': '/home/ubuntu/.vscode-server/data/User/workspaceStorage/f3bef80f69d224608c509b83f13a955a/ms-python.python/pythonrc.py', 'LS_COLORS': 'rs=0:di=01;34:ln=01;36:mh=00:pi=40;33:so=01;35:do=01;35:bd=40;33;01:cd=40;33;01:or=40;31;01:mi=00:su=37;41:sg=30;43:ca=30;41:tw=30;42:ow=34;42:st=37;44:ex=01;32:*.tar=01;31:*.tgz=01;31:*.arc=01;31:*.arj=01;31:*.taz=01;31:*.lha=01;31:*.lz4=01;31:*.lzh=01;31:*.lzma=01;31:*.tlz=01;31:*.txz=01;31:*.tzo=01;31:*.t7z=01;31:*.zip=01;31:*.z=01;31:*.dz=01;31:*.gz=01;31:*.lrz=01;31:*.lz=01;31:*.lzo=01;31:*.xz=01;31:*.zst=01;31:*.tzst=01;31:*.bz2=01;31:*.bz=01;31:*.tbz=01;31:*.tbz2=01;31:*.tz=01;31:*.deb=01;31:*.rpm=01;31:*.jar=01;31:*.war=01;31:*.ear=01;31:*.sar=01;31:*.rar=01;31:*.alz=01;31:*.ace=01;31:*.zoo=01;31:*.cpio=01;31:*.7z=01;31:*.rz=01;31:*.cab=01;31:*.wim=01;31:*.swm=01;31:*.dwm=01;31:*.esd=01;31:*.jpg=01;35:*.jpeg=01;35:*.mjpg=01;35:*.mjpeg=01;35:*.gif=01;35:*.bmp=01;35:*.pbm=01;35:*.pgm=01;35:*.ppm=01;35:*.tga=01;35:*.xbm=01;35:*.xpm=01;35:*.tif=01;35:*.tiff=01;35:*.png=01;35:*.svg=01;35:*.svgz=01;35:*.mng=01;35:*.pcx=01;35:*.mov=01;35:*.mpg=01;35:*.mpeg=01;35:*.m2v=01;35:*.mkv=01;35:*.webm=01;35:*.webp=01;35:*.ogm=01;35:*.mp4=01;35:*.m4v=01;35:*.mp4v=01;35:*.vob=01;35:*.qt=01;35:*.nuv=01;35:*.wmv=01;35:*.asf=01;35:*.rm=01;35:*.rmvb=01;35:*.flc=01;35:*.avi=01;35:*.fli=01;35:*.flv=01;35:*.gl=01;35:*.dl=01;35:*.xcf=01;35:*.xwd=01;35:*.yuv=01;35:*.cgm=01;35:*.emf=01;35:*.ogv=01;35:*.ogx=01;35:*.aac=00;36:*.au=00;36:*.flac=00;36:*.m4a=00;36:*.mid=00;36:*.midi=00;36:*.mka=00;36:*.mp3=00;36:*.mpc=00;36:*.ogg=00;36:*.ra=00;36:*.wav=00;36:*.oga=00;36:*.opus=00;36:*.spx=00;36:*.xspf=00;36:', 'VSCODE_GIT_IPC_HANDLE': '/run/user/1000/vscode-git-a9f1ef9bc6.sock', 'TERM_PROGRAM': 'vscode', 'ROS_DOMAIN_ID': '1', 'AMENT_PREFIX_PATH': '/home/ubuntu/spas_ws/install/spas_planning:/home/ubuntu/spas_ws/install/spas_perception:/home/ubuntu/spas_ws/install/spas_control:/home/ubuntu/spas_ws/install/spas_bringup:/home/ubuntu/spas_ws/install/sllidar_ros2:/home/ubuntu/spas_ws/install/slam_toolbox:/opt/ros/humble', 'SHELL': '/bin/bash', 'LESSCLOSE': '/usr/bin/lesspipe %s %s', 'VSCODE_GIT_ASKPASS_EXTRA_ARGS': '', 'PWD': '/home/ubuntu/spas_ws/build/spas_planning', 'LC_ALL': 'en_US.UTF-8', 'SSH_CONNECTION': '192.168.236.158 64914 192.168.236.18 22', 'PYTHONPATH': '/home/ubuntu/spas_ws/build/spas_planning/prefix_override:/usr/lib/python3/dist-packages/colcon_core/task/python/colcon_distutils_commands:/home/ubuntu/spas_ws/install/spas_planning/lib/python3.10/site-packages:/home/ubuntu/spas_ws/build/spas_planning:/home/ubuntu/spas_ws/install/spas_planning/lib/python3.10/site-packages:/home/ubuntu/spas_ws/build/spas_perception:/home/ubuntu/spas_ws/install/spas_perception/lib/python3.10/site-packages:/home/ubuntu/spas_ws/build/spas_control:/home/ubuntu/spas_ws/install/spas_control/lib/python3.10/site-packages:/home/ubuntu/spas_ws/install/slam_toolbox/local/lib/python3.10/dist-packages:/opt/ros/humble/lib/python3.10/site-packages:/opt/ros/humble/local/lib/python3.10/dist-packages:/usr/local/lib/python3/dist-packages', 'COLCON': '1', 'CMAKE_PREFIX_PATH': '/home/ubuntu/spas_ws/install/spas_bringup:/home/ubuntu/spas_ws/install/sllidar_ros2:/home/ubuntu/spas_ws/install/slam_toolbox'}, 'shell': False}
[36.775913] (-) TimerEvent: {}
[36.788206] (spas_control) CommandEnded: {'returncode': 0}
[36.876271] (-) TimerEvent: {}
[36.887198] (spas_control) JobEnded: {'identifier': 'spas_control', 'rc': 0}
[36.976521] (-) TimerEvent: {}
[37.077408] (-) TimerEvent: {}
[37.178255] (-) TimerEvent: {}
[37.279209] (-) TimerEvent: {}
[37.380173] (-) TimerEvent: {}
[37.481109] (-) TimerEvent: {}
[37.582675] (-) TimerEvent: {}
[37.684901] (-) TimerEvent: {}
[37.787209] (-) TimerEvent: {}
[37.889455] (-) TimerEvent: {}
[37.990356] (-) TimerEvent: {}
[38.091329] (-) TimerEvent: {}
[38.192944] (-) TimerEvent: {}
[38.295353] (-) TimerEvent: {}
[38.398438] (-) TimerEvent: {}
[38.501323] (-) TimerEvent: {}
[38.604045] (-) TimerEvent: {}
[38.708336] (-) TimerEvent: {}
[38.815871] (-) TimerEvent: {}
[38.920600] (-) TimerEvent: {}
[39.024143] (-) TimerEvent: {}
[39.128642] (-) TimerEvent: {}
[39.233061] (-) TimerEvent: {}
[39.276658] (spas_perception) StdoutLine: {'line': b'running develop\n'}
[39.333480] (-) TimerEvent: {}
[39.438552] (-) TimerEvent: {}
[39.543191] (-) TimerEvent: {}
[39.647511] (-) TimerEvent: {}
[39.762418] (-) TimerEvent: {}
[39.867815] (-) TimerEvent: {}
[39.970868] (-) TimerEvent: {}
[40.073563] (-) TimerEvent: {}
[40.176276] (-) TimerEvent: {}
[40.279217] (-) TimerEvent: {}
[40.383604] (-) TimerEvent: {}
[40.487802] (-) TimerEvent: {}
[40.591967] (-) TimerEvent: {}
[40.696476] (-) TimerEvent: {}
[40.800821] (-) TimerEvent: {}
[40.904535] (-) TimerEvent: {}
[41.009766] (-) TimerEvent: {}
[41.114851] (-) TimerEvent: {}
[41.219431] (-) TimerEvent: {}
[41.274215] (spas_planning) StdoutLine: {'line': b'running develop\n'}
[41.319743] (-) TimerEvent: {}
[41.424155] (-) TimerEvent: {}
[41.528537] (-) TimerEvent: {}
[41.632875] (-) TimerEvent: {}
[41.737334] (-) TimerEvent: {}
[41.841392] (-) TimerEvent: {}
[41.943099] (-) TimerEvent: {}
[42.045338] (-) TimerEvent: {}
[42.148828] (-) TimerEvent: {}
[42.251935] (-) TimerEvent: {}
[42.353561] (-) TimerEvent: {}
[42.455366] (-) TimerEvent: {}
[42.559848] (-) TimerEvent: {}
[42.664129] (-) TimerEvent: {}
[42.768568] (-) TimerEvent: {}
[42.872823] (-) TimerEvent: {}
[42.976304] (-) TimerEvent: {}
[43.080985] (-) TimerEvent: {}
[43.185964] (-) TimerEvent: {}
[43.290701] (-) TimerEvent: {}
[43.392695] (-) TimerEvent: {}
[43.494356] (-) TimerEvent: {}
[43.599432] (-) TimerEvent: {}
[43.706792] (-) TimerEvent: {}
[43.811122] (-) TimerEvent: {}
[43.927855] (-) TimerEvent: {}
[44.031568] (-) TimerEvent: {}
[44.133300] (-) TimerEvent: {}
[44.246672] (-) TimerEvent: {}
[44.351240] (-) TimerEvent: {}
[44.455446] (-) TimerEvent: {}
[44.560284] (-) TimerEvent: {}
[44.663932] (-) TimerEvent: {}
[44.768403] (-) TimerEvent: {}
[44.873161] (-) TimerEvent: {}
[44.977789] (-) TimerEvent: {}
[45.082593] (-) TimerEvent: {}
[45.184471] (-) TimerEvent: {}
[45.289602] (-) TimerEvent: {}
[45.363483] (spas_perception) StdoutLine: {'line': b'running egg_info\n'}
[45.367938] (spas_perception) StdoutLine: {'line': b'writing spas_perception.egg-info/PKG-INFO\n'}
[45.368967] (spas_perception) StdoutLine: {'line': b'writing dependency_links to spas_perception.egg-info/dependency_links.txt\n'}
[45.374859] (spas_perception) StdoutLine: {'line': b'writing entry points to spas_perception.egg-info/entry_points.txt\n'}
[45.376278] (spas_perception) StdoutLine: {'line': b'writing requirements to spas_perception.egg-info/requires.txt\n'}
[45.377404] (spas_perception) StdoutLine: {'line': b'writing top-level names to spas_perception.egg-info/top_level.txt\n'}
[45.383512] (spas_perception) StdoutLine: {'line': b"reading manifest file 'spas_perception.egg-info/SOURCES.txt'\n"}
[45.388396] (spas_perception) StdoutLine: {'line': b"writing manifest file 'spas_perception.egg-info/SOURCES.txt'\n"}
[45.394185] (-) TimerEvent: {}
[45.400382] (spas_perception) StdoutLine: {'line': b'running build_ext\n'}
[45.410030] (spas_perception) StdoutLine: {'line': b'Creating /home/ubuntu/spas_ws/install/spas_perception/lib/python3.10/site-packages/spas-perception.egg-link (link to .)\n'}
[45.431232] (spas_perception) StdoutLine: {'line': b'Installing sensor_filter_node script to /home/ubuntu/spas_ws/install/spas_perception/lib/spas_perception\n'}
[45.437800] (spas_perception) StdoutLine: {'line': b'\n'}
[45.443785] (spas_perception) StdoutLine: {'line': b'Installed /home/ubuntu/spas_ws/build/spas_perception\n'}
[45.452826] (spas_perception) StdoutLine: {'line': b'running symlink_data\n'}
[45.494592] (-) TimerEvent: {}
[45.598696] (-) TimerEvent: {}
[45.657371] (spas_perception) CommandEnded: {'returncode': 0}
[45.702050] (-) TimerEvent: {}
[45.719094] (spas_perception) JobEnded: {'identifier': 'spas_perception', 'rc': 0}
[45.733173] (spas_planning) StdoutLine: {'line': b'running egg_info\n'}
[45.736073] (spas_planning) StdoutLine: {'line': b'writing spas_planning.egg-info/PKG-INFO\n'}
[45.739607] (spas_planning) StdoutLine: {'line': b'writing dependency_links to spas_planning.egg-info/dependency_links.txt\n'}
[45.752599] (spas_planning) StdoutLine: {'line': b'writing entry points to spas_planning.egg-info/entry_points.txt\n'}
[45.754207] (spas_planning) StdoutLine: {'line': b'writing requirements to spas_planning.egg-info/requires.txt\n'}
[45.755461] (spas_planning) StdoutLine: {'line': b'writing top-level names to spas_planning.egg-info/top_level.txt\n'}
[45.769195] (spas_planning) StdoutLine: {'line': b"reading manifest file 'spas_planning.egg-info/SOURCES.txt'\n"}
[45.773254] (spas_planning) StdoutLine: {'line': b"writing manifest file 'spas_planning.egg-info/SOURCES.txt'\n"}
[45.781167] (spas_planning) StdoutLine: {'line': b'running build_ext\n'}
[45.782166] (spas_planning) StdoutLine: {'line': b'Creating /home/ubuntu/spas_ws/install/spas_planning/lib/python3.10/site-packages/spas-planning.egg-link (link to .)\n'}
[45.786531] (spas_planning) StdoutLine: {'line': b'Installing safety_node script to /home/ubuntu/spas_ws/install/spas_planning/lib/spas_planning\n'}
[45.788237] (spas_planning) StdoutLine: {'line': b'\n'}
[45.789278] (spas_planning) StdoutLine: {'line': b'Installed /home/ubuntu/spas_ws/build/spas_planning\n'}
[45.789850] (spas_planning) StdoutLine: {'line': b'running symlink_data\n'}
[45.802412] (-) TimerEvent: {}
[45.904531] (-) TimerEvent: {}
[45.985279] (spas_planning) CommandEnded: {'returncode': 0}
[46.004683] (-) TimerEvent: {}
[46.044182] (spas_planning) JobEnded: {'identifier': 'spas_planning', 'rc': 0}
[46.049194] (-) EventReactorShutdown: {}
