[0.000000] (-) TimerEvent: {}
[0.001250] (slam_toolbox) JobQueued: {'identifier': 'slam_toolbox', 'dependencies': OrderedDict()}
[0.001480] (sllidar_ros2) JobQueued: {'identifier': 'sllidar_ros2', 'dependencies': OrderedDict()}
[0.001755] (spas_bringup) JobQueued: {'identifier': 'spas_bringup', 'dependencies': OrderedDict()}
[0.001906] (spas_control) JobQueued: {'identifier': 'spas_control', 'dependencies': OrderedDict()}
[0.001995] (spas_perception) JobQueued: {'identifier': 'spas_perception', 'dependencies': OrderedDict()}
[0.002073] (spas_planning) JobQueued: {'identifier': 'spas_planning', 'dependencies': OrderedDict()}
[0.002149] (slam_toolbox) JobStarted: {'identifier': 'slam_toolbox'}
[0.039617] (sllidar_ros2) JobStarted: {'identifier': 'sllidar_ros2'}
[0.061681] (spas_bringup) JobStarted: {'identifier': 'spas_bringup'}
[0.085241] (spas_control) JobStarted: {'identifier': 'spas_control'}
[0.098229] (-) TimerEvent: {}
[0.125554] (slam_toolbox) JobProgress: {'identifier': 'slam_toolbox', 'progress': 'cmake'}
[0.128447] (slam_toolbox) Command: {'cmd': ['/usr/bin/cmake', '/home/ubuntu/spas_ws/src/slam_toolbox', '-DAMENT_CMAKE_SYMLINK_INSTALL=1', '-DCMAKE_INSTALL_PREFIX=/home/ubuntu/spas_ws/install/slam_toolbox'], 'cwd': '/home/ubuntu/spas_ws/build/slam_toolbox', 'env': OrderedDict([('PYTHON_BASIC_REPL', '1'), ('LESSOPEN', '| /usr/bin/lesspipe %s'), ('USER', 'ubuntu'), ('SSH_CLIENT', '192.168.236.158 64914 22'), ('XDG_SESSION_TYPE', 'tty'), ('GIT_ASKPASS', '/home/ubuntu/.vscode-server/cli/servers/Stable-0958016b2af9f09bb4257e0df4a95e2f90590f9f/server/extensions/git/dist/askpass.sh'), ('SHLVL', '1'), ('LD_LIBRARY_PATH', '/opt/ros/humble/opt/rviz_ogre_vendor/lib:/opt/ros/humble/lib/aarch64-linux-gnu:/opt/ros/humble/lib'), ('BROWSER', '/home/ubuntu/.vscode-server/cli/servers/Stable-0958016b2af9f09bb4257e0df4a95e2f90590f9f/server/bin/helpers/browser.sh'), ('MOTD_SHOWN', 'pam'), ('HOME', '/home/ubuntu'), ('OLDPWD', '/home/ubuntu/spas_ws/src'), ('TERM_PROGRAM_VERSION', '1.120.0'), ('VSCODE_IPC_HOOK_CLI', '/run/user/1000/vscode-ipc-4c52080f-8f54-4af6-b1c5-04354886fdd5.sock'), ('ROS_PYTHON_VERSION', '3'), ('VSCODE_GIT_ASKPASS_MAIN', '/home/ubuntu/.vscode-server/cli/servers/Stable-0958016b2af9f09bb4257e0df4a95e2f90590f9f/server/extensions/git/dist/askpass-main.js'), ('VSCODE_GIT_ASKPASS_NODE', '/home/ubuntu/.vscode-server/cli/servers/Stable-0958016b2af9f09bb4257e0df4a95e2f90590f9f/server/node'), ('PYDEVD_DISABLE_FILE_VALIDATION', '1'), ('BUNDLED_DEBUGPY_PATH', '/home/ubuntu/.vscode-server/extensions/ms-python.debugpy-2026.6.0/bundled/libs/debugpy'), ('VSCODE_PYTHON_AUTOACTIVATE_GUARD', '1'), ('DBUS_SESSION_BUS_ADDRESS', 'unix:path=/run/user/1000/bus'), ('COLORTERM', 'truecolor'), ('ROS_DISTRO', 'humble'), ('LOGNAME', 'ubuntu'), ('_', '/usr/bin/colcon'), ('ROS_VERSION', '2'), ('XDG_SESSION_CLASS', 'user'), ('TERM', 'xterm-256color'), ('XDG_SESSION_ID', '1'), ('ROS_LOCALHOST_ONLY', '0'), ('PATH', '/opt/ros/humble/bin:/home/ubuntu/.vscode-server/data/User/globalStorage/github.copilot-chat/debugCommand:/home/ubuntu/.vscode-server/data/User/globalStorage/github.copilot-chat/copilotCli:/home/ubuntu/.vscode-server/cli/servers/Stable-0958016b2af9f09bb4257e0df4a95e2f90590f9f/server/bin/remote-cli:/usr/local/sbin:/usr/local/bin:/usr/sbin:/usr/bin:/sbin:/bin:/usr/games:/usr/local/games:/snap/bin:/home/ubuntu/.vscode-server/extensions/ms-python.debugpy-2026.6.0/bundled/scripts/noConfigScripts:/usr/local/bin'), ('XDG_RUNTIME_DIR', '/run/user/1000'), ('VSCODE_DEBUGPY_ADAPTER_ENDPOINTS', '/home/ubuntu/.vscode-server/extensions/ms-python.debugpy-2026.6.0/.noConfigDebugAdapterEndpoints/endpoint-00d0b5565ef995a9.txt'), ('LANG', 'en_US.UTF-8'), ('PYTHONSTARTUP', '/home/ubuntu/.vscode-server/data/User/workspaceStorage/f3bef80f69d224608c509b83f13a955a/ms-python.python/pythonrc.py'), ('LS_COLORS', 'rs=0:di=01;34:ln=01;36:mh=00:pi=40;33:so=01;35:do=01;35:bd=40;33;01:cd=40;33;01:or=40;31;01:mi=00:su=37;41:sg=30;43:ca=30;41:tw=30;42:ow=34;42:st=37;44:ex=01;32:*.tar=01;31:*.tgz=01;31:*.arc=01;31:*.arj=01;31:*.taz=01;31:*.lha=01;31:*.lz4=01;31:*.lzh=01;31:*.lzma=01;31:*.tlz=01;31:*.txz=01;31:*.tzo=01;31:*.t7z=01;31:*.zip=01;31:*.z=01;31:*.dz=01;31:*.gz=01;31:*.lrz=01;31:*.lz=01;31:*.lzo=01;31:*.xz=01;31:*.zst=01;31:*.tzst=01;31:*.bz2=01;31:*.bz=01;31:*.tbz=01;31:*.tbz2=01;31:*.tz=01;31:*.deb=01;31:*.rpm=01;31:*.jar=01;31:*.war=01;31:*.ear=01;31:*.sar=01;31:*.rar=01;31:*.alz=01;31:*.ace=01;31:*.zoo=01;31:*.cpio=01;31:*.7z=01;31:*.rz=01;31:*.cab=01;31:*.wim=01;31:*.swm=01;31:*.dwm=01;31:*.esd=01;31:*.jpg=01;35:*.jpeg=01;35:*.mjpg=01;35:*.mjpeg=01;35:*.gif=01;35:*.bmp=01;35:*.pbm=01;35:*.pgm=01;35:*.ppm=01;35:*.tga=01;35:*.xbm=01;35:*.xpm=01;35:*.tif=01;35:*.tiff=01;35:*.png=01;35:*.svg=01;35:*.svgz=01;35:*.mng=01;35:*.pcx=01;35:*.mov=01;35:*.mpg=01;35:*.mpeg=01;35:*.m2v=01;35:*.mkv=01;35:*.webm=01;35:*.webp=01;35:*.ogm=01;35:*.mp4=01;35:*.m4v=01;35:*.mp4v=01;35:*.vob=01;35:*.qt=01;35:*.nuv=01;35:*.wmv=01;35:*.asf=01;35:*.rm=01;35:*.rmvb=01;35:*.flc=01;35:*.avi=01;35:*.fli=01;35:*.flv=01;35:*.gl=01;35:*.dl=01;35:*.xcf=01;35:*.xwd=01;35:*.yuv=01;35:*.cgm=01;35:*.emf=01;35:*.ogv=01;35:*.ogx=01;35:*.aac=00;36:*.au=00;36:*.flac=00;36:*.m4a=00;36:*.mid=00;36:*.midi=00;36:*.mka=00;36:*.mp3=00;36:*.mpc=00;36:*.ogg=00;36:*.ra=00;36:*.wav=00;36:*.oga=00;36:*.opus=00;36:*.spx=00;36:*.xspf=00;36:'), ('VSCODE_GIT_IPC_HANDLE', '/run/user/1000/vscode-git-a9f1ef9bc6.sock'), ('TERM_PROGRAM', 'vscode'), ('ROS_DOMAIN_ID', '1'), ('AMENT_PREFIX_PATH', '/opt/ros/humble'), ('SHELL', '/bin/bash'), ('LESSCLOSE', '/usr/bin/lesspipe %s %s'), ('VSCODE_GIT_ASKPASS_EXTRA_ARGS', ''), ('PWD', '/home/ubuntu/spas_ws/build/slam_toolbox'), ('LC_ALL', 'en_US.UTF-8'), ('SSH_CONNECTION', '192.168.236.158 64914 192.168.236.18 22'), ('PYTHONPATH', '/opt/ros/humble/lib/python3.10/site-packages:/opt/ros/humble/local/lib/python3.10/dist-packages:/usr/local/lib/python3/dist-packages'), ('COLCON', '1'), ('CMAKE_PREFIX_PATH', '/opt/ros/humble')]), 'shell': False}
[0.143128] (sllidar_ros2) JobProgress: {'identifier': 'sllidar_ros2', 'progress': 'cmake'}
[0.146133] (sllidar_ros2) Command: {'cmd': ['/usr/bin/cmake', '/home/ubuntu/spas_ws/src/sllidar_ros2', '-DAMENT_CMAKE_SYMLINK_INSTALL=1', '-DCMAKE_INSTALL_PREFIX=/home/ubuntu/spas_ws/install/sllidar_ros2'], 'cwd': '/home/ubuntu/spas_ws/build/sllidar_ros2', 'env': OrderedDict([('PYTHON_BASIC_REPL', '1'), ('LESSOPEN', '| /usr/bin/lesspipe %s'), ('USER', 'ubuntu'), ('SSH_CLIENT', '192.168.236.158 64914 22'), ('XDG_SESSION_TYPE', 'tty'), ('GIT_ASKPASS', '/home/ubuntu/.vscode-server/cli/servers/Stable-0958016b2af9f09bb4257e0df4a95e2f90590f9f/server/extensions/git/dist/askpass.sh'), ('SHLVL', '1'), ('LD_LIBRARY_PATH', '/opt/ros/humble/opt/rviz_ogre_vendor/lib:/opt/ros/humble/lib/aarch64-linux-gnu:/opt/ros/humble/lib'), ('BROWSER', '/home/ubuntu/.vscode-server/cli/servers/Stable-0958016b2af9f09bb4257e0df4a95e2f90590f9f/server/bin/helpers/browser.sh'), ('MOTD_SHOWN', 'pam'), ('HOME', '/home/ubuntu'), ('OLDPWD', '/home/ubuntu/spas_ws/src'), ('TERM_PROGRAM_VERSION', '1.120.0'), ('VSCODE_IPC_HOOK_CLI', '/run/user/1000/vscode-ipc-4c52080f-8f54-4af6-b1c5-04354886fdd5.sock'), ('ROS_PYTHON_VERSION', '3'), ('VSCODE_GIT_ASKPASS_MAIN', '/home/ubuntu/.vscode-server/cli/servers/Stable-0958016b2af9f09bb4257e0df4a95e2f90590f9f/server/extensions/git/dist/askpass-main.js'), ('VSCODE_GIT_ASKPASS_NODE', '/home/ubuntu/.vscode-server/cli/servers/Stable-0958016b2af9f09bb4257e0df4a95e2f90590f9f/server/node'), ('PYDEVD_DISABLE_FILE_VALIDATION', '1'), ('BUNDLED_DEBUGPY_PATH', '/home/ubuntu/.vscode-server/extensions/ms-python.debugpy-2026.6.0/bundled/libs/debugpy'), ('VSCODE_PYTHON_AUTOACTIVATE_GUARD', '1'), ('DBUS_SESSION_BUS_ADDRESS', 'unix:path=/run/user/1000/bus'), ('COLORTERM', 'truecolor'), ('ROS_DISTRO', 'humble'), ('LOGNAME', 'ubuntu'), ('_', '/usr/bin/colcon'), ('ROS_VERSION', '2'), ('XDG_SESSION_CLASS', 'user'), ('TERM', 'xterm-256color'), ('XDG_SESSION_ID', '1'), ('ROS_LOCALHOST_ONLY', '0'), ('PATH', '/opt/ros/humble/bin:/home/ubuntu/.vscode-server/data/User/globalStorage/github.copilot-chat/debugCommand:/home/ubuntu/.vscode-server/data/User/globalStorage/github.copilot-chat/copilotCli:/home/ubuntu/.vscode-server/cli/servers/Stable-0958016b2af9f09bb4257e0df4a95e2f90590f9f/server/bin/remote-cli:/usr/local/sbin:/usr/local/bin:/usr/sbin:/usr/bin:/sbin:/bin:/usr/games:/usr/local/games:/snap/bin:/home/ubuntu/.vscode-server/extensions/ms-python.debugpy-2026.6.0/bundled/scripts/noConfigScripts:/usr/local/bin'), ('XDG_RUNTIME_DIR', '/run/user/1000'), ('VSCODE_DEBUGPY_ADAPTER_ENDPOINTS', '/home/ubuntu/.vscode-server/extensions/ms-python.debugpy-2026.6.0/.noConfigDebugAdapterEndpoints/endpoint-00d0b5565ef995a9.txt'), ('LANG', 'en_US.UTF-8'), ('PYTHONSTARTUP', '/home/ubuntu/.vscode-server/data/User/workspaceStorage/f3bef80f69d224608c509b83f13a955a/ms-python.python/pythonrc.py'), ('LS_COLORS', 'rs=0:di=01;34:ln=01;36:mh=00:pi=40;33:so=01;35:do=01;35:bd=40;33;01:cd=40;33;01:or=40;31;01:mi=00:su=37;41:sg=30;43:ca=30;41:tw=30;42:ow=34;42:st=37;44:ex=01;32:*.tar=01;31:*.tgz=01;31:*.arc=01;31:*.arj=01;31:*.taz=01;31:*.lha=01;31:*.lz4=01;31:*.lzh=01;31:*.lzma=01;31:*.tlz=01;31:*.txz=01;31:*.tzo=01;31:*.t7z=01;31:*.zip=01;31:*.z=01;31:*.dz=01;31:*.gz=01;31:*.lrz=01;31:*.lz=01;31:*.lzo=01;31:*.xz=01;31:*.zst=01;31:*.tzst=01;31:*.bz2=01;31:*.bz=01;31:*.tbz=01;31:*.tbz2=01;31:*.tz=01;31:*.deb=01;31:*.rpm=01;31:*.jar=01;31:*.war=01;31:*.ear=01;31:*.sar=01;31:*.rar=01;31:*.alz=01;31:*.ace=01;31:*.zoo=01;31:*.cpio=01;31:*.7z=01;31:*.rz=01;31:*.cab=01;31:*.wim=01;31:*.swm=01;31:*.dwm=01;31:*.esd=01;31:*.jpg=01;35:*.jpeg=01;35:*.mjpg=01;35:*.mjpeg=01;35:*.gif=01;35:*.bmp=01;35:*.pbm=01;35:*.pgm=01;35:*.ppm=01;35:*.tga=01;35:*.xbm=01;35:*.xpm=01;35:*.tif=01;35:*.tiff=01;35:*.png=01;35:*.svg=01;35:*.svgz=01;35:*.mng=01;35:*.pcx=01;35:*.mov=01;35:*.mpg=01;35:*.mpeg=01;35:*.m2v=01;35:*.mkv=01;35:*.webm=01;35:*.webp=01;35:*.ogm=01;35:*.mp4=01;35:*.m4v=01;35:*.mp4v=01;35:*.vob=01;35:*.qt=01;35:*.nuv=01;35:*.wmv=01;35:*.asf=01;35:*.rm=01;35:*.rmvb=01;35:*.flc=01;35:*.avi=01;35:*.fli=01;35:*.flv=01;35:*.gl=01;35:*.dl=01;35:*.xcf=01;35:*.xwd=01;35:*.yuv=01;35:*.cgm=01;35:*.emf=01;35:*.ogv=01;35:*.ogx=01;35:*.aac=00;36:*.au=00;36:*.flac=00;36:*.m4a=00;36:*.mid=00;36:*.midi=00;36:*.mka=00;36:*.mp3=00;36:*.mpc=00;36:*.ogg=00;36:*.ra=00;36:*.wav=00;36:*.oga=00;36:*.opus=00;36:*.spx=00;36:*.xspf=00;36:'), ('VSCODE_GIT_IPC_HANDLE', '/run/user/1000/vscode-git-a9f1ef9bc6.sock'), ('TERM_PROGRAM', 'vscode'), ('ROS_DOMAIN_ID', '1'), ('AMENT_PREFIX_PATH', '/opt/ros/humble'), ('SHELL', '/bin/bash'), ('LESSCLOSE', '/usr/bin/lesspipe %s %s'), ('VSCODE_GIT_ASKPASS_EXTRA_ARGS', ''), ('PWD', '/home/ubuntu/spas_ws/build/sllidar_ros2'), ('LC_ALL', 'en_US.UTF-8'), ('SSH_CONNECTION', '192.168.236.158 64914 192.168.236.18 22'), ('PYTHONPATH', '/opt/ros/humble/lib/python3.10/site-packages:/opt/ros/humble/local/lib/python3.10/dist-packages:/usr/local/lib/python3/dist-packages'), ('COLCON', '1'), ('CMAKE_PREFIX_PATH', '/opt/ros/humble')]), 'shell': False}
[0.158646] (spas_bringup) JobProgress: {'identifier': 'spas_bringup', 'progress': 'cmake'}
[0.161096] (spas_bringup) Command: {'cmd': ['/usr/bin/cmake', '/home/ubuntu/spas_ws/src/spas_bringup', '-DAMENT_CMAKE_SYMLINK_INSTALL=1', '-DCMAKE_INSTALL_PREFIX=/home/ubuntu/spas_ws/install/spas_bringup'], 'cwd': '/home/ubuntu/spas_ws/build/spas_bringup', 'env': OrderedDict([('PYTHON_BASIC_REPL', '1'), ('LESSOPEN', '| /usr/bin/lesspipe %s'), ('USER', 'ubuntu'), ('SSH_CLIENT', '192.168.236.158 64914 22'), ('XDG_SESSION_TYPE', 'tty'), ('GIT_ASKPASS', '/home/ubuntu/.vscode-server/cli/servers/Stable-0958016b2af9f09bb4257e0df4a95e2f90590f9f/server/extensions/git/dist/askpass.sh'), ('SHLVL', '1'), ('LD_LIBRARY_PATH', '/opt/ros/humble/opt/rviz_ogre_vendor/lib:/opt/ros/humble/lib/aarch64-linux-gnu:/opt/ros/humble/lib'), ('BROWSER', '/home/ubuntu/.vscode-server/cli/servers/Stable-0958016b2af9f09bb4257e0df4a95e2f90590f9f/server/bin/helpers/browser.sh'), ('MOTD_SHOWN', 'pam'), ('HOME', '/home/ubuntu'), ('OLDPWD', '/home/ubuntu/spas_ws/src'), ('TERM_PROGRAM_VERSION', '1.120.0'), ('VSCODE_IPC_HOOK_CLI', '/run/user/1000/vscode-ipc-4c52080f-8f54-4af6-b1c5-04354886fdd5.sock'), ('ROS_PYTHON_VERSION', '3'), ('VSCODE_GIT_ASKPASS_MAIN', '/home/ubuntu/.vscode-server/cli/servers/Stable-0958016b2af9f09bb4257e0df4a95e2f90590f9f/server/extensions/git/dist/askpass-main.js'), ('VSCODE_GIT_ASKPASS_NODE', '/home/ubuntu/.vscode-server/cli/servers/Stable-0958016b2af9f09bb4257e0df4a95e2f90590f9f/server/node'), ('PYDEVD_DISABLE_FILE_VALIDATION', '1'), ('BUNDLED_DEBUGPY_PATH', '/home/ubuntu/.vscode-server/extensions/ms-python.debugpy-2026.6.0/bundled/libs/debugpy'), ('VSCODE_PYTHON_AUTOACTIVATE_GUARD', '1'), ('DBUS_SESSION_BUS_ADDRESS', 'unix:path=/run/user/1000/bus'), ('COLORTERM', 'truecolor'), ('ROS_DISTRO', 'humble'), ('LOGNAME', 'ubuntu'), ('_', '/usr/bin/colcon'), ('ROS_VERSION', '2'), ('XDG_SESSION_CLASS', 'user'), ('TERM', 'xterm-256color'), ('XDG_SESSION_ID', '1'), ('ROS_LOCALHOST_ONLY', '0'), ('PATH', '/opt/ros/humble/bin:/home/ubuntu/.vscode-server/data/User/globalStorage/github.copilot-chat/debugCommand:/home/ubuntu/.vscode-server/data/User/globalStorage/github.copilot-chat/copilotCli:/home/ubuntu/.vscode-server/cli/servers/Stable-0958016b2af9f09bb4257e0df4a95e2f90590f9f/server/bin/remote-cli:/usr/local/sbin:/usr/local/bin:/usr/sbin:/usr/bin:/sbin:/bin:/usr/games:/usr/local/games:/snap/bin:/home/ubuntu/.vscode-server/extensions/ms-python.debugpy-2026.6.0/bundled/scripts/noConfigScripts:/usr/local/bin'), ('XDG_RUNTIME_DIR', '/run/user/1000'), ('VSCODE_DEBUGPY_ADAPTER_ENDPOINTS', '/home/ubuntu/.vscode-server/extensions/ms-python.debugpy-2026.6.0/.noConfigDebugAdapterEndpoints/endpoint-00d0b5565ef995a9.txt'), ('LANG', 'en_US.UTF-8'), ('PYTHONSTARTUP', '/home/ubuntu/.vscode-server/data/User/workspaceStorage/f3bef80f69d224608c509b83f13a955a/ms-python.python/pythonrc.py'), ('LS_COLORS', 'rs=0:di=01;34:ln=01;36:mh=00:pi=40;33:so=01;35:do=01;35:bd=40;33;01:cd=40;33;01:or=40;31;01:mi=00:su=37;41:sg=30;43:ca=30;41:tw=30;42:ow=34;42:st=37;44:ex=01;32:*.tar=01;31:*.tgz=01;31:*.arc=01;31:*.arj=01;31:*.taz=01;31:*.lha=01;31:*.lz4=01;31:*.lzh=01;31:*.lzma=01;31:*.tlz=01;31:*.txz=01;31:*.tzo=01;31:*.t7z=01;31:*.zip=01;31:*.z=01;31:*.dz=01;31:*.gz=01;31:*.lrz=01;31:*.lz=01;31:*.lzo=01;31:*.xz=01;31:*.zst=01;31:*.tzst=01;31:*.bz2=01;31:*.bz=01;31:*.tbz=01;31:*.tbz2=01;31:*.tz=01;31:*.deb=01;31:*.rpm=01;31:*.jar=01;31:*.war=01;31:*.ear=01;31:*.sar=01;31:*.rar=01;31:*.alz=01;31:*.ace=01;31:*.zoo=01;31:*.cpio=01;31:*.7z=01;31:*.rz=01;31:*.cab=01;31:*.wim=01;31:*.swm=01;31:*.dwm=01;31:*.esd=01;31:*.jpg=01;35:*.jpeg=01;35:*.mjpg=01;35:*.mjpeg=01;35:*.gif=01;35:*.bmp=01;35:*.pbm=01;35:*.pgm=01;35:*.ppm=01;35:*.tga=01;35:*.xbm=01;35:*.xpm=01;35:*.tif=01;35:*.tiff=01;35:*.png=01;35:*.svg=01;35:*.svgz=01;35:*.mng=01;35:*.pcx=01;35:*.mov=01;35:*.mpg=01;35:*.mpeg=01;35:*.m2v=01;35:*.mkv=01;35:*.webm=01;35:*.webp=01;35:*.ogm=01;35:*.mp4=01;35:*.m4v=01;35:*.mp4v=01;35:*.vob=01;35:*.qt=01;35:*.nuv=01;35:*.wmv=01;35:*.asf=01;35:*.rm=01;35:*.rmvb=01;35:*.flc=01;35:*.avi=01;35:*.fli=01;35:*.flv=01;35:*.gl=01;35:*.dl=01;35:*.xcf=01;35:*.xwd=01;35:*.yuv=01;35:*.cgm=01;35:*.emf=01;35:*.ogv=01;35:*.ogx=01;35:*.aac=00;36:*.au=00;36:*.flac=00;36:*.m4a=00;36:*.mid=00;36:*.midi=00;36:*.mka=00;36:*.mp3=00;36:*.mpc=00;36:*.ogg=00;36:*.ra=00;36:*.wav=00;36:*.oga=00;36:*.opus=00;36:*.spx=00;36:*.xspf=00;36:'), ('VSCODE_GIT_IPC_HANDLE', '/run/user/1000/vscode-git-a9f1ef9bc6.sock'), ('TERM_PROGRAM', 'vscode'), ('ROS_DOMAIN_ID', '1'), ('AMENT_PREFIX_PATH', '/opt/ros/humble'), ('SHELL', '/bin/bash'), ('LESSCLOSE', '/usr/bin/lesspipe %s %s'), ('VSCODE_GIT_ASKPASS_EXTRA_ARGS', ''), ('PWD', '/home/ubuntu/spas_ws/build/spas_bringup'), ('LC_ALL', 'en_US.UTF-8'), ('SSH_CONNECTION', '192.168.236.158 64914 192.168.236.18 22'), ('PYTHONPATH', '/opt/ros/humble/lib/python3.10/site-packages:/opt/ros/humble/local/lib/python3.10/dist-packages:/usr/local/lib/python3/dist-packages'), ('COLCON', '1'), ('CMAKE_PREFIX_PATH', '/opt/ros/humble')]), 'shell': False}
[0.203791] (-) TimerEvent: {}
[0.304735] (-) TimerEvent: {}
[0.406312] (-) TimerEvent: {}
[0.509445] (-) TimerEvent: {}
[0.614261] (-) TimerEvent: {}
[0.717196] (-) TimerEvent: {}
[0.820221] (-) TimerEvent: {}
[0.921774] (-) TimerEvent: {}
[1.025469] (-) TimerEvent: {}
[1.128900] (-) TimerEvent: {}
[1.230952] (-) TimerEvent: {}
[1.332648] (-) TimerEvent: {}
[1.434390] (-) TimerEvent: {}
[1.537528] (-) TimerEvent: {}
[1.641893] (-) TimerEvent: {}
[1.748554] (-) TimerEvent: {}
[1.822911] (sllidar_ros2) StdoutLine: {'line': b'-- The C compiler identification is GNU 11.4.0\n'}
[1.828657] (spas_bringup) StdoutLine: {'line': b'-- The C compiler identification is GNU 11.4.0\n'}
[1.839806] (slam_toolbox) StdoutLine: {'line': b'-- The C compiler identification is GNU 11.4.0\n'}
[1.848790] (-) TimerEvent: {}
[1.951638] (-) TimerEvent: {}
[2.054650] (-) TimerEvent: {}
[2.156556] (-) TimerEvent: {}
[2.258327] (-) TimerEvent: {}
[2.359891] (-) TimerEvent: {}
[2.461456] (-) TimerEvent: {}
[2.563147] (-) TimerEvent: {}
[2.665446] (-) TimerEvent: {}
[2.767124] (-) TimerEvent: {}
[2.870602] (-) TimerEvent: {}
[2.972185] (-) TimerEvent: {}
[3.019404] (slam_toolbox) StdoutLine: {'line': b'-- The CXX compiler identification is GNU 11.4.0\n'}
[3.036674] (spas_bringup) StdoutLine: {'line': b'-- The CXX compiler identification is GNU 11.4.0\n'}
[3.056160] (sllidar_ros2) StdoutLine: {'line': b'-- The CXX compiler identification is GNU 11.4.0\n'}
[3.072368] (-) TimerEvent: {}
[3.079963] (spas_bringup) StdoutLine: {'line': b'-- Detecting C compiler ABI info\n'}
[3.081191] (slam_toolbox) StdoutLine: {'line': b'-- Detecting C compiler ABI info\n'}
[3.102372] (sllidar_ros2) StdoutLine: {'line': b'-- Detecting C compiler ABI info\n'}
[3.172551] (-) TimerEvent: {}
[3.274419] (-) TimerEvent: {}
[3.376777] (-) TimerEvent: {}
[3.479244] (-) TimerEvent: {}
[3.581923] (-) TimerEvent: {}
[3.594443] (slam_toolbox) StdoutLine: {'line': b'-- Detecting C compiler ABI info - done\n'}
[3.599348] (sllidar_ros2) StdoutLine: {'line': b'-- Detecting C compiler ABI info - done\n'}
[3.644791] (sllidar_ros2) StdoutLine: {'line': b'-- Check for working C compiler: /usr/bin/cc - skipped\n'}
[3.647470] (sllidar_ros2) StdoutLine: {'line': b'-- Detecting C compile features\n'}
[3.651093] (sllidar_ros2) StdoutLine: {'line': b'-- Detecting C compile features - done\n'}
[3.662152] (spas_bringup) StdoutLine: {'line': b'-- Detecting C compiler ABI info - done\n'}
[3.678687] (slam_toolbox) StdoutLine: {'line': b'-- Check for working C compiler: /usr/bin/cc - skipped\n'}
[3.679662] (slam_toolbox) StdoutLine: {'line': b'-- Detecting C compile features\n'}
[3.681329] (slam_toolbox) StdoutLine: {'line': b'-- Detecting C compile features - done\n'}
[3.681930] (-) TimerEvent: {}
[3.704256] (sllidar_ros2) StdoutLine: {'line': b'-- Detecting CXX compiler ABI info\n'}
[3.727200] (slam_toolbox) StdoutLine: {'line': b'-- Detecting CXX compiler ABI info\n'}
[3.755187] (spas_bringup) StdoutLine: {'line': b'-- Check for working C compiler: /usr/bin/cc - skipped\n'}
[3.756795] (spas_bringup) StdoutLine: {'line': b'-- Detecting C compile features\n'}
[3.758627] (spas_bringup) StdoutLine: {'line': b'-- Detecting C compile features - done\n'}
[3.782142] (-) TimerEvent: {}
[3.783804] (spas_bringup) StdoutLine: {'line': b'-- Detecting CXX compiler ABI info\n'}
[3.882434] (-) TimerEvent: {}
[3.985217] (-) TimerEvent: {}
[4.087285] (-) TimerEvent: {}
[4.194874] (-) TimerEvent: {}
[4.296815] (-) TimerEvent: {}
[4.394621] (sllidar_ros2) StdoutLine: {'line': b'-- Detecting CXX compiler ABI info - done\n'}
[4.397308] (-) TimerEvent: {}
[4.418373] (slam_toolbox) StdoutLine: {'line': b'-- Detecting CXX compiler ABI info - done\n'}
[4.436755] (spas_bringup) StdoutLine: {'line': b'-- Detecting CXX compiler ABI info - done\n'}
[4.443300] (sllidar_ros2) StdoutLine: {'line': b'-- Check for working CXX compiler: /usr/bin/c++ - skipped\n'}
[4.446283] (sllidar_ros2) StdoutLine: {'line': b'-- Detecting CXX compile features\n'}
[4.450026] (sllidar_ros2) StdoutLine: {'line': b'-- Detecting CXX compile features - done\n'}
[4.478228] (slam_toolbox) StdoutLine: {'line': b'-- Check for working CXX compiler: /usr/bin/c++ - skipped\n'}
[4.481069] (slam_toolbox) StdoutLine: {'line': b'-- Detecting CXX compile features\n'}
[4.485530] (slam_toolbox) StdoutLine: {'line': b'-- Detecting CXX compile features - done\n'}
[4.497475] (-) TimerEvent: {}
[4.518242] (spas_bringup) StdoutLine: {'line': b'-- Check for working CXX compiler: /usr/bin/c++ - skipped\n'}
[4.521151] (spas_bringup) StdoutLine: {'line': b'-- Detecting CXX compile features\n'}
[4.523126] (spas_bringup) StdoutLine: {'line': b'-- Detecting CXX compile features - done\n'}
[4.537335] (sllidar_ros2) StdoutLine: {'line': b'-- Found ament_cmake: 1.3.14 (/opt/ros/humble/share/ament_cmake/cmake)\n'}
[4.540921] (slam_toolbox) StdoutLine: {'line': b'-- Found ament_cmake: 1.3.14 (/opt/ros/humble/share/ament_cmake/cmake)\n'}
[4.560513] (spas_bringup) StdoutLine: {'line': b'-- Found ament_cmake: 1.3.14 (/opt/ros/humble/share/ament_cmake/cmake)\n'}
[4.597667] (-) TimerEvent: {}
[4.699141] (-) TimerEvent: {}
[4.800639] (-) TimerEvent: {}
[4.902418] (-) TimerEvent: {}
[5.004282] (-) TimerEvent: {}
[5.106505] (-) TimerEvent: {}
[5.208319] (-) TimerEvent: {}
[5.311047] (-) TimerEvent: {}
[5.412991] (-) TimerEvent: {}
[5.514820] (-) TimerEvent: {}
[5.616713] (-) TimerEvent: {}
[5.718355] (-) TimerEvent: {}
[5.748165] (slam_toolbox) StdoutLine: {'line': b'-- Found Python3: /usr/bin/python3 (found version "3.10.12") found components: Interpreter \n'}
[5.805650] (sllidar_ros2) StdoutLine: {'line': b'-- Found Python3: /usr/bin/python3 (found version "3.10.12") found components: Interpreter \n'}
[5.810474] (spas_bringup) StdoutLine: {'line': b'-- Found Python3: /usr/bin/python3 (found version "3.10.12") found components: Interpreter \n'}
[5.818595] (-) TimerEvent: {}
[5.919319] (-) TimerEvent: {}
[6.019984] (-) TimerEvent: {}
[6.120863] (-) TimerEvent: {}
[6.221692] (-) TimerEvent: {}
[6.323204] (-) TimerEvent: {}
[6.424254] (-) TimerEvent: {}
[6.526340] (-) TimerEvent: {}
[6.629571] (-) TimerEvent: {}
[6.733456] (-) TimerEvent: {}
[6.835317] (-) TimerEvent: {}
[6.937466] (-) TimerEvent: {}
[7.040642] (-) TimerEvent: {}
[7.070393] (sllidar_ros2) StdoutLine: {'line': b'-- Override CMake install command with custom implementation using symlinks instead of copying resources\n'}
[7.072294] (spas_bringup) StdoutLine: {'line': b'-- Override CMake install command with custom implementation using symlinks instead of copying resources\n'}
[7.078796] (slam_toolbox) StdoutLine: {'line': b'-- Override CMake install command with custom implementation using symlinks instead of copying resources\n'}
[7.140902] (-) TimerEvent: {}
[7.244787] (-) TimerEvent: {}
[7.351304] (-) TimerEvent: {}
[7.453920] (-) TimerEvent: {}
[7.556676] (-) TimerEvent: {}
[7.671733] (-) TimerEvent: {}
[7.774428] (-) TimerEvent: {}
[7.877204] (-) TimerEvent: {}
[7.980052] (-) TimerEvent: {}
[8.082874] (-) TimerEvent: {}
[8.185889] (-) TimerEvent: {}
[8.289943] (-) TimerEvent: {}
[8.393918] (-) TimerEvent: {}
[8.425165] (spas_control) Command: {'cmd': ['/usr/bin/python3', '-W', 'ignore:setup.py install is deprecated', '-W', 'ignore:easy_install command is deprecated', 'setup.py', 'develop', '--editable', '--build-directory', '/home/ubuntu/spas_ws/build/spas_control/build', '--no-deps', 'symlink_data'], 'cwd': '/home/ubuntu/spas_ws/build/spas_control', 'env': {'PYTHON_BASIC_REPL': '1', 'LESSOPEN': '| /usr/bin/lesspipe %s', 'USER': 'ubuntu', 'SSH_CLIENT': '192.168.236.158 64914 22', 'XDG_SESSION_TYPE': 'tty', 'GIT_ASKPASS': '/home/ubuntu/.vscode-server/cli/servers/Stable-0958016b2af9f09bb4257e0df4a95e2f90590f9f/server/extensions/git/dist/askpass.sh', 'SHLVL': '1', 'LD_LIBRARY_PATH': '/opt/ros/humble/opt/rviz_ogre_vendor/lib:/opt/ros/humble/lib/aarch64-linux-gnu:/opt/ros/humble/lib', 'BROWSER': '/home/ubuntu/.vscode-server/cli/servers/Stable-0958016b2af9f09bb4257e0df4a95e2f90590f9f/server/bin/helpers/browser.sh', 'MOTD_SHOWN': 'pam', 'HOME': '/home/ubuntu', 'OLDPWD': '/home/ubuntu/spas_ws/src', 'TERM_PROGRAM_VERSION': '1.120.0', 'VSCODE_IPC_HOOK_CLI': '/run/user/1000/vscode-ipc-4c52080f-8f54-4af6-b1c5-04354886fdd5.sock', 'ROS_PYTHON_VERSION': '3', 'VSCODE_GIT_ASKPASS_MAIN': '/home/ubuntu/.vscode-server/cli/servers/Stable-0958016b2af9f09bb4257e0df4a95e2f90590f9f/server/extensions/git/dist/askpass-main.js', 'VSCODE_GIT_ASKPASS_NODE': '/home/ubuntu/.vscode-server/cli/servers/Stable-0958016b2af9f09bb4257e0df4a95e2f90590f9f/server/node', 'PYDEVD_DISABLE_FILE_VALIDATION': '1', 'BUNDLED_DEBUGPY_PATH': '/home/ubuntu/.vscode-server/extensions/ms-python.debugpy-2026.6.0/bundled/libs/debugpy', 'VSCODE_PYTHON_AUTOACTIVATE_GUARD': '1', 'DBUS_SESSION_BUS_ADDRESS': 'unix:path=/run/user/1000/bus', 'COLORTERM': 'truecolor', 'ROS_DISTRO': 'humble', 'LOGNAME': 'ubuntu', '_': '/usr/bin/colcon', 'ROS_VERSION': '2', 'XDG_SESSION_CLASS': 'user', 'TERM': 'xterm-256color', 'XDG_SESSION_ID': '1', 'ROS_LOCALHOST_ONLY': '0', 'PATH': '/opt/ros/humble/bin:/home/ubuntu/.vscode-server/data/User/globalStorage/github.copilot-chat/debugCommand:/home/ubuntu/.vscode-server/data/User/globalStorage/github.copilot-chat/copilotCli:/home/ubuntu/.vscode-server/cli/servers/Stable-0958016b2af9f09bb4257e0df4a95e2f90590f9f/server/bin/remote-cli:/usr/local/sbin:/usr/local/bin:/usr/sbin:/usr/bin:/sbin:/bin:/usr/games:/usr/local/games:/snap/bin:/home/ubuntu/.vscode-server/extensions/ms-python.debugpy-2026.6.0/bundled/scripts/noConfigScripts:/usr/local/bin', 'XDG_RUNTIME_DIR': '/run/user/1000', 'VSCODE_DEBUGPY_ADAPTER_ENDPOINTS': '/home/ubuntu/.vscode-server/extensions/ms-python.debugpy-2026.6.0/.noConfigDebugAdapterEndpoints/endpoint-00d0b5565ef995a9.txt', 'LANG': 'en_US.UTF-8', 'PYTHONSTARTUP': '/home/ubuntu/.vscode-server/data/User/workspaceStorage/f3bef80f69d224608c509b83f13a955a/ms-python.python/pythonrc.py', 'LS_COLORS': 'rs=0:di=01;34:ln=01;36:mh=00:pi=40;33:so=01;35:do=01;35:bd=40;33;01:cd=40;33;01:or=40;31;01:mi=00:su=37;41:sg=30;43:ca=30;41:tw=30;42:ow=34;42:st=37;44:ex=01;32:*.tar=01;31:*.tgz=01;31:*.arc=01;31:*.arj=01;31:*.taz=01;31:*.lha=01;31:*.lz4=01;31:*.lzh=01;31:*.lzma=01;31:*.tlz=01;31:*.txz=01;31:*.tzo=01;31:*.t7z=01;31:*.zip=01;31:*.z=01;31:*.dz=01;31:*.gz=01;31:*.lrz=01;31:*.lz=01;31:*.lzo=01;31:*.xz=01;31:*.zst=01;31:*.tzst=01;31:*.bz2=01;31:*.bz=01;31:*.tbz=01;31:*.tbz2=01;31:*.tz=01;31:*.deb=01;31:*.rpm=01;31:*.jar=01;31:*.war=01;31:*.ear=01;31:*.sar=01;31:*.rar=01;31:*.alz=01;31:*.ace=01;31:*.zoo=01;31:*.cpio=01;31:*.7z=01;31:*.rz=01;31:*.cab=01;31:*.wim=01;31:*.swm=01;31:*.dwm=01;31:*.esd=01;31:*.jpg=01;35:*.jpeg=01;35:*.mjpg=01;35:*.mjpeg=01;35:*.gif=01;35:*.bmp=01;35:*.pbm=01;35:*.pgm=01;35:*.ppm=01;35:*.tga=01;35:*.xbm=01;35:*.xpm=01;35:*.tif=01;35:*.tiff=01;35:*.png=01;35:*.svg=01;35:*.svgz=01;35:*.mng=01;35:*.pcx=01;35:*.mov=01;35:*.mpg=01;35:*.mpeg=01;35:*.m2v=01;35:*.mkv=01;35:*.webm=01;35:*.webp=01;35:*.ogm=01;35:*.mp4=01;35:*.m4v=01;35:*.mp4v=01;35:*.vob=01;35:*.qt=01;35:*.nuv=01;35:*.wmv=01;35:*.asf=01;35:*.rm=01;35:*.rmvb=01;35:*.flc=01;35:*.avi=01;35:*.fli=01;35:*.flv=01;35:*.gl=01;35:*.dl=01;35:*.xcf=01;35:*.xwd=01;35:*.yuv=01;35:*.cgm=01;35:*.emf=01;35:*.ogv=01;35:*.ogx=01;35:*.aac=00;36:*.au=00;36:*.flac=00;36:*.m4a=00;36:*.mid=00;36:*.midi=00;36:*.mka=00;36:*.mp3=00;36:*.mpc=00;36:*.ogg=00;36:*.ra=00;36:*.wav=00;36:*.oga=00;36:*.opus=00;36:*.spx=00;36:*.xspf=00;36:', 'VSCODE_GIT_IPC_HANDLE': '/run/user/1000/vscode-git-a9f1ef9bc6.sock', 'TERM_PROGRAM': 'vscode', 'ROS_DOMAIN_ID': '1', 'AMENT_PREFIX_PATH': '/opt/ros/humble', 'SHELL': '/bin/bash', 'LESSCLOSE': '/usr/bin/lesspipe %s %s', 'VSCODE_GIT_ASKPASS_EXTRA_ARGS': '', 'PWD': '/home/ubuntu/spas_ws/build/spas_control', 'LC_ALL': 'en_US.UTF-8', 'SSH_CONNECTION': '192.168.236.158 64914 192.168.236.18 22', 'PYTHONPATH': '/home/ubuntu/spas_ws/build/spas_control/prefix_override:/usr/lib/python3/dist-packages/colcon_core/task/python/colcon_distutils_commands:/home/ubuntu/spas_ws/install/spas_control/lib/python3.10/site-packages:/opt/ros/humble/lib/python3.10/site-packages:/opt/ros/humble/local/lib/python3.10/dist-packages:/usr/local/lib/python3/dist-packages', 'COLCON': '1'}, 'shell': False}
[8.450116] (slam_toolbox) StdoutLine: {'line': b'-- Found message_filters: 4.3.15 (/opt/ros/humble/share/message_filters/cmake)\n'}
[8.451689] (sllidar_ros2) StdoutLine: {'line': b'-- Found rclcpp: 16.0.19 (/opt/ros/humble/share/rclcpp/cmake)\n'}
[8.476987] (spas_bringup) StdoutLine: {'line': b'-- Found ament_lint_auto: 0.12.15 (/opt/ros/humble/share/ament_lint_auto/cmake)\n'}
[8.494235] (-) TimerEvent: {}
[8.597284] (-) TimerEvent: {}
[8.699115] (-) TimerEvent: {}
[8.802312] (-) TimerEvent: {}
[8.905812] (-) TimerEvent: {}
[9.009268] (-) TimerEvent: {}
[9.111068] (-) TimerEvent: {}
[9.214183] (-) TimerEvent: {}
[9.317300] (-) TimerEvent: {}
[9.421106] (-) TimerEvent: {}
[9.524022] (-) TimerEvent: {}
[9.627261] (-) TimerEvent: {}
[9.730541] (-) TimerEvent: {}
[9.837713] (-) TimerEvent: {}
[9.938966] (-) TimerEvent: {}
[9.997371] (sllidar_ros2) StdoutLine: {'line': b'-- Found rosidl_generator_c: 3.1.8 (/opt/ros/humble/share/rosidl_generator_c/cmake)\n'}
[10.039361] (-) TimerEvent: {}
[10.142438] (-) TimerEvent: {}
[10.245273] (-) TimerEvent: {}
[10.289265] (slam_toolbox) StdoutLine: {'line': b'-- Found rosidl_generator_c: 3.1.8 (/opt/ros/humble/share/rosidl_generator_c/cmake)\n'}
[10.310445] (sllidar_ros2) StdoutLine: {'line': b'-- Found rosidl_adapter: 3.1.8 (/opt/ros/humble/share/rosidl_adapter/cmake)\n'}
[10.345573] (-) TimerEvent: {}
[10.448678] (-) TimerEvent: {}
[10.555751] (-) TimerEvent: {}
[10.588583] (spas_bringup) StdoutLine: {'line': b"-- Added test 'lint_cmake' to check CMake code style\n"}
[10.606552] (slam_toolbox) StdoutLine: {'line': b'-- Found rosidl_adapter: 3.1.8 (/opt/ros/humble/share/rosidl_adapter/cmake)\n'}
[10.619657] (spas_bringup) StdoutLine: {'line': b"-- Added test 'xmllint' to check XML markup files\n"}
[10.650917] (spas_bringup) StdoutLine: {'line': b'-- Configuring done\n'}
[10.656468] (-) TimerEvent: {}
[10.716397] (spas_bringup) StdoutLine: {'line': b'-- Generating done\n'}
[10.756950] (-) TimerEvent: {}
[10.787178] (spas_bringup) StdoutLine: {'line': b'-- Build files have been written to: /home/ubuntu/spas_ws/build/spas_bringup\n'}
[10.862723] (spas_bringup) CommandEnded: {'returncode': 0}
[10.866433] (-) TimerEvent: {}
[10.869278] (spas_bringup) JobProgress: {'identifier': 'spas_bringup', 'progress': 'build'}
[10.871893] (spas_bringup) Command: {'cmd': ['/usr/bin/cmake', '--build', '/home/ubuntu/spas_ws/build/spas_bringup', '--', '-j4', '-l4'], 'cwd': '/home/ubuntu/spas_ws/build/spas_bringup', 'env': OrderedDict([('PYTHON_BASIC_REPL', '1'), ('LESSOPEN', '| /usr/bin/lesspipe %s'), ('USER', 'ubuntu'), ('SSH_CLIENT', '192.168.236.158 64914 22'), ('XDG_SESSION_TYPE', 'tty'), ('GIT_ASKPASS', '/home/ubuntu/.vscode-server/cli/servers/Stable-0958016b2af9f09bb4257e0df4a95e2f90590f9f/server/extensions/git/dist/askpass.sh'), ('SHLVL', '1'), ('LD_LIBRARY_PATH', '/opt/ros/humble/opt/rviz_ogre_vendor/lib:/opt/ros/humble/lib/aarch64-linux-gnu:/opt/ros/humble/lib'), ('BROWSER', '/home/ubuntu/.vscode-server/cli/servers/Stable-0958016b2af9f09bb4257e0df4a95e2f90590f9f/server/bin/helpers/browser.sh'), ('MOTD_SHOWN', 'pam'), ('HOME', '/home/ubuntu'), ('OLDPWD', '/home/ubuntu/spas_ws/src'), ('TERM_PROGRAM_VERSION', '1.120.0'), ('VSCODE_IPC_HOOK_CLI', '/run/user/1000/vscode-ipc-4c52080f-8f54-4af6-b1c5-04354886fdd5.sock'), ('ROS_PYTHON_VERSION', '3'), ('VSCODE_GIT_ASKPASS_MAIN', '/home/ubuntu/.vscode-server/cli/servers/Stable-0958016b2af9f09bb4257e0df4a95e2f90590f9f/server/extensions/git/dist/askpass-main.js'), ('VSCODE_GIT_ASKPASS_NODE', '/home/ubuntu/.vscode-server/cli/servers/Stable-0958016b2af9f09bb4257e0df4a95e2f90590f9f/server/node'), ('PYDEVD_DISABLE_FILE_VALIDATION', '1'), ('BUNDLED_DEBUGPY_PATH', '/home/ubuntu/.vscode-server/extensions/ms-python.debugpy-2026.6.0/bundled/libs/debugpy'), ('VSCODE_PYTHON_AUTOACTIVATE_GUARD', '1'), ('DBUS_SESSION_BUS_ADDRESS', 'unix:path=/run/user/1000/bus'), ('COLORTERM', 'truecolor'), ('ROS_DISTRO', 'humble'), ('LOGNAME', 'ubuntu'), ('_', '/usr/bin/colcon'), ('ROS_VERSION', '2'), ('XDG_SESSION_CLASS', 'user'), ('TERM', 'xterm-256color'), ('XDG_SESSION_ID', '1'), ('ROS_LOCALHOST_ONLY', '0'), ('PATH', '/opt/ros/humble/bin:/home/ubuntu/.vscode-server/data/User/globalStorage/github.copilot-chat/debugCommand:/home/ubuntu/.vscode-server/data/User/globalStorage/github.copilot-chat/copilotCli:/home/ubuntu/.vscode-server/cli/servers/Stable-0958016b2af9f09bb4257e0df4a95e2f90590f9f/server/bin/remote-cli:/usr/local/sbin:/usr/local/bin:/usr/sbin:/usr/bin:/sbin:/bin:/usr/games:/usr/local/games:/snap/bin:/home/ubuntu/.vscode-server/extensions/ms-python.debugpy-2026.6.0/bundled/scripts/noConfigScripts:/usr/local/bin'), ('XDG_RUNTIME_DIR', '/run/user/1000'), ('VSCODE_DEBUGPY_ADAPTER_ENDPOINTS', '/home/ubuntu/.vscode-server/extensions/ms-python.debugpy-2026.6.0/.noConfigDebugAdapterEndpoints/endpoint-00d0b5565ef995a9.txt'), ('LANG', 'en_US.UTF-8'), ('PYTHONSTARTUP', '/home/ubuntu/.vscode-server/data/User/workspaceStorage/f3bef80f69d224608c509b83f13a955a/ms-python.python/pythonrc.py'), ('LS_COLORS', 'rs=0:di=01;34:ln=01;36:mh=00:pi=40;33:so=01;35:do=01;35:bd=40;33;01:cd=40;33;01:or=40;31;01:mi=00:su=37;41:sg=30;43:ca=30;41:tw=30;42:ow=34;42:st=37;44:ex=01;32:*.tar=01;31:*.tgz=01;31:*.arc=01;31:*.arj=01;31:*.taz=01;31:*.lha=01;31:*.lz4=01;31:*.lzh=01;31:*.lzma=01;31:*.tlz=01;31:*.txz=01;31:*.tzo=01;31:*.t7z=01;31:*.zip=01;31:*.z=01;31:*.dz=01;31:*.gz=01;31:*.lrz=01;31:*.lz=01;31:*.lzo=01;31:*.xz=01;31:*.zst=01;31:*.tzst=01;31:*.bz2=01;31:*.bz=01;31:*.tbz=01;31:*.tbz2=01;31:*.tz=01;31:*.deb=01;31:*.rpm=01;31:*.jar=01;31:*.war=01;31:*.ear=01;31:*.sar=01;31:*.rar=01;31:*.alz=01;31:*.ace=01;31:*.zoo=01;31:*.cpio=01;31:*.7z=01;31:*.rz=01;31:*.cab=01;31:*.wim=01;31:*.swm=01;31:*.dwm=01;31:*.esd=01;31:*.jpg=01;35:*.jpeg=01;35:*.mjpg=01;35:*.mjpeg=01;35:*.gif=01;35:*.bmp=01;35:*.pbm=01;35:*.pgm=01;35:*.ppm=01;35:*.tga=01;35:*.xbm=01;35:*.xpm=01;35:*.tif=01;35:*.tiff=01;35:*.png=01;35:*.svg=01;35:*.svgz=01;35:*.mng=01;35:*.pcx=01;35:*.mov=01;35:*.mpg=01;35:*.mpeg=01;35:*.m2v=01;35:*.mkv=01;35:*.webm=01;35:*.webp=01;35:*.ogm=01;35:*.mp4=01;35:*.m4v=01;35:*.mp4v=01;35:*.vob=01;35:*.qt=01;35:*.nuv=01;35:*.wmv=01;35:*.asf=01;35:*.rm=01;35:*.rmvb=01;35:*.flc=01;35:*.avi=01;35:*.fli=01;35:*.flv=01;35:*.gl=01;35:*.dl=01;35:*.xcf=01;35:*.xwd=01;35:*.yuv=01;35:*.cgm=01;35:*.emf=01;35:*.ogv=01;35:*.ogx=01;35:*.aac=00;36:*.au=00;36:*.flac=00;36:*.m4a=00;36:*.mid=00;36:*.midi=00;36:*.mka=00;36:*.mp3=00;36:*.mpc=00;36:*.ogg=00;36:*.ra=00;36:*.wav=00;36:*.oga=00;36:*.opus=00;36:*.spx=00;36:*.xspf=00;36:'), ('VSCODE_GIT_IPC_HANDLE', '/run/user/1000/vscode-git-a9f1ef9bc6.sock'), ('TERM_PROGRAM', 'vscode'), ('ROS_DOMAIN_ID', '1'), ('AMENT_PREFIX_PATH', '/opt/ros/humble'), ('SHELL', '/bin/bash'), ('LESSCLOSE', '/usr/bin/lesspipe %s %s'), ('VSCODE_GIT_ASKPASS_EXTRA_ARGS', ''), ('PWD', '/home/ubuntu/spas_ws/build/spas_bringup'), ('LC_ALL', 'en_US.UTF-8'), ('SSH_CONNECTION', '192.168.236.158 64914 192.168.236.18 22'), ('PYTHONPATH', '/opt/ros/humble/lib/python3.10/site-packages:/opt/ros/humble/local/lib/python3.10/dist-packages:/usr/local/lib/python3/dist-packages'), ('COLCON', '1'), ('CMAKE_PREFIX_PATH', '/opt/ros/humble')]), 'shell': False}
[10.899525] (slam_toolbox) StdoutLine: {'line': b'-- Found rosidl_generator_cpp: 3.1.8 (/opt/ros/humble/share/rosidl_generator_cpp/cmake)\n'}
[10.901569] (sllidar_ros2) StdoutLine: {'line': b'-- Found rosidl_generator_cpp: 3.1.8 (/opt/ros/humble/share/rosidl_generator_cpp/cmake)\n'}
[10.966801] (-) TimerEvent: {}
[11.069829] (-) TimerEvent: {}
[11.174744] (-) TimerEvent: {}
[11.280931] (-) TimerEvent: {}
[11.384175] (-) TimerEvent: {}
[11.436481] (slam_toolbox) StdoutLine: {'line': b'-- Using all available rosidl_typesupport_c: rosidl_typesupport_fastrtps_c;rosidl_typesupport_introspection_c\n'}
[11.472771] (sllidar_ros2) StdoutLine: {'line': b'-- Using all available rosidl_typesupport_c: rosidl_typesupport_fastrtps_c;rosidl_typesupport_introspection_c\n'}
[11.484508] (-) TimerEvent: {}
[11.511684] (spas_bringup) CommandEnded: {'returncode': 0}
[11.517299] (spas_bringup) JobProgress: {'identifier': 'spas_bringup', 'progress': 'install'}
[11.584858] (-) TimerEvent: {}
[11.649736] (spas_bringup) Command: {'cmd': ['/usr/bin/cmake', '--install', '/home/ubuntu/spas_ws/build/spas_bringup'], 'cwd': '/home/ubuntu/spas_ws/build/spas_bringup', 'env': OrderedDict([('PYTHON_BASIC_REPL', '1'), ('LESSOPEN', '| /usr/bin/lesspipe %s'), ('USER', 'ubuntu'), ('SSH_CLIENT', '192.168.236.158 64914 22'), ('XDG_SESSION_TYPE', 'tty'), ('GIT_ASKPASS', '/home/ubuntu/.vscode-server/cli/servers/Stable-0958016b2af9f09bb4257e0df4a95e2f90590f9f/server/extensions/git/dist/askpass.sh'), ('SHLVL', '1'), ('LD_LIBRARY_PATH', '/opt/ros/humble/opt/rviz_ogre_vendor/lib:/opt/ros/humble/lib/aarch64-linux-gnu:/opt/ros/humble/lib'), ('BROWSER', '/home/ubuntu/.vscode-server/cli/servers/Stable-0958016b2af9f09bb4257e0df4a95e2f90590f9f/server/bin/helpers/browser.sh'), ('MOTD_SHOWN', 'pam'), ('HOME', '/home/ubuntu'), ('OLDPWD', '/home/ubuntu/spas_ws/src'), ('TERM_PROGRAM_VERSION', '1.120.0'), ('VSCODE_IPC_HOOK_CLI', '/run/user/1000/vscode-ipc-4c52080f-8f54-4af6-b1c5-04354886fdd5.sock'), ('ROS_PYTHON_VERSION', '3'), ('VSCODE_GIT_ASKPASS_MAIN', '/home/ubuntu/.vscode-server/cli/servers/Stable-0958016b2af9f09bb4257e0df4a95e2f90590f9f/server/extensions/git/dist/askpass-main.js'), ('VSCODE_GIT_ASKPASS_NODE', '/home/ubuntu/.vscode-server/cli/servers/Stable-0958016b2af9f09bb4257e0df4a95e2f90590f9f/server/node'), ('PYDEVD_DISABLE_FILE_VALIDATION', '1'), ('BUNDLED_DEBUGPY_PATH', '/home/ubuntu/.vscode-server/extensions/ms-python.debugpy-2026.6.0/bundled/libs/debugpy'), ('VSCODE_PYTHON_AUTOACTIVATE_GUARD', '1'), ('DBUS_SESSION_BUS_ADDRESS', 'unix:path=/run/user/1000/bus'), ('COLORTERM', 'truecolor'), ('ROS_DISTRO', 'humble'), ('LOGNAME', 'ubuntu'), ('_', '/usr/bin/colcon'), ('ROS_VERSION', '2'), ('XDG_SESSION_CLASS', 'user'), ('TERM', 'xterm-256color'), ('XDG_SESSION_ID', '1'), ('ROS_LOCALHOST_ONLY', '0'), ('PATH', '/opt/ros/humble/bin:/home/ubuntu/.vscode-server/data/User/globalStorage/github.copilot-chat/debugCommand:/home/ubuntu/.vscode-server/data/User/globalStorage/github.copilot-chat/copilotCli:/home/ubuntu/.vscode-server/cli/servers/Stable-0958016b2af9f09bb4257e0df4a95e2f90590f9f/server/bin/remote-cli:/usr/local/sbin:/usr/local/bin:/usr/sbin:/usr/bin:/sbin:/bin:/usr/games:/usr/local/games:/snap/bin:/home/ubuntu/.vscode-server/extensions/ms-python.debugpy-2026.6.0/bundled/scripts/noConfigScripts:/usr/local/bin'), ('XDG_RUNTIME_DIR', '/run/user/1000'), ('VSCODE_DEBUGPY_ADAPTER_ENDPOINTS', '/home/ubuntu/.vscode-server/extensions/ms-python.debugpy-2026.6.0/.noConfigDebugAdapterEndpoints/endpoint-00d0b5565ef995a9.txt'), ('LANG', 'en_US.UTF-8'), ('PYTHONSTARTUP', '/home/ubuntu/.vscode-server/data/User/workspaceStorage/f3bef80f69d224608c509b83f13a955a/ms-python.python/pythonrc.py'), ('LS_COLORS', 'rs=0:di=01;34:ln=01;36:mh=00:pi=40;33:so=01;35:do=01;35:bd=40;33;01:cd=40;33;01:or=40;31;01:mi=00:su=37;41:sg=30;43:ca=30;41:tw=30;42:ow=34;42:st=37;44:ex=01;32:*.tar=01;31:*.tgz=01;31:*.arc=01;31:*.arj=01;31:*.taz=01;31:*.lha=01;31:*.lz4=01;31:*.lzh=01;31:*.lzma=01;31:*.tlz=01;31:*.txz=01;31:*.tzo=01;31:*.t7z=01;31:*.zip=01;31:*.z=01;31:*.dz=01;31:*.gz=01;31:*.lrz=01;31:*.lz=01;31:*.lzo=01;31:*.xz=01;31:*.zst=01;31:*.tzst=01;31:*.bz2=01;31:*.bz=01;31:*.tbz=01;31:*.tbz2=01;31:*.tz=01;31:*.deb=01;31:*.rpm=01;31:*.jar=01;31:*.war=01;31:*.ear=01;31:*.sar=01;31:*.rar=01;31:*.alz=01;31:*.ace=01;31:*.zoo=01;31:*.cpio=01;31:*.7z=01;31:*.rz=01;31:*.cab=01;31:*.wim=01;31:*.swm=01;31:*.dwm=01;31:*.esd=01;31:*.jpg=01;35:*.jpeg=01;35:*.mjpg=01;35:*.mjpeg=01;35:*.gif=01;35:*.bmp=01;35:*.pbm=01;35:*.pgm=01;35:*.ppm=01;35:*.tga=01;35:*.xbm=01;35:*.xpm=01;35:*.tif=01;35:*.tiff=01;35:*.png=01;35:*.svg=01;35:*.svgz=01;35:*.mng=01;35:*.pcx=01;35:*.mov=01;35:*.mpg=01;35:*.mpeg=01;35:*.m2v=01;35:*.mkv=01;35:*.webm=01;35:*.webp=01;35:*.ogm=01;35:*.mp4=01;35:*.m4v=01;35:*.mp4v=01;35:*.vob=01;35:*.qt=01;35:*.nuv=01;35:*.wmv=01;35:*.asf=01;35:*.rm=01;35:*.rmvb=01;35:*.flc=01;35:*.avi=01;35:*.fli=01;35:*.flv=01;35:*.gl=01;35:*.dl=01;35:*.xcf=01;35:*.xwd=01;35:*.yuv=01;35:*.cgm=01;35:*.emf=01;35:*.ogv=01;35:*.ogx=01;35:*.aac=00;36:*.au=00;36:*.flac=00;36:*.m4a=00;36:*.mid=00;36:*.midi=00;36:*.mka=00;36:*.mp3=00;36:*.mpc=00;36:*.ogg=00;36:*.ra=00;36:*.wav=00;36:*.oga=00;36:*.opus=00;36:*.spx=00;36:*.xspf=00;36:'), ('VSCODE_GIT_IPC_HANDLE', '/run/user/1000/vscode-git-a9f1ef9bc6.sock'), ('TERM_PROGRAM', 'vscode'), ('ROS_DOMAIN_ID', '1'), ('AMENT_PREFIX_PATH', '/opt/ros/humble'), ('SHELL', '/bin/bash'), ('LESSCLOSE', '/usr/bin/lesspipe %s %s'), ('VSCODE_GIT_ASKPASS_EXTRA_ARGS', ''), ('PWD', '/home/ubuntu/spas_ws/build/spas_bringup'), ('LC_ALL', 'en_US.UTF-8'), ('SSH_CONNECTION', '192.168.236.158 64914 192.168.236.18 22'), ('PYTHONPATH', '/opt/ros/humble/lib/python3.10/site-packages:/opt/ros/humble/local/lib/python3.10/dist-packages:/usr/local/lib/python3/dist-packages'), ('COLCON', '1'), ('CMAKE_PREFIX_PATH', '/opt/ros/humble')]), 'shell': False}
[11.685228] (-) TimerEvent: {}
[11.786972] (-) TimerEvent: {}
[11.815131] (spas_bringup) StdoutLine: {'line': b'-- Install configuration: ""\n'}
[11.825108] (spas_bringup) StdoutLine: {'line': b'-- Execute custom install script\n'}
[11.846109] (spas_bringup) StdoutLine: {'line': b'-- Symlinking: /home/ubuntu/spas_ws/install/spas_bringup/share/ament_index/resource_index/package_run_dependencies/spas_bringup\n'}
[11.887293] (-) TimerEvent: {}
[11.989105] (-) TimerEvent: {}
[11.997150] (spas_bringup) StdoutLine: {'line': b'-- Symlinking: /home/ubuntu/spas_ws/install/spas_bringup/share/ament_index/resource_index/parent_prefix_path/spas_bringup\n'}
[12.089401] (-) TimerEvent: {}
[12.156936] (spas_bringup) StdoutLine: {'line': b'-- Symlinking: /home/ubuntu/spas_ws/install/spas_bringup/share/spas_bringup/environment/ament_prefix_path.sh\n'}
[12.164240] (sllidar_ros2) StdoutLine: {'line': b'-- Using all available rosidl_typesupport_cpp: rosidl_typesupport_fastrtps_cpp;rosidl_typesupport_introspection_cpp\n'}
[12.189715] (-) TimerEvent: {}
[12.202822] (slam_toolbox) StdoutLine: {'line': b'-- Using all available rosidl_typesupport_cpp: rosidl_typesupport_fastrtps_cpp;rosidl_typesupport_introspection_cpp\n'}
[12.290163] (-) TimerEvent: {}
[12.339371] (spas_bringup) StdoutLine: {'line': b'-- Symlinking: /home/ubuntu/spas_ws/install/spas_bringup/share/spas_bringup/environment/ament_prefix_path.dsv\n'}
[12.391052] (-) TimerEvent: {}
[12.489878] (spas_bringup) StdoutLine: {'line': b'-- Symlinking: /home/ubuntu/spas_ws/install/spas_bringup/share/spas_bringup/environment/path.sh\n'}
[12.491275] (-) TimerEvent: {}
[12.592841] (-) TimerEvent: {}
[12.629394] (spas_bringup) StdoutLine: {'line': b'-- Symlinking: /home/ubuntu/spas_ws/install/spas_bringup/share/spas_bringup/environment/path.dsv\n'}
[12.693209] (-) TimerEvent: {}
[12.780531] (spas_bringup) StdoutLine: {'line': b'-- Symlinking: /home/ubuntu/spas_ws/install/spas_bringup/share/spas_bringup/local_setup.bash\n'}
[12.795204] (-) TimerEvent: {}
[12.896827] (spas_bringup) StdoutLine: {'line': b'-- Symlinking: /home/ubuntu/spas_ws/install/spas_bringup/share/spas_bringup/local_setup.sh\n'}
[12.898318] (-) TimerEvent: {}
[13.001371] (-) TimerEvent: {}
[13.104701] (-) TimerEvent: {}
[13.197926] (spas_bringup) StdoutLine: {'line': b'-- Symlinking: /home/ubuntu/spas_ws/install/spas_bringup/share/spas_bringup/local_setup.zsh\n'}
[13.205637] (-) TimerEvent: {}
[13.277255] (spas_bringup) StdoutLine: {'line': b'-- Symlinking: /home/ubuntu/spas_ws/install/spas_bringup/share/spas_bringup/local_setup.dsv\n'}
[13.305270] (-) TimerEvent: {}
[13.326235] (spas_bringup) StdoutLine: {'line': b'-- Symlinking: /home/ubuntu/spas_ws/install/spas_bringup/share/spas_bringup/package.dsv\n'}
[13.375972] (spas_bringup) StdoutLine: {'line': b'-- Symlinking: /home/ubuntu/spas_ws/install/spas_bringup/share/ament_index/resource_index/packages/spas_bringup\n'}
[13.409527] (-) TimerEvent: {}
[13.460953] (spas_bringup) StdoutLine: {'line': b'-- Symlinking: /home/ubuntu/spas_ws/install/spas_bringup/share/spas_bringup/cmake/spas_bringupConfig.cmake\n'}
[13.502333] (spas_bringup) StdoutLine: {'line': b'-- Symlinking: /home/ubuntu/spas_ws/install/spas_bringup/share/spas_bringup/cmake/spas_bringupConfig-version.cmake\n'}
[13.509704] (-) TimerEvent: {}
[13.575382] (spas_bringup) StdoutLine: {'line': b'-- Symlinking: /home/ubuntu/spas_ws/install/spas_bringup/share/spas_bringup/package.xml\n'}
[13.609917] (-) TimerEvent: {}
[13.658825] (spas_bringup) CommandEnded: {'returncode': 0}
[13.710320] (-) TimerEvent: {}
[13.812600] (-) TimerEvent: {}
[13.831026] (sllidar_ros2) StdoutLine: {'line': b'-- Found rmw_implementation_cmake: 6.1.2 (/opt/ros/humble/share/rmw_implementation_cmake/cmake)\n'}
[13.839347] (slam_toolbox) StdoutLine: {'line': b'-- Found rmw_implementation_cmake: 6.1.2 (/opt/ros/humble/share/rmw_implementation_cmake/cmake)\n'}
[13.845205] (spas_bringup) JobEnded: {'identifier': 'spas_bringup', 'rc': 0}
[13.848601] (spas_perception) JobStarted: {'identifier': 'spas_perception'}
[13.910376] (sllidar_ros2) StdoutLine: {'line': b'-- Found rmw_fastrtps_cpp: 6.2.10 (/opt/ros/humble/share/rmw_fastrtps_cpp/cmake)\n'}
[13.911251] (slam_toolbox) StdoutLine: {'line': b'-- Found rmw_fastrtps_cpp: 6.2.10 (/opt/ros/humble/share/rmw_fastrtps_cpp/cmake)\n'}
[13.912828] (-) TimerEvent: {}
[13.940845] (spas_control) StdoutLine: {'line': b'running develop\n'}
[14.013009] (-) TimerEvent: {}
[14.114842] (-) TimerEvent: {}
[14.216637] (-) TimerEvent: {}
[14.318426] (-) TimerEvent: {}
[14.420459] (-) TimerEvent: {}
[14.523039] (-) TimerEvent: {}
[14.626043] (-) TimerEvent: {}
[14.729014] (-) TimerEvent: {}
[14.831789] (-) TimerEvent: {}
[14.934563] (-) TimerEvent: {}
[15.037593] (-) TimerEvent: {}
[15.140697] (-) TimerEvent: {}
[15.244480] (-) TimerEvent: {}
[15.347788] (-) TimerEvent: {}
[15.451311] (-) TimerEvent: {}
[15.557968] (-) TimerEvent: {}
[15.661743] (-) TimerEvent: {}
[15.764923] (-) TimerEvent: {}
[15.868095] (-) TimerEvent: {}
[15.971536] (-) TimerEvent: {}
[16.077677] (-) TimerEvent: {}
[16.081222] (sllidar_ros2) StdoutLine: {'line': b'-- Found OpenSSL: /usr/lib/aarch64-linux-gnu/libcrypto.so (found version "3.0.2")  \n'}
[16.178002] (-) TimerEvent: {}
[16.281226] (-) TimerEvent: {}
[16.298241] (slam_toolbox) StdoutLine: {'line': b'-- Found OpenSSL: /usr/lib/aarch64-linux-gnu/libcrypto.so (found version "3.0.2")  \n'}
[16.381484] (-) TimerEvent: {}
[16.484382] (-) TimerEvent: {}
[16.587560] (-) TimerEvent: {}
[16.690569] (-) TimerEvent: {}
[16.793881] (-) TimerEvent: {}
[16.898616] (-) TimerEvent: {}
[17.001439] (-) TimerEvent: {}
[17.104511] (-) TimerEvent: {}
[17.207856] (-) TimerEvent: {}
[17.317549] (-) TimerEvent: {}
[17.426135] (-) TimerEvent: {}
[17.529323] (-) TimerEvent: {}
[17.546841] (sllidar_ros2) StdoutLine: {'line': b'-- Found FastRTPS: /opt/ros/humble/include  \n'}
[17.629610] (-) TimerEvent: {}
[17.733012] (-) TimerEvent: {}
[17.855639] (slam_toolbox) StdoutLine: {'line': b'-- Found FastRTPS: /opt/ros/humble/include  \n'}
[17.856555] (-) TimerEvent: {}
[17.957651] (-) TimerEvent: {}
[18.059946] (-) TimerEvent: {}
[18.163737] (-) TimerEvent: {}
[18.267715] (-) TimerEvent: {}
[18.313181] (spas_control) StdoutLine: {'line': b'running egg_info\n'}
[18.314873] (spas_control) StdoutLine: {'line': b'creating spas_control.egg-info\n'}
[18.320473] (spas_control) StdoutLine: {'line': b'writing spas_control.egg-info/PKG-INFO\n'}
[18.342659] (spas_control) StdoutLine: {'line': b'writing dependency_links to spas_control.egg-info/dependency_links.txt\n'}
[18.347401] (spas_control) StdoutLine: {'line': b'writing entry points to spas_control.egg-info/entry_points.txt\n'}
[18.352713] (spas_control) StdoutLine: {'line': b'writing requirements to spas_control.egg-info/requires.txt\n'}
[18.357801] (spas_control) StdoutLine: {'line': b'writing top-level names to spas_control.egg-info/top_level.txt\n'}
[18.364947] (spas_control) StdoutLine: {'line': b"writing manifest file 'spas_control.egg-info/SOURCES.txt'\n"}
[18.368048] (-) TimerEvent: {}
[18.386290] (spas_control) StdoutLine: {'line': b"reading manifest file 'spas_control.egg-info/SOURCES.txt'\n"}
[18.402570] (spas_control) StdoutLine: {'line': b"writing manifest file 'spas_control.egg-info/SOURCES.txt'\n"}
[18.432429] (spas_control) StdoutLine: {'line': b'running build_ext\n'}
[18.435003] (spas_control) StdoutLine: {'line': b'Creating /home/ubuntu/spas_ws/install/spas_control/lib/python3.10/site-packages/spas-control.egg-link (link to .)\n'}
[18.443709] (spas_control) StdoutLine: {'line': b'\n'}
[18.446003] (spas_control) StdoutLine: {'line': b'Installed /home/ubuntu/spas_ws/build/spas_control\n'}
[18.448219] (spas_control) StdoutLine: {'line': b'running symlink_data\n'}
[18.449908] (spas_control) StdoutLine: {'line': b'creating /home/ubuntu/spas_ws/install/spas_control/share/ament_index\n'}
[18.452394] (spas_control) StdoutLine: {'line': b'creating /home/ubuntu/spas_ws/install/spas_control/share/ament_index/resource_index\n'}
[18.454421] (spas_control) StdoutLine: {'line': b'creating /home/ubuntu/spas_ws/install/spas_control/share/ament_index/resource_index/packages\n'}
[18.461584] (spas_control) StdoutLine: {'line': b'symbolically linking /home/ubuntu/spas_ws/build/spas_control/resource/spas_control -> /home/ubuntu/spas_ws/install/spas_control/share/ament_index/resource_index/packages\n'}
[18.463398] (spas_control) StdoutLine: {'line': b'symbolically linking /home/ubuntu/spas_ws/build/spas_control/package.xml -> /home/ubuntu/spas_ws/install/spas_control/share/spas_control\n'}
[18.477341] (-) TimerEvent: {}
[18.586239] (-) TimerEvent: {}
[18.691725] (-) TimerEvent: {}
[18.798639] (-) TimerEvent: {}
[18.903483] (spas_control) CommandEnded: {'returncode': 0}
[18.919913] (-) TimerEvent: {}
[19.028463] (-) TimerEvent: {}
[19.052777] (spas_control) JobEnded: {'identifier': 'spas_control', 'rc': 0}
[19.061805] (spas_planning) JobStarted: {'identifier': 'spas_planning'}
[19.129116] (-) TimerEvent: {}
[19.230545] (-) TimerEvent: {}
[19.332282] (-) TimerEvent: {}
[19.434987] (-) TimerEvent: {}
[19.538760] (-) TimerEvent: {}
[19.641998] (-) TimerEvent: {}
[19.697440] (slam_toolbox) StdoutLine: {'line': b"-- Using RMW implementation 'rmw_fastrtps_cpp' as default\n"}
[19.716251] (sllidar_ros2) StdoutLine: {'line': b"-- Using RMW implementation 'rmw_fastrtps_cpp' as default\n"}
[19.742293] (-) TimerEvent: {}
[19.845429] (-) TimerEvent: {}
[19.948559] (-) TimerEvent: {}
[20.051505] (-) TimerEvent: {}
[20.155337] (-) TimerEvent: {}
[20.170437] (slam_toolbox) StdoutLine: {'line': b'-- Looking for pthread.h\n'}
[20.255694] (-) TimerEvent: {}
[20.288759] (sllidar_ros2) StdoutLine: {'line': b'-- Looking for pthread.h\n'}
[20.356479] (-) TimerEvent: {}
[20.458318] (-) TimerEvent: {}
[20.560210] (-) TimerEvent: {}
[20.663351] (-) TimerEvent: {}
[20.766968] (-) TimerEvent: {}
[20.869947] (-) TimerEvent: {}
[20.973161] (-) TimerEvent: {}
[21.076176] (-) TimerEvent: {}
[21.179473] (-) TimerEvent: {}
[21.282126] (-) TimerEvent: {}
[21.383744] (-) TimerEvent: {}
[21.485810] (-) TimerEvent: {}
[21.501055] (slam_toolbox) StdoutLine: {'line': b'-- Looking for pthread.h - found\n'}
[21.511433] (slam_toolbox) StdoutLine: {'line': b'-- Performing Test CMAKE_HAVE_LIBC_PTHREAD\n'}
[21.586032] (-) TimerEvent: {}
[21.688008] (-) TimerEvent: {}
[21.741867] (sllidar_ros2) StdoutLine: {'line': b'-- Looking for pthread.h - found\n'}
[21.747819] (sllidar_ros2) StdoutLine: {'line': b'-- Performing Test CMAKE_HAVE_LIBC_PTHREAD\n'}
[21.788200] (-) TimerEvent: {}
[21.889969] (-) TimerEvent: {}
[21.991554] (-) TimerEvent: {}
[22.093321] (-) TimerEvent: {}
[22.195076] (-) TimerEvent: {}
[22.296888] (-) TimerEvent: {}
[22.325842] (slam_toolbox) StdoutLine: {'line': b'-- Performing Test CMAKE_HAVE_LIBC_PTHREAD - Success\n'}
[22.332695] (slam_toolbox) StdoutLine: {'line': b'-- Found Threads: TRUE  \n'}
[22.397066] (-) TimerEvent: {}
[22.499865] (-) TimerEvent: {}
[22.602045] (-) TimerEvent: {}
[22.642801] (sllidar_ros2) StdoutLine: {'line': b'-- Performing Test CMAKE_HAVE_LIBC_PTHREAD - Success\n'}
[22.668927] (sllidar_ros2) StdoutLine: {'line': b'-- Found Threads: TRUE  \n'}
[22.702468] (-) TimerEvent: {}
[22.804248] (-) TimerEvent: {}
[22.906052] (-) TimerEvent: {}
[23.008607] (-) TimerEvent: {}
[23.109592] (-) TimerEvent: {}
[23.212887] (-) TimerEvent: {}
[23.316051] (-) TimerEvent: {}
[23.424736] (-) TimerEvent: {}
[23.528743] (-) TimerEvent: {}
[23.630613] (-) TimerEvent: {}
[23.732437] (-) TimerEvent: {}
[23.835472] (-) TimerEvent: {}
[23.940222] (-) TimerEvent: {}
[24.042056] (-) TimerEvent: {}
[24.070255] (slam_toolbox) StdoutLine: {'line': b'-- Found nav_msgs: 4.9.1 (/opt/ros/humble/share/nav_msgs/cmake)\n'}
[24.125123] (sllidar_ros2) StdoutLine: {'line': b'-- Found sensor_msgs: 4.9.1 (/opt/ros/humble/share/sensor_msgs/cmake)\n'}
[24.142407] (-) TimerEvent: {}
[24.243987] (-) TimerEvent: {}
[24.345774] (-) TimerEvent: {}
[24.447378] (-) TimerEvent: {}
[24.550736] (-) TimerEvent: {}
[24.657388] (-) TimerEvent: {}
[24.760514] (-) TimerEvent: {}
[24.864732] (-) TimerEvent: {}
[24.970586] (-) TimerEvent: {}
[25.073633] (-) TimerEvent: {}
[25.087348] (slam_toolbox) StdoutLine: {'line': b'-- Found sensor_msgs: 4.9.1 (/opt/ros/humble/share/sensor_msgs/cmake)\n'}
[25.150633] (sllidar_ros2) StdoutLine: {'line': b'-- Found std_srvs: 4.9.1 (/opt/ros/humble/share/std_srvs/cmake)\n'}
[25.173963] (-) TimerEvent: {}
[25.275659] (-) TimerEvent: {}
[25.377921] (-) TimerEvent: {}
[25.480764] (-) TimerEvent: {}
[25.554454] (spas_perception) Command: {'cmd': ['/usr/bin/python3', '-W', 'ignore:setup.py install is deprecated', '-W', 'ignore:easy_install command is deprecated', 'setup.py', 'develop', '--editable', '--build-directory', '/home/ubuntu/spas_ws/build/spas_perception/build', '--no-deps', 'symlink_data'], 'cwd': '/home/ubuntu/spas_ws/build/spas_perception', 'env': {'PYTHON_BASIC_REPL': '1', 'LESSOPEN': '| /usr/bin/lesspipe %s', 'USER': 'ubuntu', 'SSH_CLIENT': '192.168.236.158 64914 22', 'XDG_SESSION_TYPE': 'tty', 'GIT_ASKPASS': '/home/ubuntu/.vscode-server/cli/servers/Stable-0958016b2af9f09bb4257e0df4a95e2f90590f9f/server/extensions/git/dist/askpass.sh', 'SHLVL': '1', 'LD_LIBRARY_PATH': '/opt/ros/humble/opt/rviz_ogre_vendor/lib:/opt/ros/humble/lib/aarch64-linux-gnu:/opt/ros/humble/lib', 'BROWSER': '/home/ubuntu/.vscode-server/cli/servers/Stable-0958016b2af9f09bb4257e0df4a95e2f90590f9f/server/bin/helpers/browser.sh', 'MOTD_SHOWN': 'pam', 'HOME': '/home/ubuntu', 'OLDPWD': '/home/ubuntu/spas_ws/src', 'TERM_PROGRAM_VERSION': '1.120.0', 'VSCODE_IPC_HOOK_CLI': '/run/user/1000/vscode-ipc-4c52080f-8f54-4af6-b1c5-04354886fdd5.sock', 'ROS_PYTHON_VERSION': '3', 'VSCODE_GIT_ASKPASS_MAIN': '/home/ubuntu/.vscode-server/cli/servers/Stable-0958016b2af9f09bb4257e0df4a95e2f90590f9f/server/extensions/git/dist/askpass-main.js', 'VSCODE_GIT_ASKPASS_NODE': '/home/ubuntu/.vscode-server/cli/servers/Stable-0958016b2af9f09bb4257e0df4a95e2f90590f9f/server/node', 'PYDEVD_DISABLE_FILE_VALIDATION': '1', 'BUNDLED_DEBUGPY_PATH': '/home/ubuntu/.vscode-server/extensions/ms-python.debugpy-2026.6.0/bundled/libs/debugpy', 'VSCODE_PYTHON_AUTOACTIVATE_GUARD': '1', 'DBUS_SESSION_BUS_ADDRESS': 'unix:path=/run/user/1000/bus', 'COLORTERM': 'truecolor', 'ROS_DISTRO': 'humble', 'LOGNAME': 'ubuntu', '_': '/usr/bin/colcon', 'ROS_VERSION': '2', 'XDG_SESSION_CLASS': 'user', 'TERM': 'xterm-256color', 'XDG_SESSION_ID': '1', 'ROS_LOCALHOST_ONLY': '0', 'PATH': '/opt/ros/humble/bin:/home/ubuntu/.vscode-server/data/User/globalStorage/github.copilot-chat/debugCommand:/home/ubuntu/.vscode-server/data/User/globalStorage/github.copilot-chat/copilotCli:/home/ubuntu/.vscode-server/cli/servers/Stable-0958016b2af9f09bb4257e0df4a95e2f90590f9f/server/bin/remote-cli:/usr/local/sbin:/usr/local/bin:/usr/sbin:/usr/bin:/sbin:/bin:/usr/games:/usr/local/games:/snap/bin:/home/ubuntu/.vscode-server/extensions/ms-python.debugpy-2026.6.0/bundled/scripts/noConfigScripts:/usr/local/bin', 'XDG_RUNTIME_DIR': '/run/user/1000', 'VSCODE_DEBUGPY_ADAPTER_ENDPOINTS': '/home/ubuntu/.vscode-server/extensions/ms-python.debugpy-2026.6.0/.noConfigDebugAdapterEndpoints/endpoint-00d0b5565ef995a9.txt', 'LANG': 'en_US.UTF-8', 'PYTHONSTARTUP': '/home/ubuntu/.vscode-server/data/User/workspaceStorage/f3bef80f69d224608c509b83f13a955a/ms-python.python/pythonrc.py', 'LS_COLORS': 'rs=0:di=01;34:ln=01;36:mh=00:pi=40;33:so=01;35:do=01;35:bd=40;33;01:cd=40;33;01:or=40;31;01:mi=00:su=37;41:sg=30;43:ca=30;41:tw=30;42:ow=34;42:st=37;44:ex=01;32:*.tar=01;31:*.tgz=01;31:*.arc=01;31:*.arj=01;31:*.taz=01;31:*.lha=01;31:*.lz4=01;31:*.lzh=01;31:*.lzma=01;31:*.tlz=01;31:*.txz=01;31:*.tzo=01;31:*.t7z=01;31:*.zip=01;31:*.z=01;31:*.dz=01;31:*.gz=01;31:*.lrz=01;31:*.lz=01;31:*.lzo=01;31:*.xz=01;31:*.zst=01;31:*.tzst=01;31:*.bz2=01;31:*.bz=01;31:*.tbz=01;31:*.tbz2=01;31:*.tz=01;31:*.deb=01;31:*.rpm=01;31:*.jar=01;31:*.war=01;31:*.ear=01;31:*.sar=01;31:*.rar=01;31:*.alz=01;31:*.ace=01;31:*.zoo=01;31:*.cpio=01;31:*.7z=01;31:*.rz=01;31:*.cab=01;31:*.wim=01;31:*.swm=01;31:*.dwm=01;31:*.esd=01;31:*.jpg=01;35:*.jpeg=01;35:*.mjpg=01;35:*.mjpeg=01;35:*.gif=01;35:*.bmp=01;35:*.pbm=01;35:*.pgm=01;35:*.ppm=01;35:*.tga=01;35:*.xbm=01;35:*.xpm=01;35:*.tif=01;35:*.tiff=01;35:*.png=01;35:*.svg=01;35:*.svgz=01;35:*.mng=01;35:*.pcx=01;35:*.mov=01;35:*.mpg=01;35:*.mpeg=01;35:*.m2v=01;35:*.mkv=01;35:*.webm=01;35:*.webp=01;35:*.ogm=01;35:*.mp4=01;35:*.m4v=01;35:*.mp4v=01;35:*.vob=01;35:*.qt=01;35:*.nuv=01;35:*.wmv=01;35:*.asf=01;35:*.rm=01;35:*.rmvb=01;35:*.flc=01;35:*.avi=01;35:*.fli=01;35:*.flv=01;35:*.gl=01;35:*.dl=01;35:*.xcf=01;35:*.xwd=01;35:*.yuv=01;35:*.cgm=01;35:*.emf=01;35:*.ogv=01;35:*.ogx=01;35:*.aac=00;36:*.au=00;36:*.flac=00;36:*.m4a=00;36:*.mid=00;36:*.midi=00;36:*.mka=00;36:*.mp3=00;36:*.mpc=00;36:*.ogg=00;36:*.ra=00;36:*.wav=00;36:*.oga=00;36:*.opus=00;36:*.spx=00;36:*.xspf=00;36:', 'VSCODE_GIT_IPC_HANDLE': '/run/user/1000/vscode-git-a9f1ef9bc6.sock', 'TERM_PROGRAM': 'vscode', 'ROS_DOMAIN_ID': '1', 'AMENT_PREFIX_PATH': '/opt/ros/humble', 'SHELL': '/bin/bash', 'LESSCLOSE': '/usr/bin/lesspipe %s %s', 'VSCODE_GIT_ASKPASS_EXTRA_ARGS': '', 'PWD': '/home/ubuntu/spas_ws/build/spas_perception', 'LC_ALL': 'en_US.UTF-8', 'SSH_CONNECTION': '192.168.236.158 64914 192.168.236.18 22', 'PYTHONPATH': '/home/ubuntu/spas_ws/build/spas_perception/prefix_override:/usr/lib/python3/dist-packages/colcon_core/task/python/colcon_distutils_commands:/home/ubuntu/spas_ws/install/spas_perception/lib/python3.10/site-packages:/opt/ros/humble/lib/python3.10/site-packages:/opt/ros/humble/local/lib/python3.10/dist-packages:/usr/local/lib/python3/dist-packages', 'COLCON': '1'}, 'shell': False}
[25.588187] (-) TimerEvent: {}
[25.621224] (slam_toolbox) StdoutLine: {'line': b'-- Found tf2: 0.25.20 (/opt/ros/humble/share/tf2/cmake)\n'}
[25.688499] (-) TimerEvent: {}
[25.791324] (-) TimerEvent: {}
[25.894666] (-) TimerEvent: {}
[25.998738] (-) TimerEvent: {}
[26.102141] (-) TimerEvent: {}
[26.205265] (-) TimerEvent: {}
[26.308509] (-) TimerEvent: {}
[26.381932] (slam_toolbox) StdoutLine: {'line': b'-- Found tf2_ros: 0.25.20 (/opt/ros/humble/share/tf2_ros/cmake)\n'}
[26.408701] (-) TimerEvent: {}
[26.510654] (-) TimerEvent: {}
[26.612279] (-) TimerEvent: {}
[26.713942] (-) TimerEvent: {}
[26.755320] (sllidar_ros2) StdoutLine: {'line': b'-- Configuring done\n'}
[26.814111] (-) TimerEvent: {}
[26.880168] (sllidar_ros2) StdoutLine: {'line': b'-- Generating done\n'}
[26.914039] (sllidar_ros2) StdoutLine: {'line': b'-- Build files have been written to: /home/ubuntu/spas_ws/build/sllidar_ros2\n'}
[26.914671] (-) TimerEvent: {}
[27.017637] (sllidar_ros2) CommandEnded: {'returncode': 0}
[27.020843] (-) TimerEvent: {}
[27.045336] (sllidar_ros2) JobProgress: {'identifier': 'sllidar_ros2', 'progress': 'build'}
[27.045792] (sllidar_ros2) Command: {'cmd': ['/usr/bin/cmake', '--build', '/home/ubuntu/spas_ws/build/sllidar_ros2', '--', '-j4', '-l4'], 'cwd': '/home/ubuntu/spas_ws/build/sllidar_ros2', 'env': OrderedDict([('PYTHON_BASIC_REPL', '1'), ('LESSOPEN', '| /usr/bin/lesspipe %s'), ('USER', 'ubuntu'), ('SSH_CLIENT', '192.168.236.158 64914 22'), ('XDG_SESSION_TYPE', 'tty'), ('GIT_ASKPASS', '/home/ubuntu/.vscode-server/cli/servers/Stable-0958016b2af9f09bb4257e0df4a95e2f90590f9f/server/extensions/git/dist/askpass.sh'), ('SHLVL', '1'), ('LD_LIBRARY_PATH', '/opt/ros/humble/opt/rviz_ogre_vendor/lib:/opt/ros/humble/lib/aarch64-linux-gnu:/opt/ros/humble/lib'), ('BROWSER', '/home/ubuntu/.vscode-server/cli/servers/Stable-0958016b2af9f09bb4257e0df4a95e2f90590f9f/server/bin/helpers/browser.sh'), ('MOTD_SHOWN', 'pam'), ('HOME', '/home/ubuntu'), ('OLDPWD', '/home/ubuntu/spas_ws/src'), ('TERM_PROGRAM_VERSION', '1.120.0'), ('VSCODE_IPC_HOOK_CLI', '/run/user/1000/vscode-ipc-4c52080f-8f54-4af6-b1c5-04354886fdd5.sock'), ('ROS_PYTHON_VERSION', '3'), ('VSCODE_GIT_ASKPASS_MAIN', '/home/ubuntu/.vscode-server/cli/servers/Stable-0958016b2af9f09bb4257e0df4a95e2f90590f9f/server/extensions/git/dist/askpass-main.js'), ('VSCODE_GIT_ASKPASS_NODE', '/home/ubuntu/.vscode-server/cli/servers/Stable-0958016b2af9f09bb4257e0df4a95e2f90590f9f/server/node'), ('PYDEVD_DISABLE_FILE_VALIDATION', '1'), ('BUNDLED_DEBUGPY_PATH', '/home/ubuntu/.vscode-server/extensions/ms-python.debugpy-2026.6.0/bundled/libs/debugpy'), ('VSCODE_PYTHON_AUTOACTIVATE_GUARD', '1'), ('DBUS_SESSION_BUS_ADDRESS', 'unix:path=/run/user/1000/bus'), ('COLORTERM', 'truecolor'), ('ROS_DISTRO', 'humble'), ('LOGNAME', 'ubuntu'), ('_', '/usr/bin/colcon'), ('ROS_VERSION', '2'), ('XDG_SESSION_CLASS', 'user'), ('TERM', 'xterm-256color'), ('XDG_SESSION_ID', '1'), ('ROS_LOCALHOST_ONLY', '0'), ('PATH', '/opt/ros/humble/bin:/home/ubuntu/.vscode-server/data/User/globalStorage/github.copilot-chat/debugCommand:/home/ubuntu/.vscode-server/data/User/globalStorage/github.copilot-chat/copilotCli:/home/ubuntu/.vscode-server/cli/servers/Stable-0958016b2af9f09bb4257e0df4a95e2f90590f9f/server/bin/remote-cli:/usr/local/sbin:/usr/local/bin:/usr/sbin:/usr/bin:/sbin:/bin:/usr/games:/usr/local/games:/snap/bin:/home/ubuntu/.vscode-server/extensions/ms-python.debugpy-2026.6.0/bundled/scripts/noConfigScripts:/usr/local/bin'), ('XDG_RUNTIME_DIR', '/run/user/1000'), ('VSCODE_DEBUGPY_ADAPTER_ENDPOINTS', '/home/ubuntu/.vscode-server/extensions/ms-python.debugpy-2026.6.0/.noConfigDebugAdapterEndpoints/endpoint-00d0b5565ef995a9.txt'), ('LANG', 'en_US.UTF-8'), ('PYTHONSTARTUP', '/home/ubuntu/.vscode-server/data/User/workspaceStorage/f3bef80f69d224608c509b83f13a955a/ms-python.python/pythonrc.py'), ('LS_COLORS', 'rs=0:di=01;34:ln=01;36:mh=00:pi=40;33:so=01;35:do=01;35:bd=40;33;01:cd=40;33;01:or=40;31;01:mi=00:su=37;41:sg=30;43:ca=30;41:tw=30;42:ow=34;42:st=37;44:ex=01;32:*.tar=01;31:*.tgz=01;31:*.arc=01;31:*.arj=01;31:*.taz=01;31:*.lha=01;31:*.lz4=01;31:*.lzh=01;31:*.lzma=01;31:*.tlz=01;31:*.txz=01;31:*.tzo=01;31:*.t7z=01;31:*.zip=01;31:*.z=01;31:*.dz=01;31:*.gz=01;31:*.lrz=01;31:*.lz=01;31:*.lzo=01;31:*.xz=01;31:*.zst=01;31:*.tzst=01;31:*.bz2=01;31:*.bz=01;31:*.tbz=01;31:*.tbz2=01;31:*.tz=01;31:*.deb=01;31:*.rpm=01;31:*.jar=01;31:*.war=01;31:*.ear=01;31:*.sar=01;31:*.rar=01;31:*.alz=01;31:*.ace=01;31:*.zoo=01;31:*.cpio=01;31:*.7z=01;31:*.rz=01;31:*.cab=01;31:*.wim=01;31:*.swm=01;31:*.dwm=01;31:*.esd=01;31:*.jpg=01;35:*.jpeg=01;35:*.mjpg=01;35:*.mjpeg=01;35:*.gif=01;35:*.bmp=01;35:*.pbm=01;35:*.pgm=01;35:*.ppm=01;35:*.tga=01;35:*.xbm=01;35:*.xpm=01;35:*.tif=01;35:*.tiff=01;35:*.png=01;35:*.svg=01;35:*.svgz=01;35:*.mng=01;35:*.pcx=01;35:*.mov=01;35:*.mpg=01;35:*.mpeg=01;35:*.m2v=01;35:*.mkv=01;35:*.webm=01;35:*.webp=01;35:*.ogm=01;35:*.mp4=01;35:*.m4v=01;35:*.mp4v=01;35:*.vob=01;35:*.qt=01;35:*.nuv=01;35:*.wmv=01;35:*.asf=01;35:*.rm=01;35:*.rmvb=01;35:*.flc=01;35:*.avi=01;35:*.fli=01;35:*.flv=01;35:*.gl=01;35:*.dl=01;35:*.xcf=01;35:*.xwd=01;35:*.yuv=01;35:*.cgm=01;35:*.emf=01;35:*.ogv=01;35:*.ogx=01;35:*.aac=00;36:*.au=00;36:*.flac=00;36:*.m4a=00;36:*.mid=00;36:*.midi=00;36:*.mka=00;36:*.mp3=00;36:*.mpc=00;36:*.ogg=00;36:*.ra=00;36:*.wav=00;36:*.oga=00;36:*.opus=00;36:*.spx=00;36:*.xspf=00;36:'), ('VSCODE_GIT_IPC_HANDLE', '/run/user/1000/vscode-git-a9f1ef9bc6.sock'), ('TERM_PROGRAM', 'vscode'), ('ROS_DOMAIN_ID', '1'), ('AMENT_PREFIX_PATH', '/opt/ros/humble'), ('SHELL', '/bin/bash'), ('LESSCLOSE', '/usr/bin/lesspipe %s %s'), ('VSCODE_GIT_ASKPASS_EXTRA_ARGS', ''), ('PWD', '/home/ubuntu/spas_ws/build/sllidar_ros2'), ('LC_ALL', 'en_US.UTF-8'), ('SSH_CONNECTION', '192.168.236.158 64914 192.168.236.18 22'), ('PYTHONPATH', '/opt/ros/humble/lib/python3.10/site-packages:/opt/ros/humble/local/lib/python3.10/dist-packages:/usr/local/lib/python3/dist-packages'), ('COLCON', '1'), ('CMAKE_PREFIX_PATH', '/opt/ros/humble')]), 'shell': False}
[27.121222] (-) TimerEvent: {}
[27.224406] (-) TimerEvent: {}
[27.327846] (-) TimerEvent: {}
[27.431123] (-) TimerEvent: {}
[27.534052] (-) TimerEvent: {}
[27.637306] (-) TimerEvent: {}
[27.743350] (-) TimerEvent: {}
[27.868642] (-) TimerEvent: {}
[27.970486] (-) TimerEvent: {}
[28.073421] (-) TimerEvent: {}
[28.156935] (sllidar_ros2) StdoutLine: {'line': b'[  5%] \x1b[32mBuilding CXX object CMakeFiles/sllidar_node.dir/sdk/src/arch/linux/net_serial.cpp.o\x1b[0m\n'}
[28.173757] (-) TimerEvent: {}
[28.220618] (sllidar_ros2) StdoutLine: {'line': b'[ 10%] \x1b[32mBuilding CXX object CMakeFiles/sllidar_client.dir/src/sllidar_client.cpp.o\x1b[0m\n'}
[28.273281] (sllidar_ros2) StdoutLine: {'line': b'[ 15%] \x1b[32mBuilding CXX object CMakeFiles/sllidar_node.dir/sdk/src/arch/linux/net_socket.cpp.o\x1b[0m\n'}
[28.274478] (-) TimerEvent: {}
[28.310744] (sllidar_ros2) StdoutLine: {'line': b'[ 20%] \x1b[32mBuilding CXX object CMakeFiles/sllidar_node.dir/src/sllidar_node.cpp.o\x1b[0m\n'}
[28.374888] (-) TimerEvent: {}
[28.476785] (-) TimerEvent: {}
[28.579706] (-) TimerEvent: {}
[28.682539] (-) TimerEvent: {}
[28.784554] (-) TimerEvent: {}
[28.886482] (-) TimerEvent: {}
[29.005922] (spas_planning) Command: {'cmd': ['/usr/bin/python3', '-W', 'ignore:setup.py install is deprecated', '-W', 'ignore:easy_install command is deprecated', 'setup.py', 'develop', '--editable', '--build-directory', '/home/ubuntu/spas_ws/build/spas_planning/build', '--no-deps', 'symlink_data'], 'cwd': '/home/ubuntu/spas_ws/build/spas_planning', 'env': {'PYTHON_BASIC_REPL': '1', 'LESSOPEN': '| /usr/bin/lesspipe %s', 'USER': 'ubuntu', 'SSH_CLIENT': '192.168.236.158 64914 22', 'XDG_SESSION_TYPE': 'tty', 'GIT_ASKPASS': '/home/ubuntu/.vscode-server/cli/servers/Stable-0958016b2af9f09bb4257e0df4a95e2f90590f9f/server/extensions/git/dist/askpass.sh', 'SHLVL': '1', 'LD_LIBRARY_PATH': '/opt/ros/humble/opt/rviz_ogre_vendor/lib:/opt/ros/humble/lib/aarch64-linux-gnu:/opt/ros/humble/lib', 'BROWSER': '/home/ubuntu/.vscode-server/cli/servers/Stable-0958016b2af9f09bb4257e0df4a95e2f90590f9f/server/bin/helpers/browser.sh', 'MOTD_SHOWN': 'pam', 'HOME': '/home/ubuntu', 'OLDPWD': '/home/ubuntu/spas_ws/src', 'TERM_PROGRAM_VERSION': '1.120.0', 'VSCODE_IPC_HOOK_CLI': '/run/user/1000/vscode-ipc-4c52080f-8f54-4af6-b1c5-04354886fdd5.sock', 'ROS_PYTHON_VERSION': '3', 'VSCODE_GIT_ASKPASS_MAIN': '/home/ubuntu/.vscode-server/cli/servers/Stable-0958016b2af9f09bb4257e0df4a95e2f90590f9f/server/extensions/git/dist/askpass-main.js', 'VSCODE_GIT_ASKPASS_NODE': '/home/ubuntu/.vscode-server/cli/servers/Stable-0958016b2af9f09bb4257e0df4a95e2f90590f9f/server/node', 'PYDEVD_DISABLE_FILE_VALIDATION': '1', 'BUNDLED_DEBUGPY_PATH': '/home/ubuntu/.vscode-server/extensions/ms-python.debugpy-2026.6.0/bundled/libs/debugpy', 'VSCODE_PYTHON_AUTOACTIVATE_GUARD': '1', 'DBUS_SESSION_BUS_ADDRESS': 'unix:path=/run/user/1000/bus', 'COLORTERM': 'truecolor', 'ROS_DISTRO': 'humble', 'LOGNAME': 'ubuntu', '_': '/usr/bin/colcon', 'ROS_VERSION': '2', 'XDG_SESSION_CLASS': 'user', 'TERM': 'xterm-256color', 'XDG_SESSION_ID': '1', 'ROS_LOCALHOST_ONLY': '0', 'PATH': '/opt/ros/humble/bin:/home/ubuntu/.vscode-server/data/User/globalStorage/github.copilot-chat/debugCommand:/home/ubuntu/.vscode-server/data/User/globalStorage/github.copilot-chat/copilotCli:/home/ubuntu/.vscode-server/cli/servers/Stable-0958016b2af9f09bb4257e0df4a95e2f90590f9f/server/bin/remote-cli:/usr/local/sbin:/usr/local/bin:/usr/sbin:/usr/bin:/sbin:/bin:/usr/games:/usr/local/games:/snap/bin:/home/ubuntu/.vscode-server/extensions/ms-python.debugpy-2026.6.0/bundled/scripts/noConfigScripts:/usr/local/bin', 'XDG_RUNTIME_DIR': '/run/user/1000', 'VSCODE_DEBUGPY_ADAPTER_ENDPOINTS': '/home/ubuntu/.vscode-server/extensions/ms-python.debugpy-2026.6.0/.noConfigDebugAdapterEndpoints/endpoint-00d0b5565ef995a9.txt', 'LANG': 'en_US.UTF-8', 'PYTHONSTARTUP': '/home/ubuntu/.vscode-server/data/User/workspaceStorage/f3bef80f69d224608c509b83f13a955a/ms-python.python/pythonrc.py', 'LS_COLORS': 'rs=0:di=01;34:ln=01;36:mh=00:pi=40;33:so=01;35:do=01;35:bd=40;33;01:cd=40;33;01:or=40;31;01:mi=00:su=37;41:sg=30;43:ca=30;41:tw=30;42:ow=34;42:st=37;44:ex=01;32:*.tar=01;31:*.tgz=01;31:*.arc=01;31:*.arj=01;31:*.taz=01;31:*.lha=01;31:*.lz4=01;31:*.lzh=01;31:*.lzma=01;31:*.tlz=01;31:*.txz=01;31:*.tzo=01;31:*.t7z=01;31:*.zip=01;31:*.z=01;31:*.dz=01;31:*.gz=01;31:*.lrz=01;31:*.lz=01;31:*.lzo=01;31:*.xz=01;31:*.zst=01;31:*.tzst=01;31:*.bz2=01;31:*.bz=01;31:*.tbz=01;31:*.tbz2=01;31:*.tz=01;31:*.deb=01;31:*.rpm=01;31:*.jar=01;31:*.war=01;31:*.ear=01;31:*.sar=01;31:*.rar=01;31:*.alz=01;31:*.ace=01;31:*.zoo=01;31:*.cpio=01;31:*.7z=01;31:*.rz=01;31:*.cab=01;31:*.wim=01;31:*.swm=01;31:*.dwm=01;31:*.esd=01;31:*.jpg=01;35:*.jpeg=01;35:*.mjpg=01;35:*.mjpeg=01;35:*.gif=01;35:*.bmp=01;35:*.pbm=01;35:*.pgm=01;35:*.ppm=01;35:*.tga=01;35:*.xbm=01;35:*.xpm=01;35:*.tif=01;35:*.tiff=01;35:*.png=01;35:*.svg=01;35:*.svgz=01;35:*.mng=01;35:*.pcx=01;35:*.mov=01;35:*.mpg=01;35:*.mpeg=01;35:*.m2v=01;35:*.mkv=01;35:*.webm=01;35:*.webp=01;35:*.ogm=01;35:*.mp4=01;35:*.m4v=01;35:*.mp4v=01;35:*.vob=01;35:*.qt=01;35:*.nuv=01;35:*.wmv=01;35:*.asf=01;35:*.rm=01;35:*.rmvb=01;35:*.flc=01;35:*.avi=01;35:*.fli=01;35:*.flv=01;35:*.gl=01;35:*.dl=01;35:*.xcf=01;35:*.xwd=01;35:*.yuv=01;35:*.cgm=01;35:*.emf=01;35:*.ogv=01;35:*.ogx=01;35:*.aac=00;36:*.au=00;36:*.flac=00;36:*.m4a=00;36:*.mid=00;36:*.midi=00;36:*.mka=00;36:*.mp3=00;36:*.mpc=00;36:*.ogg=00;36:*.ra=00;36:*.wav=00;36:*.oga=00;36:*.opus=00;36:*.spx=00;36:*.xspf=00;36:', 'VSCODE_GIT_IPC_HANDLE': '/run/user/1000/vscode-git-a9f1ef9bc6.sock', 'TERM_PROGRAM': 'vscode', 'ROS_DOMAIN_ID': '1', 'AMENT_PREFIX_PATH': '/opt/ros/humble', 'SHELL': '/bin/bash', 'LESSCLOSE': '/usr/bin/lesspipe %s %s', 'VSCODE_GIT_ASKPASS_EXTRA_ARGS': '', 'PWD': '/home/ubuntu/spas_ws/build/spas_planning', 'LC_ALL': 'en_US.UTF-8', 'SSH_CONNECTION': '192.168.236.158 64914 192.168.236.18 22', 'PYTHONPATH': '/home/ubuntu/spas_ws/build/spas_planning/prefix_override:/usr/lib/python3/dist-packages/colcon_core/task/python/colcon_distutils_commands:/home/ubuntu/spas_ws/install/spas_planning/lib/python3.10/site-packages:/opt/ros/humble/lib/python3.10/site-packages:/opt/ros/humble/local/lib/python3.10/dist-packages:/usr/local/lib/python3/dist-packages', 'COLCON': '1'}, 'shell': False}
[29.012288] (-) TimerEvent: {}
[29.113935] (-) TimerEvent: {}
[29.217701] (-) TimerEvent: {}
[29.236426] (slam_toolbox) StdoutLine: {'line': b'-- Found visualization_msgs: 4.9.1 (/opt/ros/humble/share/visualization_msgs/cmake)\n'}
[29.321354] (-) TimerEvent: {}
[29.424279] (-) TimerEvent: {}
[29.527597] (-) TimerEvent: {}
[29.633361] (-) TimerEvent: {}
[29.758358] (-) TimerEvent: {}
[29.862149] (-) TimerEvent: {}
[29.965286] (-) TimerEvent: {}
[30.069519] (-) TimerEvent: {}
[30.185438] (-) TimerEvent: {}
[30.288573] (-) TimerEvent: {}
[30.390017] (-) TimerEvent: {}
[30.468279] (slam_toolbox) StdoutLine: {'line': b'-- Found pluginlib: 5.1.3 (/opt/ros/humble/share/pluginlib/cmake)\n'}
[30.490364] (-) TimerEvent: {}
[30.594161] (-) TimerEvent: {}
[30.697328] (-) TimerEvent: {}
[30.801090] (-) TimerEvent: {}
[30.902937] (-) TimerEvent: {}
[31.004601] (-) TimerEvent: {}
[31.106337] (-) TimerEvent: {}
[31.207983] (-) TimerEvent: {}
[31.309722] (-) TimerEvent: {}
[31.411343] (-) TimerEvent: {}
[31.513408] (-) TimerEvent: {}
[31.615016] (-) TimerEvent: {}
[31.717850] (-) TimerEvent: {}
[31.821741] (-) TimerEvent: {}
[31.924776] (-) TimerEvent: {}
[32.027711] (-) TimerEvent: {}
[32.130631] (-) TimerEvent: {}
[32.233686] (-) TimerEvent: {}
[32.336701] (-) TimerEvent: {}
[32.439604] (-) TimerEvent: {}
[32.542395] (-) TimerEvent: {}
[32.647672] (-) TimerEvent: {}
[32.750642] (-) TimerEvent: {}
[32.860407] (-) TimerEvent: {}
[32.886631] (slam_toolbox) StdoutLine: {'line': b'-- Found tf2_geometry_msgs: 0.25.20 (/opt/ros/humble/share/tf2_geometry_msgs/cmake)\n'}
[32.960705] (-) TimerEvent: {}
[33.063395] (-) TimerEvent: {}
[33.169340] (-) TimerEvent: {}
[33.281173] (-) TimerEvent: {}
[33.385529] (-) TimerEvent: {}
[33.488188] (-) TimerEvent: {}
[33.591003] (-) TimerEvent: {}
[33.694672] (-) TimerEvent: {}
[33.797401] (-) TimerEvent: {}
[33.899456] (-) TimerEvent: {}
[34.002971] (-) TimerEvent: {}
[34.108218] (-) TimerEvent: {}
[34.151257] (slam_toolbox) StdoutLine: {'line': b'-- Found eigen3_cmake_module: 0.1.1 (/opt/ros/humble/share/eigen3_cmake_module/cmake)\n'}
[34.185192] (slam_toolbox) StdoutLine: {'line': b'-- Found Eigen3: TRUE (found version "3.4.0") \n'}
[34.188356] (slam_toolbox) StdoutLine: {'line': b'-- Ensuring Eigen3 include directory is part of orocos-kdl CMake target\n'}
[34.208640] (-) TimerEvent: {}
[34.311478] (-) TimerEvent: {}
[34.414258] (-) TimerEvent: {}
[34.490490] (slam_toolbox) StdoutLine: {'line': b'-- Found tf2_sensor_msgs: 0.25.20 (/opt/ros/humble/share/tf2_sensor_msgs/cmake)\n'}
[34.514531] (-) TimerEvent: {}
[34.553648] (spas_perception) StdoutLine: {'line': b'running develop\n'}
[34.614913] (-) TimerEvent: {}
[34.717936] (-) TimerEvent: {}
[34.822966] (-) TimerEvent: {}
[34.910460] (slam_toolbox) StdoutLine: {'line': b'-- Found std_srvs: 4.9.1 (/opt/ros/humble/share/std_srvs/cmake)\n'}
[34.923309] (-) TimerEvent: {}
[35.028497] (-) TimerEvent: {}
[35.132649] (-) TimerEvent: {}
[35.237540] (-) TimerEvent: {}
[35.297240] (slam_toolbox) StdoutLine: {'line': b'-- Found rosidl_default_generators: 1.2.1 (/opt/ros/humble/share/rosidl_default_generators/cmake)\n'}
[35.337858] (-) TimerEvent: {}
[35.440758] (-) TimerEvent: {}
[35.542525] (-) TimerEvent: {}
[35.599911] (spas_planning) StdoutLine: {'line': b'running develop\n'}
[35.642810] (-) TimerEvent: {}
[35.745868] (-) TimerEvent: {}
[35.848750] (-) TimerEvent: {}
[35.951641] (-) TimerEvent: {}
[36.055086] (-) TimerEvent: {}
[36.112517] (slam_toolbox) StdoutLine: {'line': b'-- Found rviz_common: 11.2.26 (/opt/ros/humble/share/rviz_common/cmake)\n'}
[36.155498] (-) TimerEvent: {}
[36.258381] (-) TimerEvent: {}
[36.361202] (-) TimerEvent: {}
[36.463913] (-) TimerEvent: {}
[36.566995] (-) TimerEvent: {}
[36.670003] (-) TimerEvent: {}
[36.773742] (-) TimerEvent: {}
[36.878910] (-) TimerEvent: {}
[36.982270] (-) TimerEvent: {}
[37.085387] (-) TimerEvent: {}
[37.188489] (-) TimerEvent: {}
[37.282043] (slam_toolbox) StdoutLine: {'line': b"-- Setting assimp_DIR to: '/opt/ros/humble/share/rviz_assimp_vendor/cmake/../../../opt/rviz_assimp_vendor/lib/cmake/assimp-4.1'\n"}
[37.288757] (-) TimerEvent: {}
[37.399651] (-) TimerEvent: {}
[37.501543] (-) TimerEvent: {}
[37.603232] (-) TimerEvent: {}
[37.642276] (slam_toolbox) StdoutLine: {'line': b"-- Setting OGRE_DIR to: '/opt/ros/humble/share/rviz_ogre_vendor/cmake/../../../opt/rviz_ogre_vendor/lib/OGRE/cmake'\n"}
[37.675779] (slam_toolbox) StdoutLine: {'line': b'-- Found OGRE\n'}
[37.677592] (slam_toolbox) StdoutLine: {'line': b'--   static     : OFF\n'}
[37.678745] (slam_toolbox) StdoutLine: {'line': b'--   components : HLMS;MeshLodGenerator;Overlay;Paging;Property;RTShaderSystem;Terrain;Volume\n'}
[37.680006] (slam_toolbox) StdoutLine: {'line': b'--   plugins    : Plugin_BSPSceneManager;Plugin_OctreeSceneManager;Plugin_PCZSceneManager;Plugin_ParticleFX;RenderSystem_GL;RenderSystem_GL3Plus;Codec_STBI\n'}
[37.681295] (slam_toolbox) StdoutLine: {'line': b'--   media      : /opt/ros/humble/opt/rviz_ogre_vendor/share/OGRE/Media\n'}
[37.689841] (slam_toolbox) StdoutLine: {'line': b'-- OGRE_LIBRARIES: OgreHLMS;OgreMeshLodGenerator;OgreOverlay;OgrePaging;OgreProperty;OgreRTShaderSystem;OgreTerrain;OgreVolume;OgreMain\n'}
[37.690993] (slam_toolbox) StdoutLine: {'line': b'-- OGRE_LIBRARY_DIRS: /opt/ros/humble/opt/rviz_ogre_vendor/lib\n'}
[37.692233] (slam_toolbox) StdoutLine: {'line': b'-- OGRE_PLUGINS: Plugin_BSPSceneManager;Plugin_OctreeSceneManager;Plugin_PCZSceneManager;Plugin_ParticleFX;RenderSystem_GL;RenderSystem_GL3Plus;Codec_STBI\n'}
[37.693239] (slam_toolbox) StdoutLine: {'line': b'-- OGRE_PLUGIN_DIR: /opt/ros/humble/opt/rviz_ogre_vendor/lib/OGRE\n'}
[37.701519] (slam_toolbox) StdoutLine: {'line': b'-- rviz_ogre_vendor::OgreOverlay for IMPORTED_LOCATION_RELEASE: /opt/ros/humble/opt/rviz_ogre_vendor/lib/libOgreOverlay.so\n'}
[37.703451] (-) TimerEvent: {}
[37.705694] (slam_toolbox) StdoutLine: {'line': b'-- rviz_ogre_vendor::OgreOverlay for IMPORTED_LOCATION_DEBUG: /opt/ros/humble/opt/rviz_ogre_vendor/lib/libOgreOverlay.so\n'}
[37.709233] (slam_toolbox) StdoutLine: {'line': b'-- rviz_ogre_vendor::OgreMain for IMPORTED_LOCATION_RELEASE: /opt/ros/humble/opt/rviz_ogre_vendor/lib/libOgreMain.so\n'}
[37.713962] (slam_toolbox) StdoutLine: {'line': b'-- rviz_ogre_vendor::OgreMain for IMPORTED_LOCATION_DEBUG: /opt/ros/humble/opt/rviz_ogre_vendor/lib/libOgreMain.so\n'}
[37.723720] (slam_toolbox) StdoutLine: {'line': b'-- Could not find freeimage library\n'}
[37.803728] (-) TimerEvent: {}
[37.905677] (-) TimerEvent: {}
[37.917476] (slam_toolbox) StdoutLine: {'line': b'-- Found ZLIB: /usr/lib/aarch64-linux-gnu/libz.so (found version "1.2.11") \n'}
[37.952762] (slam_toolbox) StdoutLine: {'line': b'-- Found OpenGL: /usr/lib/aarch64-linux-gnu/libOpenGL.so   \n'}
[38.005928] (-) TimerEvent: {}
[38.107630] (-) TimerEvent: {}
[38.209319] (-) TimerEvent: {}
[38.311885] (-) TimerEvent: {}
[38.413782] (-) TimerEvent: {}
[38.515743] (-) TimerEvent: {}
[38.617471] (-) TimerEvent: {}
[38.719979] (-) TimerEvent: {}
[38.755011] (slam_toolbox) StdoutLine: {'line': b'-- Found X11: /usr/include   \n'}
[38.757788] (slam_toolbox) StdoutLine: {'line': b'-- Looking for XOpenDisplay in /usr/lib/aarch64-linux-gnu/libX11.so;/usr/lib/aarch64-linux-gnu/libXext.so\n'}
[38.820198] (-) TimerEvent: {}
[38.922648] (-) TimerEvent: {}
[39.025484] (-) TimerEvent: {}
[39.127364] (-) TimerEvent: {}
[39.229236] (-) TimerEvent: {}
[39.331116] (-) TimerEvent: {}
[39.351028] (sllidar_ros2) StderrLine: {'line': b'In file included from \x1b[01m\x1b[K/home/ubuntu/spas_ws/src/sllidar_ros2/./sdk/include/rplidar_protocol.h:36\x1b[m\x1b[K,\n'}
[39.351942] (sllidar_ros2) StderrLine: {'line': b'                 from \x1b[01m\x1b[K/home/ubuntu/spas_ws/src/sllidar_ros2/./sdk/include/rplidar.h:39\x1b[m\x1b[K,\n'}
[39.352621] (sllidar_ros2) StderrLine: {'line': b'                 from \x1b[01m\x1b[K/home/ubuntu/spas_ws/src/sllidar_ros2/./sdk/src/sdkcommon.h:49\x1b[m\x1b[K,\n'}
[39.353620] (sllidar_ros2) StderrLine: {'line': b'                 from \x1b[01m\x1b[K/home/ubuntu/spas_ws/src/sllidar_ros2/sdk/src/arch/linux/net_socket.cpp:10\x1b[m\x1b[K:\n'}
[39.354359] (sllidar_ros2) StderrLine: {'line': b'\x1b[01m\x1b[K/home/ubuntu/spas_ws/src/sllidar_ros2/./sdk/include/sl_lidar_protocol.h:66:16:\x1b[m\x1b[K \x1b[01;35m\x1b[Kwarning: \x1b[m\x1b[KISO C++ forbids zero-size array \xe2\x80\x98\x1b[01m\x1b[Kdata\x1b[m\x1b[K\xe2\x80\x99 [\x1b[01;35m\x1b[K\x1b]8;;https://gcc.gnu.org/onlinedocs/gcc/Warning-Options.html#index-Wpedantic\x07-Wpedantic\x1b]8;;\x07\x1b[m\x1b[K]\n'}
[39.355206] (sllidar_ros2) StderrLine: {'line': b'   66 |     sl_u8 data[\x1b[01;35m\x1b[K0\x1b[m\x1b[K];\n'}
[39.355928] (sllidar_ros2) StderrLine: {'line': b'      |                \x1b[01;35m\x1b[K^\x1b[m\x1b[K\n'}
[39.357328] (sllidar_ros2) StderrLine: {'line': b'In file included from \x1b[01m\x1b[K/home/ubuntu/spas_ws/src/sllidar_ros2/./sdk/include/rplidar_cmd.h:36\x1b[m\x1b[K,\n'}
[39.358123] (sllidar_ros2) StderrLine: {'line': b'                 from \x1b[01m\x1b[K/home/ubuntu/spas_ws/src/sllidar_ros2/./sdk/include/rplidar.h:40\x1b[m\x1b[K,\n'}
[39.358744] (sllidar_ros2) StderrLine: {'line': b'                 from \x1b[01m\x1b[K/home/ubuntu/spas_ws/src/sllidar_ros2/./sdk/src/sdkcommon.h:49\x1b[m\x1b[K,\n'}
[39.359357] (sllidar_ros2) StderrLine: {'line': b'                 from \x1b[01m\x1b[K/home/ubuntu/spas_ws/src/sllidar_ros2/sdk/src/arch/linux/net_socket.cpp:10\x1b[m\x1b[K:\n'}
[39.359986] (sllidar_ros2) StderrLine: {'line': b'\x1b[01m\x1b[K/home/ubuntu/spas_ws/src/sllidar_ros2/./sdk/include/sl_lidar_cmd.h:324:20:\x1b[m\x1b[K \x1b[01;35m\x1b[Kwarning: \x1b[m\x1b[KISO C++ forbids zero-size array \xe2\x80\x98\x1b[01m\x1b[Kpayload\x1b[m\x1b[K\xe2\x80\x99 [\x1b[01;35m\x1b[K\x1b]8;;https://gcc.gnu.org/onlinedocs/gcc/Warning-Options.html#index-Wpedantic\x07-Wpedantic\x1b]8;;\x07\x1b[m\x1b[K]\n'}
[39.363148] (sllidar_ros2) StderrLine: {'line': b'  324 |     sl_u8  payload[\x1b[01;35m\x1b[K0\x1b[m\x1b[K];\n'}
[39.363997] (sllidar_ros2) StderrLine: {'line': b'      |                    \x1b[01;35m\x1b[K^\x1b[m\x1b[K\n'}
[39.431424] (-) TimerEvent: {}
[39.533449] (-) TimerEvent: {}
[39.636143] (-) TimerEvent: {}
[39.739353] (-) TimerEvent: {}
[39.808976] (slam_toolbox) StdoutLine: {'line': b'-- Looking for XOpenDisplay in /usr/lib/aarch64-linux-gnu/libX11.so;/usr/lib/aarch64-linux-gnu/libXext.so - found\n'}
[39.830526] (slam_toolbox) StdoutLine: {'line': b'-- Looking for gethostbyname\n'}
[39.939135] (-) TimerEvent: {}
[40.047432] (-) TimerEvent: {}
[40.091326] (spas_perception) StdoutLine: {'line': b'running egg_info\n'}
[40.093075] (spas_perception) StdoutLine: {'line': b'creating spas_perception.egg-info\n'}
[40.097929] (spas_perception) StdoutLine: {'line': b'writing spas_perception.egg-info/PKG-INFO\n'}
[40.104808] (spas_perception) StdoutLine: {'line': b'writing dependency_links to spas_perception.egg-info/dependency_links.txt\n'}
[40.109218] (spas_perception) StdoutLine: {'line': b'writing entry points to spas_perception.egg-info/entry_points.txt\n'}
[40.113894] (spas_perception) StdoutLine: {'line': b'writing requirements to spas_perception.egg-info/requires.txt\n'}
[40.117188] (spas_perception) StdoutLine: {'line': b'writing top-level names to spas_perception.egg-info/top_level.txt\n'}
[40.121635] (spas_perception) StdoutLine: {'line': b"writing manifest file 'spas_perception.egg-info/SOURCES.txt'\n"}
[40.135717] (spas_perception) StdoutLine: {'line': b"reading manifest file 'spas_perception.egg-info/SOURCES.txt'\n"}
[40.141341] (spas_perception) StdoutLine: {'line': b"writing manifest file 'spas_perception.egg-info/SOURCES.txt'\n"}
[40.145782] (sllidar_ros2) StderrLine: {'line': b'\x1b[01m\x1b[K/home/ubuntu/spas_ws/src/sllidar_ros2/sdk/src/arch/linux/net_serial.cpp:\x1b[m\x1b[K In member function \xe2\x80\x98\x1b[01m\x1b[Kbool rp::arch::net::raw_serial::open(const char*, uint32_t, uint32_t)\x1b[m\x1b[K\xe2\x80\x99:\n'}
[40.146646] (sllidar_ros2) StderrLine: {'line': b'\x1b[01m\x1b[K/home/ubuntu/spas_ws/src/sllidar_ros2/sdk/src/arch/linux/net_serial.cpp:97:74:\x1b[m\x1b[K \x1b[01;35m\x1b[Kwarning: \x1b[m\x1b[Kunused parameter \xe2\x80\x98\x1b[01m\x1b[Kflags\x1b[m\x1b[K\xe2\x80\x99 [\x1b[01;35m\x1b[K\x1b]8;;https://gcc.gnu.org/onlinedocs/gcc/Warning-Options.html#index-Wunused-parameter\x07-Wunused-parameter\x1b]8;;\x07\x1b[m\x1b[K]\n'}
[40.147270] (sllidar_ros2) StderrLine: {'line': b'   97 | bool raw_serial::open(const char * portname, uint32_t baudrate, \x1b[01;35m\x1b[Kuint32_t flags\x1b[m\x1b[K)\n'}
[40.148041] (-) TimerEvent: {}
[40.150751] (sllidar_ros2) StderrLine: {'line': b'      |                                                                 \x1b[01;35m\x1b[K~~~~~~~~~^~~~~\x1b[m\x1b[K\n'}
[40.151670] (sllidar_ros2) StderrLine: {'line': b'\x1b[01m\x1b[K/home/ubuntu/spas_ws/src/sllidar_ros2/sdk/src/arch/linux/net_serial.cpp:\x1b[m\x1b[K In member function \xe2\x80\x98\x1b[01m\x1b[Kvirtual void rp::arch::net::raw_serial::flush(_u32)\x1b[m\x1b[K\xe2\x80\x99:\n'}
[40.152493] (sllidar_ros2) StderrLine: {'line': b'\x1b[01m\x1b[K/home/ubuntu/spas_ws/src/sllidar_ros2/sdk/src/arch/linux/net_serial.cpp:281:30:\x1b[m\x1b[K \x1b[01;35m\x1b[Kwarning: \x1b[m\x1b[Kunused parameter \xe2\x80\x98\x1b[01m\x1b[Kflags\x1b[m\x1b[K\xe2\x80\x99 [\x1b[01;35m\x1b[K\x1b]8;;https://gcc.gnu.org/onlinedocs/gcc/Warning-Options.html#index-Wunused-parameter\x07-Wunused-parameter\x1b]8;;\x07\x1b[m\x1b[K]\n'}
[40.153385] (sllidar_ros2) StderrLine: {'line': b'  281 | void raw_serial::flush( \x1b[01;35m\x1b[K_u32 flags\x1b[m\x1b[K)\n'}
[40.155428] (sllidar_ros2) StderrLine: {'line': b'      |                         \x1b[01;35m\x1b[K~~~~~^~~~~\x1b[m\x1b[K\n'}
[40.157338] (sllidar_ros2) StderrLine: {'line': b'\x1b[01m\x1b[K/home/ubuntu/spas_ws/src/sllidar_ros2/sdk/src/arch/linux/net_serial.cpp:\x1b[m\x1b[K In member function \xe2\x80\x98\x1b[01m\x1b[Kvirtual int rp::arch::net::raw_serial::waitforsent(_u32, size_t*)\x1b[m\x1b[K\xe2\x80\x99:\n'}
[40.158030] (sllidar_ros2) StderrLine: {'line': b'\x1b[01m\x1b[K/home/ubuntu/spas_ws/src/sllidar_ros2/sdk/src/arch/linux/net_serial.cpp:286:34:\x1b[m\x1b[K \x1b[01;35m\x1b[Kwarning: \x1b[m\x1b[Kunused parameter \xe2\x80\x98\x1b[01m\x1b[Ktimeout\x1b[m\x1b[K\xe2\x80\x99 [\x1b[01;35m\x1b[K\x1b]8;;https://gcc.gnu.org/onlinedocs/gcc/Warning-Options.html#index-Wunused-parameter\x07-Wunused-parameter\x1b]8;;\x07\x1b[m\x1b[K]\n'}
[40.158599] (sllidar_ros2) StderrLine: {'line': b'  286 | int raw_serial::waitforsent(\x1b[01;35m\x1b[K_u32 timeout\x1b[m\x1b[K, size_t * returned_size)\n'}
[40.159194] (sllidar_ros2) StderrLine: {'line': b'      |                             \x1b[01;35m\x1b[K~~~~~^~~~~~~\x1b[m\x1b[K\n'}
[40.162766] (sllidar_ros2) StderrLine: {'line': b'\x1b[01m\x1b[K/home/ubuntu/spas_ws/src/sllidar_ros2/sdk/src/arch/linux/net_serial.cpp:\x1b[m\x1b[K In member function \xe2\x80\x98\x1b[01m\x1b[Kvirtual int rp::arch::net::raw_serial::waitforrecv(_u32, size_t*)\x1b[m\x1b[K\xe2\x80\x99:\n'}
[40.163459] (sllidar_ros2) StderrLine: {'line': b'\x1b[01m\x1b[K/home/ubuntu/spas_ws/src/sllidar_ros2/sdk/src/arch/linux/net_serial.cpp:292:34:\x1b[m\x1b[K \x1b[01;35m\x1b[Kwarning: \x1b[m\x1b[Kunused parameter \xe2\x80\x98\x1b[01m\x1b[Ktimeout\x1b[m\x1b[K\xe2\x80\x99 [\x1b[01;35m\x1b[K\x1b]8;;https://gcc.gnu.org/onlinedocs/gcc/Warning-Options.html#index-Wunused-parameter\x07-Wunused-parameter\x1b]8;;\x07\x1b[m\x1b[K]\n'}
[40.164117] (sllidar_ros2) StderrLine: {'line': b'  292 | int raw_serial::waitforrecv(\x1b[01;35m\x1b[K_u32 timeout\x1b[m\x1b[K, size_t * returned_size)\n'}
[40.164823] (sllidar_ros2) StderrLine: {'line': b'      |                             \x1b[01;35m\x1b[K~~~~~^~~~~~~\x1b[m\x1b[K\n'}
[40.165618] (sllidar_ros2) StderrLine: {'line': b'\x1b[01m\x1b[K/home/ubuntu/spas_ws/src/sllidar_ros2/sdk/src/arch/linux/net_serial.cpp:\x1b[m\x1b[K In member function \xe2\x80\x98\x1b[01m\x1b[Kvirtual void rp::arch::net::raw_serial::cancelOperation()\x1b[m\x1b[K\xe2\x80\x99:\n'}
[40.166355] (sllidar_ros2) StderrLine: {'line': b'\x1b[01m\x1b[K/home/ubuntu/spas_ws/src/sllidar_ros2/sdk/src/arch/linux/net_serial.cpp:427:5:\x1b[m\x1b[K \x1b[01;35m\x1b[Kwarning: \x1b[m\x1b[Kvalue computed is not used [\x1b[01;35m\x1b[K\x1b]8;;https://gcc.gnu.org/onlinedocs/gcc/Warning-Options.html#index-Wunused-value\x07-Wunused-value\x1b]8;;\x07\x1b[m\x1b[K]\n'}
[40.167033] (sllidar_ros2) StderrLine: {'line': b'  427 |     \x1b[01;35m\x1b[K(int)::write(_selfpipe[1], "x", 1)\x1b[m\x1b[K;\n'}
[40.167692] (sllidar_ros2) StderrLine: {'line': b'      |     \x1b[01;35m\x1b[K^~~~~~~~~~~~~~~~~~~~~~~~~~~~~~~~~~\x1b[m\x1b[K\n'}
[40.178074] (spas_perception) StdoutLine: {'line': b'running build_ext\n'}
[40.180228] (spas_perception) StdoutLine: {'line': b'Creating /home/ubuntu/spas_ws/install/spas_perception/lib/python3.10/site-packages/spas-perception.egg-link (link to .)\n'}
[40.186377] (spas_perception) StdoutLine: {'line': b'\n'}
[40.187228] (spas_perception) StdoutLine: {'line': b'Installed /home/ubuntu/spas_ws/build/spas_perception\n'}
[40.189070] (sllidar_ros2) StderrLine: {'line': b'In file included from \x1b[01m\x1b[K/home/ubuntu/spas_ws/src/sllidar_ros2/./sdk/src/arch/linux/arch_linux.h:42\x1b[m\x1b[K,\n'}
[40.190224] (sllidar_ros2) StderrLine: {'line': b'                 from \x1b[01m\x1b[K/home/ubuntu/spas_ws/src/sllidar_ros2/./sdk/src/sdkcommon.h:41\x1b[m\x1b[K,\n'}
[40.191334] (sllidar_ros2) StderrLine: {'line': b'                 from \x1b[01m\x1b[K/home/ubuntu/spas_ws/src/sllidar_ros2/sdk/src/arch/linux/net_socket.cpp:10\x1b[m\x1b[K:\n'}
[40.192527] (sllidar_ros2) StderrLine: {'line': b'\x1b[01m\x1b[K/home/ubuntu/spas_ws/src/sllidar_ros2/sdk/src/arch/linux/net_socket.cpp:\x1b[m\x1b[K In member function \xe2\x80\x98\x1b[01m\x1b[Kvirtual u_result rp::arch::net::DGramSocketImpl::sendTo(const rp::net::SocketAddress*, const void*, size_t)\x1b[m\x1b[K\xe2\x80\x99:\n'}
[40.198255] (sllidar_ros2) StderrLine: {'line': b'\x1b[01m\x1b[K/home/ubuntu/spas_ws/src/sllidar_ros2/sdk/src/arch/linux/net_socket.cpp:733:24:\x1b[m\x1b[K \x1b[01;35m\x1b[Kwarning: \x1b[m\x1b[Kcomparison of integer expressions of different signedness: \xe2\x80\x98\x1b[01m\x1b[Kint\x1b[m\x1b[K\xe2\x80\x99 and \xe2\x80\x98\x1b[01m\x1b[Ksize_t\x1b[m\x1b[K\xe2\x80\x99 {aka \xe2\x80\x98\x1b[01m\x1b[Klong unsigned int\x1b[m\x1b[K\xe2\x80\x99} [\x1b[01;35m\x1b[K\x1b]8;;https://gcc.gnu.org/onlinedocs/gcc/Warning-Options.html#index-Wsign-compare\x07-Wsign-compare\x1b]8;;\x07\x1b[m\x1b[K]\n'}
[40.205475] (sllidar_ros2) StderrLine: {'line': b'  733 |             assert(\x1b[01;35m\x1b[Kans == len\x1b[m\x1b[K);\n'}
[40.206861] (sllidar_ros2) StderrLine: {'line': b'      |                    \x1b[01;35m\x1b[K~~~~^~~~~~\x1b[m\x1b[K\n'}
[40.208123] (spas_perception) StdoutLine: {'line': b'running symlink_data\n'}
[40.209491] (spas_perception) StdoutLine: {'line': b'creating /home/ubuntu/spas_ws/install/spas_perception/share/ament_index\n'}
[40.210119] (spas_perception) StdoutLine: {'line': b'creating /home/ubuntu/spas_ws/install/spas_perception/share/ament_index/resource_index\n'}
[40.210720] (spas_perception) StdoutLine: {'line': b'creating /home/ubuntu/spas_ws/install/spas_perception/share/ament_index/resource_index/packages\n'}
[40.211315] (spas_perception) StdoutLine: {'line': b'symbolically linking /home/ubuntu/spas_ws/build/spas_perception/resource/spas_perception -> /home/ubuntu/spas_ws/install/spas_perception/share/ament_index/resource_index/packages\n'}
[40.211979] (spas_perception) StdoutLine: {'line': b'symbolically linking /home/ubuntu/spas_ws/build/spas_perception/package.xml -> /home/ubuntu/spas_ws/install/spas_perception/share/spas_perception\n'}
[40.248323] (-) TimerEvent: {}
[40.351530] (-) TimerEvent: {}
[40.452865] (-) TimerEvent: {}
[40.554116] (-) TimerEvent: {}
[40.655138] (-) TimerEvent: {}
[40.753760] (spas_perception) CommandEnded: {'returncode': 0}
[40.755743] (-) TimerEvent: {}
[40.856698] (-) TimerEvent: {}
[40.869658] (slam_toolbox) StdoutLine: {'line': b'-- Looking for gethostbyname - found\n'}
[40.877156] (slam_toolbox) StdoutLine: {'line': b'-- Looking for connect\n'}
[40.937248] (spas_perception) JobEnded: {'identifier': 'spas_perception', 'rc': 0}
[40.956931] (-) TimerEvent: {}
[41.058991] (-) TimerEvent: {}
[41.068855] (spas_planning) StdoutLine: {'line': b'running egg_info\n'}
[41.069951] (spas_planning) StdoutLine: {'line': b'creating spas_planning.egg-info\n'}
[41.072184] (spas_planning) StdoutLine: {'line': b'writing spas_planning.egg-info/PKG-INFO\n'}
[41.080379] (spas_planning) StdoutLine: {'line': b'writing dependency_links to spas_planning.egg-info/dependency_links.txt\n'}
[41.081923] (sllidar_ros2) StdoutLine: {'line': b'[ 25%] \x1b[32mBuilding CXX object CMakeFiles/sllidar_node.dir/sdk/src/arch/linux/timer.cpp.o\x1b[0m\n'}
[41.083956] (spas_planning) StdoutLine: {'line': b'writing entry points to spas_planning.egg-info/entry_points.txt\n'}
[41.095630] (spas_planning) StdoutLine: {'line': b'writing requirements to spas_planning.egg-info/requires.txt\n'}
[41.099430] (spas_planning) StdoutLine: {'line': b'writing top-level names to spas_planning.egg-info/top_level.txt\n'}
[41.110135] (spas_planning) StdoutLine: {'line': b"writing manifest file 'spas_planning.egg-info/SOURCES.txt'\n"}
[41.129856] (spas_planning) StdoutLine: {'line': b"reading manifest file 'spas_planning.egg-info/SOURCES.txt'\n"}
[41.133524] (spas_planning) StdoutLine: {'line': b"writing manifest file 'spas_planning.egg-info/SOURCES.txt'\n"}
[41.151762] (spas_planning) StdoutLine: {'line': b'running build_ext\n'}
[41.153101] (spas_planning) StdoutLine: {'line': b'Creating /home/ubuntu/spas_ws/install/spas_planning/lib/python3.10/site-packages/spas-planning.egg-link (link to .)\n'}
[41.159273] (-) TimerEvent: {}
[41.172564] (spas_planning) StdoutLine: {'line': b'\n'}
[41.173520] (spas_planning) StdoutLine: {'line': b'Installed /home/ubuntu/spas_ws/build/spas_planning\n'}
[41.174546] (spas_planning) StdoutLine: {'line': b'running symlink_data\n'}
[41.182198] (spas_planning) StdoutLine: {'line': b'creating /home/ubuntu/spas_ws/install/spas_planning/share/ament_index\n'}
[41.183447] (spas_planning) StdoutLine: {'line': b'creating /home/ubuntu/spas_ws/install/spas_planning/share/ament_index/resource_index\n'}
[41.184769] (spas_planning) StdoutLine: {'line': b'creating /home/ubuntu/spas_ws/install/spas_planning/share/ament_index/resource_index/packages\n'}
[41.186667] (spas_planning) StdoutLine: {'line': b'symbolically linking /home/ubuntu/spas_ws/build/spas_planning/resource/spas_planning -> /home/ubuntu/spas_ws/install/spas_planning/share/ament_index/resource_index/packages\n'}
[41.188513] (spas_planning) StdoutLine: {'line': b'symbolically linking /home/ubuntu/spas_ws/build/spas_planning/package.xml -> /home/ubuntu/spas_ws/install/spas_planning/share/spas_planning\n'}
[41.259569] (-) TimerEvent: {}
[41.361561] (-) TimerEvent: {}
[41.463327] (-) TimerEvent: {}
[41.565559] (-) TimerEvent: {}
[41.609269] (spas_planning) CommandEnded: {'returncode': 0}
[41.666961] (-) TimerEvent: {}
[41.764262] (spas_planning) JobEnded: {'identifier': 'spas_planning', 'rc': 0}
[41.767191] (-) TimerEvent: {}
[41.843340] (slam_toolbox) StdoutLine: {'line': b'-- Looking for connect - found\n'}
[41.844624] (slam_toolbox) StdoutLine: {'line': b'-- Looking for remove\n'}
[41.867499] (-) TimerEvent: {}
[41.970190] (-) TimerEvent: {}
[42.073669] (-) TimerEvent: {}
[42.175402] (-) TimerEvent: {}
[42.277852] (-) TimerEvent: {}
[42.379765] (-) TimerEvent: {}
[42.481905] (-) TimerEvent: {}
[42.505718] (slam_toolbox) StdoutLine: {'line': b'-- Looking for remove - found\n'}
[42.506857] (slam_toolbox) StdoutLine: {'line': b'-- Looking for shmat\n'}
[42.582183] (-) TimerEvent: {}
[42.684382] (-) TimerEvent: {}
[42.786973] (-) TimerEvent: {}
[42.889262] (-) TimerEvent: {}
[42.991335] (-) TimerEvent: {}
[43.093283] (-) TimerEvent: {}
[43.195375] (-) TimerEvent: {}
[43.297431] (-) TimerEvent: {}
[43.399400] (-) TimerEvent: {}
[43.501348] (-) TimerEvent: {}
[43.510039] (slam_toolbox) StdoutLine: {'line': b'-- Looking for shmat - found\n'}
[43.512667] (slam_toolbox) StdoutLine: {'line': b'-- Looking for IceConnectionNumber in ICE\n'}
[43.601589] (-) TimerEvent: {}
[43.704066] (-) TimerEvent: {}
[43.807784] (-) TimerEvent: {}
[43.910023] (-) TimerEvent: {}
[44.011165] (-) TimerEvent: {}
[44.112278] (-) TimerEvent: {}
[44.214534] (-) TimerEvent: {}
[44.240299] (slam_toolbox) StdoutLine: {'line': b'-- Looking for IceConnectionNumber in ICE - found\n'}
[44.314784] (-) TimerEvent: {}
[44.416967] (-) TimerEvent: {}
[44.519062] (-) TimerEvent: {}
[44.622220] (-) TimerEvent: {}
[44.723978] (-) TimerEvent: {}
[44.825799] (-) TimerEvent: {}
[44.927606] (-) TimerEvent: {}
[45.045716] (-) TimerEvent: {}
[45.146934] (-) TimerEvent: {}
[45.247860] (-) TimerEvent: {}
[45.348729] (-) TimerEvent: {}
[45.450091] (-) TimerEvent: {}
[45.496107] (slam_toolbox) StdoutLine: {'line': b'-- library: /usr/lib/aarch64-linux-gnu/libcurl.so\n'}
[45.550321] (-) TimerEvent: {}
[45.651810] (-) TimerEvent: {}
[45.753966] (-) TimerEvent: {}
[45.855875] (-) TimerEvent: {}
[45.957933] (-) TimerEvent: {}
[46.060434] (-) TimerEvent: {}
[46.162366] (-) TimerEvent: {}
[46.165946] (slam_toolbox) StdoutLine: {'line': b'-- Found rviz_default_plugins: 11.2.26 (/opt/ros/humble/share/rviz_default_plugins/cmake)\n'}
[46.262624] (-) TimerEvent: {}
[46.364724] (-) TimerEvent: {}
[46.467054] (-) TimerEvent: {}
[46.569291] (-) TimerEvent: {}
[46.671391] (-) TimerEvent: {}
[46.774308] (-) TimerEvent: {}
[46.876162] (-) TimerEvent: {}
[46.978184] (-) TimerEvent: {}
[47.068628] (slam_toolbox) StdoutLine: {'line': b'-- Found Boost: /usr/lib/aarch64-linux-gnu/cmake/Boost-1.74.0/BoostConfig.cmake (found version "1.74.0") found components: system serialization filesystem thread \n'}
[47.078396] (-) TimerEvent: {}
[47.155366] (slam_toolbox) StdoutLine: {'line': b'-- Found PkgConfig: /usr/bin/pkg-config (found version "0.29.2") \n'}
[47.178804] (-) TimerEvent: {}
[47.219212] (slam_toolbox) StdoutLine: {'line': b'-- Found CHOLMOD: /usr/include/suitesparse  \n'}
[47.228164] (slam_toolbox) StdoutLine: {'line': b'-- Found CSparse: /usr/include/suitesparse  \n'}
[47.279086] (-) TimerEvent: {}
[47.381234] (-) TimerEvent: {}
[47.484189] (-) TimerEvent: {}
[47.513364] (slam_toolbox) StdoutLine: {'line': b'-- Looking for sgemm_\n'}
[47.584618] (-) TimerEvent: {}
[47.688963] (-) TimerEvent: {}
[47.796755] (-) TimerEvent: {}
[47.900097] (-) TimerEvent: {}
[48.003303] (-) TimerEvent: {}
[48.107088] (-) TimerEvent: {}
[48.208760] (-) TimerEvent: {}
[48.310728] (-) TimerEvent: {}
[48.412551] (-) TimerEvent: {}
[48.514311] (-) TimerEvent: {}
[48.624569] (-) TimerEvent: {}
[48.665465] (slam_toolbox) StdoutLine: {'line': b'-- Looking for sgemm_ - not found\n'}
[48.724992] (-) TimerEvent: {}
[48.827107] (-) TimerEvent: {}
[48.929368] (-) TimerEvent: {}
[49.032028] (-) TimerEvent: {}
[49.134779] (-) TimerEvent: {}
[49.238709] (-) TimerEvent: {}
[49.340617] (-) TimerEvent: {}
[49.442623] (-) TimerEvent: {}
[49.544453] (-) TimerEvent: {}
[49.646384] (-) TimerEvent: {}
[49.656191] (slam_toolbox) StdoutLine: {'line': b'-- Looking for sgemm_\n'}
[49.746747] (-) TimerEvent: {}
[49.848512] (-) TimerEvent: {}
[49.950559] (-) TimerEvent: {}
[50.052480] (-) TimerEvent: {}
[50.155946] (-) TimerEvent: {}
[50.260100] (-) TimerEvent: {}
[50.364142] (-) TimerEvent: {}
[50.466399] (-) TimerEvent: {}
[50.574605] (-) TimerEvent: {}
[50.676427] (-) TimerEvent: {}
[50.782115] (-) TimerEvent: {}
[50.884030] (-) TimerEvent: {}
[50.985461] (-) TimerEvent: {}
[51.081468] (slam_toolbox) StdoutLine: {'line': b'-- Looking for sgemm_ - found\n'}
[51.082471] (slam_toolbox) StdoutLine: {'line': b'-- Found BLAS: /usr/lib/aarch64-linux-gnu/libblas.so  \n'}
[51.085698] (-) TimerEvent: {}
[51.103556] (slam_toolbox) StdoutLine: {'line': b'-- Looking for cheev_\n'}
[51.185953] (-) TimerEvent: {}
[51.288000] (-) TimerEvent: {}
[51.390276] (-) TimerEvent: {}
[51.491249] (-) TimerEvent: {}
[51.592224] (-) TimerEvent: {}
[51.659508] (slam_toolbox) StdoutLine: {'line': b'-- Looking for cheev_ - not found\n'}
[51.692472] (-) TimerEvent: {}
[51.748850] (slam_toolbox) StdoutLine: {'line': b'-- Looking for cheev_\n'}
[51.793079] (-) TimerEvent: {}
[51.896403] (-) TimerEvent: {}
[51.997395] (-) TimerEvent: {}
[52.098434] (-) TimerEvent: {}
[52.184722] (slam_toolbox) StdoutLine: {'line': b'-- Looking for cheev_ - not found\n'}
[52.189063] (slam_toolbox) StdoutLine: {'line': b'-- Looking for cheev_\n'}
[52.198650] (-) TimerEvent: {}
[52.301126] (-) TimerEvent: {}
[52.402130] (-) TimerEvent: {}
[52.503208] (-) TimerEvent: {}
[52.604201] (-) TimerEvent: {}
[52.705358] (-) TimerEvent: {}
[52.789401] (slam_toolbox) StdoutLine: {'line': b'-- Looking for cheev_ - found\n'}
[52.794126] (slam_toolbox) StdoutLine: {'line': b'-- Found LAPACK: /usr/lib/aarch64-linux-gnu/liblapack.so;/usr/lib/aarch64-linux-gnu/libblas.so  \n'}
[52.805820] (-) TimerEvent: {}
[52.864380] (slam_toolbox) StdoutLine: {'line': b'-- Found required Ceres dependency: Eigen version 3.4.0 in /usr/include/eigen3\n'}
[52.906076] (-) TimerEvent: {}
[52.967873] (slam_toolbox) StdoutLine: {'line': b'-- Found required Ceres dependency: glog\n'}
[52.971181] (slam_toolbox) StdoutLine: {'line': b'-- Found required Ceres dependency: gflags\n'}
[52.974913] (slam_toolbox) StdoutLine: {'line': b'-- Found Ceres version: 2.0.0 installed in: /usr with components: [EigenSparse, SparseLinearAlgebraLibrary, LAPACK, SuiteSparse, CXSparse, SchurSpecializations, Multithreading]\n'}
[53.006350] (-) TimerEvent: {}
[53.108279] (-) TimerEvent: {}
[53.209187] (-) TimerEvent: {}
[53.310080] (-) TimerEvent: {}
[53.411039] (-) TimerEvent: {}
[53.512187] (-) TimerEvent: {}
[53.613770] (-) TimerEvent: {}
[53.715443] (-) TimerEvent: {}
[53.817422] (-) TimerEvent: {}
[53.920553] (-) TimerEvent: {}
[54.022571] (-) TimerEvent: {}
[54.124356] (-) TimerEvent: {}
[54.226303] (-) TimerEvent: {}
[54.328234] (-) TimerEvent: {}
[54.431695] (-) TimerEvent: {}
[54.534843] (-) TimerEvent: {}
[54.638874] (-) TimerEvent: {}
[54.742371] (-) TimerEvent: {}
[54.846591] (-) TimerEvent: {}
[54.949811] (-) TimerEvent: {}
[55.053370] (-) TimerEvent: {}
[55.157233] (-) TimerEvent: {}
[55.267083] (-) TimerEvent: {}
[55.370299] (-) TimerEvent: {}
[55.473437] (-) TimerEvent: {}
[55.576885] (-) TimerEvent: {}
[55.679894] (-) TimerEvent: {}
[55.781570] (-) TimerEvent: {}
[55.885177] (-) TimerEvent: {}
[55.987022] (-) TimerEvent: {}
[56.089255] (-) TimerEvent: {}
[56.191231] (-) TimerEvent: {}
[56.293353] (-) TimerEvent: {}
[56.395477] (-) TimerEvent: {}
[56.497327] (-) TimerEvent: {}
[56.599193] (-) TimerEvent: {}
[56.703183] (-) TimerEvent: {}
[56.806629] (-) TimerEvent: {}
[56.908807] (-) TimerEvent: {}
[57.010864] (-) TimerEvent: {}
[57.112714] (-) TimerEvent: {}
[57.214703] (-) TimerEvent: {}
[57.317000] (-) TimerEvent: {}
[57.420992] (-) TimerEvent: {}
[57.523235] (-) TimerEvent: {}
[57.625247] (-) TimerEvent: {}
[57.727148] (-) TimerEvent: {}
[57.829231] (-) TimerEvent: {}
[57.931568] (-) TimerEvent: {}
[58.034233] (-) TimerEvent: {}
[58.136175] (-) TimerEvent: {}
[58.247298] (-) TimerEvent: {}
[58.348768] (-) TimerEvent: {}
[58.450782] (-) TimerEvent: {}
[58.474950] (slam_toolbox) StdoutLine: {'line': b'-- Found ament_cmake_ros: 0.10.0 (/opt/ros/humble/share/ament_cmake_ros/cmake)\n'}
[58.551030] (-) TimerEvent: {}
[58.652791] (-) TimerEvent: {}
[58.754748] (-) TimerEvent: {}
[58.856772] (-) TimerEvent: {}
[58.958268] (-) TimerEvent: {}
[59.034678] (sllidar_ros2) StderrLine: {'line': b'In file included from \x1b[01m\x1b[K/home/ubuntu/spas_ws/src/sllidar_ros2/./sdk/include/sl_lidar_cmd.h:41\x1b[m\x1b[K,\n'}
[59.035336] (sllidar_ros2) StderrLine: {'line': b'                 from \x1b[01m\x1b[K/home/ubuntu/spas_ws/src/sllidar_ros2/./sdk/include/sl_lidar_driver.h:54\x1b[m\x1b[K,\n'}
[59.035793] (sllidar_ros2) StderrLine: {'line': b'                 from \x1b[01m\x1b[K/home/ubuntu/spas_ws/src/sllidar_ros2/./sdk/include/sl_lidar.h:36\x1b[m\x1b[K,\n'}
[59.036257] (sllidar_ros2) StderrLine: {'line': b'                 from \x1b[01m\x1b[K/home/ubuntu/spas_ws/src/sllidar_ros2/src/sllidar_node.cpp:38\x1b[m\x1b[K:\n'}
[59.037277] (sllidar_ros2) StderrLine: {'line': b'\x1b[01m\x1b[K/home/ubuntu/spas_ws/src/sllidar_ros2/./sdk/include/sl_lidar_protocol.h:66:16:\x1b[m\x1b[K \x1b[01;35m\x1b[Kwarning: \x1b[m\x1b[KISO C++ forbids zero-size array \xe2\x80\x98\x1b[01m\x1b[Kdata\x1b[m\x1b[K\xe2\x80\x99 [\x1b[01;35m\x1b[K\x1b]8;;https://gcc.gnu.org/onlinedocs/gcc/Warning-Options.html#index-Wpedantic\x07-Wpedantic\x1b]8;;\x07\x1b[m\x1b[K]\n'}
[59.038180] (sllidar_ros2) StderrLine: {'line': b'   66 |     sl_u8 data[\x1b[01;35m\x1b[K0\x1b[m\x1b[K];\n'}
[59.038797] (sllidar_ros2) StderrLine: {'line': b'      |                \x1b[01;35m\x1b[K^\x1b[m\x1b[K\n'}
[59.039773] (sllidar_ros2) StderrLine: {'line': b'In file included from \x1b[01m\x1b[K/home/ubuntu/spas_ws/src/sllidar_ros2/./sdk/include/sl_lidar_driver.h:54\x1b[m\x1b[K,\n'}
[59.040454] (sllidar_ros2) StderrLine: {'line': b'                 from \x1b[01m\x1b[K/home/ubuntu/spas_ws/src/sllidar_ros2/./sdk/include/sl_lidar.h:36\x1b[m\x1b[K,\n'}
[59.041246] (sllidar_ros2) StderrLine: {'line': b'                 from \x1b[01m\x1b[K/home/ubuntu/spas_ws/src/sllidar_ros2/src/sllidar_node.cpp:38\x1b[m\x1b[K:\n'}
[59.041904] (sllidar_ros2) StderrLine: {'line': b'\x1b[01m\x1b[K/home/ubuntu/spas_ws/src/sllidar_ros2/./sdk/include/sl_lidar_cmd.h:324:20:\x1b[m\x1b[K \x1b[01;35m\x1b[Kwarning: \x1b[m\x1b[KISO C++ forbids zero-size array \xe2\x80\x98\x1b[01m\x1b[Kpayload\x1b[m\x1b[K\xe2\x80\x99 [\x1b[01;35m\x1b[K\x1b]8;;https://gcc.gnu.org/onlinedocs/gcc/Warning-Options.html#index-Wpedantic\x07-Wpedantic\x1b]8;;\x07\x1b[m\x1b[K]\n'}
[59.042633] (sllidar_ros2) StderrLine: {'line': b'  324 |     sl_u8  payload[\x1b[01;35m\x1b[K0\x1b[m\x1b[K];\n'}
[59.043256] (sllidar_ros2) StderrLine: {'line': b'      |                    \x1b[01;35m\x1b[K^\x1b[m\x1b[K\n'}
[59.058514] (-) TimerEvent: {}
[59.159365] (-) TimerEvent: {}
[59.261185] (-) TimerEvent: {}
[59.362643] (-) TimerEvent: {}
[59.463503] (-) TimerEvent: {}
[59.564384] (-) TimerEvent: {}
[59.666444] (-) TimerEvent: {}
[59.767470] (-) TimerEvent: {}
[59.868547] (-) TimerEvent: {}
[59.969582] (-) TimerEvent: {}
[60.070585] (-) TimerEvent: {}
[60.171622] (-) TimerEvent: {}
[60.273276] (-) TimerEvent: {}
[60.385207] (-) TimerEvent: {}
[60.486871] (-) TimerEvent: {}
[60.588592] (-) TimerEvent: {}
[60.689657] (-) TimerEvent: {}
[60.791598] (-) TimerEvent: {}
[60.894844] (-) TimerEvent: {}
[60.996591] (-) TimerEvent: {}
[61.097589] (-) TimerEvent: {}
[61.198487] (-) TimerEvent: {}
[61.299382] (-) TimerEvent: {}
[61.400356] (-) TimerEvent: {}
[61.501251] (-) TimerEvent: {}
[61.602231] (-) TimerEvent: {}
[61.703466] (-) TimerEvent: {}
[61.804456] (-) TimerEvent: {}
[61.906407] (-) TimerEvent: {}
[61.951056] (slam_toolbox) StdoutLine: {'line': b'-- Using all available rosidl_typesupport_c: rosidl_typesupport_fastrtps_c;rosidl_typesupport_introspection_c\n'}
[62.006712] (-) TimerEvent: {}
[62.109186] (-) TimerEvent: {}
[62.211124] (-) TimerEvent: {}
[62.312893] (-) TimerEvent: {}
[62.413799] (-) TimerEvent: {}
[62.514660] (-) TimerEvent: {}
[62.615555] (-) TimerEvent: {}
[62.716487] (-) TimerEvent: {}
[62.817437] (-) TimerEvent: {}
[62.918340] (-) TimerEvent: {}
[63.019165] (-) TimerEvent: {}
[63.120047] (-) TimerEvent: {}
[63.221082] (-) TimerEvent: {}
[63.301836] (slam_toolbox) StdoutLine: {'line': b'-- Using all available rosidl_typesupport_cpp: rosidl_typesupport_fastrtps_cpp;rosidl_typesupport_introspection_cpp\n'}
[63.321234] (-) TimerEvent: {}
[63.422200] (-) TimerEvent: {}
[63.460608] (slam_toolbox) StdoutLine: {'line': b'-- Found PythonInterp: /usr/bin/python3 (found suitable version "3.10.12", minimum required is "3.6") \n'}
[63.492970] (slam_toolbox) StdoutLine: {'line': b'-- Found python_cmake_module: 0.10.0 (/opt/ros/humble/share/python_cmake_module/cmake)\n'}
[63.522477] (-) TimerEvent: {}
[63.626587] (-) TimerEvent: {}
[63.688924] (slam_toolbox) StdoutLine: {'line': b'-- Found PythonLibs: /usr/lib/aarch64-linux-gnu/libpython3.10.so (found suitable version "3.10.12", minimum required is "3.5") \n'}
[63.690674] (slam_toolbox) StdoutLine: {'line': b'-- Using PYTHON_EXECUTABLE: /usr/bin/python3\n'}
[63.691558] (slam_toolbox) StdoutLine: {'line': b'-- Using PYTHON_INCLUDE_DIRS: /usr/include/python3.10\n'}
[63.692283] (slam_toolbox) StdoutLine: {'line': b'-- Using PYTHON_LIBRARIES: /usr/lib/aarch64-linux-gnu/libpython3.10.so\n'}
[63.726987] (-) TimerEvent: {}
[63.829714] (-) TimerEvent: {}
[63.856640] (slam_toolbox) StdoutLine: {'line': b'-- Found PythonExtra: .so  \n'}
[63.932742] (-) TimerEvent: {}
[64.034552] (-) TimerEvent: {}
[64.136112] (-) TimerEvent: {}
[64.238236] (-) TimerEvent: {}
[64.344242] (-) TimerEvent: {}
[64.445201] (-) TimerEvent: {}
[64.547396] (-) TimerEvent: {}
[64.652040] (-) TimerEvent: {}
[64.755787] (-) TimerEvent: {}
[64.857957] (-) TimerEvent: {}
[64.959420] (-) TimerEvent: {}
[65.061869] (-) TimerEvent: {}
[65.166862] (-) TimerEvent: {}
[65.268984] (-) TimerEvent: {}
[65.372718] (-) TimerEvent: {}
[65.474677] (-) TimerEvent: {}
[65.576318] (-) TimerEvent: {}
[65.678216] (-) TimerEvent: {}
[65.780170] (-) TimerEvent: {}
[65.882519] (-) TimerEvent: {}
[65.985624] (-) TimerEvent: {}
[66.088297] (-) TimerEvent: {}
[66.190544] (-) TimerEvent: {}
[66.353276] (-) TimerEvent: {}
[66.455007] (-) TimerEvent: {}
[66.556622] (-) TimerEvent: {}
[66.658426] (-) TimerEvent: {}
[66.759979] (-) TimerEvent: {}
[66.861604] (-) TimerEvent: {}
[66.963195] (-) TimerEvent: {}
[67.064858] (-) TimerEvent: {}
[67.167447] (-) TimerEvent: {}
[67.272904] (slam_toolbox) StdoutLine: {'line': b'-- Configuring done\n'}
[67.274738] (-) TimerEvent: {}
[67.376324] (-) TimerEvent: {}
[67.479420] (-) TimerEvent: {}
[67.583283] (-) TimerEvent: {}
[67.687043] (-) TimerEvent: {}
[67.790176] (-) TimerEvent: {}
[67.893439] (-) TimerEvent: {}
[67.997361] (-) TimerEvent: {}
[68.101359] (-) TimerEvent: {}
[68.204492] (-) TimerEvent: {}
[68.306949] (-) TimerEvent: {}
[68.408839] (-) TimerEvent: {}
[68.511536] (-) TimerEvent: {}
[68.613887] (-) TimerEvent: {}
[68.715123] (-) TimerEvent: {}
[68.816240] (-) TimerEvent: {}
[68.917840] (-) TimerEvent: {}
[69.019647] (-) TimerEvent: {}
[69.122645] (-) TimerEvent: {}
[69.225143] (-) TimerEvent: {}
[69.328266] (-) TimerEvent: {}
[69.430287] (-) TimerEvent: {}
[69.535676] (-) TimerEvent: {}
[69.639585] (-) TimerEvent: {}
[69.748750] (-) TimerEvent: {}
[69.853986] (-) TimerEvent: {}
[69.958038] (-) TimerEvent: {}
[70.061432] (-) TimerEvent: {}
[70.165787] (-) TimerEvent: {}
[70.269722] (-) TimerEvent: {}
[70.371582] (-) TimerEvent: {}
[70.474210] (-) TimerEvent: {}
[70.576111] (-) TimerEvent: {}
[70.677885] (-) TimerEvent: {}
[70.779680] (-) TimerEvent: {}
[70.881544] (-) TimerEvent: {}
[70.983512] (-) TimerEvent: {}
[71.085437] (-) TimerEvent: {}
[71.192273] (-) TimerEvent: {}
[71.296915] (-) TimerEvent: {}
[71.399554] (-) TimerEvent: {}
[71.501433] (-) TimerEvent: {}
[71.603485] (-) TimerEvent: {}
[71.705523] (-) TimerEvent: {}
[71.808579] (-) TimerEvent: {}
[71.910211] (-) TimerEvent: {}
[72.012619] (-) TimerEvent: {}
[72.114394] (-) TimerEvent: {}
[72.216181] (-) TimerEvent: {}
[72.318077] (-) TimerEvent: {}
[72.419862] (-) TimerEvent: {}
[72.521536] (-) TimerEvent: {}
[72.624805] (-) TimerEvent: {}
[72.728666] (-) TimerEvent: {}
[72.832177] (-) TimerEvent: {}
[72.860589] (slam_toolbox) StdoutLine: {'line': b'-- Generating done\n'}
[72.932545] (-) TimerEvent: {}
[73.033687] (-) TimerEvent: {}
[73.135706] (-) TimerEvent: {}
[73.237554] (-) TimerEvent: {}
[73.335269] (slam_toolbox) StdoutLine: {'line': b'-- Build files have been written to: /home/ubuntu/spas_ws/build/slam_toolbox\n'}
[73.337793] (-) TimerEvent: {}
[73.438884] (-) TimerEvent: {}
[73.501356] (slam_toolbox) CommandEnded: {'returncode': 0}
[73.503920] (slam_toolbox) JobProgress: {'identifier': 'slam_toolbox', 'progress': 'build'}
[73.504208] (slam_toolbox) Command: {'cmd': ['/usr/bin/cmake', '--build', '/home/ubuntu/spas_ws/build/slam_toolbox', '--', '-j4', '-l4'], 'cwd': '/home/ubuntu/spas_ws/build/slam_toolbox', 'env': OrderedDict([('PYTHON_BASIC_REPL', '1'), ('LESSOPEN', '| /usr/bin/lesspipe %s'), ('USER', 'ubuntu'), ('SSH_CLIENT', '192.168.236.158 64914 22'), ('XDG_SESSION_TYPE', 'tty'), ('GIT_ASKPASS', '/home/ubuntu/.vscode-server/cli/servers/Stable-0958016b2af9f09bb4257e0df4a95e2f90590f9f/server/extensions/git/dist/askpass.sh'), ('SHLVL', '1'), ('LD_LIBRARY_PATH', '/opt/ros/humble/opt/rviz_ogre_vendor/lib:/opt/ros/humble/lib/aarch64-linux-gnu:/opt/ros/humble/lib'), ('BROWSER', '/home/ubuntu/.vscode-server/cli/servers/Stable-0958016b2af9f09bb4257e0df4a95e2f90590f9f/server/bin/helpers/browser.sh'), ('MOTD_SHOWN', 'pam'), ('HOME', '/home/ubuntu'), ('OLDPWD', '/home/ubuntu/spas_ws/src'), ('TERM_PROGRAM_VERSION', '1.120.0'), ('VSCODE_IPC_HOOK_CLI', '/run/user/1000/vscode-ipc-4c52080f-8f54-4af6-b1c5-04354886fdd5.sock'), ('ROS_PYTHON_VERSION', '3'), ('VSCODE_GIT_ASKPASS_MAIN', '/home/ubuntu/.vscode-server/cli/servers/Stable-0958016b2af9f09bb4257e0df4a95e2f90590f9f/server/extensions/git/dist/askpass-main.js'), ('VSCODE_GIT_ASKPASS_NODE', '/home/ubuntu/.vscode-server/cli/servers/Stable-0958016b2af9f09bb4257e0df4a95e2f90590f9f/server/node'), ('PYDEVD_DISABLE_FILE_VALIDATION', '1'), ('BUNDLED_DEBUGPY_PATH', '/home/ubuntu/.vscode-server/extensions/ms-python.debugpy-2026.6.0/bundled/libs/debugpy'), ('VSCODE_PYTHON_AUTOACTIVATE_GUARD', '1'), ('DBUS_SESSION_BUS_ADDRESS', 'unix:path=/run/user/1000/bus'), ('COLORTERM', 'truecolor'), ('ROS_DISTRO', 'humble'), ('LOGNAME', 'ubuntu'), ('_', '/usr/bin/colcon'), ('ROS_VERSION', '2'), ('XDG_SESSION_CLASS', 'user'), ('TERM', 'xterm-256color'), ('XDG_SESSION_ID', '1'), ('ROS_LOCALHOST_ONLY', '0'), ('PATH', '/opt/ros/humble/bin:/home/ubuntu/.vscode-server/data/User/globalStorage/github.copilot-chat/debugCommand:/home/ubuntu/.vscode-server/data/User/globalStorage/github.copilot-chat/copilotCli:/home/ubuntu/.vscode-server/cli/servers/Stable-0958016b2af9f09bb4257e0df4a95e2f90590f9f/server/bin/remote-cli:/usr/local/sbin:/usr/local/bin:/usr/sbin:/usr/bin:/sbin:/bin:/usr/games:/usr/local/games:/snap/bin:/home/ubuntu/.vscode-server/extensions/ms-python.debugpy-2026.6.0/bundled/scripts/noConfigScripts:/usr/local/bin'), ('XDG_RUNTIME_DIR', '/run/user/1000'), ('VSCODE_DEBUGPY_ADAPTER_ENDPOINTS', '/home/ubuntu/.vscode-server/extensions/ms-python.debugpy-2026.6.0/.noConfigDebugAdapterEndpoints/endpoint-00d0b5565ef995a9.txt'), ('LANG', 'en_US.UTF-8'), ('PYTHONSTARTUP', '/home/ubuntu/.vscode-server/data/User/workspaceStorage/f3bef80f69d224608c509b83f13a955a/ms-python.python/pythonrc.py'), ('LS_COLORS', 'rs=0:di=01;34:ln=01;36:mh=00:pi=40;33:so=01;35:do=01;35:bd=40;33;01:cd=40;33;01:or=40;31;01:mi=00:su=37;41:sg=30;43:ca=30;41:tw=30;42:ow=34;42:st=37;44:ex=01;32:*.tar=01;31:*.tgz=01;31:*.arc=01;31:*.arj=01;31:*.taz=01;31:*.lha=01;31:*.lz4=01;31:*.lzh=01;31:*.lzma=01;31:*.tlz=01;31:*.txz=01;31:*.tzo=01;31:*.t7z=01;31:*.zip=01;31:*.z=01;31:*.dz=01;31:*.gz=01;31:*.lrz=01;31:*.lz=01;31:*.lzo=01;31:*.xz=01;31:*.zst=01;31:*.tzst=01;31:*.bz2=01;31:*.bz=01;31:*.tbz=01;31:*.tbz2=01;31:*.tz=01;31:*.deb=01;31:*.rpm=01;31:*.jar=01;31:*.war=01;31:*.ear=01;31:*.sar=01;31:*.rar=01;31:*.alz=01;31:*.ace=01;31:*.zoo=01;31:*.cpio=01;31:*.7z=01;31:*.rz=01;31:*.cab=01;31:*.wim=01;31:*.swm=01;31:*.dwm=01;31:*.esd=01;31:*.jpg=01;35:*.jpeg=01;35:*.mjpg=01;35:*.mjpeg=01;35:*.gif=01;35:*.bmp=01;35:*.pbm=01;35:*.pgm=01;35:*.ppm=01;35:*.tga=01;35:*.xbm=01;35:*.xpm=01;35:*.tif=01;35:*.tiff=01;35:*.png=01;35:*.svg=01;35:*.svgz=01;35:*.mng=01;35:*.pcx=01;35:*.mov=01;35:*.mpg=01;35:*.mpeg=01;35:*.m2v=01;35:*.mkv=01;35:*.webm=01;35:*.webp=01;35:*.ogm=01;35:*.mp4=01;35:*.m4v=01;35:*.mp4v=01;35:*.vob=01;35:*.qt=01;35:*.nuv=01;35:*.wmv=01;35:*.asf=01;35:*.rm=01;35:*.rmvb=01;35:*.flc=01;35:*.avi=01;35:*.fli=01;35:*.flv=01;35:*.gl=01;35:*.dl=01;35:*.xcf=01;35:*.xwd=01;35:*.yuv=01;35:*.cgm=01;35:*.emf=01;35:*.ogv=01;35:*.ogx=01;35:*.aac=00;36:*.au=00;36:*.flac=00;36:*.m4a=00;36:*.mid=00;36:*.midi=00;36:*.mka=00;36:*.mp3=00;36:*.mpc=00;36:*.ogg=00;36:*.ra=00;36:*.wav=00;36:*.oga=00;36:*.opus=00;36:*.spx=00;36:*.xspf=00;36:'), ('VSCODE_GIT_IPC_HANDLE', '/run/user/1000/vscode-git-a9f1ef9bc6.sock'), ('TERM_PROGRAM', 'vscode'), ('ROS_DOMAIN_ID', '1'), ('AMENT_PREFIX_PATH', '/opt/ros/humble'), ('SHELL', '/bin/bash'), ('LESSCLOSE', '/usr/bin/lesspipe %s %s'), ('VSCODE_GIT_ASKPASS_EXTRA_ARGS', ''), ('PWD', '/home/ubuntu/spas_ws/build/slam_toolbox'), ('LC_ALL', 'en_US.UTF-8'), ('SSH_CONNECTION', '192.168.236.158 64914 192.168.236.18 22'), ('PYTHONPATH', '/opt/ros/humble/lib/python3.10/site-packages:/opt/ros/humble/local/lib/python3.10/dist-packages:/usr/local/lib/python3/dist-packages'), ('COLCON', '1'), ('CMAKE_PREFIX_PATH', '/opt/ros/humble')]), 'shell': False}
[73.539352] (-) TimerEvent: {}
[73.640393] (-) TimerEvent: {}
[73.745678] (-) TimerEvent: {}
[73.847547] (-) TimerEvent: {}
[73.950055] (-) TimerEvent: {}
[74.015863] (slam_toolbox) StdoutLine: {'line': b'[  0%] \x1b[34m\x1b[1mGenerating Rust code for ROS interfaces\x1b[0m\n'}
[74.050328] (-) TimerEvent: {}
[74.152237] (-) TimerEvent: {}
[74.254528] (-) TimerEvent: {}
[74.356495] (-) TimerEvent: {}
[74.458365] (-) TimerEvent: {}
[74.560335] (-) TimerEvent: {}
[74.662288] (-) TimerEvent: {}
[74.764373] (-) TimerEvent: {}
[74.867763] (-) TimerEvent: {}
[74.969658] (-) TimerEvent: {}
[75.071491] (-) TimerEvent: {}
[75.173371] (-) TimerEvent: {}
[75.274417] (-) TimerEvent: {}
[75.376202] (-) TimerEvent: {}
[75.478155] (-) TimerEvent: {}
[75.581162] (-) TimerEvent: {}
[75.682015] (-) TimerEvent: {}
[75.782859] (-) TimerEvent: {}
[75.883811] (-) TimerEvent: {}
[75.984794] (-) TimerEvent: {}
[76.085785] (-) TimerEvent: {}
[76.186821] (-) TimerEvent: {}
[76.288749] (-) TimerEvent: {}
[76.390655] (-) TimerEvent: {}
[76.492372] (-) TimerEvent: {}
[76.594795] (-) TimerEvent: {}
[76.697269] (-) TimerEvent: {}
[76.798973] (-) TimerEvent: {}
[76.900826] (-) TimerEvent: {}
[77.001992] (-) TimerEvent: {}
[77.077666] (slam_toolbox) StdoutLine: {'line': b'[  0%] Built target slam_toolbox__rs\n'}
[77.102299] (-) TimerEvent: {}
[77.203689] (-) TimerEvent: {}
[77.275343] (slam_toolbox) StdoutLine: {'line': b'[  0%] Built target ament_cmake_python_symlink_slam_toolbox\n'}
[77.303959] (-) TimerEvent: {}
[77.406315] (-) TimerEvent: {}
[77.437277] (slam_toolbox) StdoutLine: {'line': b'[  0%] \x1b[32mBuilding CXX object lib/karto_sdk/CMakeFiles/kartoSlamToolbox.dir/src/Karto.cpp.o\x1b[0m\n'}
[77.506550] (-) TimerEvent: {}
[77.608141] (-) TimerEvent: {}
[77.709898] (-) TimerEvent: {}
[77.811697] (-) TimerEvent: {}
[77.915118] (-) TimerEvent: {}
[78.018150] (-) TimerEvent: {}
[78.121303] (-) TimerEvent: {}
[78.223949] (-) TimerEvent: {}
[78.327041] (-) TimerEvent: {}
[78.432239] (-) TimerEvent: {}
[78.538103] (-) TimerEvent: {}
[78.641790] (-) TimerEvent: {}
[78.749705] (-) TimerEvent: {}
[78.851998] (-) TimerEvent: {}
[78.955164] (-) TimerEvent: {}
[79.058307] (-) TimerEvent: {}
[79.161508] (-) TimerEvent: {}
[79.264794] (-) TimerEvent: {}
[79.368114] (-) TimerEvent: {}
[79.471262] (-) TimerEvent: {}
[79.574974] (-) TimerEvent: {}
[79.678682] (-) TimerEvent: {}
[79.781781] (-) TimerEvent: {}
[79.884989] (-) TimerEvent: {}
[79.988659] (-) TimerEvent: {}
[80.092464] (-) TimerEvent: {}
[80.195541] (-) TimerEvent: {}
[80.298845] (-) TimerEvent: {}
[80.404575] (-) TimerEvent: {}
[80.506340] (-) TimerEvent: {}
[80.608030] (-) TimerEvent: {}
[80.710121] (-) TimerEvent: {}
[80.812279] (-) TimerEvent: {}
[80.915952] (-) TimerEvent: {}
[81.017747] (-) TimerEvent: {}
[81.069011] (sllidar_ros2) StdoutLine: {'line': b'[ 30%] \x1b[32mBuilding CXX object CMakeFiles/sllidar_node.dir/sdk/src/dataunpacker/unpacker/handler_capsules.cpp.o\x1b[0m\n'}
[81.117957] (-) TimerEvent: {}
[81.220863] (-) TimerEvent: {}
[81.322418] (-) TimerEvent: {}
[81.424030] (-) TimerEvent: {}
[81.525802] (-) TimerEvent: {}
[81.627393] (-) TimerEvent: {}
[81.729565] (-) TimerEvent: {}
[81.831372] (-) TimerEvent: {}
[81.932830] (-) TimerEvent: {}
[82.034403] (-) TimerEvent: {}
[82.135995] (-) TimerEvent: {}
[82.237520] (-) TimerEvent: {}
[82.339147] (-) TimerEvent: {}
[82.440789] (-) TimerEvent: {}
[82.542823] (-) TimerEvent: {}
[82.644685] (-) TimerEvent: {}
[82.746671] (-) TimerEvent: {}
[82.847695] (-) TimerEvent: {}
[82.948592] (-) TimerEvent: {}
[83.049817] (-) TimerEvent: {}
[83.151086] (-) TimerEvent: {}
[83.252247] (-) TimerEvent: {}
[83.354417] (-) TimerEvent: {}
[83.456067] (-) TimerEvent: {}
[83.557902] (-) TimerEvent: {}
[83.660331] (-) TimerEvent: {}
[83.761689] (-) TimerEvent: {}
[83.843416] (sllidar_ros2) StderrLine: {'line': b'In file included from \x1b[01m\x1b[K/home/ubuntu/spas_ws/src/sllidar_ros2/./sdk/include/rplidar_protocol.h:36\x1b[m\x1b[K,\n'}
[83.845124] (sllidar_ros2) StderrLine: {'line': b'                 from \x1b[01m\x1b[K/home/ubuntu/spas_ws/src/sllidar_ros2/./sdk/include/rplidar.h:39\x1b[m\x1b[K,\n'}
[83.845975] (sllidar_ros2) StderrLine: {'line': b'                 from \x1b[01m\x1b[K/home/ubuntu/spas_ws/src/sllidar_ros2/./sdk/src/sdkcommon.h:49\x1b[m\x1b[K,\n'}
[83.846643] (sllidar_ros2) StderrLine: {'line': b'                 from \x1b[01m\x1b[K/home/ubuntu/spas_ws/src/sllidar_ros2/sdk/src/dataunpacker/unpacker/../dataunnpacker_commondef.h:41\x1b[m\x1b[K,\n'}
[83.847392] (sllidar_ros2) StderrLine: {'line': b'                 from \x1b[01m\x1b[K/home/ubuntu/spas_ws/src/sllidar_ros2/sdk/src/dataunpacker/unpacker/handler_capsules.cpp:39\x1b[m\x1b[K:\n'}
[83.847932] (sllidar_ros2) StderrLine: {'line': b'\x1b[01m\x1b[K/home/ubuntu/spas_ws/src/sllidar_ros2/./sdk/include/sl_lidar_protocol.h:66:16:\x1b[m\x1b[K \x1b[01;35m\x1b[Kwarning: \x1b[m\x1b[KISO C++ forbids zero-size array \xe2\x80\x98\x1b[01m\x1b[Kdata\x1b[m\x1b[K\xe2\x80\x99 [\x1b[01;35m\x1b[K\x1b]8;;https://gcc.gnu.org/onlinedocs/gcc/Warning-Options.html#index-Wpedantic\x07-Wpedantic\x1b]8;;\x07\x1b[m\x1b[K]\n'}
[83.848496] (sllidar_ros2) StderrLine: {'line': b'   66 |     sl_u8 data[\x1b[01;35m\x1b[K0\x1b[m\x1b[K];\n'}
[83.849235] (sllidar_ros2) StderrLine: {'line': b'      |                \x1b[01;35m\x1b[K^\x1b[m\x1b[K\n'}
[83.850108] (sllidar_ros2) StderrLine: {'line': b'In file included from \x1b[01m\x1b[K/home/ubuntu/spas_ws/src/sllidar_ros2/./sdk/include/rplidar_cmd.h:36\x1b[m\x1b[K,\n'}
[83.851296] (sllidar_ros2) StderrLine: {'line': b'                 from \x1b[01m\x1b[K/home/ubuntu/spas_ws/src/sllidar_ros2/./sdk/include/rplidar.h:40\x1b[m\x1b[K,\n'}
[83.851949] (sllidar_ros2) StderrLine: {'line': b'                 from \x1b[01m\x1b[K/home/ubuntu/spas_ws/src/sllidar_ros2/./sdk/src/sdkcommon.h:49\x1b[m\x1b[K,\n'}
[83.852619] (sllidar_ros2) StderrLine: {'line': b'                 from \x1b[01m\x1b[K/home/ubuntu/spas_ws/src/sllidar_ros2/sdk/src/dataunpacker/unpacker/../dataunnpacker_commondef.h:41\x1b[m\x1b[K,\n'}
[83.853317] (sllidar_ros2) StderrLine: {'line': b'                 from \x1b[01m\x1b[K/home/ubuntu/spas_ws/src/sllidar_ros2/sdk/src/dataunpacker/unpacker/handler_capsules.cpp:39\x1b[m\x1b[K:\n'}
[83.854147] (sllidar_ros2) StderrLine: {'line': b'\x1b[01m\x1b[K/home/ubuntu/spas_ws/src/sllidar_ros2/./sdk/include/sl_lidar_cmd.h:324:20:\x1b[m\x1b[K \x1b[01;35m\x1b[Kwarning: \x1b[m\x1b[KISO C++ forbids zero-size array \xe2\x80\x98\x1b[01m\x1b[Kpayload\x1b[m\x1b[K\xe2\x80\x99 [\x1b[01;35m\x1b[K\x1b]8;;https://gcc.gnu.org/onlinedocs/gcc/Warning-Options.html#index-Wpedantic\x07-Wpedantic\x1b]8;;\x07\x1b[m\x1b[K]\n'}
[83.855011] (sllidar_ros2) StderrLine: {'line': b'  324 |     sl_u8  payload[\x1b[01;35m\x1b[K0\x1b[m\x1b[K];\n'}
[83.855663] (sllidar_ros2) StderrLine: {'line': b'      |                    \x1b[01;35m\x1b[K^\x1b[m\x1b[K\n'}
[83.861972] (-) TimerEvent: {}
[83.964076] (-) TimerEvent: {}
[84.066169] (-) TimerEvent: {}
[84.168244] (-) TimerEvent: {}
[84.269242] (-) TimerEvent: {}
[84.370328] (-) TimerEvent: {}
[84.471746] (-) TimerEvent: {}
[84.572983] (-) TimerEvent: {}
[84.674085] (-) TimerEvent: {}
[84.775882] (-) TimerEvent: {}
[84.878050] (-) TimerEvent: {}
[84.979815] (-) TimerEvent: {}
[85.081765] (-) TimerEvent: {}
[85.087301] (sllidar_ros2) StderrLine: {'line': b'In file included from \x1b[01m\x1b[K/home/ubuntu/spas_ws/src/sllidar_ros2/sdk/src/dataunpacker/unpacker/handler_capsules.cpp:40\x1b[m\x1b[K:\n'}
[85.088726] (sllidar_ros2) StderrLine: {'line': b'\x1b[01m\x1b[K/home/ubuntu/spas_ws/src/sllidar_ros2/sdk/src/dataunpacker/unpacker/../dataunpacker.h:\x1b[m\x1b[K In member function \xe2\x80\x98\x1b[01m\x1b[Kvirtual void sl::internal::LIDARSampleDataListener::onCustomSampleDataDecoded(_u8, _u32, const void*, size_t)\x1b[m\x1b[K\xe2\x80\x99:\n'}
[85.090490] (sllidar_ros2) StderrLine: {'line': b'\x1b[01m\x1b[K/home/ubuntu/spas_ws/src/sllidar_ros2/sdk/src/dataunpacker/unpacker/../dataunpacker.h:54:52:\x1b[m\x1b[K \x1b[01;35m\x1b[Kwarning: \x1b[m\x1b[Kunused parameter \xe2\x80\x98\x1b[01m\x1b[KansType\x1b[m\x1b[K\xe2\x80\x99 [\x1b[01;35m\x1b[K\x1b]8;;https://gcc.gnu.org/onlinedocs/gcc/Warning-Options.html#index-Wunused-parameter\x07-Wunused-parameter\x1b]8;;\x07\x1b[m\x1b[K]\n'}
[85.092332] (sllidar_ros2) StderrLine: {'line': b'   54 |         virtual void onCustomSampleDataDecoded(\x1b[01;35m\x1b[K_u8 ansType\x1b[m\x1b[K, _u32 customCode, const void* data, size_t size) {}\n'}
[85.093956] (sllidar_ros2) StderrLine: {'line': b'      |                                                \x1b[01;35m\x1b[K~~~~^~~~~~~\x1b[m\x1b[K\n'}
[85.095326] (sllidar_ros2) StderrLine: {'line': b'\x1b[01m\x1b[K/home/ubuntu/spas_ws/src/sllidar_ros2/sdk/src/dataunpacker/unpacker/../dataunpacker.h:54:66:\x1b[m\x1b[K \x1b[01;35m\x1b[Kwarning: \x1b[m\x1b[Kunused parameter \xe2\x80\x98\x1b[01m\x1b[KcustomCode\x1b[m\x1b[K\xe2\x80\x99 [\x1b[01;35m\x1b[K\x1b]8;;https://gcc.gnu.org/onlinedocs/gcc/Warning-Options.html#index-Wunused-parameter\x07-Wunused-parameter\x1b]8;;\x07\x1b[m\x1b[K]\n'}
[85.096380] (sllidar_ros2) StderrLine: {'line': b'   54 |         virtual void onCustomSampleDataDecoded(_u8 ansType, \x1b[01;35m\x1b[K_u32 customCode\x1b[m\x1b[K, const void* data, size_t size) {}\n'}
[85.097485] (sllidar_ros2) StderrLine: {'line': b'      |                                                             \x1b[01;35m\x1b[K~~~~~^~~~~~~~~~\x1b[m\x1b[K\n'}
[85.098909] (sllidar_ros2) StderrLine: {'line': b'\x1b[01m\x1b[K/home/ubuntu/spas_ws/src/sllidar_ros2/sdk/src/dataunpacker/unpacker/../dataunpacker.h:54:90:\x1b[m\x1b[K \x1b[01;35m\x1b[Kwarning: \x1b[m\x1b[Kunused parameter \xe2\x80\x98\x1b[01m\x1b[Kdata\x1b[m\x1b[K\xe2\x80\x99 [\x1b[01;35m\x1b[K\x1b]8;;https://gcc.gnu.org/onlinedocs/gcc/Warning-Options.html#index-Wunused-parameter\x07-Wunused-parameter\x1b]8;;\x07\x1b[m\x1b[K]\n'}
[85.100092] (sllidar_ros2) StderrLine: {'line': b'   54 |         virtual void onCustomSampleDataDecoded(_u8 ansType, _u32 customCode, \x1b[01;35m\x1b[Kconst void* data\x1b[m\x1b[K, size_t size) {}\n'}
[85.101125] (sllidar_ros2) StderrLine: {'line': b'      |                                                                              \x1b[01;35m\x1b[K~~~~~~~~~~~~^~~~\x1b[m\x1b[K\n'}
[85.103494] (sllidar_ros2) StderrLine: {'line': b'\x1b[01m\x1b[K/home/ubuntu/spas_ws/src/sllidar_ros2/sdk/src/dataunpacker/unpacker/../dataunpacker.h:54:103:\x1b[m\x1b[K \x1b[01;35m\x1b[Kwarning: \x1b[m\x1b[Kunused parameter \xe2\x80\x98\x1b[01m\x1b[Ksize\x1b[m\x1b[K\xe2\x80\x99 [\x1b[01;35m\x1b[K\x1b]8;;https://gcc.gnu.org/onlinedocs/gcc/Warning-Options.html#index-Wunused-parameter\x07-Wunused-parameter\x1b]8;;\x07\x1b[m\x1b[K]\n'}
[85.104600] (sllidar_ros2) StderrLine: {'line': b'   54 |         virtual void onCustomSampleDataDecoded(_u8 ansType, _u32 customCode, const void* data, \x1b[01;35m\x1b[Ksize_t size\x1b[m\x1b[K) {}\n'}
[85.105402] (sllidar_ros2) StderrLine: {'line': b'      |                                                                                                \x1b[01;35m\x1b[K~~~~~~~^~~~\x1b[m\x1b[K\n'}
[85.106318] (sllidar_ros2) StderrLine: {'line': b'\x1b[01m\x1b[K/home/ubuntu/spas_ws/src/sllidar_ros2/sdk/src/dataunpacker/unpacker/../dataunpacker.h:\x1b[m\x1b[K In member function \xe2\x80\x98\x1b[01m\x1b[Kvirtual void sl::internal::LIDARSampleDataListener::onDecodingError(int, _u8, const void*, size_t)\x1b[m\x1b[K\xe2\x80\x99:\n'}
[85.109001] (sllidar_ros2) StderrLine: {'line': b'\x1b[01m\x1b[K/home/ubuntu/spas_ws/src/sllidar_ros2/sdk/src/dataunpacker/unpacker/../dataunpacker.h:56:42:\x1b[m\x1b[K \x1b[01;35m\x1b[Kwarning: \x1b[m\x1b[Kunused parameter \xe2\x80\x98\x1b[01m\x1b[KerrMsg\x1b[m\x1b[K\xe2\x80\x99 [\x1b[01;35m\x1b[K\x1b]8;;https://gcc.gnu.org/onlinedocs/gcc/Warning-Options.html#index-Wunused-parameter\x07-Wunused-parameter\x1b]8;;\x07\x1b[m\x1b[K]\n'}
[85.114645] (sllidar_ros2) StderrLine: {'line': b'   56 |         virtual void onDecodingError(\x1b[01;35m\x1b[Kint errMsg\x1b[m\x1b[K, _u8 ansType, const void* payload, size_t size) {}\n'}
[85.118064] (sllidar_ros2) StderrLine: {'line': b'      |                                      \x1b[01;35m\x1b[K~~~~^~~~~~\x1b[m\x1b[K\n'}
[85.119013] (sllidar_ros2) StderrLine: {'line': b'\x1b[01m\x1b[K/home/ubuntu/spas_ws/src/sllidar_ros2/sdk/src/dataunpacker/unpacker/../dataunpacker.h:56:54:\x1b[m\x1b[K \x1b[01;35m\x1b[Kwarning: \x1b[m\x1b[Kunused parameter \xe2\x80\x98\x1b[01m\x1b[KansType\x1b[m\x1b[K\xe2\x80\x99 [\x1b[01;35m\x1b[K\x1b]8;;https://gcc.gnu.org/onlinedocs/gcc/Warning-Options.html#index-Wunused-parameter\x07-Wunused-parameter\x1b]8;;\x07\x1b[m\x1b[K]\n'}
[85.119702] (sllidar_ros2) StderrLine: {'line': b'   56 |         virtual void onDecodingError(int errMsg, \x1b[01;35m\x1b[K_u8 ansType\x1b[m\x1b[K, const void* payload, size_t size) {}\n'}
[85.120378] (sllidar_ros2) StderrLine: {'line': b'      |                                                  \x1b[01;35m\x1b[K~~~~^~~~~~~\x1b[m\x1b[K\n'}
[85.120999] (sllidar_ros2) StderrLine: {'line': b'\x1b[01m\x1b[K/home/ubuntu/spas_ws/src/sllidar_ros2/sdk/src/dataunpacker/unpacker/../dataunpacker.h:56:75:\x1b[m\x1b[K \x1b[01;35m\x1b[Kwarning: \x1b[m\x1b[Kunused parameter \xe2\x80\x98\x1b[01m\x1b[Kpayload\x1b[m\x1b[K\xe2\x80\x99 [\x1b[01;35m\x1b[K\x1b]8;;https://gcc.gnu.org/onlinedocs/gcc/Warning-Options.html#index-Wunused-parameter\x07-Wunused-parameter\x1b]8;;\x07\x1b[m\x1b[K]\n'}
[85.121650] (sllidar_ros2) StderrLine: {'line': b'   56 |         virtual void onDecodingError(int errMsg, _u8 ansType, \x1b[01;35m\x1b[Kconst void* payload\x1b[m\x1b[K, size_t size) {}\n'}
[85.122229] (sllidar_ros2) StderrLine: {'line': b'      |                                                               \x1b[01;35m\x1b[K~~~~~~~~~~~~^~~~~~~\x1b[m\x1b[K\n'}
[85.122978] (sllidar_ros2) StderrLine: {'line': b'\x1b[01m\x1b[K/home/ubuntu/spas_ws/src/sllidar_ros2/sdk/src/dataunpacker/unpacker/../dataunpacker.h:56:91:\x1b[m\x1b[K \x1b[01;35m\x1b[Kwarning: \x1b[m\x1b[Kunused parameter \xe2\x80\x98\x1b[01m\x1b[Ksize\x1b[m\x1b[K\xe2\x80\x99 [\x1b[01;35m\x1b[K\x1b]8;;https://gcc.gnu.org/onlinedocs/gcc/Warning-Options.html#index-Wunused-parameter\x07-Wunused-parameter\x1b]8;;\x07\x1b[m\x1b[K]\n'}
[85.123788] (sllidar_ros2) StderrLine: {'line': b'   56 |         virtual void onDecodingError(int errMsg, _u8 ansType, const void* payload, \x1b[01;35m\x1b[Ksize_t size\x1b[m\x1b[K) {}\n'}
[85.124477] (sllidar_ros2) StderrLine: {'line': b'      |                                                                                    \x1b[01;35m\x1b[K~~~~~~~^~~~\x1b[m\x1b[K\n'}
[85.173204] (sllidar_ros2) StderrLine: {'line': b'\x1b[01m\x1b[K/home/ubuntu/spas_ws/src/sllidar_ros2/sdk/src/dataunpacker/unpacker/handler_capsules.cpp:\x1b[m\x1b[K In member function \xe2\x80\x98\x1b[01m\x1b[Kvoid sl::internal::unpacker::UnpackerHandler_DenseCapsuleNode::_onScanNodeDenseCapsuleData(rplidar_response_dense_capsule_measurement_nodes_t&, sl::internal::LIDARSampleDataUnpackerInner*)\x1b[m\x1b[K\xe2\x80\x99:\n'}
[85.174337] (sllidar_ros2) StderrLine: {'line': b'\x1b[01m\x1b[K/home/ubuntu/spas_ws/src/sllidar_ros2/sdk/src/dataunpacker/unpacker/handler_capsules.cpp:763:30:\x1b[m\x1b[K \x1b[01;35m\x1b[Kwarning: \x1b[m\x1b[Ktype qualifiers ignored on cast result type [\x1b[01;35m\x1b[K\x1b]8;;https://gcc.gnu.org/onlinedocs/gcc/Warning-Options.html#index-Wignored-qualifiers\x07-Wignored-qualifiers\x1b]8;;\x07\x1b[m\x1b[K]\n'}
[85.175068] (sllidar_ros2) StderrLine: {'line': b'  763 |             const int dist = \x1b[01;35m\x1b[Kstatic_cast<const int>(_cached_previous_dense_capsuledata.cabins[pos].distance)\x1b[m\x1b[K;\n'}
[85.175735] (sllidar_ros2) StderrLine: {'line': b'      |                              \x1b[01;35m\x1b[K^~~~~~~~~~~~~~~~~~~~~~~~~~~~~~~~~~~~~~~~~~~~~~~~~~~~~~~~~~~~~~~~~~~~~~~~~~~~~~~\x1b[m\x1b[K\n'}
[85.181968] (-) TimerEvent: {}
[85.282946] (-) TimerEvent: {}
[85.383926] (-) TimerEvent: {}
[85.484834] (-) TimerEvent: {}
[85.585904] (-) TimerEvent: {}
[85.686867] (-) TimerEvent: {}
[85.787847] (-) TimerEvent: {}
[85.889127] (-) TimerEvent: {}
[85.990220] (-) TimerEvent: {}
[86.092059] (-) TimerEvent: {}
[86.134020] (sllidar_ros2) StdoutLine: {'line': b'[ 35%] \x1b[32mBuilding CXX object CMakeFiles/sllidar_node.dir/sdk/src/dataunpacker/unpacker/handler_hqnode.cpp.o\x1b[0m\n'}
[86.192292] (-) TimerEvent: {}
[86.293175] (-) TimerEvent: {}
[86.394374] (-) TimerEvent: {}
[86.495348] (-) TimerEvent: {}
[86.597461] (-) TimerEvent: {}
[86.699134] (-) TimerEvent: {}
[86.800477] (-) TimerEvent: {}
[86.901949] (-) TimerEvent: {}
[87.003388] (-) TimerEvent: {}
[87.104955] (-) TimerEvent: {}
[87.206555] (-) TimerEvent: {}
[87.307463] (-) TimerEvent: {}
[87.408496] (-) TimerEvent: {}
[87.509563] (-) TimerEvent: {}
[87.611660] (-) TimerEvent: {}
[87.713429] (-) TimerEvent: {}
[87.815163] (-) TimerEvent: {}
[87.916228] (-) TimerEvent: {}
[88.017305] (-) TimerEvent: {}
[88.118588] (-) TimerEvent: {}
[88.222832] (-) TimerEvent: {}
[88.324130] (-) TimerEvent: {}
[88.425276] (-) TimerEvent: {}
[88.526374] (-) TimerEvent: {}
[88.627704] (-) TimerEvent: {}
[88.711123] (sllidar_ros2) StderrLine: {'line': b'In file included from \x1b[01m\x1b[K/home/ubuntu/spas_ws/src/sllidar_ros2/./sdk/include/rplidar_protocol.h:36\x1b[m\x1b[K,\n'}
[88.712366] (sllidar_ros2) StderrLine: {'line': b'                 from \x1b[01m\x1b[K/home/ubuntu/spas_ws/src/sllidar_ros2/./sdk/include/rplidar.h:39\x1b[m\x1b[K,\n'}
[88.713669] (sllidar_ros2) StderrLine: {'line': b'                 from \x1b[01m\x1b[K/home/ubuntu/spas_ws/src/sllidar_ros2/./sdk/src/sdkcommon.h:49\x1b[m\x1b[K,\n'}
[88.714986] (sllidar_ros2) StderrLine: {'line': b'                 from \x1b[01m\x1b[K/home/ubuntu/spas_ws/src/sllidar_ros2/sdk/src/dataunpacker/unpacker/../dataunnpacker_commondef.h:41\x1b[m\x1b[K,\n'}
[88.716388] (sllidar_ros2) StderrLine: {'line': b'                 from \x1b[01m\x1b[K/home/ubuntu/spas_ws/src/sllidar_ros2/sdk/src/dataunpacker/unpacker/handler_hqnode.cpp:39\x1b[m\x1b[K:\n'}
[88.717488] (sllidar_ros2) StderrLine: {'line': b'\x1b[01m\x1b[K/home/ubuntu/spas_ws/src/sllidar_ros2/./sdk/include/sl_lidar_protocol.h:66:16:\x1b[m\x1b[K \x1b[01;35m\x1b[Kwarning: \x1b[m\x1b[KISO C++ forbids zero-size array \xe2\x80\x98\x1b[01m\x1b[Kdata\x1b[m\x1b[K\xe2\x80\x99 [\x1b[01;35m\x1b[K\x1b]8;;https://gcc.gnu.org/onlinedocs/gcc/Warning-Options.html#index-Wpedantic\x07-Wpedantic\x1b]8;;\x07\x1b[m\x1b[K]\n'}
[88.718763] (sllidar_ros2) StderrLine: {'line': b'   66 |     sl_u8 data[\x1b[01;35m\x1b[K0\x1b[m\x1b[K];\n'}
[88.720040] (sllidar_ros2) StderrLine: {'line': b'      |                \x1b[01;35m\x1b[K^\x1b[m\x1b[K\n'}
[88.725190] (sllidar_ros2) StderrLine: {'line': b'In file included from \x1b[01m\x1b[K/home/ubuntu/spas_ws/src/sllidar_ros2/./sdk/include/rplidar_cmd.h:36\x1b[m\x1b[K,\n'}
[88.726849] (sllidar_ros2) StderrLine: {'line': b'                 from \x1b[01m\x1b[K/home/ubuntu/spas_ws/src/sllidar_ros2/./sdk/include/rplidar.h:40\x1b[m\x1b[K,\n'}
[88.727916] (-) TimerEvent: {}
[88.730533] (sllidar_ros2) StderrLine: {'line': b'                 from \x1b[01m\x1b[K/home/ubuntu/spas_ws/src/sllidar_ros2/./sdk/src/sdkcommon.h:49\x1b[m\x1b[K,\n'}
[88.731790] (sllidar_ros2) StderrLine: {'line': b'                 from \x1b[01m\x1b[K/home/ubuntu/spas_ws/src/sllidar_ros2/sdk/src/dataunpacker/unpacker/../dataunnpacker_commondef.h:41\x1b[m\x1b[K,\n'}
[88.733243] (sllidar_ros2) StderrLine: {'line': b'                 from \x1b[01m\x1b[K/home/ubuntu/spas_ws/src/sllidar_ros2/sdk/src/dataunpacker/unpacker/handler_hqnode.cpp:39\x1b[m\x1b[K:\n'}
[88.736544] (sllidar_ros2) StderrLine: {'line': b'\x1b[01m\x1b[K/home/ubuntu/spas_ws/src/sllidar_ros2/./sdk/include/sl_lidar_cmd.h:324:20:\x1b[m\x1b[K \x1b[01;35m\x1b[Kwarning: \x1b[m\x1b[KISO C++ forbids zero-size array \xe2\x80\x98\x1b[01m\x1b[Kpayload\x1b[m\x1b[K\xe2\x80\x99 [\x1b[01;35m\x1b[K\x1b]8;;https://gcc.gnu.org/onlinedocs/gcc/Warning-Options.html#index-Wpedantic\x07-Wpedantic\x1b]8;;\x07\x1b[m\x1b[K]\n'}
[88.749641] (sllidar_ros2) StderrLine: {'line': b'  324 |     sl_u8  payload[\x1b[01;35m\x1b[K0\x1b[m\x1b[K];\n'}
[88.750266] (sllidar_ros2) StderrLine: {'line': b'      |                    \x1b[01;35m\x1b[K^\x1b[m\x1b[K\n'}
[88.828171] (-) TimerEvent: {}
[88.930080] (-) TimerEvent: {}
[89.031728] (-) TimerEvent: {}
[89.133422] (-) TimerEvent: {}
[89.235109] (-) TimerEvent: {}
[89.336278] (-) TimerEvent: {}
[89.437239] (-) TimerEvent: {}
[89.539084] (-) TimerEvent: {}
[89.641252] (-) TimerEvent: {}
[89.743436] (-) TimerEvent: {}
[89.780742] (sllidar_ros2) StderrLine: {'line': b'In file included from \x1b[01m\x1b[K/home/ubuntu/spas_ws/src/sllidar_ros2/sdk/src/dataunpacker/unpacker/handler_hqnode.cpp:40\x1b[m\x1b[K:\n'}
[89.781890] (sllidar_ros2) StderrLine: {'line': b'\x1b[01m\x1b[K/home/ubuntu/spas_ws/src/sllidar_ros2/sdk/src/dataunpacker/unpacker/../dataunpacker.h:\x1b[m\x1b[K In member function \xe2\x80\x98\x1b[01m\x1b[Kvirtual void sl::internal::LIDARSampleDataListener::onCustomSampleDataDecoded(_u8, _u32, const void*, size_t)\x1b[m\x1b[K\xe2\x80\x99:\n'}
[89.782573] (sllidar_ros2) StderrLine: {'line': b'\x1b[01m\x1b[K/home/ubuntu/spas_ws/src/sllidar_ros2/sdk/src/dataunpacker/unpacker/../dataunpacker.h:54:52:\x1b[m\x1b[K \x1b[01;35m\x1b[Kwarning: \x1b[m\x1b[Kunused parameter \xe2\x80\x98\x1b[01m\x1b[KansType\x1b[m\x1b[K\xe2\x80\x99 [\x1b[01;35m\x1b[K\x1b]8;;https://gcc.gnu.org/onlinedocs/gcc/Warning-Options.html#index-Wunused-parameter\x07-Wunused-parameter\x1b]8;;\x07\x1b[m\x1b[K]\n'}
[89.783481] (sllidar_ros2) StderrLine: {'line': b'   54 |         virtual void onCustomSampleDataDecoded(\x1b[01;35m\x1b[K_u8 ansType\x1b[m\x1b[K, _u32 customCode, const void* data, size_t size) {}\n'}
[89.784288] (sllidar_ros2) StderrLine: {'line': b'      |                                                \x1b[01;35m\x1b[K~~~~^~~~~~~\x1b[m\x1b[K\n'}
[89.787050] (sllidar_ros2) StderrLine: {'line': b'\x1b[01m\x1b[K/home/ubuntu/spas_ws/src/sllidar_ros2/sdk/src/dataunpacker/unpacker/../dataunpacker.h:54:66:\x1b[m\x1b[K \x1b[01;35m\x1b[Kwarning: \x1b[m\x1b[Kunused parameter \xe2\x80\x98\x1b[01m\x1b[KcustomCode\x1b[m\x1b[K\xe2\x80\x99 [\x1b[01;35m\x1b[K\x1b]8;;https://gcc.gnu.org/onlinedocs/gcc/Warning-Options.html#index-Wunused-parameter\x07-Wunused-parameter\x1b]8;;\x07\x1b[m\x1b[K]\n'}
[89.787856] (sllidar_ros2) StderrLine: {'line': b'   54 |         virtual void onCustomSampleDataDecoded(_u8 ansType, \x1b[01;35m\x1b[K_u32 customCode\x1b[m\x1b[K, const void* data, size_t size) {}\n'}
[89.788863] (sllidar_ros2) StderrLine: {'line': b'      |                                                             \x1b[01;35m\x1b[K~~~~~^~~~~~~~~~\x1b[m\x1b[K\n'}
[89.789610] (sllidar_ros2) StderrLine: {'line': b'\x1b[01m\x1b[K/home/ubuntu/spas_ws/src/sllidar_ros2/sdk/src/dataunpacker/unpacker/../dataunpacker.h:54:90:\x1b[m\x1b[K \x1b[01;35m\x1b[Kwarning: \x1b[m\x1b[Kunused parameter \xe2\x80\x98\x1b[01m\x1b[Kdata\x1b[m\x1b[K\xe2\x80\x99 [\x1b[01;35m\x1b[K\x1b]8;;https://gcc.gnu.org/onlinedocs/gcc/Warning-Options.html#index-Wunused-parameter\x07-Wunused-parameter\x1b]8;;\x07\x1b[m\x1b[K]\n'}
[89.791018] (sllidar_ros2) StderrLine: {'line': b'   54 |         virtual void onCustomSampleDataDecoded(_u8 ansType, _u32 customCode, \x1b[01;35m\x1b[Kconst void* data\x1b[m\x1b[K, size_t size) {}\n'}
[89.791789] (sllidar_ros2) StderrLine: {'line': b'      |                                                                              \x1b[01;35m\x1b[K~~~~~~~~~~~~^~~~\x1b[m\x1b[K\n'}
[89.792427] (sllidar_ros2) StderrLine: {'line': b'\x1b[01m\x1b[K/home/ubuntu/spas_ws/src/sllidar_ros2/sdk/src/dataunpacker/unpacker/../dataunpacker.h:54:103:\x1b[m\x1b[K \x1b[01;35m\x1b[Kwarning: \x1b[m\x1b[Kunused parameter \xe2\x80\x98\x1b[01m\x1b[Ksize\x1b[m\x1b[K\xe2\x80\x99 [\x1b[01;35m\x1b[K\x1b]8;;https://gcc.gnu.org/onlinedocs/gcc/Warning-Options.html#index-Wunused-parameter\x07-Wunused-parameter\x1b]8;;\x07\x1b[m\x1b[K]\n'}
[89.793145] (sllidar_ros2) StderrLine: {'line': b'   54 |         virtual void onCustomSampleDataDecoded(_u8 ansType, _u32 customCode, const void* data, \x1b[01;35m\x1b[Ksize_t size\x1b[m\x1b[K) {}\n'}
[89.793966] (sllidar_ros2) StderrLine: {'line': b'      |                                                                                                \x1b[01;35m\x1b[K~~~~~~~^~~~\x1b[m\x1b[K\n'}
[89.794659] (sllidar_ros2) StderrLine: {'line': b'\x1b[01m\x1b[K/home/ubuntu/spas_ws/src/sllidar_ros2/sdk/src/dataunpacker/unpacker/../dataunpacker.h:\x1b[m\x1b[K In member function \xe2\x80\x98\x1b[01m\x1b[Kvirtual void sl::internal::LIDARSampleDataListener::onDecodingError(int, _u8, const void*, size_t)\x1b[m\x1b[K\xe2\x80\x99:\n'}
[89.795425] (sllidar_ros2) StderrLine: {'line': b'\x1b[01m\x1b[K/home/ubuntu/spas_ws/src/sllidar_ros2/sdk/src/dataunpacker/unpacker/../dataunpacker.h:56:42:\x1b[m\x1b[K \x1b[01;35m\x1b[Kwarning: \x1b[m\x1b[Kunused parameter \xe2\x80\x98\x1b[01m\x1b[KerrMsg\x1b[m\x1b[K\xe2\x80\x99 [\x1b[01;35m\x1b[K\x1b]8;;https://gcc.gnu.org/onlinedocs/gcc/Warning-Options.html#index-Wunused-parameter\x07-Wunused-parameter\x1b]8;;\x07\x1b[m\x1b[K]\n'}
[89.796242] (sllidar_ros2) StderrLine: {'line': b'   56 |         virtual void onDecodingError(\x1b[01;35m\x1b[Kint errMsg\x1b[m\x1b[K, _u8 ansType, const void* payload, size_t size) {}\n'}
[89.796943] (sllidar_ros2) StderrLine: {'line': b'      |                                      \x1b[01;35m\x1b[K~~~~^~~~~~\x1b[m\x1b[K\n'}
[89.797749] (sllidar_ros2) StderrLine: {'line': b'\x1b[01m\x1b[K/home/ubuntu/spas_ws/src/sllidar_ros2/sdk/src/dataunpacker/unpacker/../dataunpacker.h:56:54:\x1b[m\x1b[K \x1b[01;35m\x1b[Kwarning: \x1b[m\x1b[Kunused parameter \xe2\x80\x98\x1b[01m\x1b[KansType\x1b[m\x1b[K\xe2\x80\x99 [\x1b[01;35m\x1b[K\x1b]8;;https://gcc.gnu.org/onlinedocs/gcc/Warning-Options.html#index-Wunused-parameter\x07-Wunused-parameter\x1b]8;;\x07\x1b[m\x1b[K]\n'}
[89.798638] (sllidar_ros2) StderrLine: {'line': b'   56 |         virtual void onDecodingError(int errMsg, \x1b[01;35m\x1b[K_u8 ansType\x1b[m\x1b[K, const void* payload, size_t size) {}\n'}
[89.801468] (sllidar_ros2) StderrLine: {'line': b'      |                                                  \x1b[01;35m\x1b[K~~~~^~~~~~~\x1b[m\x1b[K\n'}
[89.802344] (sllidar_ros2) StderrLine: {'line': b'\x1b[01m\x1b[K/home/ubuntu/spas_ws/src/sllidar_ros2/sdk/src/dataunpacker/unpacker/../dataunpacker.h:56:75:\x1b[m\x1b[K \x1b[01;35m\x1b[Kwarning: \x1b[m\x1b[Kunused parameter \xe2\x80\x98\x1b[01m\x1b[Kpayload\x1b[m\x1b[K\xe2\x80\x99 [\x1b[01;35m\x1b[K\x1b]8;;https://gcc.gnu.org/onlinedocs/gcc/Warning-Options.html#index-Wunused-parameter\x07-Wunused-parameter\x1b]8;;\x07\x1b[m\x1b[K]\n'}
[89.803309] (sllidar_ros2) StderrLine: {'line': b'   56 |         virtual void onDecodingError(int errMsg, _u8 ansType, \x1b[01;35m\x1b[Kconst void* payload\x1b[m\x1b[K, size_t size) {}\n'}
[89.804019] (sllidar_ros2) StderrLine: {'line': b'      |                                                               \x1b[01;35m\x1b[K~~~~~~~~~~~~^~~~~~~\x1b[m\x1b[K\n'}
[89.804681] (sllidar_ros2) StderrLine: {'line': b'\x1b[01m\x1b[K/home/ubuntu/spas_ws/src/sllidar_ros2/sdk/src/dataunpacker/unpacker/../dataunpacker.h:56:91:\x1b[m\x1b[K \x1b[01;35m\x1b[Kwarning: \x1b[m\x1b[Kunused parameter \xe2\x80\x98\x1b[01m\x1b[Ksize\x1b[m\x1b[K\xe2\x80\x99 [\x1b[01;35m\x1b[K\x1b]8;;https://gcc.gnu.org/onlinedocs/gcc/Warning-Options.html#index-Wunused-parameter\x07-Wunused-parameter\x1b]8;;\x07\x1b[m\x1b[K]\n'}
[89.805552] (sllidar_ros2) StderrLine: {'line': b'   56 |         virtual void onDecodingError(int errMsg, _u8 ansType, const void* payload, \x1b[01;35m\x1b[Ksize_t size\x1b[m\x1b[K) {}\n'}
[89.806317] (sllidar_ros2) StderrLine: {'line': b'      |                                                                                    \x1b[01;35m\x1b[K~~~~~~~^~~~\x1b[m\x1b[K\n'}
[89.843703] (-) TimerEvent: {}
[89.944681] (-) TimerEvent: {}
[90.046467] (-) TimerEvent: {}
[90.147333] (-) TimerEvent: {}
[90.248320] (-) TimerEvent: {}
[90.356308] (-) TimerEvent: {}
[90.458720] (-) TimerEvent: {}
[90.470263] (sllidar_ros2) StdoutLine: {'line': b'[ 40%] \x1b[32mBuilding CXX object CMakeFiles/sllidar_node.dir/sdk/src/dataunpacker/unpacker/handler_normalnode.cpp.o\x1b[0m\n'}
[90.558951] (-) TimerEvent: {}
[90.660608] (-) TimerEvent: {}
[90.762582] (-) TimerEvent: {}
[90.864272] (-) TimerEvent: {}
[90.965894] (-) TimerEvent: {}
[91.067503] (-) TimerEvent: {}
[91.169244] (-) TimerEvent: {}
[91.270888] (-) TimerEvent: {}
[91.372607] (-) TimerEvent: {}
[91.473577] (-) TimerEvent: {}
[91.574719] (-) TimerEvent: {}
[91.675983] (-) TimerEvent: {}
[91.777450] (-) TimerEvent: {}
[91.878810] (-) TimerEvent: {}
[91.980188] (-) TimerEvent: {}
[92.081347] (-) TimerEvent: {}
[92.183549] (-) TimerEvent: {}
[92.285720] (-) TimerEvent: {}
[92.387662] (-) TimerEvent: {}
[92.490018] (-) TimerEvent: {}
[92.592571] (-) TimerEvent: {}
[92.695470] (-) TimerEvent: {}
[92.797862] (-) TimerEvent: {}
[92.899812] (-) TimerEvent: {}
[93.001818] (-) TimerEvent: {}
[93.053652] (sllidar_ros2) StderrLine: {'line': b'In file included from \x1b[01m\x1b[K/home/ubuntu/spas_ws/src/sllidar_ros2/./sdk/include/rplidar_protocol.h:36\x1b[m\x1b[K,\n'}
[93.054479] (sllidar_ros2) StderrLine: {'line': b'                 from \x1b[01m\x1b[K/home/ubuntu/spas_ws/src/sllidar_ros2/./sdk/include/rplidar.h:39\x1b[m\x1b[K,\n'}
[93.055257] (sllidar_ros2) StderrLine: {'line': b'                 from \x1b[01m\x1b[K/home/ubuntu/spas_ws/src/sllidar_ros2/./sdk/src/sdkcommon.h:49\x1b[m\x1b[K,\n'}
[93.056188] (sllidar_ros2) StderrLine: {'line': b'                 from \x1b[01m\x1b[K/home/ubuntu/spas_ws/src/sllidar_ros2/sdk/src/dataunpacker/unpacker/../dataunnpacker_commondef.h:41\x1b[m\x1b[K,\n'}
[93.056908] (sllidar_ros2) StderrLine: {'line': b'                 from \x1b[01m\x1b[K/home/ubuntu/spas_ws/src/sllidar_ros2/sdk/src/dataunpacker/unpacker/handler_normalnode.cpp:39\x1b[m\x1b[K:\n'}
[93.058300] (sllidar_ros2) StderrLine: {'line': b'\x1b[01m\x1b[K/home/ubuntu/spas_ws/src/sllidar_ros2/./sdk/include/sl_lidar_protocol.h:66:16:\x1b[m\x1b[K \x1b[01;35m\x1b[Kwarning: \x1b[m\x1b[KISO C++ forbids zero-size array \xe2\x80\x98\x1b[01m\x1b[Kdata\x1b[m\x1b[K\xe2\x80\x99 [\x1b[01;35m\x1b[K\x1b]8;;https://gcc.gnu.org/onlinedocs/gcc/Warning-Options.html#index-Wpedantic\x07-Wpedantic\x1b]8;;\x07\x1b[m\x1b[K]\n'}
[93.059187] (sllidar_ros2) StderrLine: {'line': b'   66 |     sl_u8 data[\x1b[01;35m\x1b[K0\x1b[m\x1b[K];\n'}
[93.060031] (sllidar_ros2) StderrLine: {'line': b'      |                \x1b[01;35m\x1b[K^\x1b[m\x1b[K\n'}
[93.060696] (sllidar_ros2) StderrLine: {'line': b'In file included from \x1b[01m\x1b[K/home/ubuntu/spas_ws/src/sllidar_ros2/./sdk/include/rplidar_cmd.h:36\x1b[m\x1b[K,\n'}
[93.061581] (sllidar_ros2) StderrLine: {'line': b'                 from \x1b[01m\x1b[K/home/ubuntu/spas_ws/src/sllidar_ros2/./sdk/include/rplidar.h:40\x1b[m\x1b[K,\n'}
[93.062200] (sllidar_ros2) StderrLine: {'line': b'                 from \x1b[01m\x1b[K/home/ubuntu/spas_ws/src/sllidar_ros2/./sdk/src/sdkcommon.h:49\x1b[m\x1b[K,\n'}
[93.062947] (sllidar_ros2) StderrLine: {'line': b'                 from \x1b[01m\x1b[K/home/ubuntu/spas_ws/src/sllidar_ros2/sdk/src/dataunpacker/unpacker/../dataunnpacker_commondef.h:41\x1b[m\x1b[K,\n'}
[93.063697] (sllidar_ros2) StderrLine: {'line': b'                 from \x1b[01m\x1b[K/home/ubuntu/spas_ws/src/sllidar_ros2/sdk/src/dataunpacker/unpacker/handler_normalnode.cpp:39\x1b[m\x1b[K:\n'}
[93.064365] (sllidar_ros2) StderrLine: {'line': b'\x1b[01m\x1b[K/home/ubuntu/spas_ws/src/sllidar_ros2/./sdk/include/sl_lidar_cmd.h:324:20:\x1b[m\x1b[K \x1b[01;35m\x1b[Kwarning: \x1b[m\x1b[KISO C++ forbids zero-size array \xe2\x80\x98\x1b[01m\x1b[Kpayload\x1b[m\x1b[K\xe2\x80\x99 [\x1b[01;35m\x1b[K\x1b]8;;https://gcc.gnu.org/onlinedocs/gcc/Warning-Options.html#index-Wpedantic\x07-Wpedantic\x1b]8;;\x07\x1b[m\x1b[K]\n'}
[93.065198] (sllidar_ros2) StderrLine: {'line': b'  324 |     sl_u8  payload[\x1b[01;35m\x1b[K0\x1b[m\x1b[K];\n'}
[93.066218] (sllidar_ros2) StderrLine: {'line': b'      |                    \x1b[01;35m\x1b[K^\x1b[m\x1b[K\n'}
[93.102043] (-) TimerEvent: {}
[93.203863] (-) TimerEvent: {}
[93.306076] (-) TimerEvent: {}
[93.407929] (-) TimerEvent: {}
[93.510627] (-) TimerEvent: {}
[93.612652] (-) TimerEvent: {}
[93.714932] (-) TimerEvent: {}
[93.817662] (-) TimerEvent: {}
[93.919892] (-) TimerEvent: {}
[94.021156] (-) TimerEvent: {}
[94.109549] (sllidar_ros2) StderrLine: {'line': b'In file included from \x1b[01m\x1b[K/home/ubuntu/spas_ws/src/sllidar_ros2/sdk/src/dataunpacker/unpacker/handler_normalnode.cpp:40\x1b[m\x1b[K:\n'}
[94.110330] (sllidar_ros2) StderrLine: {'line': b'\x1b[01m\x1b[K/home/ubuntu/spas_ws/src/sllidar_ros2/sdk/src/dataunpacker/unpacker/../dataunpacker.h:\x1b[m\x1b[K In member function \xe2\x80\x98\x1b[01m\x1b[Kvirtual void sl::internal::LIDARSampleDataListener::onCustomSampleDataDecoded(_u8, _u32, const void*, size_t)\x1b[m\x1b[K\xe2\x80\x99:\n'}
[94.111165] (sllidar_ros2) StderrLine: {'line': b'\x1b[01m\x1b[K/home/ubuntu/spas_ws/src/sllidar_ros2/sdk/src/dataunpacker/unpacker/../dataunpacker.h:54:52:\x1b[m\x1b[K \x1b[01;35m\x1b[Kwarning: \x1b[m\x1b[Kunused parameter \xe2\x80\x98\x1b[01m\x1b[KansType\x1b[m\x1b[K\xe2\x80\x99 [\x1b[01;35m\x1b[K\x1b]8;;https://gcc.gnu.org/onlinedocs/gcc/Warning-Options.html#index-Wunused-parameter\x07-Wunused-parameter\x1b]8;;\x07\x1b[m\x1b[K]\n'}
[94.112124] (sllidar_ros2) StderrLine: {'line': b'   54 |         virtual void onCustomSampleDataDecoded(\x1b[01;35m\x1b[K_u8 ansType\x1b[m\x1b[K, _u32 customCode, const void* data, size_t size) {}\n'}
[94.112869] (sllidar_ros2) StderrLine: {'line': b'      |                                                \x1b[01;35m\x1b[K~~~~^~~~~~~\x1b[m\x1b[K\n'}
[94.113764] (sllidar_ros2) StderrLine: {'line': b'\x1b[01m\x1b[K/home/ubuntu/spas_ws/src/sllidar_ros2/sdk/src/dataunpacker/unpacker/../dataunpacker.h:54:66:\x1b[m\x1b[K \x1b[01;35m\x1b[Kwarning: \x1b[m\x1b[Kunused parameter \xe2\x80\x98\x1b[01m\x1b[KcustomCode\x1b[m\x1b[K\xe2\x80\x99 [\x1b[01;35m\x1b[K\x1b]8;;https://gcc.gnu.org/onlinedocs/gcc/Warning-Options.html#index-Wunused-parameter\x07-Wunused-parameter\x1b]8;;\x07\x1b[m\x1b[K]\n'}
[94.114485] (sllidar_ros2) StderrLine: {'line': b'   54 |         virtual void onCustomSampleDataDecoded(_u8 ansType, \x1b[01;35m\x1b[K_u32 customCode\x1b[m\x1b[K, const void* data, size_t size) {}\n'}
[94.115183] (sllidar_ros2) StderrLine: {'line': b'      |                                                             \x1b[01;35m\x1b[K~~~~~^~~~~~~~~~\x1b[m\x1b[K\n'}
[94.115885] (sllidar_ros2) StderrLine: {'line': b'\x1b[01m\x1b[K/home/ubuntu/spas_ws/src/sllidar_ros2/sdk/src/dataunpacker/unpacker/../dataunpacker.h:54:90:\x1b[m\x1b[K \x1b[01;35m\x1b[Kwarning: \x1b[m\x1b[Kunused parameter \xe2\x80\x98\x1b[01m\x1b[Kdata\x1b[m\x1b[K\xe2\x80\x99 [\x1b[01;35m\x1b[K\x1b]8;;https://gcc.gnu.org/onlinedocs/gcc/Warning-Options.html#index-Wunused-parameter\x07-Wunused-parameter\x1b]8;;\x07\x1b[m\x1b[K]\n'}
[94.116532] (sllidar_ros2) StderrLine: {'line': b'   54 |         virtual void onCustomSampleDataDecoded(_u8 ansType, _u32 customCode, \x1b[01;35m\x1b[Kconst void* data\x1b[m\x1b[K, size_t size) {}\n'}
[94.117425] (sllidar_ros2) StderrLine: {'line': b'      |                                                                              \x1b[01;35m\x1b[K~~~~~~~~~~~~^~~~\x1b[m\x1b[K\n'}
[94.118673] (sllidar_ros2) StderrLine: {'line': b'\x1b[01m\x1b[K/home/ubuntu/spas_ws/src/sllidar_ros2/sdk/src/dataunpacker/unpacker/../dataunpacker.h:54:103:\x1b[m\x1b[K \x1b[01;35m\x1b[Kwarning: \x1b[m\x1b[Kunused parameter \xe2\x80\x98\x1b[01m\x1b[Ksize\x1b[m\x1b[K\xe2\x80\x99 [\x1b[01;35m\x1b[K\x1b]8;;https://gcc.gnu.org/onlinedocs/gcc/Warning-Options.html#index-Wunused-parameter\x07-Wunused-parameter\x1b]8;;\x07\x1b[m\x1b[K]\n'}
[94.119395] (sllidar_ros2) StderrLine: {'line': b'   54 |         virtual void onCustomSampleDataDecoded(_u8 ansType, _u32 customCode, const void* data, \x1b[01;35m\x1b[Ksize_t size\x1b[m\x1b[K) {}\n'}
[94.120051] (sllidar_ros2) StderrLine: {'line': b'      |                                                                                                \x1b[01;35m\x1b[K~~~~~~~^~~~\x1b[m\x1b[K\n'}
[94.120730] (sllidar_ros2) StderrLine: {'line': b'\x1b[01m\x1b[K/home/ubuntu/spas_ws/src/sllidar_ros2/sdk/src/dataunpacker/unpacker/../dataunpacker.h:\x1b[m\x1b[K In member function \xe2\x80\x98\x1b[01m\x1b[Kvirtual void sl::internal::LIDARSampleDataListener::onDecodingError(int, _u8, const void*, size_t)\x1b[m\x1b[K\xe2\x80\x99:\n'}
[94.121483] (-) TimerEvent: {}
[94.123185] (sllidar_ros2) StderrLine: {'line': b'\x1b[01m\x1b[K/home/ubuntu/spas_ws/src/sllidar_ros2/sdk/src/dataunpacker/unpacker/../dataunpacker.h:56:42:\x1b[m\x1b[K \x1b[01;35m\x1b[Kwarning: \x1b[m\x1b[Kunused parameter \xe2\x80\x98\x1b[01m\x1b[KerrMsg\x1b[m\x1b[K\xe2\x80\x99 [\x1b[01;35m\x1b[K\x1b]8;;https://gcc.gnu.org/onlinedocs/gcc/Warning-Options.html#index-Wunused-parameter\x07-Wunused-parameter\x1b]8;;\x07\x1b[m\x1b[K]\n'}
[94.124093] (sllidar_ros2) StderrLine: {'line': b'   56 |         virtual void onDecodingError(\x1b[01;35m\x1b[Kint errMsg\x1b[m\x1b[K, _u8 ansType, const void* payload, size_t size) {}\n'}
[94.124833] (sllidar_ros2) StderrLine: {'line': b'      |                                      \x1b[01;35m\x1b[K~~~~^~~~~~\x1b[m\x1b[K\n'}
[94.125565] (sllidar_ros2) StderrLine: {'line': b'\x1b[01m\x1b[K/home/ubuntu/spas_ws/src/sllidar_ros2/sdk/src/dataunpacker/unpacker/../dataunpacker.h:56:54:\x1b[m\x1b[K \x1b[01;35m\x1b[Kwarning: \x1b[m\x1b[Kunused parameter \xe2\x80\x98\x1b[01m\x1b[KansType\x1b[m\x1b[K\xe2\x80\x99 [\x1b[01;35m\x1b[K\x1b]8;;https://gcc.gnu.org/onlinedocs/gcc/Warning-Options.html#index-Wunused-parameter\x07-Wunused-parameter\x1b]8;;\x07\x1b[m\x1b[K]\n'}
[94.126301] (sllidar_ros2) StderrLine: {'line': b'   56 |         virtual void onDecodingError(int errMsg, \x1b[01;35m\x1b[K_u8 ansType\x1b[m\x1b[K, const void* payload, size_t size) {}\n'}
[94.127034] (sllidar_ros2) StderrLine: {'line': b'      |                                                  \x1b[01;35m\x1b[K~~~~^~~~~~~\x1b[m\x1b[K\n'}
[94.127744] (sllidar_ros2) StderrLine: {'line': b'\x1b[01m\x1b[K/home/ubuntu/spas_ws/src/sllidar_ros2/sdk/src/dataunpacker/unpacker/../dataunpacker.h:56:75:\x1b[m\x1b[K \x1b[01;35m\x1b[Kwarning: \x1b[m\x1b[Kunused parameter \xe2\x80\x98\x1b[01m\x1b[Kpayload\x1b[m\x1b[K\xe2\x80\x99 [\x1b[01;35m\x1b[K\x1b]8;;https://gcc.gnu.org/onlinedocs/gcc/Warning-Options.html#index-Wunused-parameter\x07-Wunused-parameter\x1b]8;;\x07\x1b[m\x1b[K]\n'}
[94.131003] (sllidar_ros2) StderrLine: {'line': b'   56 |         virtual void onDecodingError(int errMsg, _u8 ansType, \x1b[01;35m\x1b[Kconst void* payload\x1b[m\x1b[K, size_t size) {}\n'}
[94.131827] (sllidar_ros2) StderrLine: {'line': b'      |                                                               \x1b[01;35m\x1b[K~~~~~~~~~~~~^~~~~~~\x1b[m\x1b[K\n'}
[94.132622] (sllidar_ros2) StderrLine: {'line': b'\x1b[01m\x1b[K/home/ubuntu/spas_ws/src/sllidar_ros2/sdk/src/dataunpacker/unpacker/../dataunpacker.h:56:91:\x1b[m\x1b[K \x1b[01;35m\x1b[Kwarning: \x1b[m\x1b[Kunused parameter \xe2\x80\x98\x1b[01m\x1b[Ksize\x1b[m\x1b[K\xe2\x80\x99 [\x1b[01;35m\x1b[K\x1b]8;;https://gcc.gnu.org/onlinedocs/gcc/Warning-Options.html#index-Wunused-parameter\x07-Wunused-parameter\x1b]8;;\x07\x1b[m\x1b[K]\n'}
[94.133703] (sllidar_ros2) StderrLine: {'line': b'   56 |         virtual void onDecodingError(int errMsg, _u8 ansType, const void* payload, \x1b[01;35m\x1b[Ksize_t size\x1b[m\x1b[K) {}\n'}
[94.134557] (sllidar_ros2) StderrLine: {'line': b'      |                                                                                    \x1b[01;35m\x1b[K~~~~~~~^~~~\x1b[m\x1b[K\n'}
[94.223212] (-) TimerEvent: {}
[94.325220] (-) TimerEvent: {}
[94.427152] (-) TimerEvent: {}
[94.529198] (-) TimerEvent: {}
[94.631133] (-) TimerEvent: {}
[94.727976] (sllidar_ros2) StdoutLine: {'line': b'[ 45%] \x1b[32mBuilding CXX object CMakeFiles/sllidar_node.dir/sdk/src/hal/thread.cpp.o\x1b[0m\n'}
[94.731377] (-) TimerEvent: {}
[94.835186] (-) TimerEvent: {}
[94.937509] (-) TimerEvent: {}
[95.039450] (-) TimerEvent: {}
[95.140476] (-) TimerEvent: {}
[95.241435] (-) TimerEvent: {}
[95.342746] (-) TimerEvent: {}
[95.443781] (-) TimerEvent: {}
[95.544681] (-) TimerEvent: {}
[95.645692] (-) TimerEvent: {}
[95.746636] (-) TimerEvent: {}
[95.847595] (-) TimerEvent: {}
[95.949220] (-) TimerEvent: {}
[96.050039] (-) TimerEvent: {}
[96.151004] (-) TimerEvent: {}
[96.251826] (-) TimerEvent: {}
[96.352666] (-) TimerEvent: {}
[96.453954] (-) TimerEvent: {}
[96.555637] (-) TimerEvent: {}
[96.656526] (-) TimerEvent: {}
[96.758068] (-) TimerEvent: {}
[96.859621] (-) TimerEvent: {}
[96.961158] (-) TimerEvent: {}
[97.062664] (-) TimerEvent: {}
[97.164078] (-) TimerEvent: {}
[97.264951] (-) TimerEvent: {}
[97.366185] (-) TimerEvent: {}
[97.467688] (-) TimerEvent: {}
[97.569785] (-) TimerEvent: {}
[97.674379] (-) TimerEvent: {}
[97.777258] (-) TimerEvent: {}
[97.878974] (-) TimerEvent: {}
[97.981334] (-) TimerEvent: {}
[98.084703] (-) TimerEvent: {}
[98.187805] (-) TimerEvent: {}
[98.290291] (-) TimerEvent: {}
[98.392754] (-) TimerEvent: {}
[98.398145] (sllidar_ros2) StdoutLine: {'line': b'[ 50%] \x1b[32m\x1b[1mLinking CXX executable sllidar_client\x1b[0m\n'}
[98.493213] (-) TimerEvent: {}
[98.596057] (-) TimerEvent: {}
[98.698234] (-) TimerEvent: {}
[98.800230] (-) TimerEvent: {}
[98.810472] (sllidar_ros2) StderrLine: {'line': b'In file included from \x1b[01m\x1b[K/home/ubuntu/spas_ws/src/sllidar_ros2/./sdk/include/rplidar_protocol.h:36\x1b[m\x1b[K,\n'}
[98.812071] (sllidar_ros2) StderrLine: {'line': b'                 from \x1b[01m\x1b[K/home/ubuntu/spas_ws/src/sllidar_ros2/./sdk/include/rplidar.h:39\x1b[m\x1b[K,\n'}
[98.813576] (sllidar_ros2) StderrLine: {'line': b'                 from \x1b[01m\x1b[K/home/ubuntu/spas_ws/src/sllidar_ros2/./sdk/src/sdkcommon.h:49\x1b[m\x1b[K,\n'}
[98.815076] (sllidar_ros2) StderrLine: {'line': b'                 from \x1b[01m\x1b[K/home/ubuntu/spas_ws/src/sllidar_ros2/sdk/src/hal/thread.cpp:35\x1b[m\x1b[K:\n'}
[98.816459] (sllidar_ros2) StderrLine: {'line': b'\x1b[01m\x1b[K/home/ubuntu/spas_ws/src/sllidar_ros2/./sdk/include/sl_lidar_protocol.h:66:16:\x1b[m\x1b[K \x1b[01;35m\x1b[Kwarning: \x1b[m\x1b[KISO C++ forbids zero-size array \xe2\x80\x98\x1b[01m\x1b[Kdata\x1b[m\x1b[K\xe2\x80\x99 [\x1b[01;35m\x1b[K\x1b]8;;https://gcc.gnu.org/onlinedocs/gcc/Warning-Options.html#index-Wpedantic\x07-Wpedantic\x1b]8;;\x07\x1b[m\x1b[K]\n'}
[98.817325] (sllidar_ros2) StderrLine: {'line': b'   66 |     sl_u8 data[\x1b[01;35m\x1b[K0\x1b[m\x1b[K];\n'}
[98.817973] (sllidar_ros2) StderrLine: {'line': b'      |                \x1b[01;35m\x1b[K^\x1b[m\x1b[K\n'}
[98.823160] (sllidar_ros2) StderrLine: {'line': b'In file included from \x1b[01m\x1b[K/home/ubuntu/spas_ws/src/sllidar_ros2/./sdk/include/rplidar_cmd.h:36\x1b[m\x1b[K,\n'}
[98.824240] (sllidar_ros2) StderrLine: {'line': b'                 from \x1b[01m\x1b[K/home/ubuntu/spas_ws/src/sllidar_ros2/./sdk/include/rplidar.h:40\x1b[m\x1b[K,\n'}
[98.825249] (sllidar_ros2) StderrLine: {'line': b'                 from \x1b[01m\x1b[K/home/ubuntu/spas_ws/src/sllidar_ros2/./sdk/src/sdkcommon.h:49\x1b[m\x1b[K,\n'}
[98.826056] (sllidar_ros2) StderrLine: {'line': b'                 from \x1b[01m\x1b[K/home/ubuntu/spas_ws/src/sllidar_ros2/sdk/src/hal/thread.cpp:35\x1b[m\x1b[K:\n'}
[98.827275] (sllidar_ros2) StderrLine: {'line': b'\x1b[01m\x1b[K/home/ubuntu/spas_ws/src/sllidar_ros2/./sdk/include/sl_lidar_cmd.h:324:20:\x1b[m\x1b[K \x1b[01;35m\x1b[Kwarning: \x1b[m\x1b[KISO C++ forbids zero-size array \xe2\x80\x98\x1b[01m\x1b[Kpayload\x1b[m\x1b[K\xe2\x80\x99 [\x1b[01;35m\x1b[K\x1b]8;;https://gcc.gnu.org/onlinedocs/gcc/Warning-Options.html#index-Wpedantic\x07-Wpedantic\x1b]8;;\x07\x1b[m\x1b[K]\n'}
[98.828371] (sllidar_ros2) StderrLine: {'line': b'  324 |     sl_u8  payload[\x1b[01;35m\x1b[K0\x1b[m\x1b[K];\n'}
[98.829349] (sllidar_ros2) StderrLine: {'line': b'      |                    \x1b[01;35m\x1b[K^\x1b[m\x1b[K\n'}
[98.900554] (-) TimerEvent: {}
[99.001989] (-) TimerEvent: {}
[99.103663] (-) TimerEvent: {}
[99.195556] (sllidar_ros2) StderrLine: {'line': b'In file included from \x1b[01m\x1b[K/home/ubuntu/spas_ws/src/sllidar_ros2/sdk/src/hal/thread.cpp:43\x1b[m\x1b[K:\n'}
[99.196902] (sllidar_ros2) StderrLine: {'line': b'\x1b[01m\x1b[K/home/ubuntu/spas_ws/src/sllidar_ros2/./sdk/src/arch/linux/thread.hpp:\x1b[m\x1b[K In static member function \xe2\x80\x98\x1b[01m\x1b[Kstatic rp::hal::Thread rp::hal::Thread::create(thread_proc_t, void*)\x1b[m\x1b[K\xe2\x80\x99:\n'}
[99.197956] (sllidar_ros2) StderrLine: {'line': b'\x1b[01m\x1b[K/home/ubuntu/spas_ws/src/sllidar_ros2/./sdk/src/arch/linux/thread.hpp:52:57:\x1b[m\x1b[K \x1b[01;35m\x1b[Kwarning: \x1b[m\x1b[Kcast between incompatible function types from \xe2\x80\x98\x1b[01m\x1b[Kthread_proc_t\x1b[m\x1b[K\xe2\x80\x99 {aka \xe2\x80\x98\x1b[01m\x1b[Klong unsigned int (*)(void*)\x1b[m\x1b[K\xe2\x80\x99} to \xe2\x80\x98\x1b[01m\x1b[Kvoid* (*)(void*)\x1b[m\x1b[K\xe2\x80\x99 [\x1b[01;35m\x1b[K\x1b]8;;https://gcc.gnu.org/onlinedocs/gcc/Warning-Options.html#index-Wcast-function-type\x07-Wcast-function-type\x1b]8;;\x07\x1b[m\x1b[K]\n'}
[99.199769] (sllidar_ros2) StderrLine: {'line': b'   52 |     pthread_create((pthread_t *)&newborn._handle, NULL, \x1b[01;35m\x1b[K(void * (*)(void *))proc\x1b[m\x1b[K, data);\n'}
[99.200947] (sllidar_ros2) StderrLine: {'line': b'      |                                                         \x1b[01;35m\x1b[K^~~~~~~~~~~~~~~~~~~~~~~~\x1b[m\x1b[K\n'}
[99.201592] (sllidar_ros2) StderrLine: {'line': b'\x1b[01m\x1b[K/home/ubuntu/spas_ws/src/sllidar_ros2/./sdk/src/arch/linux/thread.hpp:\x1b[m\x1b[K In member function \xe2\x80\x98\x1b[01m\x1b[Ku_result rp::hal::Thread::join(long unsigned int)\x1b[m\x1b[K\xe2\x80\x99:\n'}
[99.202113] (sllidar_ros2) StderrLine: {'line': b'\x1b[01m\x1b[K/home/ubuntu/spas_ws/src/sllidar_ros2/./sdk/src/arch/linux/thread.hpp:176:37:\x1b[m\x1b[K \x1b[01;35m\x1b[Kwarning: \x1b[m\x1b[Kunused parameter \xe2\x80\x98\x1b[01m\x1b[Ktimeout\x1b[m\x1b[K\xe2\x80\x99 [\x1b[01;35m\x1b[K\x1b]8;;https://gcc.gnu.org/onlinedocs/gcc/Warning-Options.html#index-Wunused-parameter\x07-Wunused-parameter\x1b]8;;\x07\x1b[m\x1b[K]\n'}
[99.202624] (sllidar_ros2) StderrLine: {'line': b'  176 | u_result Thread::join(\x1b[01;35m\x1b[Kunsigned long timeout\x1b[m\x1b[K)\n'}
[99.203110] (sllidar_ros2) StderrLine: {'line': b'      |                       \x1b[01;35m\x1b[K~~~~~~~~~~~~~~^~~~~~~\x1b[m\x1b[K\n'}
[99.204847] (-) TimerEvent: {}
[99.306517] (-) TimerEvent: {}
[99.407863] (-) TimerEvent: {}
[99.509228] (-) TimerEvent: {}
[99.594318] (sllidar_ros2) StdoutLine: {'line': b'[ 55%] \x1b[32mBuilding CXX object CMakeFiles/sllidar_node.dir/sdk/src/rplidar_driver.cpp.o\x1b[0m\n'}
[99.609584] (-) TimerEvent: {}
[99.712369] (-) TimerEvent: {}
[99.815151] (-) TimerEvent: {}
[99.916866] (-) TimerEvent: {}
[100.019552] (-) TimerEvent: {}
[100.121593] (-) TimerEvent: {}
[100.223479] (-) TimerEvent: {}
[100.325182] (-) TimerEvent: {}
[100.426742] (-) TimerEvent: {}
[100.528307] (-) TimerEvent: {}
[100.629757] (-) TimerEvent: {}
[100.731359] (-) TimerEvent: {}
[100.832769] (-) TimerEvent: {}
[100.934214] (-) TimerEvent: {}
[101.035795] (-) TimerEvent: {}
[101.137261] (-) TimerEvent: {}
[101.239936] (-) TimerEvent: {}
[101.342254] (-) TimerEvent: {}
[101.444013] (-) TimerEvent: {}
[101.546964] (-) TimerEvent: {}
[101.650087] (-) TimerEvent: {}
[101.753726] (-) TimerEvent: {}
[101.858757] (-) TimerEvent: {}
[101.962020] (-) TimerEvent: {}
[102.064676] (-) TimerEvent: {}
[102.167605] (-) TimerEvent: {}
[102.270493] (-) TimerEvent: {}
[102.372681] (-) TimerEvent: {}
[102.476312] (-) TimerEvent: {}
[102.577924] (-) TimerEvent: {}
[102.673798] (sllidar_ros2) StdoutLine: {'line': b'[ 55%] Built target sllidar_client\n'}
[102.678278] (-) TimerEvent: {}
[102.781490] (-) TimerEvent: {}
[102.883870] (-) TimerEvent: {}
[102.985693] (-) TimerEvent: {}
[103.089270] (-) TimerEvent: {}
[103.192159] (-) TimerEvent: {}
[103.294607] (-) TimerEvent: {}
[103.396812] (-) TimerEvent: {}
[103.499003] (-) TimerEvent: {}
[103.599954] (-) TimerEvent: {}
[103.700841] (-) TimerEvent: {}
[103.802857] (-) TimerEvent: {}
[103.903890] (-) TimerEvent: {}
[104.004889] (-) TimerEvent: {}
[104.026836] (sllidar_ros2) StderrLine: {'line': b'In file included from \x1b[01m\x1b[K/home/ubuntu/spas_ws/src/sllidar_ros2/./sdk/include/rplidar_protocol.h:36\x1b[m\x1b[K,\n'}
[104.027487] (sllidar_ros2) StderrLine: {'line': b'                 from \x1b[01m\x1b[K/home/ubuntu/spas_ws/src/sllidar_ros2/./sdk/include/rplidar.h:39\x1b[m\x1b[K,\n'}
[104.027985] (sllidar_ros2) StderrLine: {'line': b'                 from \x1b[01m\x1b[K/home/ubuntu/spas_ws/src/sllidar_ros2/sdk/src/sdkcommon.h:49\x1b[m\x1b[K,\n'}
[104.028481] (sllidar_ros2) StderrLine: {'line': b'                 from \x1b[01m\x1b[K/home/ubuntu/spas_ws/src/sllidar_ros2/sdk/src/rplidar_driver.cpp:33\x1b[m\x1b[K:\n'}
[104.029358] (sllidar_ros2) StderrLine: {'line': b'\x1b[01m\x1b[K/home/ubuntu/spas_ws/src/sllidar_ros2/./sdk/include/sl_lidar_protocol.h:66:16:\x1b[m\x1b[K \x1b[01;35m\x1b[Kwarning: \x1b[m\x1b[KISO C++ forbids zero-size array \xe2\x80\x98\x1b[01m\x1b[Kdata\x1b[m\x1b[K\xe2\x80\x99 [\x1b[01;35m\x1b[K\x1b]8;;https://gcc.gnu.org/onlinedocs/gcc/Warning-Options.html#index-Wpedantic\x07-Wpedantic\x1b]8;;\x07\x1b[m\x1b[K]\n'}
[104.029881] (sllidar_ros2) StderrLine: {'line': b'   66 |     sl_u8 data[\x1b[01;35m\x1b[K0\x1b[m\x1b[K];\n'}
[104.030366] (sllidar_ros2) StderrLine: {'line': b'      |                \x1b[01;35m\x1b[K^\x1b[m\x1b[K\n'}
[104.030849] (sllidar_ros2) StderrLine: {'line': b'In file included from \x1b[01m\x1b[K/home/ubuntu/spas_ws/src/sllidar_ros2/./sdk/include/rplidar_cmd.h:36\x1b[m\x1b[K,\n'}
[104.031572] (sllidar_ros2) StderrLine: {'line': b'                 from \x1b[01m\x1b[K/home/ubuntu/spas_ws/src/sllidar_ros2/./sdk/include/rplidar.h:40\x1b[m\x1b[K,\n'}
[104.032172] (sllidar_ros2) StderrLine: {'line': b'                 from \x1b[01m\x1b[K/home/ubuntu/spas_ws/src/sllidar_ros2/sdk/src/sdkcommon.h:49\x1b[m\x1b[K,\n'}
[104.032690] (sllidar_ros2) StderrLine: {'line': b'                 from \x1b[01m\x1b[K/home/ubuntu/spas_ws/src/sllidar_ros2/sdk/src/rplidar_driver.cpp:33\x1b[m\x1b[K:\n'}
[104.033475] (sllidar_ros2) StderrLine: {'line': b'\x1b[01m\x1b[K/home/ubuntu/spas_ws/src/sllidar_ros2/./sdk/include/sl_lidar_cmd.h:324:20:\x1b[m\x1b[K \x1b[01;35m\x1b[Kwarning: \x1b[m\x1b[KISO C++ forbids zero-size array \xe2\x80\x98\x1b[01m\x1b[Kpayload\x1b[m\x1b[K\xe2\x80\x99 [\x1b[01;35m\x1b[K\x1b]8;;https://gcc.gnu.org/onlinedocs/gcc/Warning-Options.html#index-Wpedantic\x07-Wpedantic\x1b]8;;\x07\x1b[m\x1b[K]\n'}
[104.034208] (sllidar_ros2) StderrLine: {'line': b'  324 |     sl_u8  payload[\x1b[01;35m\x1b[K0\x1b[m\x1b[K];\n'}
[104.034699] (sllidar_ros2) StderrLine: {'line': b'      |                    \x1b[01;35m\x1b[K^\x1b[m\x1b[K\n'}
[104.105181] (-) TimerEvent: {}
[104.207222] (-) TimerEvent: {}
[104.308497] (-) TimerEvent: {}
[104.409374] (-) TimerEvent: {}
[104.510354] (-) TimerEvent: {}
[104.611429] (-) TimerEvent: {}
[104.712394] (-) TimerEvent: {}
[104.768592] (sllidar_ros2) StderrLine: {'line': b'\x1b[01m\x1b[K/home/ubuntu/spas_ws/src/sllidar_ros2/sdk/src/rplidar_driver.cpp:\x1b[m\x1b[K In member function \xe2\x80\x98\x1b[01m\x1b[Ku_result rp::standalone::rplidar::RPlidarDriver::connect(const char*, _u32, _u32)\x1b[m\x1b[K\xe2\x80\x99:\n'}
[104.769646] (sllidar_ros2) StderrLine: {'line': b'\x1b[01m\x1b[K/home/ubuntu/spas_ws/src/sllidar_ros2/sdk/src/rplidar_driver.cpp:67:77:\x1b[m\x1b[K \x1b[01;35m\x1b[Kwarning: \x1b[m\x1b[Kunused parameter \xe2\x80\x98\x1b[01m\x1b[Kflag\x1b[m\x1b[K\xe2\x80\x99 [\x1b[01;35m\x1b[K\x1b]8;;https://gcc.gnu.org/onlinedocs/gcc/Warning-Options.html#index-Wunused-parameter\x07-Wunused-parameter\x1b]8;;\x07\x1b[m\x1b[K]\n'}
[104.770514] (sllidar_ros2) StderrLine: {'line': b'   67 |     u_result RPlidarDriver::connect(const char *path, _u32 portOrBaud, \x1b[01;35m\x1b[K_u32 flag\x1b[m\x1b[K)\n'}
[104.771158] (sllidar_ros2) StderrLine: {'line': b'      |                                                                        \x1b[01;35m\x1b[K~~~~~^~~~\x1b[m\x1b[K\n'}
[104.772141] (sllidar_ros2) StderrLine: {'line': b'\x1b[01m\x1b[K/home/ubuntu/spas_ws/src/sllidar_ros2/sdk/src/rplidar_driver.cpp:\x1b[m\x1b[K In member function \xe2\x80\x98\x1b[01m\x1b[Ku_result rp::standalone::rplidar::RPlidarDriver::reset(_u32)\x1b[m\x1b[K\xe2\x80\x99:\n'}
[104.774543] (sllidar_ros2) StderrLine: {'line': b'\x1b[01m\x1b[K/home/ubuntu/spas_ws/src/sllidar_ros2/sdk/src/rplidar_driver.cpp:101:40:\x1b[m\x1b[K \x1b[01;35m\x1b[Kwarning: \x1b[m\x1b[Kunused parameter \xe2\x80\x98\x1b[01m\x1b[Ktimeout\x1b[m\x1b[K\xe2\x80\x99 [\x1b[01;35m\x1b[K\x1b]8;;https://gcc.gnu.org/onlinedocs/gcc/Warning-Options.html#index-Wunused-parameter\x07-Wunused-parameter\x1b]8;;\x07\x1b[m\x1b[K]\n'}
[104.776498] (sllidar_ros2) StderrLine: {'line': b'  101 |     u_result RPlidarDriver::reset(\x1b[01;35m\x1b[K_u32 timeout\x1b[m\x1b[K)\n'}
[104.778065] (sllidar_ros2) StderrLine: {'line': b'      |                                   \x1b[01;35m\x1b[K~~~~~^~~~~~~\x1b[m\x1b[K\n'}
[104.778880] (sllidar_ros2) StderrLine: {'line': b'\x1b[01m\x1b[K/home/ubuntu/spas_ws/src/sllidar_ros2/sdk/src/rplidar_driver.cpp:\x1b[m\x1b[K In member function \xe2\x80\x98\x1b[01m\x1b[Ku_result rp::standalone::rplidar::RPlidarDriver::getScanDataWithInterval(rplidar_response_measurement_node_t*, size_t&)\x1b[m\x1b[K\xe2\x80\x99:\n'}
[104.779461] (sllidar_ros2) StderrLine: {'line': b'\x1b[01m\x1b[K/home/ubuntu/spas_ws/src/sllidar_ros2/sdk/src/rplidar_driver.cpp:180:91:\x1b[m\x1b[K \x1b[01;35m\x1b[Kwarning: \x1b[m\x1b[Kunused parameter \xe2\x80\x98\x1b[01m\x1b[Knodebuffer\x1b[m\x1b[K\xe2\x80\x99 [\x1b[01;35m\x1b[K\x1b]8;;https://gcc.gnu.org/onlinedocs/gcc/Warning-Options.html#index-Wunused-parameter\x07-Wunused-parameter\x1b]8;;\x07\x1b[m\x1b[K]\n'}
[104.780148] (sllidar_ros2) StderrLine: {'line': b'  180 |     u_result RPlidarDriver::getScanDataWithInterval(\x1b[01;35m\x1b[Krplidar_response_measurement_node_t * nodebuffer\x1b[m\x1b[K, size_t & count)\n'}
[104.780714] (sllidar_ros2) StderrLine: {'line': b'      |                                                     \x1b[01;35m\x1b[K~~~~~~~~~~~~~~~~~~~~~~~~~~~~~~~~~~~~~~^~~~~~~~~~\x1b[m\x1b[K\n'}
[104.781451] (sllidar_ros2) StderrLine: {'line': b'\x1b[01m\x1b[K/home/ubuntu/spas_ws/src/sllidar_ros2/sdk/src/rplidar_driver.cpp:180:112:\x1b[m\x1b[K \x1b[01;35m\x1b[Kwarning: \x1b[m\x1b[Kunused parameter \xe2\x80\x98\x1b[01m\x1b[Kcount\x1b[m\x1b[K\xe2\x80\x99 [\x1b[01;35m\x1b[K\x1b]8;;https://gcc.gnu.org/onlinedocs/gcc/Warning-Options.html#index-Wunused-parameter\x07-Wunused-parameter\x1b]8;;\x07\x1b[m\x1b[K]\n'}
[104.782095] (sllidar_ros2) StderrLine: {'line': b'  180 |     u_result RPlidarDriver::getScanDataWithInterval(rplidar_response_measurement_node_t * nodebuffer, \x1b[01;35m\x1b[Ksize_t & count\x1b[m\x1b[K)\n'}
[104.782699] (sllidar_ros2) StderrLine: {'line': b'      |                                                                                                       \x1b[01;35m\x1b[K~~~~~~~~~^~~~~\x1b[m\x1b[K\n'}
[104.812632] (-) TimerEvent: {}
[104.913515] (-) TimerEvent: {}
[105.014350] (-) TimerEvent: {}
[105.115222] (-) TimerEvent: {}
[105.216043] (-) TimerEvent: {}
[105.254540] (sllidar_ros2) StdoutLine: {'line': b'[ 60%] \x1b[32mBuilding CXX object CMakeFiles/sllidar_node.dir/sdk/src/sl_crc.cpp.o\x1b[0m\n'}
[105.316254] (-) TimerEvent: {}
[105.377827] (sllidar_ros2) StderrLine: {'line': b'In file included from \x1b[01m\x1b[K/home/ubuntu/spas_ws/src/sllidar_ros2/./sdk/include/sl_lidar_cmd.h:41\x1b[m\x1b[K,\n'}
[105.378522] (sllidar_ros2) StderrLine: {'line': b'                 from \x1b[01m\x1b[K/home/ubuntu/spas_ws/src/sllidar_ros2/./sdk/include/sl_crc.h:36\x1b[m\x1b[K,\n'}
[105.379013] (sllidar_ros2) StderrLine: {'line': b'                 from \x1b[01m\x1b[K/home/ubuntu/spas_ws/src/sllidar_ros2/sdk/src/sl_crc.cpp:33\x1b[m\x1b[K:\n'}
[105.379518] (sllidar_ros2) StderrLine: {'line': b'\x1b[01m\x1b[K/home/ubuntu/spas_ws/src/sllidar_ros2/./sdk/include/sl_lidar_protocol.h:66:16:\x1b[m\x1b[K \x1b[01;35m\x1b[Kwarning: \x1b[m\x1b[KISO C++ forbids zero-size array \xe2\x80\x98\x1b[01m\x1b[Kdata\x1b[m\x1b[K\xe2\x80\x99 [\x1b[01;35m\x1b[K\x1b]8;;https://gcc.gnu.org/onlinedocs/gcc/Warning-Options.html#index-Wpedantic\x07-Wpedantic\x1b]8;;\x07\x1b[m\x1b[K]\n'}
[105.380273] (sllidar_ros2) StderrLine: {'line': b'   66 |     sl_u8 data[\x1b[01;35m\x1b[K0\x1b[m\x1b[K];\n'}
[105.381536] (sllidar_ros2) StderrLine: {'line': b'      |                \x1b[01;35m\x1b[K^\x1b[m\x1b[K\n'}
[105.382464] (sllidar_ros2) StderrLine: {'line': b'In file included from \x1b[01m\x1b[K/home/ubuntu/spas_ws/src/sllidar_ros2/./sdk/include/sl_crc.h:36\x1b[m\x1b[K,\n'}
[105.383296] (sllidar_ros2) StderrLine: {'line': b'                 from \x1b[01m\x1b[K/home/ubuntu/spas_ws/src/sllidar_ros2/sdk/src/sl_crc.cpp:33\x1b[m\x1b[K:\n'}
[105.383862] (sllidar_ros2) StderrLine: {'line': b'\x1b[01m\x1b[K/home/ubuntu/spas_ws/src/sllidar_ros2/./sdk/include/sl_lidar_cmd.h:324:20:\x1b[m\x1b[K \x1b[01;35m\x1b[Kwarning: \x1b[m\x1b[KISO C++ forbids zero-size array \xe2\x80\x98\x1b[01m\x1b[Kpayload\x1b[m\x1b[K\xe2\x80\x99 [\x1b[01;35m\x1b[K\x1b]8;;https://gcc.gnu.org/onlinedocs/gcc/Warning-Options.html#index-Wpedantic\x07-Wpedantic\x1b]8;;\x07\x1b[m\x1b[K]\n'}
[105.384354] (sllidar_ros2) StderrLine: {'line': b'  324 |     sl_u8  payload[\x1b[01;35m\x1b[K0\x1b[m\x1b[K];\n'}
[105.384816] (sllidar_ros2) StderrLine: {'line': b'      |                    \x1b[01;35m\x1b[K^\x1b[m\x1b[K\n'}
[105.416507] (-) TimerEvent: {}
[105.473960] (sllidar_ros2) StdoutLine: {'line': b'[ 65%] \x1b[32mBuilding CXX object CMakeFiles/sllidar_node.dir/sdk/src/sl_lidar_driver.cpp.o\x1b[0m\n'}
[105.516733] (-) TimerEvent: {}
[105.618099] (-) TimerEvent: {}
[105.732249] (-) TimerEvent: {}
[105.833290] (-) TimerEvent: {}
[105.934067] (-) TimerEvent: {}
[106.034890] (-) TimerEvent: {}
[106.135692] (-) TimerEvent: {}
[106.236476] (-) TimerEvent: {}
[106.337425] (-) TimerEvent: {}
[106.438323] (-) TimerEvent: {}
[106.539489] (-) TimerEvent: {}
[106.640257] (-) TimerEvent: {}
[106.741115] (-) TimerEvent: {}
[106.841924] (-) TimerEvent: {}
[106.942744] (-) TimerEvent: {}
[107.043636] (-) TimerEvent: {}
[107.144503] (-) TimerEvent: {}
[107.245355] (-) TimerEvent: {}
[107.346325] (-) TimerEvent: {}
[107.447154] (-) TimerEvent: {}
[107.548006] (-) TimerEvent: {}
[107.648895] (-) TimerEvent: {}
[107.749975] (-) TimerEvent: {}
[107.769141] (sllidar_ros2) StderrLine: {'line': b'In file included from \x1b[01m\x1b[K/home/ubuntu/spas_ws/src/sllidar_ros2/./sdk/include/rplidar_protocol.h:36\x1b[m\x1b[K,\n'}
[107.769876] (sllidar_ros2) StderrLine: {'line': b'                 from \x1b[01m\x1b[K/home/ubuntu/spas_ws/src/sllidar_ros2/./sdk/include/rplidar.h:39\x1b[m\x1b[K,\n'}
[107.770440] (sllidar_ros2) StderrLine: {'line': b'                 from \x1b[01m\x1b[K/home/ubuntu/spas_ws/src/sllidar_ros2/sdk/src/sdkcommon.h:49\x1b[m\x1b[K,\n'}
[107.770944] (sllidar_ros2) StderrLine: {'line': b'                 from \x1b[01m\x1b[K/home/ubuntu/spas_ws/src/sllidar_ros2/sdk/src/sl_lidar_driver.cpp:33\x1b[m\x1b[K:\n'}
[107.771767] (sllidar_ros2) StderrLine: {'line': b'\x1b[01m\x1b[K/home/ubuntu/spas_ws/src/sllidar_ros2/./sdk/include/sl_lidar_protocol.h:66:16:\x1b[m\x1b[K \x1b[01;35m\x1b[Kwarning: \x1b[m\x1b[KISO C++ forbids zero-size array \xe2\x80\x98\x1b[01m\x1b[Kdata\x1b[m\x1b[K\xe2\x80\x99 [\x1b[01;35m\x1b[K\x1b]8;;https://gcc.gnu.org/onlinedocs/gcc/Warning-Options.html#index-Wpedantic\x07-Wpedantic\x1b]8;;\x07\x1b[m\x1b[K]\n'}
[107.772391] (sllidar_ros2) StderrLine: {'line': b'   66 |     sl_u8 data[\x1b[01;35m\x1b[K0\x1b[m\x1b[K];\n'}
[107.772954] (sllidar_ros2) StderrLine: {'line': b'      |                \x1b[01;35m\x1b[K^\x1b[m\x1b[K\n'}
[107.773529] (sllidar_ros2) StderrLine: {'line': b'In file included from \x1b[01m\x1b[K/home/ubuntu/spas_ws/src/sllidar_ros2/./sdk/include/rplidar_cmd.h:36\x1b[m\x1b[K,\n'}
[107.774150] (sllidar_ros2) StderrLine: {'line': b'                 from \x1b[01m\x1b[K/home/ubuntu/spas_ws/src/sllidar_ros2/./sdk/include/rplidar.h:40\x1b[m\x1b[K,\n'}
[107.774796] (sllidar_ros2) StderrLine: {'line': b'                 from \x1b[01m\x1b[K/home/ubuntu/spas_ws/src/sllidar_ros2/sdk/src/sdkcommon.h:49\x1b[m\x1b[K,\n'}
[107.775310] (sllidar_ros2) StderrLine: {'line': b'                 from \x1b[01m\x1b[K/home/ubuntu/spas_ws/src/sllidar_ros2/sdk/src/sl_lidar_driver.cpp:33\x1b[m\x1b[K:\n'}
[107.775792] (sllidar_ros2) StderrLine: {'line': b'\x1b[01m\x1b[K/home/ubuntu/spas_ws/src/sllidar_ros2/./sdk/include/sl_lidar_cmd.h:324:20:\x1b[m\x1b[K \x1b[01;35m\x1b[Kwarning: \x1b[m\x1b[KISO C++ forbids zero-size array \xe2\x80\x98\x1b[01m\x1b[Kpayload\x1b[m\x1b[K\xe2\x80\x99 [\x1b[01;35m\x1b[K\x1b]8;;https://gcc.gnu.org/onlinedocs/gcc/Warning-Options.html#index-Wpedantic\x07-Wpedantic\x1b]8;;\x07\x1b[m\x1b[K]\n'}
[107.776313] (sllidar_ros2) StderrLine: {'line': b'  324 |     sl_u8  payload[\x1b[01;35m\x1b[K0\x1b[m\x1b[K];\n'}
[107.776767] (sllidar_ros2) StderrLine: {'line': b'      |                    \x1b[01;35m\x1b[K^\x1b[m\x1b[K\n'}
[107.850341] (-) TimerEvent: {}
[107.951353] (-) TimerEvent: {}
[108.052473] (-) TimerEvent: {}
[108.153407] (-) TimerEvent: {}
[108.254407] (-) TimerEvent: {}
[108.355287] (-) TimerEvent: {}
[108.456135] (-) TimerEvent: {}
[108.557173] (-) TimerEvent: {}
[108.658255] (-) TimerEvent: {}
[108.759287] (-) TimerEvent: {}
[108.804566] (sllidar_ros2) StderrLine: {'line': b'In file included from \x1b[01m\x1b[K/home/ubuntu/spas_ws/src/sllidar_ros2/sdk/src/sl_lidar_driver.cpp:50\x1b[m\x1b[K:\n'}
[108.805997] (sllidar_ros2) StderrLine: {'line': b'\x1b[01m\x1b[K/home/ubuntu/spas_ws/src/sllidar_ros2/sdk/src/dataunpacker/dataunpacker.h:\x1b[m\x1b[K In member function \xe2\x80\x98\x1b[01m\x1b[Kvirtual void sl::internal::LIDARSampleDataListener::onCustomSampleDataDecoded(_u8, _u32, const void*, size_t)\x1b[m\x1b[K\xe2\x80\x99:\n'}
[108.806560] (sllidar_ros2) StderrLine: {'line': b'\x1b[01m\x1b[K/home/ubuntu/spas_ws/src/sllidar_ros2/sdk/src/dataunpacker/dataunpacker.h:54:52:\x1b[m\x1b[K \x1b[01;35m\x1b[Kwarning: \x1b[m\x1b[Kunused parameter \xe2\x80\x98\x1b[01m\x1b[KansType\x1b[m\x1b[K\xe2\x80\x99 [\x1b[01;35m\x1b[K\x1b]8;;https://gcc.gnu.org/onlinedocs/gcc/Warning-Options.html#index-Wunused-parameter\x07-Wunused-parameter\x1b]8;;\x07\x1b[m\x1b[K]\n'}
[108.807297] (sllidar_ros2) StderrLine: {'line': b'   54 |         virtual void onCustomSampleDataDecoded(\x1b[01;35m\x1b[K_u8 ansType\x1b[m\x1b[K, _u32 customCode, const void* data, size_t size) {}\n'}
[108.807824] (sllidar_ros2) StderrLine: {'line': b'      |                                                \x1b[01;35m\x1b[K~~~~^~~~~~~\x1b[m\x1b[K\n'}
[108.808461] (sllidar_ros2) StderrLine: {'line': b'\x1b[01m\x1b[K/home/ubuntu/spas_ws/src/sllidar_ros2/sdk/src/dataunpacker/dataunpacker.h:54:66:\x1b[m\x1b[K \x1b[01;35m\x1b[Kwarning: \x1b[m\x1b[Kunused parameter \xe2\x80\x98\x1b[01m\x1b[KcustomCode\x1b[m\x1b[K\xe2\x80\x99 [\x1b[01;35m\x1b[K\x1b]8;;https://gcc.gnu.org/onlinedocs/gcc/Warning-Options.html#index-Wunused-parameter\x07-Wunused-parameter\x1b]8;;\x07\x1b[m\x1b[K]\n'}
[108.809086] (sllidar_ros2) StderrLine: {'line': b'   54 |         virtual void onCustomSampleDataDecoded(_u8 ansType, \x1b[01;35m\x1b[K_u32 customCode\x1b[m\x1b[K, const void* data, size_t size) {}\n'}
[108.809648] (sllidar_ros2) StderrLine: {'line': b'      |                                                             \x1b[01;35m\x1b[K~~~~~^~~~~~~~~~\x1b[m\x1b[K\n'}
[108.810189] (sllidar_ros2) StderrLine: {'line': b'\x1b[01m\x1b[K/home/ubuntu/spas_ws/src/sllidar_ros2/sdk/src/dataunpacker/dataunpacker.h:54:90:\x1b[m\x1b[K \x1b[01;35m\x1b[Kwarning: \x1b[m\x1b[Kunused parameter \xe2\x80\x98\x1b[01m\x1b[Kdata\x1b[m\x1b[K\xe2\x80\x99 [\x1b[01;35m\x1b[K\x1b]8;;https://gcc.gnu.org/onlinedocs/gcc/Warning-Options.html#index-Wunused-parameter\x07-Wunused-parameter\x1b]8;;\x07\x1b[m\x1b[K]\n'}
[108.810786] (sllidar_ros2) StderrLine: {'line': b'   54 |         virtual void onCustomSampleDataDecoded(_u8 ansType, _u32 customCode, \x1b[01;35m\x1b[Kconst void* data\x1b[m\x1b[K, size_t size) {}\n'}
[108.811310] (sllidar_ros2) StderrLine: {'line': b'      |                                                                              \x1b[01;35m\x1b[K~~~~~~~~~~~~^~~~\x1b[m\x1b[K\n'}
[108.811844] (sllidar_ros2) StderrLine: {'line': b'\x1b[01m\x1b[K/home/ubuntu/spas_ws/src/sllidar_ros2/sdk/src/dataunpacker/dataunpacker.h:54:103:\x1b[m\x1b[K \x1b[01;35m\x1b[Kwarning: \x1b[m\x1b[Kunused parameter \xe2\x80\x98\x1b[01m\x1b[Ksize\x1b[m\x1b[K\xe2\x80\x99 [\x1b[01;35m\x1b[K\x1b]8;;https://gcc.gnu.org/onlinedocs/gcc/Warning-Options.html#index-Wunused-parameter\x07-Wunused-parameter\x1b]8;;\x07\x1b[m\x1b[K]\n'}
[108.812857] (sllidar_ros2) StderrLine: {'line': b'   54 |         virtual void onCustomSampleDataDecoded(_u8 ansType, _u32 customCode, const void* data, \x1b[01;35m\x1b[Ksize_t size\x1b[m\x1b[K) {}\n'}
[108.814529] (sllidar_ros2) StderrLine: {'line': b'      |                                                                                                \x1b[01;35m\x1b[K~~~~~~~^~~~\x1b[m\x1b[K\n'}
[108.815327] (sllidar_ros2) StderrLine: {'line': b'\x1b[01m\x1b[K/home/ubuntu/spas_ws/src/sllidar_ros2/sdk/src/dataunpacker/dataunpacker.h:\x1b[m\x1b[K In member function \xe2\x80\x98\x1b[01m\x1b[Kvirtual void sl::internal::LIDARSampleDataListener::onDecodingError(int, _u8, const void*, size_t)\x1b[m\x1b[K\xe2\x80\x99:\n'}
[108.815998] (sllidar_ros2) StderrLine: {'line': b'\x1b[01m\x1b[K/home/ubuntu/spas_ws/src/sllidar_ros2/sdk/src/dataunpacker/dataunpacker.h:56:42:\x1b[m\x1b[K \x1b[01;35m\x1b[Kwarning: \x1b[m\x1b[Kunused parameter \xe2\x80\x98\x1b[01m\x1b[KerrMsg\x1b[m\x1b[K\xe2\x80\x99 [\x1b[01;35m\x1b[K\x1b]8;;https://gcc.gnu.org/onlinedocs/gcc/Warning-Options.html#index-Wunused-parameter\x07-Wunused-parameter\x1b]8;;\x07\x1b[m\x1b[K]\n'}
[108.816771] (sllidar_ros2) StderrLine: {'line': b'   56 |         virtual void onDecodingError(\x1b[01;35m\x1b[Kint errMsg\x1b[m\x1b[K, _u8 ansType, const void* payload, size_t size) {}\n'}
[108.817551] (sllidar_ros2) StderrLine: {'line': b'      |                                      \x1b[01;35m\x1b[K~~~~^~~~~~\x1b[m\x1b[K\n'}
[108.818138] (sllidar_ros2) StderrLine: {'line': b'\x1b[01m\x1b[K/home/ubuntu/spas_ws/src/sllidar_ros2/sdk/src/dataunpacker/dataunpacker.h:56:54:\x1b[m\x1b[K \x1b[01;35m\x1b[Kwarning: \x1b[m\x1b[Kunused parameter \xe2\x80\x98\x1b[01m\x1b[KansType\x1b[m\x1b[K\xe2\x80\x99 [\x1b[01;35m\x1b[K\x1b]8;;https://gcc.gnu.org/onlinedocs/gcc/Warning-Options.html#index-Wunused-parameter\x07-Wunused-parameter\x1b]8;;\x07\x1b[m\x1b[K]\n'}
[108.818653] (sllidar_ros2) StderrLine: {'line': b'   56 |         virtual void onDecodingError(int errMsg, \x1b[01;35m\x1b[K_u8 ansType\x1b[m\x1b[K, const void* payload, size_t size) {}\n'}
[108.819163] (sllidar_ros2) StderrLine: {'line': b'      |                                                  \x1b[01;35m\x1b[K~~~~^~~~~~~\x1b[m\x1b[K\n'}
[108.819643] (sllidar_ros2) StderrLine: {'line': b'\x1b[01m\x1b[K/home/ubuntu/spas_ws/src/sllidar_ros2/sdk/src/dataunpacker/dataunpacker.h:56:75:\x1b[m\x1b[K \x1b[01;35m\x1b[Kwarning: \x1b[m\x1b[Kunused parameter \xe2\x80\x98\x1b[01m\x1b[Kpayload\x1b[m\x1b[K\xe2\x80\x99 [\x1b[01;35m\x1b[K\x1b]8;;https://gcc.gnu.org/onlinedocs/gcc/Warning-Options.html#index-Wunused-parameter\x07-Wunused-parameter\x1b]8;;\x07\x1b[m\x1b[K]\n'}
[108.820155] (sllidar_ros2) StderrLine: {'line': b'   56 |         virtual void onDecodingError(int errMsg, _u8 ansType, \x1b[01;35m\x1b[Kconst void* payload\x1b[m\x1b[K, size_t size) {}\n'}
[108.820647] (sllidar_ros2) StderrLine: {'line': b'      |                                                               \x1b[01;35m\x1b[K~~~~~~~~~~~~^~~~~~~\x1b[m\x1b[K\n'}
[108.821271] (sllidar_ros2) StderrLine: {'line': b'\x1b[01m\x1b[K/home/ubuntu/spas_ws/src/sllidar_ros2/sdk/src/dataunpacker/dataunpacker.h:56:91:\x1b[m\x1b[K \x1b[01;35m\x1b[Kwarning: \x1b[m\x1b[Kunused parameter \xe2\x80\x98\x1b[01m\x1b[Ksize\x1b[m\x1b[K\xe2\x80\x99 [\x1b[01;35m\x1b[K\x1b]8;;https://gcc.gnu.org/onlinedocs/gcc/Warning-Options.html#index-Wunused-parameter\x07-Wunused-parameter\x1b]8;;\x07\x1b[m\x1b[K]\n'}
[108.821833] (sllidar_ros2) StderrLine: {'line': b'   56 |         virtual void onDecodingError(int errMsg, _u8 ansType, const void* payload, \x1b[01;35m\x1b[Ksize_t size\x1b[m\x1b[K) {}\n'}
[108.822328] (sllidar_ros2) StderrLine: {'line': b'      |                                                                                    \x1b[01;35m\x1b[K~~~~~~~^~~~\x1b[m\x1b[K\n'}
[108.846156] (sllidar_ros2) StderrLine: {'line': b'In file included from \x1b[01m\x1b[K/home/ubuntu/spas_ws/src/sllidar_ros2/sdk/src/sl_lidar_driver.cpp:51\x1b[m\x1b[K:\n'}
[108.846834] (sllidar_ros2) StderrLine: {'line': b'\x1b[01m\x1b[K/home/ubuntu/spas_ws/src/sllidar_ros2/sdk/src/sl_async_transceiver.h:\x1b[m\x1b[K In member function \xe2\x80\x98\x1b[01m\x1b[Kvirtual void sl::internal::IAsyncProtocolCodec::onChannelError(u_result)\x1b[m\x1b[K\xe2\x80\x99:\n'}
[108.847370] (sllidar_ros2) StderrLine: {'line': b'\x1b[01m\x1b[K/home/ubuntu/spas_ws/src/sllidar_ros2/sdk/src/sl_async_transceiver.h:90:48:\x1b[m\x1b[K \x1b[01;35m\x1b[Kwarning: \x1b[m\x1b[Kunused parameter \xe2\x80\x98\x1b[01m\x1b[KerrCode\x1b[m\x1b[K\xe2\x80\x99 [\x1b[01;35m\x1b[K\x1b]8;;https://gcc.gnu.org/onlinedocs/gcc/Warning-Options.html#index-Wunused-parameter\x07-Wunused-parameter\x1b]8;;\x07\x1b[m\x1b[K]\n'}
[108.847902] (sllidar_ros2) StderrLine: {'line': b'   90 |         virtual void   onChannelError(\x1b[01;35m\x1b[Ku_result errCode\x1b[m\x1b[K) {}\n'}
[108.848407] (sllidar_ros2) StderrLine: {'line': b'      |                                       \x1b[01;35m\x1b[K~~~~~~~~~^~~~~~~\x1b[m\x1b[K\n'}
[108.859489] (-) TimerEvent: {}
[108.942499] (sllidar_ros2) StderrLine: {'line': b'\x1b[01m\x1b[K/home/ubuntu/spas_ws/src/sllidar_ros2/sdk/src/sl_lidar_driver.cpp:\x1b[m\x1b[K In member function \xe2\x80\x98\x1b[01m\x1b[Kvirtual sl_result sl::SlamtecLidarDriver::reset(sl_u32)\x1b[m\x1b[K\xe2\x80\x99:\n'}
[108.943206] (sllidar_ros2) StderrLine: {'line': b'\x1b[01m\x1b[K/home/ubuntu/spas_ws/src/sllidar_ros2/sdk/src/sl_lidar_driver.cpp:511:32:\x1b[m\x1b[K \x1b[01;35m\x1b[Kwarning: \x1b[m\x1b[Kunused parameter \xe2\x80\x98\x1b[01m\x1b[KtimeoutInMs\x1b[m\x1b[K\xe2\x80\x99 [\x1b[01;35m\x1b[K\x1b]8;;https://gcc.gnu.org/onlinedocs/gcc/Warning-Options.html#index-Wunused-parameter\x07-Wunused-parameter\x1b]8;;\x07\x1b[m\x1b[K]\n'}
[108.943742] (sllidar_ros2) StderrLine: {'line': b'  511 |         sl_result reset(\x1b[01;35m\x1b[Ksl_u32 timeoutInMs = DEFAULT_TIMEOUT\x1b[m\x1b[K)\n'}
[108.944385] (sllidar_ros2) StderrLine: {'line': b'      |                         \x1b[01;35m\x1b[K~~~~~~~^~~~~~~~~~~~~~~~~~~~~~~~~~~~~\x1b[m\x1b[K\n'}
[108.958819] (sllidar_ros2) StderrLine: {'line': b'\x1b[01m\x1b[K/home/ubuntu/spas_ws/src/sllidar_ros2/sdk/src/sl_lidar_driver.cpp:\x1b[m\x1b[K In member function \xe2\x80\x98\x1b[01m\x1b[Kvirtual sl_result sl::SlamtecLidarDriver::startScan(bool, bool, sl_u32, sl::LidarScanMode*)\x1b[m\x1b[K\xe2\x80\x99:\n'}
[108.959482] (sllidar_ros2) StderrLine: {'line': b'\x1b[01m\x1b[K/home/ubuntu/spas_ws/src/sllidar_ros2/sdk/src/sl_lidar_driver.cpp:586:69:\x1b[m\x1b[K \x1b[01;35m\x1b[Kwarning: \x1b[m\x1b[Kunused parameter \xe2\x80\x98\x1b[01m\x1b[Koptions\x1b[m\x1b[K\xe2\x80\x99 [\x1b[01;35m\x1b[K\x1b]8;;https://gcc.gnu.org/onlinedocs/gcc/Warning-Options.html#index-Wunused-parameter\x07-Wunused-parameter\x1b]8;;\x07\x1b[m\x1b[K]\n'}
[108.960060] (-) TimerEvent: {}
[108.960588] (sllidar_ros2) StderrLine: {'line': b'  586 |         sl_result startScan(bool force, bool useTypicalScan, \x1b[01;35m\x1b[Ksl_u32 options = 0\x1b[m\x1b[K, LidarScanMode* outUsedScanMode = nullptr)\n'}
[108.961427] (sllidar_ros2) StderrLine: {'line': b'      |                                                              \x1b[01;35m\x1b[K~~~~~~~^~~~~~~~~~~\x1b[m\x1b[K\n'}
[108.969173] (sllidar_ros2) StderrLine: {'line': b'\x1b[01m\x1b[K/home/ubuntu/spas_ws/src/sllidar_ros2/sdk/src/sl_lidar_driver.cpp:\x1b[m\x1b[K In member function \xe2\x80\x98\x1b[01m\x1b[Kvirtual sl_result sl::SlamtecLidarDriver::stop(sl_u32)\x1b[m\x1b[K\xe2\x80\x99:\n'}
[108.969894] (sllidar_ros2) StderrLine: {'line': b'\x1b[01m\x1b[K/home/ubuntu/spas_ws/src/sllidar_ros2/sdk/src/sl_lidar_driver.cpp:763:31:\x1b[m\x1b[K \x1b[01;35m\x1b[Kwarning: \x1b[m\x1b[Kunused parameter \xe2\x80\x98\x1b[01m\x1b[Ktimeout\x1b[m\x1b[K\xe2\x80\x99 [\x1b[01;35m\x1b[K\x1b]8;;https://gcc.gnu.org/onlinedocs/gcc/Warning-Options.html#index-Wunused-parameter\x07-Wunused-parameter\x1b]8;;\x07\x1b[m\x1b[K]\n'}
[108.970462] (sllidar_ros2) StderrLine: {'line': b'  763 |         sl_result stop(\x1b[01;35m\x1b[Ksl_u32 timeout = DEFAULT_TIMEOUT\x1b[m\x1b[K)\n'}
[108.970960] (sllidar_ros2) StderrLine: {'line': b'      |                        \x1b[01;35m\x1b[K~~~~~~~^~~~~~~~~~~~~~~~~~~~~~~~~\x1b[m\x1b[K\n'}
[108.977601] (sllidar_ros2) StderrLine: {'line': b'\x1b[01m\x1b[K/home/ubuntu/spas_ws/src/sllidar_ros2/sdk/src/sl_lidar_driver.cpp:\x1b[m\x1b[K In member function \xe2\x80\x98\x1b[01m\x1b[Kvirtual sl_result sl::SlamtecLidarDriver::getFrequency(const sl::LidarScanMode&, const sl_lidar_response_measurement_node_hq_t*, size_t, float&)\x1b[m\x1b[K\xe2\x80\x99:\n'}
[108.978320] (sllidar_ros2) StderrLine: {'line': b'\x1b[01m\x1b[K/home/ubuntu/spas_ws/src/sllidar_ros2/sdk/src/sl_lidar_driver.cpp:880:110:\x1b[m\x1b[K \x1b[01;35m\x1b[Kwarning: \x1b[m\x1b[Kunused parameter \xe2\x80\x98\x1b[01m\x1b[Knodes\x1b[m\x1b[K\xe2\x80\x99 [\x1b[01;35m\x1b[K\x1b]8;;https://gcc.gnu.org/onlinedocs/gcc/Warning-Options.html#index-Wunused-parameter\x07-Wunused-parameter\x1b]8;;\x07\x1b[m\x1b[K]\n'}
[108.978876] (sllidar_ros2) StderrLine: {'line': b'  880 |         sl_result getFrequency(const LidarScanMode& scanMode, \x1b[01;35m\x1b[Kconst sl_lidar_response_measurement_node_hq_t* nodes\x1b[m\x1b[K, size_t count, float& frequency)\n'}
[108.979403] (sllidar_ros2) StderrLine: {'line': b'      |                                                               \x1b[01;35m\x1b[K~~~~~~~~~~~~~~~~~~~~~~~~~~~~~~~~~~~~~~~~~~~~~~~^~~~~\x1b[m\x1b[K\n'}
[108.989204] (sllidar_ros2) StderrLine: {'line': b'\x1b[01m\x1b[K/home/ubuntu/spas_ws/src/sllidar_ros2/sdk/src/sl_lidar_driver.cpp:\x1b[m\x1b[K In member function \xe2\x80\x98\x1b[01m\x1b[Kvirtual sl_result sl::SlamtecLidarDriver::getMotorInfo(sl::LidarMotorInfo&, sl_u32)\x1b[m\x1b[K\xe2\x80\x99:\n'}
[108.989908] (sllidar_ros2) StderrLine: {'line': b'\x1b[01m\x1b[K/home/ubuntu/spas_ws/src/sllidar_ros2/sdk/src/sl_lidar_driver.cpp:1023:66:\x1b[m\x1b[K \x1b[01;35m\x1b[Kwarning: \x1b[m\x1b[Kunused parameter \xe2\x80\x98\x1b[01m\x1b[KtimeoutInMs\x1b[m\x1b[K\xe2\x80\x99 [\x1b[01;35m\x1b[K\x1b]8;;https://gcc.gnu.org/onlinedocs/gcc/Warning-Options.html#index-Wunused-parameter\x07-Wunused-parameter\x1b]8;;\x07\x1b[m\x1b[K]\n'}
[108.990463] (sllidar_ros2) StderrLine: {'line': b' 1023 |         sl_result getMotorInfo(LidarMotorInfo &motorInfo, \x1b[01;35m\x1b[Ksl_u32 timeoutInMs\x1b[m\x1b[K)\n'}
[108.990990] (sllidar_ros2) StderrLine: {'line': b'      |                                                           \x1b[01;35m\x1b[K~~~~~~~^~~~~~~~~~~\x1b[m\x1b[K\n'}
[108.995637] (sllidar_ros2) StderrLine: {'line': b'\x1b[01m\x1b[K/home/ubuntu/spas_ws/src/sllidar_ros2/sdk/src/sl_lidar_driver.cpp:\x1b[m\x1b[K In member function \xe2\x80\x98\x1b[01m\x1b[Ku_result sl::SlamtecLidarDriver::getScanModeCount(sl_u16&, sl_u32)\x1b[m\x1b[K\xe2\x80\x99:\n'}
[108.996728] (sllidar_ros2) StderrLine: {'line': b'\x1b[01m\x1b[K/home/ubuntu/spas_ws/src/sllidar_ros2/sdk/src/sl_lidar_driver.cpp:1199:61:\x1b[m\x1b[K \x1b[01;35m\x1b[Kwarning: \x1b[m\x1b[Kunused parameter \xe2\x80\x98\x1b[01m\x1b[KtimeoutInMs\x1b[m\x1b[K\xe2\x80\x99 [\x1b[01;35m\x1b[K\x1b]8;;https://gcc.gnu.org/onlinedocs/gcc/Warning-Options.html#index-Wunused-parameter\x07-Wunused-parameter\x1b]8;;\x07\x1b[m\x1b[K]\n'}
[109.002016] (sllidar_ros2) StderrLine: {'line': b' 1199 |         u_result getScanModeCount(sl_u16& modeCount, \x1b[01;35m\x1b[Ksl_u32 timeoutInMs = DEFAULT_TIMEOUT\x1b[m\x1b[K)\n'}
[109.003141] (sllidar_ros2) StderrLine: {'line': b'      |                                                      \x1b[01;35m\x1b[K~~~~~~~^~~~~~~~~~~~~~~~~~~~~~~~~~~~~\x1b[m\x1b[K\n'}
[109.060291] (-) TimerEvent: {}
[109.161182] (-) TimerEvent: {}
[109.186858] (sllidar_ros2) StderrLine: {'line': b'/home/ubuntu/spas_ws/src/sllidar_ros2/sdk/src/sl_lidar_driver.cpp: In instantiation of \xe2\x80\x98\x1b[01m\x1b[Kvoid sl::RawSampleNodeHolder<T>::pushNode(_u64, const T*) [with T = sl_lidar_response_measurement_node_hq_t; _u64 = long unsigned int]\x1b[m\x1b[K\xe2\x80\x99:\n'}
[109.187558] (sllidar_ros2) StderrLine: {'line': b'\x1b[01m\x1b[K/home/ubuntu/spas_ws/src/sllidar_ros2/sdk/src/sl_lidar_driver.cpp:1648:42:\x1b[m\x1b[K   required from here\n'}
[109.188158] (sllidar_ros2) StderrLine: {'line': b'\x1b[01m\x1b[K/home/ubuntu/spas_ws/src/sllidar_ros2/sdk/src/sl_lidar_driver.cpp:202:28:\x1b[m\x1b[K \x1b[01;35m\x1b[Kwarning: \x1b[m\x1b[Kunused parameter \xe2\x80\x98\x1b[01m\x1b[Ktimestamp_uS\x1b[m\x1b[K\xe2\x80\x99 [\x1b[01;35m\x1b[K\x1b]8;;https://gcc.gnu.org/onlinedocs/gcc/Warning-Options.html#index-Wunused-parameter\x07-Wunused-parameter\x1b]8;;\x07\x1b[m\x1b[K]\n'}
[109.188838] (sllidar_ros2) StderrLine: {'line': b'  202 |         void pushNode(\x1b[01;35m\x1b[K_u64 timestamp_uS\x1b[m\x1b[K, const T* node)\n'}
[109.189638] (sllidar_ros2) StderrLine: {'line': b'      |                       \x1b[01;35m\x1b[K~~~~~^~~~~~~~~~~~\x1b[m\x1b[K\n'}
[109.261388] (-) TimerEvent: {}
[109.362741] (-) TimerEvent: {}
[109.464387] (-) TimerEvent: {}
[109.566160] (-) TimerEvent: {}
[109.668731] (-) TimerEvent: {}
[109.677586] (sllidar_ros2) StderrLine: {'line': b'\x1b[01m\x1b[K/home/ubuntu/spas_ws/src/sllidar_ros2/sdk/src/sl_lidar_driver.cpp:\x1b[m\x1b[K At global scope:\n'}
[109.679699] (sllidar_ros2) StderrLine: {'line': b'\x1b[01m\x1b[K/home/ubuntu/spas_ws/src/sllidar_ros2/sdk/src/sl_lidar_driver.cpp:83:17:\x1b[m\x1b[K \x1b[01;35m\x1b[Kwarning: \x1b[m\x1b[K\xe2\x80\x98\x1b[01m\x1b[Kvoid sl::convert(const sl_lidar_response_measurement_node_hq_t&, sl_lidar_response_measurement_node_t&)\x1b[m\x1b[K\xe2\x80\x99 defined but not used [\x1b[01;35m\x1b[K\x1b]8;;https://gcc.gnu.org/onlinedocs/gcc/Warning-Options.html#index-Wunused-function\x07-Wunused-function\x1b]8;;\x07\x1b[m\x1b[K]\n'}
[109.680399] (sllidar_ros2) StderrLine: {'line': b'   83 |     static void \x1b[01;35m\x1b[Kconvert\x1b[m\x1b[K(const sl_lidar_response_measurement_node_hq_t& from, sl_lidar_response_measurement_node_t& to)\n'}
[109.680909] (sllidar_ros2) StderrLine: {'line': b'      |                 \x1b[01;35m\x1b[K^~~~~~~\x1b[m\x1b[K\n'}
[109.681888] (sllidar_ros2) StderrLine: {'line': b'\x1b[01m\x1b[K/home/ubuntu/spas_ws/src/sllidar_ros2/sdk/src/sl_lidar_driver.cpp:75:17:\x1b[m\x1b[K \x1b[01;35m\x1b[Kwarning: \x1b[m\x1b[K\xe2\x80\x98\x1b[01m\x1b[Kvoid sl::convert(const sl_lidar_response_measurement_node_t&, sl_lidar_response_measurement_node_hq_t&)\x1b[m\x1b[K\xe2\x80\x99 defined but not used [\x1b[01;35m\x1b[K\x1b]8;;https://gcc.gnu.org/onlinedocs/gcc/Warning-Options.html#index-Wunused-function\x07-Wunused-function\x1b]8;;\x07\x1b[m\x1b[K]\n'}
[109.682969] (sllidar_ros2) StderrLine: {'line': b'   75 |     static void \x1b[01;35m\x1b[Kconvert\x1b[m\x1b[K(const sl_lidar_response_measurement_node_t& from, sl_lidar_response_measurement_node_hq_t& to)\n'}
[109.684049] (sllidar_ros2) StderrLine: {'line': b'      |                 \x1b[01;35m\x1b[K^~~~~~~\x1b[m\x1b[K\n'}
[109.685245] (sllidar_ros2) StderrLine: {'line': b'\x1b[01m\x1b[K/home/ubuntu/spas_ws/src/sllidar_ros2/sdk/src/sl_lidar_driver.cpp:70:17:\x1b[m\x1b[K \x1b[01;35m\x1b[Kwarning: \x1b[m\x1b[K\xe2\x80\x98\x1b[01m\x1b[Kvoid sl::printDeprecationWarn(const char*, const char*)\x1b[m\x1b[K\xe2\x80\x99 defined but not used [\x1b[01;35m\x1b[K\x1b]8;;https://gcc.gnu.org/onlinedocs/gcc/Warning-Options.html#index-Wunused-function\x07-Wunused-function\x1b]8;;\x07\x1b[m\x1b[K]\n'}
[109.686302] (sllidar_ros2) StderrLine: {'line': b'   70 |     static void \x1b[01;35m\x1b[KprintDeprecationWarn\x1b[m\x1b[K(const char* fn, const char* replacement)\n'}
[109.687320] (sllidar_ros2) StderrLine: {'line': b'      |                 \x1b[01;35m\x1b[K^~~~~~~~~~~~~~~~~~~~\x1b[m\x1b[K\n'}
[109.769159] (-) TimerEvent: {}
[109.871794] (-) TimerEvent: {}
[109.972818] (-) TimerEvent: {}
[110.073829] (-) TimerEvent: {}
[110.174821] (-) TimerEvent: {}
[110.275619] (-) TimerEvent: {}
[110.376525] (-) TimerEvent: {}
[110.477462] (-) TimerEvent: {}
[110.578343] (-) TimerEvent: {}
[110.679166] (-) TimerEvent: {}
[110.780050] (-) TimerEvent: {}
[110.880919] (-) TimerEvent: {}
[110.981942] (-) TimerEvent: {}
[111.082799] (-) TimerEvent: {}
[111.183696] (-) TimerEvent: {}
[111.285358] (-) TimerEvent: {}
[111.386537] (-) TimerEvent: {}
[111.418713] (sllidar_ros2) StdoutLine: {'line': b'[ 70%] \x1b[32mBuilding CXX object CMakeFiles/sllidar_node.dir/sdk/src/sl_lidarprotocol_codec.cpp.o\x1b[0m\n'}
[111.486741] (-) TimerEvent: {}
[111.587607] (-) TimerEvent: {}
[111.688502] (-) TimerEvent: {}
[111.789479] (-) TimerEvent: {}
[111.890355] (-) TimerEvent: {}
[111.991248] (-) TimerEvent: {}
[112.092136] (-) TimerEvent: {}
[112.193108] (-) TimerEvent: {}
[112.293958] (-) TimerEvent: {}
[112.395000] (-) TimerEvent: {}
[112.496256] (-) TimerEvent: {}
[112.597188] (-) TimerEvent: {}
[112.698185] (-) TimerEvent: {}
[112.799221] (-) TimerEvent: {}
[112.900130] (-) TimerEvent: {}
[113.001191] (-) TimerEvent: {}
[113.102127] (-) TimerEvent: {}
[113.203038] (-) TimerEvent: {}
[113.303986] (-) TimerEvent: {}
[113.404885] (-) TimerEvent: {}
[113.505990] (-) TimerEvent: {}
[113.606967] (-) TimerEvent: {}
[113.708216] (-) TimerEvent: {}
[113.809316] (-) TimerEvent: {}
[113.858994] (sllidar_ros2) StderrLine: {'line': b'In file included from \x1b[01m\x1b[K/home/ubuntu/spas_ws/src/sllidar_ros2/./sdk/include/rplidar_protocol.h:36\x1b[m\x1b[K,\n'}
[113.859623] (sllidar_ros2) StderrLine: {'line': b'                 from \x1b[01m\x1b[K/home/ubuntu/spas_ws/src/sllidar_ros2/./sdk/include/rplidar.h:39\x1b[m\x1b[K,\n'}
[113.860043] (sllidar_ros2) StderrLine: {'line': b'                 from \x1b[01m\x1b[K/home/ubuntu/spas_ws/src/sllidar_ros2/sdk/src/sdkcommon.h:49\x1b[m\x1b[K,\n'}
[113.860391] (sllidar_ros2) StderrLine: {'line': b'                 from \x1b[01m\x1b[K/home/ubuntu/spas_ws/src/sllidar_ros2/sdk/src/sl_lidarprotocol_codec.cpp:35\x1b[m\x1b[K:\n'}
[113.861002] (sllidar_ros2) StderrLine: {'line': b'\x1b[01m\x1b[K/home/ubuntu/spas_ws/src/sllidar_ros2/./sdk/include/sl_lidar_protocol.h:66:16:\x1b[m\x1b[K \x1b[01;35m\x1b[Kwarning: \x1b[m\x1b[KISO C++ forbids zero-size array \xe2\x80\x98\x1b[01m\x1b[Kdata\x1b[m\x1b[K\xe2\x80\x99 [\x1b[01;35m\x1b[K\x1b]8;;https://gcc.gnu.org/onlinedocs/gcc/Warning-Options.html#index-Wpedantic\x07-Wpedantic\x1b]8;;\x07\x1b[m\x1b[K]\n'}
[113.861502] (sllidar_ros2) StderrLine: {'line': b'   66 |     sl_u8 data[\x1b[01;35m\x1b[K0\x1b[m\x1b[K];\n'}
[113.861997] (sllidar_ros2) StderrLine: {'line': b'      |                \x1b[01;35m\x1b[K^\x1b[m\x1b[K\n'}
[113.862489] (sllidar_ros2) StderrLine: {'line': b'In file included from \x1b[01m\x1b[K/home/ubuntu/spas_ws/src/sllidar_ros2/./sdk/include/rplidar_cmd.h:36\x1b[m\x1b[K,\n'}
[113.862931] (sllidar_ros2) StderrLine: {'line': b'                 from \x1b[01m\x1b[K/home/ubuntu/spas_ws/src/sllidar_ros2/./sdk/include/rplidar.h:40\x1b[m\x1b[K,\n'}
[113.863350] (sllidar_ros2) StderrLine: {'line': b'                 from \x1b[01m\x1b[K/home/ubuntu/spas_ws/src/sllidar_ros2/sdk/src/sdkcommon.h:49\x1b[m\x1b[K,\n'}
[113.863812] (sllidar_ros2) StderrLine: {'line': b'                 from \x1b[01m\x1b[K/home/ubuntu/spas_ws/src/sllidar_ros2/sdk/src/sl_lidarprotocol_codec.cpp:35\x1b[m\x1b[K:\n'}
[113.864150] (sllidar_ros2) StderrLine: {'line': b'\x1b[01m\x1b[K/home/ubuntu/spas_ws/src/sllidar_ros2/./sdk/include/sl_lidar_cmd.h:324:20:\x1b[m\x1b[K \x1b[01;35m\x1b[Kwarning: \x1b[m\x1b[KISO C++ forbids zero-size array \xe2\x80\x98\x1b[01m\x1b[Kpayload\x1b[m\x1b[K\xe2\x80\x99 [\x1b[01;35m\x1b[K\x1b]8;;https://gcc.gnu.org/onlinedocs/gcc/Warning-Options.html#index-Wpedantic\x07-Wpedantic\x1b]8;;\x07\x1b[m\x1b[K]\n'}
[113.864556] (sllidar_ros2) StderrLine: {'line': b'  324 |     sl_u8  payload[\x1b[01;35m\x1b[K0\x1b[m\x1b[K];\n'}
[113.864976] (sllidar_ros2) StderrLine: {'line': b'      |                    \x1b[01;35m\x1b[K^\x1b[m\x1b[K\n'}
[113.909506] (-) TimerEvent: {}
[114.010430] (-) TimerEvent: {}
[114.111488] (-) TimerEvent: {}
[114.212383] (-) TimerEvent: {}
[114.313360] (-) TimerEvent: {}
[114.414268] (-) TimerEvent: {}
[114.515472] (-) TimerEvent: {}
[114.616537] (-) TimerEvent: {}
[114.718303] (-) TimerEvent: {}
[114.762814] (sllidar_ros2) StderrLine: {'line': b'In file included from \x1b[01m\x1b[K/home/ubuntu/spas_ws/src/sllidar_ros2/sdk/src/sl_lidarprotocol_codec.cpp:49\x1b[m\x1b[K:\n'}
[114.763723] (sllidar_ros2) StderrLine: {'line': b'\x1b[01m\x1b[K/home/ubuntu/spas_ws/src/sllidar_ros2/sdk/src/sl_async_transceiver.h:\x1b[m\x1b[K In member function \xe2\x80\x98\x1b[01m\x1b[Kvirtual void sl::internal::IAsyncProtocolCodec::onChannelError(u_result)\x1b[m\x1b[K\xe2\x80\x99:\n'}
[114.764550] (sllidar_ros2) StderrLine: {'line': b'\x1b[01m\x1b[K/home/ubuntu/spas_ws/src/sllidar_ros2/sdk/src/sl_async_transceiver.h:90:48:\x1b[m\x1b[K \x1b[01;35m\x1b[Kwarning: \x1b[m\x1b[Kunused parameter \xe2\x80\x98\x1b[01m\x1b[KerrCode\x1b[m\x1b[K\xe2\x80\x99 [\x1b[01;35m\x1b[K\x1b]8;;https://gcc.gnu.org/onlinedocs/gcc/Warning-Options.html#index-Wunused-parameter\x07-Wunused-parameter\x1b]8;;\x07\x1b[m\x1b[K]\n'}
[114.765291] (sllidar_ros2) StderrLine: {'line': b'   90 |         virtual void   onChannelError(\x1b[01;35m\x1b[Ku_result errCode\x1b[m\x1b[K) {}\n'}
[114.766050] (sllidar_ros2) StderrLine: {'line': b'      |                                       \x1b[01;35m\x1b[K~~~~~~~~~^~~~~~~\x1b[m\x1b[K\n'}
[114.818503] (-) TimerEvent: {}
[114.920083] (-) TimerEvent: {}
[115.021455] (-) TimerEvent: {}
[115.122415] (-) TimerEvent: {}
[115.223420] (-) TimerEvent: {}
[115.264096] (sllidar_ros2) StdoutLine: {'line': b'[ 75%] \x1b[32mBuilding CXX object CMakeFiles/sllidar_node.dir/sdk/src/sl_serial_channel.cpp.o\x1b[0m\n'}
[115.323631] (-) TimerEvent: {}
[115.424423] (-) TimerEvent: {}
[115.525231] (-) TimerEvent: {}
[115.626005] (-) TimerEvent: {}
[115.726815] (-) TimerEvent: {}
[115.827558] (-) TimerEvent: {}
[115.928322] (-) TimerEvent: {}
[116.029228] (-) TimerEvent: {}
[116.130113] (-) TimerEvent: {}
[116.230935] (-) TimerEvent: {}
[116.331862] (-) TimerEvent: {}
[116.432947] (-) TimerEvent: {}
[116.533949] (-) TimerEvent: {}
[116.633333] (sllidar_ros2) StderrLine: {'line': b'In file included from \x1b[01m\x1b[K/home/ubuntu/spas_ws/src/sllidar_ros2/./sdk/include/sl_lidar_cmd.h:41\x1b[m\x1b[K,\n'}
[116.634033] (-) TimerEvent: {}
[116.634547] (sllidar_ros2) StderrLine: {'line': b'                 from \x1b[01m\x1b[K/home/ubuntu/spas_ws/src/sllidar_ros2/./sdk/include/sl_lidar_driver.h:54\x1b[m\x1b[K,\n'}
[116.635205] (sllidar_ros2) StderrLine: {'line': b'                 from \x1b[01m\x1b[K/home/ubuntu/spas_ws/src/sllidar_ros2/sdk/src/sl_serial_channel.cpp:33\x1b[m\x1b[K:\n'}
[116.636020] (sllidar_ros2) StderrLine: {'line': b'\x1b[01m\x1b[K/home/ubuntu/spas_ws/src/sllidar_ros2/./sdk/include/sl_lidar_protocol.h:66:16:\x1b[m\x1b[K \x1b[01;35m\x1b[Kwarning: \x1b[m\x1b[KISO C++ forbids zero-size array \xe2\x80\x98\x1b[01m\x1b[Kdata\x1b[m\x1b[K\xe2\x80\x99 [\x1b[01;35m\x1b[K\x1b]8;;https://gcc.gnu.org/onlinedocs/gcc/Warning-Options.html#index-Wpedantic\x07-Wpedantic\x1b]8;;\x07\x1b[m\x1b[K]\n'}
[116.636614] (sllidar_ros2) StderrLine: {'line': b'   66 |     sl_u8 data[\x1b[01;35m\x1b[K0\x1b[m\x1b[K];\n'}
[116.637119] (sllidar_ros2) StderrLine: {'line': b'      |                \x1b[01;35m\x1b[K^\x1b[m\x1b[K\n'}
[116.637617] (sllidar_ros2) StderrLine: {'line': b'In file included from \x1b[01m\x1b[K/home/ubuntu/spas_ws/src/sllidar_ros2/./sdk/include/sl_lidar_driver.h:54\x1b[m\x1b[K,\n'}
[116.638080] (sllidar_ros2) StderrLine: {'line': b'                 from \x1b[01m\x1b[K/home/ubuntu/spas_ws/src/sllidar_ros2/sdk/src/sl_serial_channel.cpp:33\x1b[m\x1b[K:\n'}
[116.638598] (sllidar_ros2) StderrLine: {'line': b'\x1b[01m\x1b[K/home/ubuntu/spas_ws/src/sllidar_ros2/./sdk/include/sl_lidar_cmd.h:324:20:\x1b[m\x1b[K \x1b[01;35m\x1b[Kwarning: \x1b[m\x1b[KISO C++ forbids zero-size array \xe2\x80\x98\x1b[01m\x1b[Kpayload\x1b[m\x1b[K\xe2\x80\x99 [\x1b[01;35m\x1b[K\x1b]8;;https://gcc.gnu.org/onlinedocs/gcc/Warning-Options.html#index-Wpedantic\x07-Wpedantic\x1b]8;;\x07\x1b[m\x1b[K]\n'}
[116.639094] (sllidar_ros2) StderrLine: {'line': b'  324 |     sl_u8  payload[\x1b[01;35m\x1b[K0\x1b[m\x1b[K];\n'}
[116.639560] (sllidar_ros2) StderrLine: {'line': b'      |                    \x1b[01;35m\x1b[K^\x1b[m\x1b[K\n'}
[116.734367] (-) TimerEvent: {}
[116.835388] (-) TimerEvent: {}
[116.907170] (sllidar_ros2) StdoutLine: {'line': b'[ 80%] \x1b[32mBuilding CXX object CMakeFiles/sllidar_node.dir/sdk/src/sl_tcp_channel.cpp.o\x1b[0m\n'}
[116.935618] (-) TimerEvent: {}
[117.036487] (-) TimerEvent: {}
[117.137312] (-) TimerEvent: {}
[117.238060] (-) TimerEvent: {}
[117.338831] (-) TimerEvent: {}
[117.439578] (-) TimerEvent: {}
[117.540344] (-) TimerEvent: {}
[117.641213] (-) TimerEvent: {}
[117.742076] (-) TimerEvent: {}
[117.842946] (-) TimerEvent: {}
[117.943811] (-) TimerEvent: {}
[118.044632] (-) TimerEvent: {}
[118.145538] (-) TimerEvent: {}
[118.246435] (-) TimerEvent: {}
[118.282495] (sllidar_ros2) StderrLine: {'line': b'In file included from \x1b[01m\x1b[K/home/ubuntu/spas_ws/src/sllidar_ros2/./sdk/include/sl_lidar_cmd.h:41\x1b[m\x1b[K,\n'}
[118.283161] (sllidar_ros2) StderrLine: {'line': b'                 from \x1b[01m\x1b[K/home/ubuntu/spas_ws/src/sllidar_ros2/./sdk/include/sl_lidar_driver.h:54\x1b[m\x1b[K,\n'}
[118.283670] (sllidar_ros2) StderrLine: {'line': b'                 from \x1b[01m\x1b[K/home/ubuntu/spas_ws/src/sllidar_ros2/sdk/src/sl_tcp_channel.cpp:33\x1b[m\x1b[K:\n'}
[118.284182] (sllidar_ros2) StderrLine: {'line': b'\x1b[01m\x1b[K/home/ubuntu/spas_ws/src/sllidar_ros2/./sdk/include/sl_lidar_protocol.h:66:16:\x1b[m\x1b[K \x1b[01;35m\x1b[Kwarning: \x1b[m\x1b[KISO C++ forbids zero-size array \xe2\x80\x98\x1b[01m\x1b[Kdata\x1b[m\x1b[K\xe2\x80\x99 [\x1b[01;35m\x1b[K\x1b]8;;https://gcc.gnu.org/onlinedocs/gcc/Warning-Options.html#index-Wpedantic\x07-Wpedantic\x1b]8;;\x07\x1b[m\x1b[K]\n'}
[118.284934] (sllidar_ros2) StderrLine: {'line': b'   66 |     sl_u8 data[\x1b[01;35m\x1b[K0\x1b[m\x1b[K];\n'}
[118.285564] (sllidar_ros2) StderrLine: {'line': b'      |                \x1b[01;35m\x1b[K^\x1b[m\x1b[K\n'}
[118.286066] (sllidar_ros2) StderrLine: {'line': b'In file included from \x1b[01m\x1b[K/home/ubuntu/spas_ws/src/sllidar_ros2/./sdk/include/sl_lidar_driver.h:54\x1b[m\x1b[K,\n'}
[118.286538] (sllidar_ros2) StderrLine: {'line': b'                 from \x1b[01m\x1b[K/home/ubuntu/spas_ws/src/sllidar_ros2/sdk/src/sl_tcp_channel.cpp:33\x1b[m\x1b[K:\n'}
[118.286986] (sllidar_ros2) StderrLine: {'line': b'\x1b[01m\x1b[K/home/ubuntu/spas_ws/src/sllidar_ros2/./sdk/include/sl_lidar_cmd.h:324:20:\x1b[m\x1b[K \x1b[01;35m\x1b[Kwarning: \x1b[m\x1b[KISO C++ forbids zero-size array \xe2\x80\x98\x1b[01m\x1b[Kpayload\x1b[m\x1b[K\xe2\x80\x99 [\x1b[01;35m\x1b[K\x1b]8;;https://gcc.gnu.org/onlinedocs/gcc/Warning-Options.html#index-Wpedantic\x07-Wpedantic\x1b]8;;\x07\x1b[m\x1b[K]\n'}
[118.287492] (sllidar_ros2) StderrLine: {'line': b'  324 |     sl_u8  payload[\x1b[01;35m\x1b[K0\x1b[m\x1b[K];\n'}
[118.287972] (sllidar_ros2) StderrLine: {'line': b'      |                    \x1b[01;35m\x1b[K^\x1b[m\x1b[K\n'}
[118.303888] (sllidar_ros2) StderrLine: {'line': b'\x1b[01m\x1b[K/home/ubuntu/spas_ws/src/sllidar_ros2/sdk/src/sl_tcp_channel.cpp:\x1b[m\x1b[K In member function \xe2\x80\x98\x1b[01m\x1b[Kvoid sl::TcpChannel::setStatus(_u32)\x1b[m\x1b[K\xe2\x80\x99:\n'}
[118.304528] (sllidar_ros2) StderrLine: {'line': b'\x1b[01m\x1b[K/home/ubuntu/spas_ws/src/sllidar_ros2/sdk/src/sl_tcp_channel.cpp:109:29:\x1b[m\x1b[K \x1b[01;35m\x1b[Kwarning: \x1b[m\x1b[Kunused parameter \xe2\x80\x98\x1b[01m\x1b[Kflag\x1b[m\x1b[K\xe2\x80\x99 [\x1b[01;35m\x1b[K\x1b]8;;https://gcc.gnu.org/onlinedocs/gcc/Warning-Options.html#index-Wunused-parameter\x07-Wunused-parameter\x1b]8;;\x07\x1b[m\x1b[K]\n'}
[118.305379] (sllidar_ros2) StderrLine: {'line': b'  109 |         void setStatus(\x1b[01;35m\x1b[K_u32 flag\x1b[m\x1b[K){}\n'}
[118.305921] (sllidar_ros2) StderrLine: {'line': b'      |                        \x1b[01;35m\x1b[K~~~~~^~~~\x1b[m\x1b[K\n'}
[118.346641] (-) TimerEvent: {}
[118.447465] (-) TimerEvent: {}
[118.548332] (-) TimerEvent: {}
[118.552211] (sllidar_ros2) StdoutLine: {'line': b'[ 85%] \x1b[32mBuilding CXX object CMakeFiles/sllidar_node.dir/sdk/src/sl_udp_channel.cpp.o\x1b[0m\n'}
[118.648611] (-) TimerEvent: {}
[118.750303] (-) TimerEvent: {}
[118.851050] (-) TimerEvent: {}
[118.951776] (-) TimerEvent: {}
[119.052532] (-) TimerEvent: {}
[119.153328] (-) TimerEvent: {}
[119.254151] (-) TimerEvent: {}
[119.355023] (-) TimerEvent: {}
[119.456080] (-) TimerEvent: {}
[119.556939] (-) TimerEvent: {}
[119.657899] (-) TimerEvent: {}
[119.758872] (-) TimerEvent: {}
[119.859851] (-) TimerEvent: {}
[119.941664] (sllidar_ros2) StderrLine: {'line': b'In file included from \x1b[01m\x1b[K/home/ubuntu/spas_ws/src/sllidar_ros2/./sdk/include/sl_lidar_cmd.h:41\x1b[m\x1b[K,\n'}
[119.942335] (sllidar_ros2) StderrLine: {'line': b'                 from \x1b[01m\x1b[K/home/ubuntu/spas_ws/src/sllidar_ros2/./sdk/include/sl_lidar_driver.h:54\x1b[m\x1b[K,\n'}
[119.942842] (sllidar_ros2) StderrLine: {'line': b'                 from \x1b[01m\x1b[K/home/ubuntu/spas_ws/src/sllidar_ros2/sdk/src/sl_udp_channel.cpp:33\x1b[m\x1b[K:\n'}
[119.943350] (sllidar_ros2) StderrLine: {'line': b'\x1b[01m\x1b[K/home/ubuntu/spas_ws/src/sllidar_ros2/./sdk/include/sl_lidar_protocol.h:66:16:\x1b[m\x1b[K \x1b[01;35m\x1b[Kwarning: \x1b[m\x1b[KISO C++ forbids zero-size array \xe2\x80\x98\x1b[01m\x1b[Kdata\x1b[m\x1b[K\xe2\x80\x99 [\x1b[01;35m\x1b[K\x1b]8;;https://gcc.gnu.org/onlinedocs/gcc/Warning-Options.html#index-Wpedantic\x07-Wpedantic\x1b]8;;\x07\x1b[m\x1b[K]\n'}
[119.944146] (sllidar_ros2) StderrLine: {'line': b'   66 |     sl_u8 data[\x1b[01;35m\x1b[K0\x1b[m\x1b[K];\n'}
[119.944698] (sllidar_ros2) StderrLine: {'line': b'      |                \x1b[01;35m\x1b[K^\x1b[m\x1b[K\n'}
[119.945235] (sllidar_ros2) StderrLine: {'line': b'In file included from \x1b[01m\x1b[K/home/ubuntu/spas_ws/src/sllidar_ros2/./sdk/include/sl_lidar_driver.h:54\x1b[m\x1b[K,\n'}
[119.945810] (sllidar_ros2) StderrLine: {'line': b'                 from \x1b[01m\x1b[K/home/ubuntu/spas_ws/src/sllidar_ros2/sdk/src/sl_udp_channel.cpp:33\x1b[m\x1b[K:\n'}
[119.946294] (sllidar_ros2) StderrLine: {'line': b'\x1b[01m\x1b[K/home/ubuntu/spas_ws/src/sllidar_ros2/./sdk/include/sl_lidar_cmd.h:324:20:\x1b[m\x1b[K \x1b[01;35m\x1b[Kwarning: \x1b[m\x1b[KISO C++ forbids zero-size array \xe2\x80\x98\x1b[01m\x1b[Kpayload\x1b[m\x1b[K\xe2\x80\x99 [\x1b[01;35m\x1b[K\x1b]8;;https://gcc.gnu.org/onlinedocs/gcc/Warning-Options.html#index-Wpedantic\x07-Wpedantic\x1b]8;;\x07\x1b[m\x1b[K]\n'}
[119.946791] (sllidar_ros2) StderrLine: {'line': b'  324 |     sl_u8  payload[\x1b[01;35m\x1b[K0\x1b[m\x1b[K];\n'}
[119.947278] (sllidar_ros2) StderrLine: {'line': b'      |                    \x1b[01;35m\x1b[K^\x1b[m\x1b[K\n'}
[119.960107] (-) TimerEvent: {}
[119.963998] (sllidar_ros2) StderrLine: {'line': b'\x1b[01m\x1b[K/home/ubuntu/spas_ws/src/sllidar_ros2/sdk/src/sl_udp_channel.cpp:\x1b[m\x1b[K In member function \xe2\x80\x98\x1b[01m\x1b[Kvoid sl::UdpChannel::setStatus(_u32)\x1b[m\x1b[K\xe2\x80\x99:\n'}
[119.964677] (sllidar_ros2) StderrLine: {'line': b'\x1b[01m\x1b[K/home/ubuntu/spas_ws/src/sllidar_ros2/sdk/src/sl_udp_channel.cpp:112:29:\x1b[m\x1b[K \x1b[01;35m\x1b[Kwarning: \x1b[m\x1b[Kunused parameter \xe2\x80\x98\x1b[01m\x1b[Kflag\x1b[m\x1b[K\xe2\x80\x99 [\x1b[01;35m\x1b[K\x1b]8;;https://gcc.gnu.org/onlinedocs/gcc/Warning-Options.html#index-Wunused-parameter\x07-Wunused-parameter\x1b]8;;\x07\x1b[m\x1b[K]\n'}
[119.965628] (sllidar_ros2) StderrLine: {'line': b'  112 |         void setStatus(\x1b[01;35m\x1b[K_u32 flag\x1b[m\x1b[K){}\n'}
[119.966184] (sllidar_ros2) StderrLine: {'line': b'      |                        \x1b[01;35m\x1b[K~~~~~^~~~\x1b[m\x1b[K\n'}
[120.060360] (-) TimerEvent: {}
[120.161328] (-) TimerEvent: {}
[120.211169] (sllidar_ros2) StdoutLine: {'line': b'[ 90%] \x1b[32mBuilding CXX object CMakeFiles/sllidar_node.dir/sdk/src/sl_async_transceiver.cpp.o\x1b[0m\n'}
[120.261536] (-) TimerEvent: {}
[120.362359] (-) TimerEvent: {}
[120.463135] (-) TimerEvent: {}
[120.563916] (-) TimerEvent: {}
[120.664650] (-) TimerEvent: {}
[120.765452] (-) TimerEvent: {}
[120.866232] (-) TimerEvent: {}
[120.967054] (-) TimerEvent: {}
[121.067812] (-) TimerEvent: {}
[121.168693] (-) TimerEvent: {}
[121.269461] (-) TimerEvent: {}
[121.370259] (-) TimerEvent: {}
[121.471256] (-) TimerEvent: {}
[121.572086] (-) TimerEvent: {}
[121.672927] (-) TimerEvent: {}
[121.773849] (-) TimerEvent: {}
[121.874768] (-) TimerEvent: {}
[121.975660] (-) TimerEvent: {}
[122.076546] (-) TimerEvent: {}
[122.177542] (-) TimerEvent: {}
[122.278370] (-) TimerEvent: {}
[122.379227] (sllidar_ros2) StderrLine: {'line': b'In file included from \x1b[01m\x1b[K/home/ubuntu/spas_ws/src/sllidar_ros2/./sdk/include/rplidar_protocol.h:36\x1b[m\x1b[K,\n'}
[122.379896] (-) TimerEvent: {}
[122.380400] (sllidar_ros2) StderrLine: {'line': b'                 from \x1b[01m\x1b[K/home/ubuntu/spas_ws/src/sllidar_ros2/./sdk/include/rplidar.h:39\x1b[m\x1b[K,\n'}
[122.381158] (sllidar_ros2) StderrLine: {'line': b'                 from \x1b[01m\x1b[K/home/ubuntu/spas_ws/src/sllidar_ros2/sdk/src/sdkcommon.h:49\x1b[m\x1b[K,\n'}
[122.382205] (sllidar_ros2) StderrLine: {'line': b'                 from \x1b[01m\x1b[K/home/ubuntu/spas_ws/src/sllidar_ros2/sdk/src/sl_async_transceiver.cpp:35\x1b[m\x1b[K:\n'}
[122.385225] (sllidar_ros2) StderrLine: {'line': b'\x1b[01m\x1b[K/home/ubuntu/spas_ws/src/sllidar_ros2/./sdk/include/sl_lidar_protocol.h:66:16:\x1b[m\x1b[K \x1b[01;35m\x1b[Kwarning: \x1b[m\x1b[KISO C++ forbids zero-size array \xe2\x80\x98\x1b[01m\x1b[Kdata\x1b[m\x1b[K\xe2\x80\x99 [\x1b[01;35m\x1b[K\x1b]8;;https://gcc.gnu.org/onlinedocs/gcc/Warning-Options.html#index-Wpedantic\x07-Wpedantic\x1b]8;;\x07\x1b[m\x1b[K]\n'}
[122.387295] (sllidar_ros2) StderrLine: {'line': b'   66 |     sl_u8 data[\x1b[01;35m\x1b[K0\x1b[m\x1b[K];\n'}
[122.387812] (sllidar_ros2) StderrLine: {'line': b'      |                \x1b[01;35m\x1b[K^\x1b[m\x1b[K\n'}
[122.388442] (sllidar_ros2) StderrLine: {'line': b'In file included from \x1b[01m\x1b[K/home/ubuntu/spas_ws/src/sllidar_ros2/./sdk/include/rplidar_cmd.h:36\x1b[m\x1b[K,\n'}
[122.389101] (sllidar_ros2) StderrLine: {'line': b'                 from \x1b[01m\x1b[K/home/ubuntu/spas_ws/src/sllidar_ros2/./sdk/include/rplidar.h:40\x1b[m\x1b[K,\n'}
[122.389651] (sllidar_ros2) StderrLine: {'line': b'                 from \x1b[01m\x1b[K/home/ubuntu/spas_ws/src/sllidar_ros2/sdk/src/sdkcommon.h:49\x1b[m\x1b[K,\n'}
[122.390101] (sllidar_ros2) StderrLine: {'line': b'                 from \x1b[01m\x1b[K/home/ubuntu/spas_ws/src/sllidar_ros2/sdk/src/sl_async_transceiver.cpp:35\x1b[m\x1b[K:\n'}
[122.390701] (sllidar_ros2) StderrLine: {'line': b'\x1b[01m\x1b[K/home/ubuntu/spas_ws/src/sllidar_ros2/./sdk/include/sl_lidar_cmd.h:324:20:\x1b[m\x1b[K \x1b[01;35m\x1b[Kwarning: \x1b[m\x1b[KISO C++ forbids zero-size array \xe2\x80\x98\x1b[01m\x1b[Kpayload\x1b[m\x1b[K\xe2\x80\x99 [\x1b[01;35m\x1b[K\x1b]8;;https://gcc.gnu.org/onlinedocs/gcc/Warning-Options.html#index-Wpedantic\x07-Wpedantic\x1b]8;;\x07\x1b[m\x1b[K]\n'}
[122.391605] (sllidar_ros2) StderrLine: {'line': b'  324 |     sl_u8  payload[\x1b[01;35m\x1b[K0\x1b[m\x1b[K];\n'}
[122.392282] (sllidar_ros2) StderrLine: {'line': b'      |                    \x1b[01;35m\x1b[K^\x1b[m\x1b[K\n'}
[122.480126] (-) TimerEvent: {}
[122.581346] (-) TimerEvent: {}
[122.682658] (-) TimerEvent: {}
[122.784006] (-) TimerEvent: {}
[122.852842] (sllidar_ros2) StderrLine: {'line': b'In file included from \x1b[01m\x1b[K/home/ubuntu/spas_ws/src/sllidar_ros2/sdk/src/sl_async_transceiver.cpp:44\x1b[m\x1b[K:\n'}
[122.853570] (sllidar_ros2) StderrLine: {'line': b'\x1b[01m\x1b[K/home/ubuntu/spas_ws/src/sllidar_ros2/sdk/src/sl_async_transceiver.h:\x1b[m\x1b[K In member function \xe2\x80\x98\x1b[01m\x1b[Kvirtual void sl::internal::IAsyncProtocolCodec::onChannelError(u_result)\x1b[m\x1b[K\xe2\x80\x99:\n'}
[122.854165] (sllidar_ros2) StderrLine: {'line': b'\x1b[01m\x1b[K/home/ubuntu/spas_ws/src/sllidar_ros2/sdk/src/sl_async_transceiver.h:90:48:\x1b[m\x1b[K \x1b[01;35m\x1b[Kwarning: \x1b[m\x1b[Kunused parameter \xe2\x80\x98\x1b[01m\x1b[KerrCode\x1b[m\x1b[K\xe2\x80\x99 [\x1b[01;35m\x1b[K\x1b]8;;https://gcc.gnu.org/onlinedocs/gcc/Warning-Options.html#index-Wunused-parameter\x07-Wunused-parameter\x1b]8;;\x07\x1b[m\x1b[K]\n'}
[122.854681] (sllidar_ros2) StderrLine: {'line': b'   90 |         virtual void   onChannelError(\x1b[01;35m\x1b[Ku_result errCode\x1b[m\x1b[K) {}\n'}
[122.855154] (sllidar_ros2) StderrLine: {'line': b'      |                                       \x1b[01;35m\x1b[K~~~~~~~~~^~~~~~~\x1b[m\x1b[K\n'}
[122.884249] (-) TimerEvent: {}
[122.985187] (-) TimerEvent: {}
[123.086112] (-) TimerEvent: {}
[123.187027] (-) TimerEvent: {}
[123.288669] (-) TimerEvent: {}
[123.390032] (-) TimerEvent: {}
[123.490891] (-) TimerEvent: {}
[123.494559] (sllidar_ros2) StdoutLine: {'line': b'[ 95%] \x1b[32mBuilding CXX object CMakeFiles/sllidar_node.dir/sdk/src/dataunpacker/dataunpacker.cpp.o\x1b[0m\n'}
[123.591089] (-) TimerEvent: {}
[123.691888] (-) TimerEvent: {}
[123.793599] (-) TimerEvent: {}
[123.894357] (-) TimerEvent: {}
[123.995195] (-) TimerEvent: {}
[124.096068] (-) TimerEvent: {}
[124.196831] (-) TimerEvent: {}
[124.297636] (-) TimerEvent: {}
[124.398396] (-) TimerEvent: {}
[124.499168] (-) TimerEvent: {}
[124.599929] (-) TimerEvent: {}
[124.700886] (-) TimerEvent: {}
[124.802117] (-) TimerEvent: {}
[124.903108] (-) TimerEvent: {}
[125.004008] (-) TimerEvent: {}
[125.104815] (-) TimerEvent: {}
[125.205775] (-) TimerEvent: {}
[125.306614] (-) TimerEvent: {}
[125.407671] (-) TimerEvent: {}
[125.508574] (-) TimerEvent: {}
[125.609656] (-) TimerEvent: {}
[125.710615] (-) TimerEvent: {}
[125.792594] (sllidar_ros2) StderrLine: {'line': b'In file included from \x1b[01m\x1b[K/home/ubuntu/spas_ws/src/sllidar_ros2/./sdk/include/rplidar_protocol.h:36\x1b[m\x1b[K,\n'}
[125.793306] (sllidar_ros2) StderrLine: {'line': b'                 from \x1b[01m\x1b[K/home/ubuntu/spas_ws/src/sllidar_ros2/./sdk/include/rplidar.h:39\x1b[m\x1b[K,\n'}
[125.793828] (sllidar_ros2) StderrLine: {'line': b'                 from \x1b[01m\x1b[K/home/ubuntu/spas_ws/src/sllidar_ros2/./sdk/src/sdkcommon.h:49\x1b[m\x1b[K,\n'}
[125.794398] (sllidar_ros2) StderrLine: {'line': b'                 from \x1b[01m\x1b[K/home/ubuntu/spas_ws/src/sllidar_ros2/sdk/src/dataunpacker/dataunnpacker_commondef.h:41\x1b[m\x1b[K,\n'}
[125.795123] (sllidar_ros2) StderrLine: {'line': b'                 from \x1b[01m\x1b[K/home/ubuntu/spas_ws/src/sllidar_ros2/sdk/src/dataunpacker/dataunpacker.cpp:39\x1b[m\x1b[K:\n'}
[125.795631] (sllidar_ros2) StderrLine: {'line': b'\x1b[01m\x1b[K/home/ubuntu/spas_ws/src/sllidar_ros2/./sdk/include/sl_lidar_protocol.h:66:16:\x1b[m\x1b[K \x1b[01;35m\x1b[Kwarning: \x1b[m\x1b[KISO C++ forbids zero-size array \xe2\x80\x98\x1b[01m\x1b[Kdata\x1b[m\x1b[K\xe2\x80\x99 [\x1b[01;35m\x1b[K\x1b]8;;https://gcc.gnu.org/onlinedocs/gcc/Warning-Options.html#index-Wpedantic\x07-Wpedantic\x1b]8;;\x07\x1b[m\x1b[K]\n'}
[125.796104] (sllidar_ros2) StderrLine: {'line': b'   66 |     sl_u8 data[\x1b[01;35m\x1b[K0\x1b[m\x1b[K];\n'}
[125.796544] (sllidar_ros2) StderrLine: {'line': b'      |                \x1b[01;35m\x1b[K^\x1b[m\x1b[K\n'}
[125.797171] (sllidar_ros2) StderrLine: {'line': b'In file included from \x1b[01m\x1b[K/home/ubuntu/spas_ws/src/sllidar_ros2/./sdk/include/rplidar_cmd.h:36\x1b[m\x1b[K,\n'}
[125.797867] (sllidar_ros2) StderrLine: {'line': b'                 from \x1b[01m\x1b[K/home/ubuntu/spas_ws/src/sllidar_ros2/./sdk/include/rplidar.h:40\x1b[m\x1b[K,\n'}
[125.798379] (sllidar_ros2) StderrLine: {'line': b'                 from \x1b[01m\x1b[K/home/ubuntu/spas_ws/src/sllidar_ros2/./sdk/src/sdkcommon.h:49\x1b[m\x1b[K,\n'}
[125.798846] (sllidar_ros2) StderrLine: {'line': b'                 from \x1b[01m\x1b[K/home/ubuntu/spas_ws/src/sllidar_ros2/sdk/src/dataunpacker/dataunnpacker_commondef.h:41\x1b[m\x1b[K,\n'}
[125.799377] (sllidar_ros2) StderrLine: {'line': b'                 from \x1b[01m\x1b[K/home/ubuntu/spas_ws/src/sllidar_ros2/sdk/src/dataunpacker/dataunpacker.cpp:39\x1b[m\x1b[K:\n'}
[125.799818] (sllidar_ros2) StderrLine: {'line': b'\x1b[01m\x1b[K/home/ubuntu/spas_ws/src/sllidar_ros2/./sdk/include/sl_lidar_cmd.h:324:20:\x1b[m\x1b[K \x1b[01;35m\x1b[Kwarning: \x1b[m\x1b[KISO C++ forbids zero-size array \xe2\x80\x98\x1b[01m\x1b[Kpayload\x1b[m\x1b[K\xe2\x80\x99 [\x1b[01;35m\x1b[K\x1b]8;;https://gcc.gnu.org/onlinedocs/gcc/Warning-Options.html#index-Wpedantic\x07-Wpedantic\x1b]8;;\x07\x1b[m\x1b[K]\n'}
[125.800287] (sllidar_ros2) StderrLine: {'line': b'  324 |     sl_u8  payload[\x1b[01;35m\x1b[K0\x1b[m\x1b[K];\n'}
[125.800717] (sllidar_ros2) StderrLine: {'line': b'      |                    \x1b[01;35m\x1b[K^\x1b[m\x1b[K\n'}
[125.810852] (-) TimerEvent: {}
[125.911706] (-) TimerEvent: {}
[126.012717] (-) TimerEvent: {}
[126.113625] (-) TimerEvent: {}
[126.214536] (-) TimerEvent: {}
[126.315473] (-) TimerEvent: {}
[126.416268] (-) TimerEvent: {}
[126.517195] (-) TimerEvent: {}
[126.618251] (-) TimerEvent: {}
[126.664171] (sllidar_ros2) StderrLine: {'line': b'In file included from \x1b[01m\x1b[K/home/ubuntu/spas_ws/src/sllidar_ros2/sdk/src/dataunpacker/dataunpacker.cpp:40\x1b[m\x1b[K:\n'}
[126.665483] (sllidar_ros2) StderrLine: {'line': b'\x1b[01m\x1b[K/home/ubuntu/spas_ws/src/sllidar_ros2/sdk/src/dataunpacker/dataunpacker.h:\x1b[m\x1b[K In member function \xe2\x80\x98\x1b[01m\x1b[Kvirtual void sl::internal::LIDARSampleDataListener::onCustomSampleDataDecoded(_u8, _u32, const void*, size_t)\x1b[m\x1b[K\xe2\x80\x99:\n'}
[126.666042] (sllidar_ros2) StderrLine: {'line': b'\x1b[01m\x1b[K/home/ubuntu/spas_ws/src/sllidar_ros2/sdk/src/dataunpacker/dataunpacker.h:54:52:\x1b[m\x1b[K \x1b[01;35m\x1b[Kwarning: \x1b[m\x1b[Kunused parameter \xe2\x80\x98\x1b[01m\x1b[KansType\x1b[m\x1b[K\xe2\x80\x99 [\x1b[01;35m\x1b[K\x1b]8;;https://gcc.gnu.org/onlinedocs/gcc/Warning-Options.html#index-Wunused-parameter\x07-Wunused-parameter\x1b]8;;\x07\x1b[m\x1b[K]\n'}
[126.666578] (sllidar_ros2) StderrLine: {'line': b'   54 |         virtual void onCustomSampleDataDecoded(\x1b[01;35m\x1b[K_u8 ansType\x1b[m\x1b[K, _u32 customCode, const void* data, size_t size) {}\n'}
[126.667088] (sllidar_ros2) StderrLine: {'line': b'      |                                                \x1b[01;35m\x1b[K~~~~^~~~~~~\x1b[m\x1b[K\n'}
[126.667567] (sllidar_ros2) StderrLine: {'line': b'\x1b[01m\x1b[K/home/ubuntu/spas_ws/src/sllidar_ros2/sdk/src/dataunpacker/dataunpacker.h:54:66:\x1b[m\x1b[K \x1b[01;35m\x1b[Kwarning: \x1b[m\x1b[Kunused parameter \xe2\x80\x98\x1b[01m\x1b[KcustomCode\x1b[m\x1b[K\xe2\x80\x99 [\x1b[01;35m\x1b[K\x1b]8;;https://gcc.gnu.org/onlinedocs/gcc/Warning-Options.html#index-Wunused-parameter\x07-Wunused-parameter\x1b]8;;\x07\x1b[m\x1b[K]\n'}
[126.668182] (sllidar_ros2) StderrLine: {'line': b'   54 |         virtual void onCustomSampleDataDecoded(_u8 ansType, \x1b[01;35m\x1b[K_u32 customCode\x1b[m\x1b[K, const void* data, size_t size) {}\n'}
[126.668695] (sllidar_ros2) StderrLine: {'line': b'      |                                                             \x1b[01;35m\x1b[K~~~~~^~~~~~~~~~\x1b[m\x1b[K\n'}
[126.669262] (sllidar_ros2) StderrLine: {'line': b'\x1b[01m\x1b[K/home/ubuntu/spas_ws/src/sllidar_ros2/sdk/src/dataunpacker/dataunpacker.h:54:90:\x1b[m\x1b[K \x1b[01;35m\x1b[Kwarning: \x1b[m\x1b[Kunused parameter \xe2\x80\x98\x1b[01m\x1b[Kdata\x1b[m\x1b[K\xe2\x80\x99 [\x1b[01;35m\x1b[K\x1b]8;;https://gcc.gnu.org/onlinedocs/gcc/Warning-Options.html#index-Wunused-parameter\x07-Wunused-parameter\x1b]8;;\x07\x1b[m\x1b[K]\n'}
[126.669797] (sllidar_ros2) StderrLine: {'line': b'   54 |         virtual void onCustomSampleDataDecoded(_u8 ansType, _u32 customCode, \x1b[01;35m\x1b[Kconst void* data\x1b[m\x1b[K, size_t size) {}\n'}
[126.670329] (sllidar_ros2) StderrLine: {'line': b'      |                                                                              \x1b[01;35m\x1b[K~~~~~~~~~~~~^~~~\x1b[m\x1b[K\n'}
[126.670878] (sllidar_ros2) StderrLine: {'line': b'\x1b[01m\x1b[K/home/ubuntu/spas_ws/src/sllidar_ros2/sdk/src/dataunpacker/dataunpacker.h:54:103:\x1b[m\x1b[K \x1b[01;35m\x1b[Kwarning: \x1b[m\x1b[Kunused parameter \xe2\x80\x98\x1b[01m\x1b[Ksize\x1b[m\x1b[K\xe2\x80\x99 [\x1b[01;35m\x1b[K\x1b]8;;https://gcc.gnu.org/onlinedocs/gcc/Warning-Options.html#index-Wunused-parameter\x07-Wunused-parameter\x1b]8;;\x07\x1b[m\x1b[K]\n'}
[126.671358] (sllidar_ros2) StderrLine: {'line': b'   54 |         virtual void onCustomSampleDataDecoded(_u8 ansType, _u32 customCode, const void* data, \x1b[01;35m\x1b[Ksize_t size\x1b[m\x1b[K) {}\n'}
[126.671822] (sllidar_ros2) StderrLine: {'line': b'      |                                                                                                \x1b[01;35m\x1b[K~~~~~~~^~~~\x1b[m\x1b[K\n'}
[126.672281] (sllidar_ros2) StderrLine: {'line': b'\x1b[01m\x1b[K/home/ubuntu/spas_ws/src/sllidar_ros2/sdk/src/dataunpacker/dataunpacker.h:\x1b[m\x1b[K In member function \xe2\x80\x98\x1b[01m\x1b[Kvirtual void sl::internal::LIDARSampleDataListener::onDecodingError(int, _u8, const void*, size_t)\x1b[m\x1b[K\xe2\x80\x99:\n'}
[126.672887] (sllidar_ros2) StderrLine: {'line': b'\x1b[01m\x1b[K/home/ubuntu/spas_ws/src/sllidar_ros2/sdk/src/dataunpacker/dataunpacker.h:56:42:\x1b[m\x1b[K \x1b[01;35m\x1b[Kwarning: \x1b[m\x1b[Kunused parameter \xe2\x80\x98\x1b[01m\x1b[KerrMsg\x1b[m\x1b[K\xe2\x80\x99 [\x1b[01;35m\x1b[K\x1b]8;;https://gcc.gnu.org/onlinedocs/gcc/Warning-Options.html#index-Wunused-parameter\x07-Wunused-parameter\x1b]8;;\x07\x1b[m\x1b[K]\n'}
[126.673562] (sllidar_ros2) StderrLine: {'line': b'   56 |         virtual void onDecodingError(\x1b[01;35m\x1b[Kint errMsg\x1b[m\x1b[K, _u8 ansType, const void* payload, size_t size) {}\n'}
[126.674036] (sllidar_ros2) StderrLine: {'line': b'      |                                      \x1b[01;35m\x1b[K~~~~^~~~~~\x1b[m\x1b[K\n'}
[126.674451] (sllidar_ros2) StderrLine: {'line': b'\x1b[01m\x1b[K/home/ubuntu/spas_ws/src/sllidar_ros2/sdk/src/dataunpacker/dataunpacker.h:56:54:\x1b[m\x1b[K \x1b[01;35m\x1b[Kwarning: \x1b[m\x1b[Kunused parameter \xe2\x80\x98\x1b[01m\x1b[KansType\x1b[m\x1b[K\xe2\x80\x99 [\x1b[01;35m\x1b[K\x1b]8;;https://gcc.gnu.org/onlinedocs/gcc/Warning-Options.html#index-Wunused-parameter\x07-Wunused-parameter\x1b]8;;\x07\x1b[m\x1b[K]\n'}
[126.674900] (sllidar_ros2) StderrLine: {'line': b'   56 |         virtual void onDecodingError(int errMsg, \x1b[01;35m\x1b[K_u8 ansType\x1b[m\x1b[K, const void* payload, size_t size) {}\n'}
[126.675361] (sllidar_ros2) StderrLine: {'line': b'      |                                                  \x1b[01;35m\x1b[K~~~~^~~~~~~\x1b[m\x1b[K\n'}
[126.675809] (sllidar_ros2) StderrLine: {'line': b'\x1b[01m\x1b[K/home/ubuntu/spas_ws/src/sllidar_ros2/sdk/src/dataunpacker/dataunpacker.h:56:75:\x1b[m\x1b[K \x1b[01;35m\x1b[Kwarning: \x1b[m\x1b[Kunused parameter \xe2\x80\x98\x1b[01m\x1b[Kpayload\x1b[m\x1b[K\xe2\x80\x99 [\x1b[01;35m\x1b[K\x1b]8;;https://gcc.gnu.org/onlinedocs/gcc/Warning-Options.html#index-Wunused-parameter\x07-Wunused-parameter\x1b]8;;\x07\x1b[m\x1b[K]\n'}
[126.676274] (sllidar_ros2) StderrLine: {'line': b'   56 |         virtual void onDecodingError(int errMsg, _u8 ansType, \x1b[01;35m\x1b[Kconst void* payload\x1b[m\x1b[K, size_t size) {}\n'}
[126.676794] (sllidar_ros2) StderrLine: {'line': b'      |                                                               \x1b[01;35m\x1b[K~~~~~~~~~~~~^~~~~~~\x1b[m\x1b[K\n'}
[126.677355] (sllidar_ros2) StderrLine: {'line': b'\x1b[01m\x1b[K/home/ubuntu/spas_ws/src/sllidar_ros2/sdk/src/dataunpacker/dataunpacker.h:56:91:\x1b[m\x1b[K \x1b[01;35m\x1b[Kwarning: \x1b[m\x1b[Kunused parameter \xe2\x80\x98\x1b[01m\x1b[Ksize\x1b[m\x1b[K\xe2\x80\x99 [\x1b[01;35m\x1b[K\x1b]8;;https://gcc.gnu.org/onlinedocs/gcc/Warning-Options.html#index-Wunused-parameter\x07-Wunused-parameter\x1b]8;;\x07\x1b[m\x1b[K]\n'}
[126.677911] (sllidar_ros2) StderrLine: {'line': b'   56 |         virtual void onDecodingError(int errMsg, _u8 ansType, const void* payload, \x1b[01;35m\x1b[Ksize_t size\x1b[m\x1b[K) {}\n'}
[126.678484] (sllidar_ros2) StderrLine: {'line': b'      |                                                                                    \x1b[01;35m\x1b[K~~~~~~~^~~~\x1b[m\x1b[K\n'}
[126.718513] (-) TimerEvent: {}
[126.819333] (-) TimerEvent: {}
[126.920203] (-) TimerEvent: {}
[127.021449] (-) TimerEvent: {}
[127.122272] (-) TimerEvent: {}
[127.223196] (-) TimerEvent: {}
[127.324080] (-) TimerEvent: {}
[127.425115] (-) TimerEvent: {}
[127.526059] (-) TimerEvent: {}
[127.610121] (sllidar_ros2) StdoutLine: {'line': b'[100%] \x1b[32m\x1b[1mLinking CXX executable sllidar_node\x1b[0m\n'}
[127.626287] (-) TimerEvent: {}
[127.727313] (-) TimerEvent: {}
[127.828222] (-) TimerEvent: {}
[127.930299] (-) TimerEvent: {}
[128.031463] (-) TimerEvent: {}
[128.132526] (-) TimerEvent: {}
[128.233880] (-) TimerEvent: {}
[128.335167] (-) TimerEvent: {}
[128.436646] (-) TimerEvent: {}
[128.537745] (-) TimerEvent: {}
[128.639288] (-) TimerEvent: {}
[128.743804] (-) TimerEvent: {}
[128.846559] (-) TimerEvent: {}
[128.948423] (-) TimerEvent: {}
[129.049973] (-) TimerEvent: {}
[129.151412] (-) TimerEvent: {}
[129.253864] (-) TimerEvent: {}
[129.355532] (-) TimerEvent: {}
[129.457160] (-) TimerEvent: {}
[129.558586] (-) TimerEvent: {}
[129.663246] (-) TimerEvent: {}
[129.766196] (-) TimerEvent: {}
[129.857452] (sllidar_ros2) StdoutLine: {'line': b'[100%] Built target sllidar_node\n'}
[129.868855] (-) TimerEvent: {}
[129.973407] (-) TimerEvent: {}
[130.001619] (sllidar_ros2) CommandEnded: {'returncode': 0}
[130.010054] (sllidar_ros2) JobProgress: {'identifier': 'sllidar_ros2', 'progress': 'install'}
[130.013799] (sllidar_ros2) Command: {'cmd': ['/usr/bin/cmake', '--install', '/home/ubuntu/spas_ws/build/sllidar_ros2'], 'cwd': '/home/ubuntu/spas_ws/build/sllidar_ros2', 'env': OrderedDict([('PYTHON_BASIC_REPL', '1'), ('LESSOPEN', '| /usr/bin/lesspipe %s'), ('USER', 'ubuntu'), ('SSH_CLIENT', '192.168.236.158 64914 22'), ('XDG_SESSION_TYPE', 'tty'), ('GIT_ASKPASS', '/home/ubuntu/.vscode-server/cli/servers/Stable-0958016b2af9f09bb4257e0df4a95e2f90590f9f/server/extensions/git/dist/askpass.sh'), ('SHLVL', '1'), ('LD_LIBRARY_PATH', '/opt/ros/humble/opt/rviz_ogre_vendor/lib:/opt/ros/humble/lib/aarch64-linux-gnu:/opt/ros/humble/lib'), ('BROWSER', '/home/ubuntu/.vscode-server/cli/servers/Stable-0958016b2af9f09bb4257e0df4a95e2f90590f9f/server/bin/helpers/browser.sh'), ('MOTD_SHOWN', 'pam'), ('HOME', '/home/ubuntu'), ('OLDPWD', '/home/ubuntu/spas_ws/src'), ('TERM_PROGRAM_VERSION', '1.120.0'), ('VSCODE_IPC_HOOK_CLI', '/run/user/1000/vscode-ipc-4c52080f-8f54-4af6-b1c5-04354886fdd5.sock'), ('ROS_PYTHON_VERSION', '3'), ('VSCODE_GIT_ASKPASS_MAIN', '/home/ubuntu/.vscode-server/cli/servers/Stable-0958016b2af9f09bb4257e0df4a95e2f90590f9f/server/extensions/git/dist/askpass-main.js'), ('VSCODE_GIT_ASKPASS_NODE', '/home/ubuntu/.vscode-server/cli/servers/Stable-0958016b2af9f09bb4257e0df4a95e2f90590f9f/server/node'), ('PYDEVD_DISABLE_FILE_VALIDATION', '1'), ('BUNDLED_DEBUGPY_PATH', '/home/ubuntu/.vscode-server/extensions/ms-python.debugpy-2026.6.0/bundled/libs/debugpy'), ('VSCODE_PYTHON_AUTOACTIVATE_GUARD', '1'), ('DBUS_SESSION_BUS_ADDRESS', 'unix:path=/run/user/1000/bus'), ('COLORTERM', 'truecolor'), ('ROS_DISTRO', 'humble'), ('LOGNAME', 'ubuntu'), ('_', '/usr/bin/colcon'), ('ROS_VERSION', '2'), ('XDG_SESSION_CLASS', 'user'), ('TERM', 'xterm-256color'), ('XDG_SESSION_ID', '1'), ('ROS_LOCALHOST_ONLY', '0'), ('PATH', '/opt/ros/humble/bin:/home/ubuntu/.vscode-server/data/User/globalStorage/github.copilot-chat/debugCommand:/home/ubuntu/.vscode-server/data/User/globalStorage/github.copilot-chat/copilotCli:/home/ubuntu/.vscode-server/cli/servers/Stable-0958016b2af9f09bb4257e0df4a95e2f90590f9f/server/bin/remote-cli:/usr/local/sbin:/usr/local/bin:/usr/sbin:/usr/bin:/sbin:/bin:/usr/games:/usr/local/games:/snap/bin:/home/ubuntu/.vscode-server/extensions/ms-python.debugpy-2026.6.0/bundled/scripts/noConfigScripts:/usr/local/bin'), ('XDG_RUNTIME_DIR', '/run/user/1000'), ('VSCODE_DEBUGPY_ADAPTER_ENDPOINTS', '/home/ubuntu/.vscode-server/extensions/ms-python.debugpy-2026.6.0/.noConfigDebugAdapterEndpoints/endpoint-00d0b5565ef995a9.txt'), ('LANG', 'en_US.UTF-8'), ('PYTHONSTARTUP', '/home/ubuntu/.vscode-server/data/User/workspaceStorage/f3bef80f69d224608c509b83f13a955a/ms-python.python/pythonrc.py'), ('LS_COLORS', 'rs=0:di=01;34:ln=01;36:mh=00:pi=40;33:so=01;35:do=01;35:bd=40;33;01:cd=40;33;01:or=40;31;01:mi=00:su=37;41:sg=30;43:ca=30;41:tw=30;42:ow=34;42:st=37;44:ex=01;32:*.tar=01;31:*.tgz=01;31:*.arc=01;31:*.arj=01;31:*.taz=01;31:*.lha=01;31:*.lz4=01;31:*.lzh=01;31:*.lzma=01;31:*.tlz=01;31:*.txz=01;31:*.tzo=01;31:*.t7z=01;31:*.zip=01;31:*.z=01;31:*.dz=01;31:*.gz=01;31:*.lrz=01;31:*.lz=01;31:*.lzo=01;31:*.xz=01;31:*.zst=01;31:*.tzst=01;31:*.bz2=01;31:*.bz=01;31:*.tbz=01;31:*.tbz2=01;31:*.tz=01;31:*.deb=01;31:*.rpm=01;31:*.jar=01;31:*.war=01;31:*.ear=01;31:*.sar=01;31:*.rar=01;31:*.alz=01;31:*.ace=01;31:*.zoo=01;31:*.cpio=01;31:*.7z=01;31:*.rz=01;31:*.cab=01;31:*.wim=01;31:*.swm=01;31:*.dwm=01;31:*.esd=01;31:*.jpg=01;35:*.jpeg=01;35:*.mjpg=01;35:*.mjpeg=01;35:*.gif=01;35:*.bmp=01;35:*.pbm=01;35:*.pgm=01;35:*.ppm=01;35:*.tga=01;35:*.xbm=01;35:*.xpm=01;35:*.tif=01;35:*.tiff=01;35:*.png=01;35:*.svg=01;35:*.svgz=01;35:*.mng=01;35:*.pcx=01;35:*.mov=01;35:*.mpg=01;35:*.mpeg=01;35:*.m2v=01;35:*.mkv=01;35:*.webm=01;35:*.webp=01;35:*.ogm=01;35:*.mp4=01;35:*.m4v=01;35:*.mp4v=01;35:*.vob=01;35:*.qt=01;35:*.nuv=01;35:*.wmv=01;35:*.asf=01;35:*.rm=01;35:*.rmvb=01;35:*.flc=01;35:*.avi=01;35:*.fli=01;35:*.flv=01;35:*.gl=01;35:*.dl=01;35:*.xcf=01;35:*.xwd=01;35:*.yuv=01;35:*.cgm=01;35:*.emf=01;35:*.ogv=01;35:*.ogx=01;35:*.aac=00;36:*.au=00;36:*.flac=00;36:*.m4a=00;36:*.mid=00;36:*.midi=00;36:*.mka=00;36:*.mp3=00;36:*.mpc=00;36:*.ogg=00;36:*.ra=00;36:*.wav=00;36:*.oga=00;36:*.opus=00;36:*.spx=00;36:*.xspf=00;36:'), ('VSCODE_GIT_IPC_HANDLE', '/run/user/1000/vscode-git-a9f1ef9bc6.sock'), ('TERM_PROGRAM', 'vscode'), ('ROS_DOMAIN_ID', '1'), ('AMENT_PREFIX_PATH', '/opt/ros/humble'), ('SHELL', '/bin/bash'), ('LESSCLOSE', '/usr/bin/lesspipe %s %s'), ('VSCODE_GIT_ASKPASS_EXTRA_ARGS', ''), ('PWD', '/home/ubuntu/spas_ws/build/sllidar_ros2'), ('LC_ALL', 'en_US.UTF-8'), ('SSH_CONNECTION', '192.168.236.158 64914 192.168.236.18 22'), ('PYTHONPATH', '/opt/ros/humble/lib/python3.10/site-packages:/opt/ros/humble/local/lib/python3.10/dist-packages:/usr/local/lib/python3/dist-packages'), ('COLCON', '1'), ('CMAKE_PREFIX_PATH', '/opt/ros/humble')]), 'shell': False}
[130.073764] (-) TimerEvent: {}
[130.111206] (sllidar_ros2) StdoutLine: {'line': b'-- Install configuration: ""\n'}
[130.118072] (sllidar_ros2) StdoutLine: {'line': b'-- Execute custom install script\n'}
[130.130875] (sllidar_ros2) StdoutLine: {'line': b'-- Symlinking: /home/ubuntu/spas_ws/install/sllidar_ros2/share/sllidar_ros2/launch/sllidar_a1_launch.py\n'}
[130.174142] (-) TimerEvent: {}
[130.218756] (sllidar_ros2) StdoutLine: {'line': b'-- Symlinking: /home/ubuntu/spas_ws/install/sllidar_ros2/share/sllidar_ros2/launch/sllidar_a2m12_launch .py\n'}
[130.274513] (-) TimerEvent: {}
[130.305616] (sllidar_ros2) StdoutLine: {'line': b'-- Symlinking: /home/ubuntu/spas_ws/install/sllidar_ros2/share/sllidar_ros2/launch/sllidar_a2m7_launch.py\n'}
[130.374841] (-) TimerEvent: {}
[130.391410] (sllidar_ros2) StdoutLine: {'line': b'-- Symlinking: /home/ubuntu/spas_ws/install/sllidar_ros2/share/sllidar_ros2/launch/sllidar_a2m8_launch.py\n'}
[130.475172] (-) TimerEvent: {}
[130.477433] (sllidar_ros2) StdoutLine: {'line': b'-- Symlinking: /home/ubuntu/spas_ws/install/sllidar_ros2/share/sllidar_ros2/launch/sllidar_a3_launch.py\n'}
[130.564225] (sllidar_ros2) StdoutLine: {'line': b'-- Symlinking: /home/ubuntu/spas_ws/install/sllidar_ros2/share/sllidar_ros2/launch/sllidar_c1_launch.py\n'}
[130.577216] (-) TimerEvent: {}
[130.682969] (-) TimerEvent: {}
[130.710762] (sllidar_ros2) StdoutLine: {'line': b'-- Symlinking: /home/ubuntu/spas_ws/install/sllidar_ros2/share/sllidar_ros2/launch/sllidar_s1_launch.py\n'}
[130.801133] (-) TimerEvent: {}
[130.802298] (sllidar_ros2) StdoutLine: {'line': b'-- Symlinking: /home/ubuntu/spas_ws/install/sllidar_ros2/share/sllidar_ros2/launch/sllidar_s1_tcp_launch.py\n'}
[130.877879] (sllidar_ros2) StdoutLine: {'line': b'-- Symlinking: /home/ubuntu/spas_ws/install/sllidar_ros2/share/sllidar_ros2/launch/sllidar_s2_launch.py\n'}
[130.901419] (-) TimerEvent: {}
[130.965737] (sllidar_ros2) StdoutLine: {'line': b'-- Symlinking: /home/ubuntu/spas_ws/install/sllidar_ros2/share/sllidar_ros2/launch/sllidar_s2e_launch.py\n'}
[131.001751] (-) TimerEvent: {}
[131.053442] (sllidar_ros2) StdoutLine: {'line': b'-- Symlinking: /home/ubuntu/spas_ws/install/sllidar_ros2/share/sllidar_ros2/launch/sllidar_s3_launch.py\n'}
[131.102059] (-) TimerEvent: {}
[131.139532] (sllidar_ros2) StdoutLine: {'line': b'-- Symlinking: /home/ubuntu/spas_ws/install/sllidar_ros2/share/sllidar_ros2/launch/sllidar_t1_launch.py\n'}
[131.202397] (-) TimerEvent: {}
[131.226988] (sllidar_ros2) StdoutLine: {'line': b'-- Symlinking: /home/ubuntu/spas_ws/install/sllidar_ros2/share/sllidar_ros2/launch/view_sllidar_a1_launch.py\n'}
[131.302728] (-) TimerEvent: {}
[131.315492] (sllidar_ros2) StdoutLine: {'line': b'-- Symlinking: /home/ubuntu/spas_ws/install/sllidar_ros2/share/sllidar_ros2/launch/view_sllidar_a2m12_launch.py\n'}
[131.403038] (-) TimerEvent: {}
[131.406060] (sllidar_ros2) StdoutLine: {'line': b'-- Symlinking: /home/ubuntu/spas_ws/install/sllidar_ros2/share/sllidar_ros2/launch/view_sllidar_a2m7_launch.py\n'}
[131.495514] (sllidar_ros2) StdoutLine: {'line': b'-- Symlinking: /home/ubuntu/spas_ws/install/sllidar_ros2/share/sllidar_ros2/launch/view_sllidar_a2m8_launch.py\n'}
[131.503400] (-) TimerEvent: {}
[131.582430] (sllidar_ros2) StdoutLine: {'line': b'-- Symlinking: /home/ubuntu/spas_ws/install/sllidar_ros2/share/sllidar_ros2/launch/view_sllidar_a3_launch.py\n'}
[131.603639] (-) TimerEvent: {}
[131.627614] (sllidar_ros2) StdoutLine: {'line': b'-- Symlinking: /home/ubuntu/spas_ws/install/sllidar_ros2/share/sllidar_ros2/launch/view_sllidar_c1_launch.py\n'}
[131.662417] (sllidar_ros2) StdoutLine: {'line': b'-- Symlinking: /home/ubuntu/spas_ws/install/sllidar_ros2/share/sllidar_ros2/launch/view_sllidar_s1_launch.py\n'}
[131.697648] (sllidar_ros2) StdoutLine: {'line': b'-- Symlinking: /home/ubuntu/spas_ws/install/sllidar_ros2/share/sllidar_ros2/launch/view_sllidar_s1_tcp_launch.py\n'}
[131.703831] (-) TimerEvent: {}
[131.733130] (sllidar_ros2) StdoutLine: {'line': b'-- Symlinking: /home/ubuntu/spas_ws/install/sllidar_ros2/share/sllidar_ros2/launch/view_sllidar_s2_launch.py\n'}
[131.766530] (sllidar_ros2) StdoutLine: {'line': b'-- Symlinking: /home/ubuntu/spas_ws/install/sllidar_ros2/share/sllidar_ros2/launch/view_sllidar_s2e_launch.py\n'}
[131.800958] (sllidar_ros2) StdoutLine: {'line': b'-- Symlinking: /home/ubuntu/spas_ws/install/sllidar_ros2/share/sllidar_ros2/launch/view_sllidar_s3_launch.py\n'}
[131.804028] (-) TimerEvent: {}
[131.835527] (sllidar_ros2) StdoutLine: {'line': b'-- Symlinking: /home/ubuntu/spas_ws/install/sllidar_ros2/share/sllidar_ros2/launch/view_sllidar_t1_launch.py\n'}
[131.870678] (sllidar_ros2) StdoutLine: {'line': b'-- Symlinking: /home/ubuntu/spas_ws/install/sllidar_ros2/share/sllidar_ros2/rviz/sllidar_ros2.rviz\n'}
[131.904235] (-) TimerEvent: {}
[131.906339] (sllidar_ros2) StdoutLine: {'line': b'-- Symlinking: /home/ubuntu/spas_ws/install/sllidar_ros2/lib/sllidar_ros2/sllidar_node\n'}
[131.948190] (sllidar_ros2) StdoutLine: {'line': b'-- Symlinking: /home/ubuntu/spas_ws/install/sllidar_ros2/lib/sllidar_ros2/sllidar_client\n'}
[131.986349] (sllidar_ros2) StdoutLine: {'line': b'-- Symlinking: /home/ubuntu/spas_ws/install/sllidar_ros2/share/ament_index/resource_index/package_run_dependencies/sllidar_ros2\n'}
[132.004494] (-) TimerEvent: {}
[132.020903] (sllidar_ros2) StdoutLine: {'line': b'-- Symlinking: /home/ubuntu/spas_ws/install/sllidar_ros2/share/ament_index/resource_index/parent_prefix_path/sllidar_ros2\n'}
[132.056228] (sllidar_ros2) StdoutLine: {'line': b'-- Symlinking: /home/ubuntu/spas_ws/install/sllidar_ros2/share/sllidar_ros2/environment/ament_prefix_path.sh\n'}
[132.090670] (sllidar_ros2) StdoutLine: {'line': b'-- Symlinking: /home/ubuntu/spas_ws/install/sllidar_ros2/share/sllidar_ros2/environment/ament_prefix_path.dsv\n'}
[132.104707] (-) TimerEvent: {}
[132.125520] (sllidar_ros2) StdoutLine: {'line': b'-- Symlinking: /home/ubuntu/spas_ws/install/sllidar_ros2/share/sllidar_ros2/environment/path.sh\n'}
[132.162774] (sllidar_ros2) StdoutLine: {'line': b'-- Symlinking: /home/ubuntu/spas_ws/install/sllidar_ros2/share/sllidar_ros2/environment/path.dsv\n'}
[132.197244] (sllidar_ros2) StdoutLine: {'line': b'-- Symlinking: /home/ubuntu/spas_ws/install/sllidar_ros2/share/sllidar_ros2/local_setup.bash\n'}
[132.204902] (-) TimerEvent: {}
[132.232097] (sllidar_ros2) StdoutLine: {'line': b'-- Symlinking: /home/ubuntu/spas_ws/install/sllidar_ros2/share/sllidar_ros2/local_setup.sh\n'}
[132.266269] (sllidar_ros2) StdoutLine: {'line': b'-- Symlinking: /home/ubuntu/spas_ws/install/sllidar_ros2/share/sllidar_ros2/local_setup.zsh\n'}
[132.300624] (sllidar_ros2) StdoutLine: {'line': b'-- Symlinking: /home/ubuntu/spas_ws/install/sllidar_ros2/share/sllidar_ros2/local_setup.dsv\n'}
[132.305164] (-) TimerEvent: {}
[132.335182] (sllidar_ros2) StdoutLine: {'line': b'-- Symlinking: /home/ubuntu/spas_ws/install/sllidar_ros2/share/sllidar_ros2/package.dsv\n'}
[132.370126] (sllidar_ros2) StdoutLine: {'line': b'-- Symlinking: /home/ubuntu/spas_ws/install/sllidar_ros2/share/ament_index/resource_index/packages/sllidar_ros2\n'}
[132.406282] (sllidar_ros2) StdoutLine: {'line': b'-- Symlinking: /home/ubuntu/spas_ws/install/sllidar_ros2/share/sllidar_ros2/cmake/ament_cmake_export_dependencies-extras.cmake\n'}
[132.406945] (-) TimerEvent: {}
[132.442784] (sllidar_ros2) StdoutLine: {'line': b'-- Symlinking: /home/ubuntu/spas_ws/install/sllidar_ros2/share/sllidar_ros2/cmake/ament_cmake_export_include_directories-extras.cmake\n'}
[132.477587] (sllidar_ros2) StdoutLine: {'line': b'-- Symlinking: /home/ubuntu/spas_ws/install/sllidar_ros2/share/sllidar_ros2/cmake/sllidar_ros2Config.cmake\n'}
[132.507201] (-) TimerEvent: {}
[132.510852] (sllidar_ros2) StdoutLine: {'line': b'-- Symlinking: /home/ubuntu/spas_ws/install/sllidar_ros2/share/sllidar_ros2/cmake/sllidar_ros2Config-version.cmake\n'}
[132.545114] (sllidar_ros2) StdoutLine: {'line': b'-- Symlinking: /home/ubuntu/spas_ws/install/sllidar_ros2/share/sllidar_ros2/package.xml\n'}
[132.584104] (sllidar_ros2) CommandEnded: {'returncode': 0}
[132.608392] (-) TimerEvent: {}
[132.664042] (sllidar_ros2) JobEnded: {'identifier': 'sllidar_ros2', 'rc': 0}
[132.709447] (-) TimerEvent: {}
[132.810532] (-) TimerEvent: {}
[132.911335] (-) TimerEvent: {}
[133.012131] (-) TimerEvent: {}
[133.112886] (-) TimerEvent: {}
[133.213643] (-) TimerEvent: {}
[133.314347] (-) TimerEvent: {}
[133.415045] (-) TimerEvent: {}
[133.515814] (-) TimerEvent: {}
[133.616558] (-) TimerEvent: {}
[133.717533] (-) TimerEvent: {}
[133.818315] (-) TimerEvent: {}
[133.919118] (-) TimerEvent: {}
[134.019974] (-) TimerEvent: {}
[134.120697] (-) TimerEvent: {}
[134.221441] (-) TimerEvent: {}
[134.322140] (-) TimerEvent: {}
[134.422882] (-) TimerEvent: {}
[134.523566] (-) TimerEvent: {}
[134.624357] (-) TimerEvent: {}
[134.725089] (-) TimerEvent: {}
[134.825813] (-) TimerEvent: {}
[134.926562] (-) TimerEvent: {}
[135.027296] (-) TimerEvent: {}
[135.129409] (-) TimerEvent: {}
[135.230395] (-) TimerEvent: {}
[135.331563] (-) TimerEvent: {}
[135.435083] (-) TimerEvent: {}
[135.538572] (-) TimerEvent: {}
[135.639866] (-) TimerEvent: {}
[135.741234] (-) TimerEvent: {}
[135.842550] (-) TimerEvent: {}
[135.943849] (-) TimerEvent: {}
[136.045168] (-) TimerEvent: {}
[136.146644] (-) TimerEvent: {}
[136.248203] (-) TimerEvent: {}
[136.349811] (-) TimerEvent: {}
[136.451260] (-) TimerEvent: {}
[136.552810] (-) TimerEvent: {}
[136.654167] (-) TimerEvent: {}
[136.755583] (-) TimerEvent: {}
[136.856974] (-) TimerEvent: {}
[136.958333] (-) TimerEvent: {}
[137.059667] (-) TimerEvent: {}
[137.160984] (-) TimerEvent: {}
[137.262430] (-) TimerEvent: {}
[137.363874] (-) TimerEvent: {}
[137.465802] (-) TimerEvent: {}
[137.567126] (-) TimerEvent: {}
[137.668487] (-) TimerEvent: {}
[137.769897] (-) TimerEvent: {}
[137.871438] (-) TimerEvent: {}
[137.972837] (-) TimerEvent: {}
[138.074285] (-) TimerEvent: {}
[138.175613] (-) TimerEvent: {}
[138.276907] (-) TimerEvent: {}
[138.378263] (-) TimerEvent: {}
[138.479606] (-) TimerEvent: {}
[138.580836] (-) TimerEvent: {}
[138.681633] (-) TimerEvent: {}
[138.782356] (-) TimerEvent: {}
[138.883113] (-) TimerEvent: {}
[138.984128] (-) TimerEvent: {}
[139.084927] (-) TimerEvent: {}
[139.185809] (-) TimerEvent: {}
[139.286549] (-) TimerEvent: {}
[139.387269] (-) TimerEvent: {}
[139.488019] (-) TimerEvent: {}
[139.588768] (-) TimerEvent: {}
[139.689554] (-) TimerEvent: {}
[139.790348] (-) TimerEvent: {}
[139.891074] (-) TimerEvent: {}
[139.992018] (-) TimerEvent: {}
[140.092844] (-) TimerEvent: {}
[140.193695] (-) TimerEvent: {}
[140.294375] (-) TimerEvent: {}
[140.395127] (-) TimerEvent: {}
[140.495931] (-) TimerEvent: {}
[140.596960] (-) TimerEvent: {}
[140.697805] (-) TimerEvent: {}
[140.798521] (-) TimerEvent: {}
[140.899533] (-) TimerEvent: {}
[141.000389] (-) TimerEvent: {}
[141.101114] (-) TimerEvent: {}
[141.201815] (-) TimerEvent: {}
[141.302528] (-) TimerEvent: {}
[141.403268] (-) TimerEvent: {}
[141.504167] (-) TimerEvent: {}
[141.605132] (-) TimerEvent: {}
[141.705952] (-) TimerEvent: {}
[141.806656] (-) TimerEvent: {}
[141.907595] (-) TimerEvent: {}
[142.009061] (-) TimerEvent: {}
[142.109913] (-) TimerEvent: {}
[142.210617] (-) TimerEvent: {}
[142.258820] (slam_toolbox) StdoutLine: {'line': b'[  1%] \x1b[32mBuilding CXX object lib/karto_sdk/CMakeFiles/kartoSlamToolbox.dir/src/Mapper.cpp.o\x1b[0m\n'}
[142.310892] (-) TimerEvent: {}
[142.411704] (-) TimerEvent: {}
[142.512386] (-) TimerEvent: {}
[142.613103] (-) TimerEvent: {}
[142.713763] (-) TimerEvent: {}
[142.814413] (-) TimerEvent: {}
[142.915050] (-) TimerEvent: {}
[143.015825] (-) TimerEvent: {}
[143.116492] (-) TimerEvent: {}
[143.217202] (-) TimerEvent: {}
[143.317853] (-) TimerEvent: {}
[143.418501] (-) TimerEvent: {}
[143.519199] (-) TimerEvent: {}
[143.619886] (-) TimerEvent: {}
[143.720690] (-) TimerEvent: {}
[143.821416] (-) TimerEvent: {}
[143.922055] (-) TimerEvent: {}
[144.022720] (-) TimerEvent: {}
[144.123370] (-) TimerEvent: {}
[144.224122] (-) TimerEvent: {}
[144.325232] (-) TimerEvent: {}
[144.425950] (-) TimerEvent: {}
[144.526677] (-) TimerEvent: {}
[144.627526] (-) TimerEvent: {}
[144.728367] (-) TimerEvent: {}
[144.829065] (-) TimerEvent: {}
[144.929700] (-) TimerEvent: {}
[145.030438] (-) TimerEvent: {}
[145.131137] (-) TimerEvent: {}
[145.231803] (-) TimerEvent: {}
[145.332631] (-) TimerEvent: {}
[145.433558] (-) TimerEvent: {}
[145.534300] (-) TimerEvent: {}
[145.634927] (-) TimerEvent: {}
[145.735741] (-) TimerEvent: {}
[145.836408] (-) TimerEvent: {}
[145.937146] (-) TimerEvent: {}
[146.037847] (-) TimerEvent: {}
[146.138556] (-) TimerEvent: {}
[146.239347] (-) TimerEvent: {}
[146.340047] (-) TimerEvent: {}
[146.440889] (-) TimerEvent: {}
[146.541708] (-) TimerEvent: {}
[146.642356] (-) TimerEvent: {}
[146.743058] (-) TimerEvent: {}
[146.843820] (-) TimerEvent: {}
[146.944472] (-) TimerEvent: {}
[147.045231] (-) TimerEvent: {}
[147.146044] (-) TimerEvent: {}
[147.246757] (-) TimerEvent: {}
[147.347418] (-) TimerEvent: {}
[147.448126] (-) TimerEvent: {}
[147.548813] (-) TimerEvent: {}
[147.649830] (-) TimerEvent: {}
[147.750628] (-) TimerEvent: {}
[147.851383] (-) TimerEvent: {}
[147.952179] (-) TimerEvent: {}
[148.052919] (-) TimerEvent: {}
[148.153800] (-) TimerEvent: {}
[148.254471] (-) TimerEvent: {}
[148.355164] (-) TimerEvent: {}
[148.455811] (-) TimerEvent: {}
[148.556516] (-) TimerEvent: {}
[148.657253] (-) TimerEvent: {}
[148.757966] (-) TimerEvent: {}
[148.858756] (-) TimerEvent: {}
[148.959554] (-) TimerEvent: {}
[149.060333] (-) TimerEvent: {}
[149.161168] (-) TimerEvent: {}
[149.261860] (-) TimerEvent: {}
[149.362596] (-) TimerEvent: {}
[149.463715] (-) TimerEvent: {}
[149.564467] (-) TimerEvent: {}
[149.665182] (-) TimerEvent: {}
[149.766003] (-) TimerEvent: {}
[149.866716] (-) TimerEvent: {}
[149.967456] (-) TimerEvent: {}
[150.068167] (-) TimerEvent: {}
[150.168934] (-) TimerEvent: {}
[150.269738] (-) TimerEvent: {}
[150.370505] (-) TimerEvent: {}
[150.471245] (-) TimerEvent: {}
[150.571996] (-) TimerEvent: {}
[150.672728] (-) TimerEvent: {}
[150.773567] (-) TimerEvent: {}
[150.874275] (-) TimerEvent: {}
[150.975045] (-) TimerEvent: {}
[151.075778] (-) TimerEvent: {}
[151.176552] (-) TimerEvent: {}
[151.277273] (-) TimerEvent: {}
[151.378000] (-) TimerEvent: {}
[151.478700] (-) TimerEvent: {}
[151.579446] (-) TimerEvent: {}
[151.680207] (-) TimerEvent: {}
[151.780931] (-) TimerEvent: {}
[151.881658] (-) TimerEvent: {}
[151.982350] (-) TimerEvent: {}
[152.083116] (-) TimerEvent: {}
[152.183963] (-) TimerEvent: {}
[152.284830] (-) TimerEvent: {}
[152.385623] (-) TimerEvent: {}
[152.486364] (-) TimerEvent: {}
[152.587103] (-) TimerEvent: {}
[152.687837] (-) TimerEvent: {}
[152.788607] (-) TimerEvent: {}
[152.889351] (-) TimerEvent: {}
[152.990067] (-) TimerEvent: {}
[153.090810] (-) TimerEvent: {}
[153.191525] (-) TimerEvent: {}
[153.292305] (-) TimerEvent: {}
[153.393099] (-) TimerEvent: {}
[153.493802] (-) TimerEvent: {}
[153.594546] (-) TimerEvent: {}
[153.695466] (-) TimerEvent: {}
[153.796213] (-) TimerEvent: {}
[153.897001] (-) TimerEvent: {}
[153.997840] (-) TimerEvent: {}
[154.098607] (-) TimerEvent: {}
[154.199346] (-) TimerEvent: {}
[154.300201] (-) TimerEvent: {}
[154.400986] (-) TimerEvent: {}
[154.501754] (-) TimerEvent: {}
[154.602541] (-) TimerEvent: {}
[154.703269] (-) TimerEvent: {}
[154.804095] (-) TimerEvent: {}
[154.904859] (-) TimerEvent: {}
[155.005587] (-) TimerEvent: {}
[155.106297] (-) TimerEvent: {}
[155.207020] (-) TimerEvent: {}
[155.307741] (-) TimerEvent: {}
[155.408467] (-) TimerEvent: {}
[155.509276] (-) TimerEvent: {}
[155.609991] (-) TimerEvent: {}
[155.710705] (-) TimerEvent: {}
[155.811441] (-) TimerEvent: {}
[155.912168] (-) TimerEvent: {}
[156.012988] (-) TimerEvent: {}
[156.113785] (-) TimerEvent: {}
[156.214513] (-) TimerEvent: {}
[156.315268] (-) TimerEvent: {}
[156.415992] (-) TimerEvent: {}
[156.516725] (-) TimerEvent: {}
[156.617509] (-) TimerEvent: {}
[156.718212] (-) TimerEvent: {}
[156.818915] (-) TimerEvent: {}
[156.919614] (-) TimerEvent: {}
[157.020408] (-) TimerEvent: {}
[157.121166] (-) TimerEvent: {}
[157.221860] (-) TimerEvent: {}
[157.322599] (-) TimerEvent: {}
[157.423322] (-) TimerEvent: {}
[157.524022] (-) TimerEvent: {}
[157.624864] (-) TimerEvent: {}
[157.725624] (-) TimerEvent: {}
[157.826391] (-) TimerEvent: {}
[157.927165] (-) TimerEvent: {}
[158.027921] (-) TimerEvent: {}
[158.128675] (-) TimerEvent: {}
[158.229430] (-) TimerEvent: {}
[158.330516] (-) TimerEvent: {}
[158.431256] (-) TimerEvent: {}
[158.532294] (-) TimerEvent: {}
[158.633099] (-) TimerEvent: {}
[158.733835] (-) TimerEvent: {}
[158.834599] (-) TimerEvent: {}
[158.935348] (-) TimerEvent: {}
[159.036109] (-) TimerEvent: {}
[159.136976] (-) TimerEvent: {}
[159.237846] (-) TimerEvent: {}
[159.338748] (-) TimerEvent: {}
[159.439537] (-) TimerEvent: {}
[159.540265] (-) TimerEvent: {}
[159.641075] (-) TimerEvent: {}
[159.741787] (-) TimerEvent: {}
[159.842587] (-) TimerEvent: {}
[159.943318] (-) TimerEvent: {}
[160.044076] (-) TimerEvent: {}
[160.144791] (-) TimerEvent: {}
[160.245597] (-) TimerEvent: {}
[160.346437] (-) TimerEvent: {}
[160.447169] (-) TimerEvent: {}
[160.547934] (-) TimerEvent: {}
[160.648669] (-) TimerEvent: {}
[160.749427] (-) TimerEvent: {}
[160.850160] (-) TimerEvent: {}
[160.950879] (-) TimerEvent: {}
[161.051598] (-) TimerEvent: {}
[161.152326] (-) TimerEvent: {}
[161.253074] (-) TimerEvent: {}
[161.353773] (-) TimerEvent: {}
[161.454487] (-) TimerEvent: {}
[161.555285] (-) TimerEvent: {}
[161.656083] (-) TimerEvent: {}
[161.756773] (-) TimerEvent: {}
[161.857566] (-) TimerEvent: {}
[161.958278] (-) TimerEvent: {}
[162.059034] (-) TimerEvent: {}
[162.159774] (-) TimerEvent: {}
[162.260486] (-) TimerEvent: {}
[162.361187] (-) TimerEvent: {}
[162.461890] (-) TimerEvent: {}
[162.562581] (-) TimerEvent: {}
[162.663367] (-) TimerEvent: {}
[162.764121] (-) TimerEvent: {}
[162.864812] (-) TimerEvent: {}
[162.965558] (-) TimerEvent: {}
[163.066362] (-) TimerEvent: {}
[163.167084] (-) TimerEvent: {}
[163.267941] (-) TimerEvent: {}
[163.368653] (-) TimerEvent: {}
[163.469398] (-) TimerEvent: {}
[163.570099] (-) TimerEvent: {}
[163.670826] (-) TimerEvent: {}
[163.771583] (-) TimerEvent: {}
[163.872291] (-) TimerEvent: {}
[163.973078] (-) TimerEvent: {}
[164.073780] (-) TimerEvent: {}
[164.174490] (-) TimerEvent: {}
[164.275223] (-) TimerEvent: {}
[164.376048] (-) TimerEvent: {}
[164.476764] (-) TimerEvent: {}
[164.577554] (-) TimerEvent: {}
[164.678271] (-) TimerEvent: {}
[164.780378] (-) TimerEvent: {}
[164.881115] (-) TimerEvent: {}
[164.981814] (-) TimerEvent: {}
[165.082514] (-) TimerEvent: {}
[165.183215] (-) TimerEvent: {}
[165.284000] (-) TimerEvent: {}
[165.384719] (-) TimerEvent: {}
[165.485526] (-) TimerEvent: {}
[165.586243] (-) TimerEvent: {}
[165.686939] (-) TimerEvent: {}
[165.787741] (-) TimerEvent: {}
[165.888511] (-) TimerEvent: {}
[165.989197] (-) TimerEvent: {}
[166.089881] (-) TimerEvent: {}
[166.190592] (-) TimerEvent: {}
[166.291306] (-) TimerEvent: {}
[166.392122] (-) TimerEvent: {}
[166.492840] (-) TimerEvent: {}
[166.593591] (-) TimerEvent: {}
[166.694286] (-) TimerEvent: {}
[166.795001] (-) TimerEvent: {}
[166.895744] (-) TimerEvent: {}
[166.996530] (-) TimerEvent: {}
[167.097218] (-) TimerEvent: {}
[167.197923] (-) TimerEvent: {}
[167.298641] (-) TimerEvent: {}
[167.399361] (-) TimerEvent: {}
[167.500086] (-) TimerEvent: {}
[167.600944] (-) TimerEvent: {}
[167.701694] (-) TimerEvent: {}
[167.802405] (-) TimerEvent: {}
[167.903111] (-) TimerEvent: {}
[168.003849] (-) TimerEvent: {}
[168.104560] (-) TimerEvent: {}
[168.205359] (-) TimerEvent: {}
[168.306069] (-) TimerEvent: {}
[168.406809] (-) TimerEvent: {}
[168.507576] (-) TimerEvent: {}
[168.608300] (-) TimerEvent: {}
[168.709213] (-) TimerEvent: {}
[168.809927] (-) TimerEvent: {}
[168.910772] (-) TimerEvent: {}
[169.011505] (-) TimerEvent: {}
[169.112302] (-) TimerEvent: {}
[169.213122] (-) TimerEvent: {}
[169.313837] (-) TimerEvent: {}
[169.414562] (-) TimerEvent: {}
[169.515318] (-) TimerEvent: {}
[169.616207] (-) TimerEvent: {}
[169.716914] (-) TimerEvent: {}
[169.817797] (-) TimerEvent: {}
[169.918634] (-) TimerEvent: {}
[170.019394] (-) TimerEvent: {}
[170.120112] (-) TimerEvent: {}
[170.220931] (-) TimerEvent: {}
[170.321744] (-) TimerEvent: {}
[170.422506] (-) TimerEvent: {}
[170.523212] (-) TimerEvent: {}
[170.623949] (-) TimerEvent: {}
[170.724710] (-) TimerEvent: {}
[170.825576] (-) TimerEvent: {}
[170.926360] (-) TimerEvent: {}
[171.027097] (-) TimerEvent: {}
[171.127828] (-) TimerEvent: {}
[171.228599] (-) TimerEvent: {}
[171.329375] (-) TimerEvent: {}
[171.430477] (-) TimerEvent: {}
[171.531210] (-) TimerEvent: {}
[171.631954] (-) TimerEvent: {}
[171.732667] (-) TimerEvent: {}
[171.833420] (-) TimerEvent: {}
[171.934189] (-) TimerEvent: {}
[172.034912] (-) TimerEvent: {}
[172.135659] (-) TimerEvent: {}
[172.236411] (-) TimerEvent: {}
[172.337193] (-) TimerEvent: {}
[172.438131] (-) TimerEvent: {}
[172.538816] (-) TimerEvent: {}
[172.639528] (-) TimerEvent: {}
[172.740216] (-) TimerEvent: {}
[172.841009] (-) TimerEvent: {}
[172.941767] (-) TimerEvent: {}
[173.042613] (-) TimerEvent: {}
[173.143355] (-) TimerEvent: {}
[173.244129] (-) TimerEvent: {}
[173.344914] (-) TimerEvent: {}
[173.445682] (-) TimerEvent: {}
[173.546499] (-) TimerEvent: {}
[173.647489] (-) TimerEvent: {}
[173.748317] (-) TimerEvent: {}
[173.849123] (-) TimerEvent: {}
[173.949878] (-) TimerEvent: {}
[174.050767] (-) TimerEvent: {}
[174.152100] (-) TimerEvent: {}
[174.253114] (-) TimerEvent: {}
[174.354370] (-) TimerEvent: {}
[174.455092] (-) TimerEvent: {}
[174.555847] (-) TimerEvent: {}
[174.656630] (-) TimerEvent: {}
[174.757467] (-) TimerEvent: {}
[174.858177] (-) TimerEvent: {}
[174.958916] (-) TimerEvent: {}
[175.059790] (-) TimerEvent: {}
[175.160508] (-) TimerEvent: {}
[175.261278] (-) TimerEvent: {}
[175.361986] (-) TimerEvent: {}
[175.462670] (-) TimerEvent: {}
[175.563386] (-) TimerEvent: {}
[175.664096] (-) TimerEvent: {}
[175.764834] (-) TimerEvent: {}
[175.865868] (-) TimerEvent: {}
[175.966559] (-) TimerEvent: {}
[176.067272] (-) TimerEvent: {}
[176.168022] (-) TimerEvent: {}
[176.268736] (-) TimerEvent: {}
[176.369529] (-) TimerEvent: {}
[176.470348] (-) TimerEvent: {}
[176.571063] (-) TimerEvent: {}
[176.671823] (-) TimerEvent: {}
[176.772548] (-) TimerEvent: {}
[176.873287] (-) TimerEvent: {}
[176.974029] (-) TimerEvent: {}
[177.075067] (-) TimerEvent: {}
[177.175909] (-) TimerEvent: {}
[177.276692] (-) TimerEvent: {}
[177.377444] (-) TimerEvent: {}
[177.478184] (-) TimerEvent: {}
[177.578878] (-) TimerEvent: {}
[177.679614] (-) TimerEvent: {}
[177.780325] (-) TimerEvent: {}
[177.881229] (-) TimerEvent: {}
[177.981906] (-) TimerEvent: {}
[178.082621] (-) TimerEvent: {}
[178.183309] (-) TimerEvent: {}
[178.284047] (-) TimerEvent: {}
[178.384807] (-) TimerEvent: {}
[178.485591] (-) TimerEvent: {}
[178.586306] (-) TimerEvent: {}
[178.687192] (-) TimerEvent: {}
[178.787921] (-) TimerEvent: {}
[178.888770] (-) TimerEvent: {}
[178.989538] (-) TimerEvent: {}
[179.090230] (-) TimerEvent: {}
[179.190999] (-) TimerEvent: {}
[179.291835] (-) TimerEvent: {}
[179.392861] (-) TimerEvent: {}
[179.493610] (-) TimerEvent: {}
[179.594314] (-) TimerEvent: {}
[179.695082] (-) TimerEvent: {}
[179.795886] (-) TimerEvent: {}
[179.896607] (-) TimerEvent: {}
[179.997365] (-) TimerEvent: {}
[180.098078] (-) TimerEvent: {}
[180.198845] (-) TimerEvent: {}
[180.299594] (-) TimerEvent: {}
[180.400303] (-) TimerEvent: {}
[180.501068] (-) TimerEvent: {}
[180.601769] (-) TimerEvent: {}
[180.702479] (-) TimerEvent: {}
[180.803252] (-) TimerEvent: {}
[180.903963] (-) TimerEvent: {}
[181.004678] (-) TimerEvent: {}
[181.105434] (-) TimerEvent: {}
[181.206138] (-) TimerEvent: {}
[181.306859] (-) TimerEvent: {}
[181.407654] (-) TimerEvent: {}
[181.508356] (-) TimerEvent: {}
[181.609138] (-) TimerEvent: {}
[181.709844] (-) TimerEvent: {}
[181.810559] (-) TimerEvent: {}
[181.911304] (-) TimerEvent: {}
[182.012033] (-) TimerEvent: {}
[182.112903] (-) TimerEvent: {}
[182.213660] (-) TimerEvent: {}
[182.314367] (-) TimerEvent: {}
[182.415093] (-) TimerEvent: {}
[182.515834] (-) TimerEvent: {}
[182.616566] (-) TimerEvent: {}
[182.717283] (-) TimerEvent: {}
[182.817994] (-) TimerEvent: {}
[182.918705] (-) TimerEvent: {}
[183.019544] (-) TimerEvent: {}
[183.120311] (-) TimerEvent: {}
[183.221005] (-) TimerEvent: {}
[183.321758] (-) TimerEvent: {}
[183.422451] (-) TimerEvent: {}
[183.523164] (-) TimerEvent: {}
[183.623901] (-) TimerEvent: {}
[183.724696] (-) TimerEvent: {}
[183.825481] (-) TimerEvent: {}
[183.926198] (-) TimerEvent: {}
[184.026920] (-) TimerEvent: {}
[184.127695] (-) TimerEvent: {}
[184.228571] (-) TimerEvent: {}
[184.329312] (-) TimerEvent: {}
[184.430018] (-) TimerEvent: {}
[184.530833] (-) TimerEvent: {}
[184.631559] (-) TimerEvent: {}
[184.732311] (-) TimerEvent: {}
[184.833154] (-) TimerEvent: {}
[184.933862] (-) TimerEvent: {}
[185.034592] (-) TimerEvent: {}
[185.135369] (-) TimerEvent: {}
[185.236093] (-) TimerEvent: {}
[185.336845] (-) TimerEvent: {}
[185.437633] (-) TimerEvent: {}
[185.538345] (-) TimerEvent: {}
[185.639069] (-) TimerEvent: {}
[185.739818] (-) TimerEvent: {}
[185.840595] (-) TimerEvent: {}
[185.941407] (-) TimerEvent: {}
[186.042224] (-) TimerEvent: {}
[186.143267] (-) TimerEvent: {}
[186.244014] (-) TimerEvent: {}
[186.344828] (-) TimerEvent: {}
[186.445611] (-) TimerEvent: {}
[186.546347] (-) TimerEvent: {}
[186.647210] (-) TimerEvent: {}
[186.747965] (-) TimerEvent: {}
[186.848736] (-) TimerEvent: {}
[186.949513] (-) TimerEvent: {}
[187.050246] (-) TimerEvent: {}
[187.150968] (-) TimerEvent: {}
[187.251752] (-) TimerEvent: {}
[187.352501] (-) TimerEvent: {}
[187.453271] (-) TimerEvent: {}
[187.554001] (-) TimerEvent: {}
[187.654737] (-) TimerEvent: {}
[187.755488] (-) TimerEvent: {}
[187.856194] (-) TimerEvent: {}
[187.957128] (-) TimerEvent: {}
[188.057861] (-) TimerEvent: {}
[188.158605] (-) TimerEvent: {}
[188.259381] (-) TimerEvent: {}
[188.360124] (-) TimerEvent: {}
[188.460857] (-) TimerEvent: {}
[188.561653] (-) TimerEvent: {}
[188.662492] (-) TimerEvent: {}
[188.763217] (-) TimerEvent: {}
[188.863954] (-) TimerEvent: {}
[188.964678] (-) TimerEvent: {}
[189.065590] (-) TimerEvent: {}
[189.166294] (-) TimerEvent: {}
[189.266983] (-) TimerEvent: {}
[189.367698] (-) TimerEvent: {}
[189.468510] (-) TimerEvent: {}
[189.569246] (-) TimerEvent: {}
[189.670006] (-) TimerEvent: {}
[189.770744] (-) TimerEvent: {}
[189.871481] (-) TimerEvent: {}
[189.972225] (-) TimerEvent: {}
[190.072938] (-) TimerEvent: {}
[190.173694] (-) TimerEvent: {}
[190.274459] (-) TimerEvent: {}
[190.375185] (-) TimerEvent: {}
[190.475909] (-) TimerEvent: {}
[190.576659] (-) TimerEvent: {}
[190.677409] (-) TimerEvent: {}
[190.778110] (-) TimerEvent: {}
[190.878946] (-) TimerEvent: {}
[190.979648] (-) TimerEvent: {}
[191.080387] (-) TimerEvent: {}
[191.181158] (-) TimerEvent: {}
[191.281860] (-) TimerEvent: {}
[191.382637] (-) TimerEvent: {}
[191.483395] (-) TimerEvent: {}
[191.584101] (-) TimerEvent: {}
[191.684821] (-) TimerEvent: {}
[191.785550] (-) TimerEvent: {}
[191.886260] (-) TimerEvent: {}
[191.987023] (-) TimerEvent: {}
[192.087747] (-) TimerEvent: {}
[192.188504] (-) TimerEvent: {}
[192.289207] (-) TimerEvent: {}
[192.389915] (-) TimerEvent: {}
[192.490622] (-) TimerEvent: {}
[192.591378] (-) TimerEvent: {}
[192.692091] (-) TimerEvent: {}
[192.792855] (-) TimerEvent: {}
[192.893586] (-) TimerEvent: {}
[192.994271] (-) TimerEvent: {}
[193.095007] (-) TimerEvent: {}
[193.195754] (-) TimerEvent: {}
[193.296466] (-) TimerEvent: {}
[193.397214] (-) TimerEvent: {}
[193.497911] (-) TimerEvent: {}
[193.598662] (-) TimerEvent: {}
[193.699676] (-) TimerEvent: {}
[193.800397] (-) TimerEvent: {}
[193.901176] (-) TimerEvent: {}
[194.001888] (-) TimerEvent: {}
[194.102777] (-) TimerEvent: {}
[194.203492] (-) TimerEvent: {}
[194.304257] (-) TimerEvent: {}
[194.405072] (-) TimerEvent: {}
[194.505780] (-) TimerEvent: {}
[194.606478] (-) TimerEvent: {}
[194.707248] (-) TimerEvent: {}
[194.808096] (-) TimerEvent: {}
[194.908828] (-) TimerEvent: {}
[195.009643] (-) TimerEvent: {}
[195.110331] (-) TimerEvent: {}
[195.211024] (-) TimerEvent: {}
[195.311731] (-) TimerEvent: {}
[195.412497] (-) TimerEvent: {}
[195.513229] (-) TimerEvent: {}
[195.613915] (-) TimerEvent: {}
[195.714604] (-) TimerEvent: {}
[195.815320] (-) TimerEvent: {}
[195.916020] (-) TimerEvent: {}
[196.016756] (-) TimerEvent: {}
[196.117517] (-) TimerEvent: {}
[196.218249] (-) TimerEvent: {}
[196.318954] (-) TimerEvent: {}
[196.419710] (-) TimerEvent: {}
[196.520420] (-) TimerEvent: {}
[196.621210] (-) TimerEvent: {}
[196.721904] (-) TimerEvent: {}
[196.822620] (-) TimerEvent: {}
[196.923330] (-) TimerEvent: {}
[197.024032] (-) TimerEvent: {}
[197.124810] (-) TimerEvent: {}
[197.225578] (-) TimerEvent: {}
[197.326293] (-) TimerEvent: {}
[197.427010] (-) TimerEvent: {}
[197.527675] (-) TimerEvent: {}
[197.628371] (-) TimerEvent: {}
[197.729114] (-) TimerEvent: {}
[197.829854] (-) TimerEvent: {}
[197.930585] (-) TimerEvent: {}
[198.031313] (-) TimerEvent: {}
[198.132043] (-) TimerEvent: {}
[198.232745] (-) TimerEvent: {}
[198.333764] (-) TimerEvent: {}
[198.434479] (-) TimerEvent: {}
[198.535248] (-) TimerEvent: {}
[198.636154] (-) TimerEvent: {}
[198.736971] (-) TimerEvent: {}
[198.837766] (-) TimerEvent: {}
[198.938668] (-) TimerEvent: {}
[199.039440] (-) TimerEvent: {}
[199.140164] (-) TimerEvent: {}
[199.240918] (-) TimerEvent: {}
[199.341752] (-) TimerEvent: {}
[199.442467] (-) TimerEvent: {}
[199.543173] (-) TimerEvent: {}
[199.643960] (-) TimerEvent: {}
[199.744752] (-) TimerEvent: {}
[199.845592] (-) TimerEvent: {}
[199.946729] (-) TimerEvent: {}
[200.047665] (-) TimerEvent: {}
[200.148585] (-) TimerEvent: {}
[200.249415] (-) TimerEvent: {}
[200.350115] (-) TimerEvent: {}
[200.450824] (-) TimerEvent: {}
[200.551543] (-) TimerEvent: {}
[200.652304] (-) TimerEvent: {}
[200.753078] (-) TimerEvent: {}
[200.854008] (-) TimerEvent: {}
[200.954744] (-) TimerEvent: {}
[201.055453] (-) TimerEvent: {}
[201.156197] (-) TimerEvent: {}
[201.256906] (-) TimerEvent: {}
[201.357685] (-) TimerEvent: {}
[201.458391] (-) TimerEvent: {}
[201.559165] (-) TimerEvent: {}
[201.659874] (-) TimerEvent: {}
[201.760580] (-) TimerEvent: {}
[201.861304] (-) TimerEvent: {}
[201.962129] (-) TimerEvent: {}
[202.062850] (-) TimerEvent: {}
[202.163545] (-) TimerEvent: {}
[202.264244] (-) TimerEvent: {}
[202.364970] (-) TimerEvent: {}
[202.465721] (-) TimerEvent: {}
[202.566480] (-) TimerEvent: {}
[202.667175] (-) TimerEvent: {}
[202.767925] (-) TimerEvent: {}
[202.868625] (-) TimerEvent: {}
[202.969361] (-) TimerEvent: {}
[203.070061] (-) TimerEvent: {}
[203.170861] (-) TimerEvent: {}
[203.271622] (-) TimerEvent: {}
[203.372392] (-) TimerEvent: {}
[203.473153] (-) TimerEvent: {}
[203.573878] (-) TimerEvent: {}
[203.674612] (-) TimerEvent: {}
[203.775365] (-) TimerEvent: {}
[203.876082] (-) TimerEvent: {}
[203.976810] (-) TimerEvent: {}
[204.077579] (-) TimerEvent: {}
[204.178313] (-) TimerEvent: {}
[204.279062] (-) TimerEvent: {}
[204.379856] (-) TimerEvent: {}
[204.480540] (-) TimerEvent: {}
[204.581270] (-) TimerEvent: {}
[204.682015] (-) TimerEvent: {}
[204.782818] (-) TimerEvent: {}
[204.883743] (-) TimerEvent: {}
[204.984479] (-) TimerEvent: {}
[205.085213] (-) TimerEvent: {}
[205.185940] (-) TimerEvent: {}
[205.286724] (-) TimerEvent: {}
[205.387510] (-) TimerEvent: {}
[205.488212] (-) TimerEvent: {}
[205.588973] (-) TimerEvent: {}
[205.689702] (-) TimerEvent: {}
[205.790430] (-) TimerEvent: {}
[205.891271] (-) TimerEvent: {}
[205.992007] (-) TimerEvent: {}
[206.092784] (-) TimerEvent: {}
[206.193624] (-) TimerEvent: {}
[206.294344] (-) TimerEvent: {}
[206.395110] (-) TimerEvent: {}
[206.495842] (-) TimerEvent: {}
[206.596628] (-) TimerEvent: {}
[206.697479] (-) TimerEvent: {}
[206.798206] (-) TimerEvent: {}
[206.899025] (-) TimerEvent: {}
[206.999910] (-) TimerEvent: {}
[207.100634] (-) TimerEvent: {}
[207.201412] (-) TimerEvent: {}
[207.302134] (-) TimerEvent: {}
[207.402852] (-) TimerEvent: {}
[207.503612] (-) TimerEvent: {}
[207.604422] (-) TimerEvent: {}
[207.705213] (-) TimerEvent: {}
[207.805915] (-) TimerEvent: {}
[207.906623] (-) TimerEvent: {}
[208.007379] (-) TimerEvent: {}
[208.108182] (-) TimerEvent: {}
[208.208914] (-) TimerEvent: {}
[208.309674] (-) TimerEvent: {}
[208.410398] (-) TimerEvent: {}
[208.511126] (-) TimerEvent: {}
[208.611872] (-) TimerEvent: {}
[208.712727] (-) TimerEvent: {}
[208.813478] (-) TimerEvent: {}
[208.914118] (-) TimerEvent: {}
[209.014869] (-) TimerEvent: {}
[209.115574] (-) TimerEvent: {}
[209.216346] (-) TimerEvent: {}
[209.317164] (-) TimerEvent: {}
[209.417854] (-) TimerEvent: {}
[209.518558] (-) TimerEvent: {}
[209.619255] (-) TimerEvent: {}
[209.720016] (-) TimerEvent: {}
[209.820887] (-) TimerEvent: {}
[209.921651] (-) TimerEvent: {}
[210.022346] (-) TimerEvent: {}
[210.123046] (-) TimerEvent: {}
[210.223753] (-) TimerEvent: {}
[210.324465] (-) TimerEvent: {}
[210.425219] (-) TimerEvent: {}
[210.525981] (-) TimerEvent: {}
[210.626724] (-) TimerEvent: {}
[210.727622] (-) TimerEvent: {}
[210.828609] (-) TimerEvent: {}
[210.929461] (-) TimerEvent: {}
[211.030148] (-) TimerEvent: {}
[211.130887] (-) TimerEvent: {}
[211.231729] (-) TimerEvent: {}
[211.332482] (-) TimerEvent: {}
[211.433271] (-) TimerEvent: {}
[211.533938] (-) TimerEvent: {}
[211.634637] (-) TimerEvent: {}
[211.735340] (-) TimerEvent: {}
[211.836049] (-) TimerEvent: {}
[211.936853] (-) TimerEvent: {}
[212.037696] (-) TimerEvent: {}
[212.138396] (-) TimerEvent: {}
[212.239103] (-) TimerEvent: {}
[212.339827] (-) TimerEvent: {}
[212.440617] (-) TimerEvent: {}
[212.541381] (-) TimerEvent: {}
[212.642143] (-) TimerEvent: {}
[212.742918] (-) TimerEvent: {}
[212.843638] (-) TimerEvent: {}
[212.944339] (-) TimerEvent: {}
[213.045151] (-) TimerEvent: {}
[213.145932] (-) TimerEvent: {}
[213.246632] (-) TimerEvent: {}
[213.347367] (-) TimerEvent: {}
[213.448095] (-) TimerEvent: {}
[213.548824] (-) TimerEvent: {}
[213.649848] (-) TimerEvent: {}
[213.751102] (-) TimerEvent: {}
[213.851854] (-) TimerEvent: {}
[213.952620] (-) TimerEvent: {}
[214.053340] (-) TimerEvent: {}
[214.154131] (-) TimerEvent: {}
[214.254826] (-) TimerEvent: {}
[214.355574] (-) TimerEvent: {}
[214.456320] (-) TimerEvent: {}
[214.557068] (-) TimerEvent: {}
[214.657781] (-) TimerEvent: {}
[214.758482] (-) TimerEvent: {}
[214.859272] (-) TimerEvent: {}
[214.959988] (-) TimerEvent: {}
[215.060739] (-) TimerEvent: {}
[215.161531] (-) TimerEvent: {}
[215.262284] (-) TimerEvent: {}
[215.362999] (-) TimerEvent: {}
[215.463748] (-) TimerEvent: {}
[215.564489] (-) TimerEvent: {}
[215.665206] (-) TimerEvent: {}
[215.765926] (-) TimerEvent: {}
[215.866689] (-) TimerEvent: {}
[215.967404] (-) TimerEvent: {}
[216.068139] (-) TimerEvent: {}
[216.168860] (-) TimerEvent: {}
[216.269627] (-) TimerEvent: {}
[216.370351] (-) TimerEvent: {}
[216.471057] (-) TimerEvent: {}
[216.571776] (-) TimerEvent: {}
[216.672523] (-) TimerEvent: {}
[216.773219] (-) TimerEvent: {}
[216.873905] (-) TimerEvent: {}
[216.974819] (-) TimerEvent: {}
[217.075580] (-) TimerEvent: {}
[217.176354] (-) TimerEvent: {}
[217.277125] (-) TimerEvent: {}
[217.377834] (-) TimerEvent: {}
[217.478562] (-) TimerEvent: {}
[217.579309] (-) TimerEvent: {}
[217.680050] (-) TimerEvent: {}
[217.780883] (-) TimerEvent: {}
[217.881618] (-) TimerEvent: {}
[217.982304] (-) TimerEvent: {}
[218.083045] (-) TimerEvent: {}
[218.183842] (-) TimerEvent: {}
[218.284588] (-) TimerEvent: {}
[218.385308] (-) TimerEvent: {}
[218.486002] (-) TimerEvent: {}
[218.586726] (-) TimerEvent: {}
[218.687481] (-) TimerEvent: {}
[218.788268] (-) TimerEvent: {}
[218.888970] (-) TimerEvent: {}
[218.989698] (-) TimerEvent: {}
[219.090396] (-) TimerEvent: {}
[219.191121] (-) TimerEvent: {}
[219.291904] (-) TimerEvent: {}
[219.392624] (-) TimerEvent: {}
[219.493377] (-) TimerEvent: {}
[219.594116] (-) TimerEvent: {}
[219.694817] (-) TimerEvent: {}
[219.795658] (-) TimerEvent: {}
[219.896457] (-) TimerEvent: {}
[219.997190] (-) TimerEvent: {}
[220.097914] (-) TimerEvent: {}
[220.198828] (-) TimerEvent: {}
[220.299581] (-) TimerEvent: {}
[220.400392] (-) TimerEvent: {}
[220.501164] (-) TimerEvent: {}
[220.601862] (-) TimerEvent: {}
[220.702594] (-) TimerEvent: {}
[220.803412] (-) TimerEvent: {}
[221.249060] (-) TimerEvent: {}
[221.349780] (-) TimerEvent: {}
[221.450645] (-) TimerEvent: {}
[221.551389] (-) TimerEvent: {}
[221.652075] (-) TimerEvent: {}
[221.752915] (-) TimerEvent: {}
[221.853725] (-) TimerEvent: {}
[221.954442] (-) TimerEvent: {}
[222.055141] (-) TimerEvent: {}
[222.155858] (-) TimerEvent: {}
[222.256614] (-) TimerEvent: {}
[222.357387] (-) TimerEvent: {}
[222.458143] (-) TimerEvent: {}
[222.558838] (-) TimerEvent: {}
[222.659590] (-) TimerEvent: {}
[222.760312] (-) TimerEvent: {}
[222.860989] (-) TimerEvent: {}
[222.961726] (-) TimerEvent: {}
[223.062481] (-) TimerEvent: {}
[223.163233] (-) TimerEvent: {}
[223.263930] (-) TimerEvent: {}
[223.364838] (-) TimerEvent: {}
[223.465729] (-) TimerEvent: {}
[223.566501] (-) TimerEvent: {}
[223.667739] (-) TimerEvent: {}
[223.768935] (-) TimerEvent: {}
[223.869746] (-) TimerEvent: {}
[223.970439] (-) TimerEvent: {}
[224.071271] (-) TimerEvent: {}
[224.172143] (-) TimerEvent: {}
[224.273221] (-) TimerEvent: {}
[224.373918] (-) TimerEvent: {}
[224.474541] (-) TimerEvent: {}
[224.575251] (-) TimerEvent: {}
[224.676363] (-) TimerEvent: {}
[224.777225] (-) TimerEvent: {}
[224.877967] (-) TimerEvent: {}
[224.978729] (-) TimerEvent: {}
[225.079437] (-) TimerEvent: {}
[225.180150] (-) TimerEvent: {}
[225.280827] (-) TimerEvent: {}
[225.381544] (-) TimerEvent: {}
[225.482268] (-) TimerEvent: {}
[225.582954] (-) TimerEvent: {}
[225.683628] (-) TimerEvent: {}
[225.784341] (-) TimerEvent: {}
[225.885055] (-) TimerEvent: {}
[225.985707] (-) TimerEvent: {}
[226.086451] (-) TimerEvent: {}
[226.187293] (-) TimerEvent: {}
[226.288181] (-) TimerEvent: {}
[226.389318] (-) TimerEvent: {}
[226.490666] (-) TimerEvent: {}
[226.591497] (-) TimerEvent: {}
[226.692358] (-) TimerEvent: {}
[226.793207] (-) TimerEvent: {}
[226.806671] (slam_toolbox) StdoutLine: {'line': b'[  2%] \x1b[32m\x1b[1mLinking CXX shared library libkartoSlamToolbox.so\x1b[0m\n'}
[226.893467] (-) TimerEvent: {}
[226.994526] (-) TimerEvent: {}
[227.095412] (-) TimerEvent: {}
[227.196227] (-) TimerEvent: {}
[227.297345] (-) TimerEvent: {}
[227.398443] (-) TimerEvent: {}
[227.499512] (-) TimerEvent: {}
[227.600405] (-) TimerEvent: {}
[227.701303] (-) TimerEvent: {}
[227.801964] (-) TimerEvent: {}
[227.902748] (-) TimerEvent: {}
[228.003906] (-) TimerEvent: {}
[228.104958] (-) TimerEvent: {}
[228.205775] (-) TimerEvent: {}
[228.306549] (-) TimerEvent: {}
[228.407220] (-) TimerEvent: {}
[228.508388] (-) TimerEvent: {}
[228.609607] (-) TimerEvent: {}
[228.697618] (slam_toolbox) StdoutLine: {'line': b'[  2%] Built target kartoSlamToolbox\n'}
[228.709899] (-) TimerEvent: {}
[228.755231] (slam_toolbox) StdoutLine: {'line': b'[  3%] \x1b[34m\x1b[1mGenerating C code for ROS interfaces\x1b[0m\n'}
[228.799453] (slam_toolbox) StdoutLine: {'line': b'[  3%] \x1b[34m\x1b[1mGenerating C++ code for ROS interfaces\x1b[0m\n'}
[228.810135] (-) TimerEvent: {}
[228.912130] (-) TimerEvent: {}
[229.012888] (-) TimerEvent: {}
[229.113864] (-) TimerEvent: {}
[229.214715] (-) TimerEvent: {}
[229.315436] (-) TimerEvent: {}
[229.416131] (-) TimerEvent: {}
[229.516827] (-) TimerEvent: {}
[229.617650] (-) TimerEvent: {}
[229.718321] (-) TimerEvent: {}
[229.819005] (-) TimerEvent: {}
[229.919702] (-) TimerEvent: {}
[230.020359] (-) TimerEvent: {}
[230.121835] (-) TimerEvent: {}
[230.222575] (-) TimerEvent: {}
[230.323394] (-) TimerEvent: {}
[230.424215] (-) TimerEvent: {}
[230.431119] (slam_toolbox) StdoutLine: {'line': b'running egg_info\n'}
[230.433541] (slam_toolbox) StdoutLine: {'line': b'creating slam_toolbox.egg-info\n'}
[230.435224] (slam_toolbox) StdoutLine: {'line': b'writing slam_toolbox.egg-info/PKG-INFO\n'}
[230.436734] (slam_toolbox) StdoutLine: {'line': b'writing dependency_links to slam_toolbox.egg-info/dependency_links.txt\n'}
[230.438208] (slam_toolbox) StdoutLine: {'line': b'writing top-level names to slam_toolbox.egg-info/top_level.txt\n'}
[230.440124] (slam_toolbox) StdoutLine: {'line': b"writing manifest file 'slam_toolbox.egg-info/SOURCES.txt'\n"}
[230.449967] (slam_toolbox) StdoutLine: {'line': b"reading manifest file 'slam_toolbox.egg-info/SOURCES.txt'\n"}
[230.453387] (slam_toolbox) StdoutLine: {'line': b"writing manifest file 'slam_toolbox.egg-info/SOURCES.txt'\n"}
[230.524604] (-) TimerEvent: {}
[230.603014] (slam_toolbox) StdoutLine: {'line': b'[  3%] Built target ament_cmake_python_build_slam_toolbox_egg\n'}
[230.624717] (-) TimerEvent: {}
[230.726026] (-) TimerEvent: {}
[230.827198] (-) TimerEvent: {}
[230.927909] (-) TimerEvent: {}
[231.028672] (-) TimerEvent: {}
[231.129578] (-) TimerEvent: {}
[231.230319] (-) TimerEvent: {}
[231.332724] (-) TimerEvent: {}
[231.433962] (-) TimerEvent: {}
[231.535301] (-) TimerEvent: {}
[231.636638] (-) TimerEvent: {}
[231.737899] (-) TimerEvent: {}
[231.839100] (-) TimerEvent: {}
[231.940328] (-) TimerEvent: {}
[232.041142] (-) TimerEvent: {}
[232.141954] (-) TimerEvent: {}
[232.242675] (-) TimerEvent: {}
[232.343414] (-) TimerEvent: {}
[232.444229] (-) TimerEvent: {}
[232.545428] (-) TimerEvent: {}
[232.646593] (-) TimerEvent: {}
[232.748743] (-) TimerEvent: {}
[232.849521] (-) TimerEvent: {}
[232.950955] (-) TimerEvent: {}
[233.052547] (-) TimerEvent: {}
[233.155758] (-) TimerEvent: {}
[233.261547] (-) TimerEvent: {}
[233.362374] (-) TimerEvent: {}
[233.463467] (-) TimerEvent: {}
[233.564447] (-) TimerEvent: {}
[233.665524] (-) TimerEvent: {}
[233.766599] (-) TimerEvent: {}
[233.868402] (-) TimerEvent: {}
[233.969439] (-) TimerEvent: {}
[234.070455] (-) TimerEvent: {}
[234.172210] (-) TimerEvent: {}
[234.273964] (-) TimerEvent: {}
[234.351617] (slam_toolbox) StdoutLine: {'line': b'[  3%] \x1b[32mBuilding C object CMakeFiles/slam_toolbox__rosidl_generator_c.dir/rosidl_generator_c/slam_toolbox/srv/detail/pause__functions.c.o\x1b[0m\n'}
[234.374350] (-) TimerEvent: {}
[234.381890] (slam_toolbox) StdoutLine: {'line': b'[  4%] \x1b[32mBuilding C object CMakeFiles/slam_toolbox__rosidl_generator_c.dir/rosidl_generator_c/slam_toolbox/srv/detail/clear_queue__functions.c.o\x1b[0m\n'}
[234.415711] (slam_toolbox) StdoutLine: {'line': b'[  5%] \x1b[32mBuilding C object CMakeFiles/slam_toolbox__rosidl_generator_c.dir/rosidl_generator_c/slam_toolbox/srv/detail/toggle_interactive__functions.c.o\x1b[0m\n'}
[234.474715] (-) TimerEvent: {}
[234.577679] (-) TimerEvent: {}
[234.681881] (-) TimerEvent: {}
[234.784166] (-) TimerEvent: {}
[234.889341] (-) TimerEvent: {}
[234.992226] (-) TimerEvent: {}
[235.095213] (-) TimerEvent: {}
[235.198339] (-) TimerEvent: {}
[235.301703] (-) TimerEvent: {}
[235.404720] (-) TimerEvent: {}
[235.516706] (-) TimerEvent: {}
[235.540505] (slam_toolbox) StdoutLine: {'line': b'[  5%] Built target slam_toolbox__cpp\n'}
[235.617258] (-) TimerEvent: {}
[235.697599] (slam_toolbox) StdoutLine: {'line': b'[  5%] \x1b[34m\x1b[1mGenerating C++ type support for eProsima Fast-RTPS\x1b[0m\n'}
[235.717424] (-) TimerEvent: {}
[235.820524] (-) TimerEvent: {}
[235.923896] (-) TimerEvent: {}
[236.026977] (-) TimerEvent: {}
[236.130687] (-) TimerEvent: {}
[236.233298] (-) TimerEvent: {}
[236.334743] (-) TimerEvent: {}
[236.345363] (slam_toolbox) StdoutLine: {'line': b'[  6%] \x1b[32mBuilding C object CMakeFiles/slam_toolbox__rosidl_generator_c.dir/rosidl_generator_c/slam_toolbox/srv/detail/clear__functions.c.o\x1b[0m\n'}
[236.355452] (slam_toolbox) StdoutLine: {'line': b'[  6%] \x1b[32mBuilding C object CMakeFiles/slam_toolbox__rosidl_generator_c.dir/rosidl_generator_c/slam_toolbox/srv/detail/save_map__functions.c.o\x1b[0m\n'}
[236.435107] (-) TimerEvent: {}
[236.502328] (slam_toolbox) StdoutLine: {'line': b'[  7%] \x1b[34m\x1b[1mGenerating C++ introspection for ROS interfaces\x1b[0m\n'}
[236.535477] (-) TimerEvent: {}
[236.636850] (-) TimerEvent: {}
[236.738160] (-) TimerEvent: {}
[236.839517] (-) TimerEvent: {}
[236.940878] (-) TimerEvent: {}
[237.044097] (-) TimerEvent: {}
[237.146772] (-) TimerEvent: {}
[237.249335] (-) TimerEvent: {}
[237.350878] (-) TimerEvent: {}
[237.452405] (-) TimerEvent: {}
[237.554061] (-) TimerEvent: {}
[237.650711] (slam_toolbox) StdoutLine: {'line': b'[  8%] \x1b[32mBuilding C object CMakeFiles/slam_toolbox__rosidl_generator_c.dir/rosidl_generator_c/slam_toolbox/srv/detail/loop_closure__functions.c.o\x1b[0m\n'}
[237.654281] (-) TimerEvent: {}
[237.707126] (slam_toolbox) StdoutLine: {'line': b'[  9%] \x1b[32mBuilding C object CMakeFiles/slam_toolbox__rosidl_generator_c.dir/rosidl_generator_c/slam_toolbox/srv/detail/merge_maps__functions.c.o\x1b[0m\n'}
[237.754476] (-) TimerEvent: {}
[237.856049] (-) TimerEvent: {}
[237.957838] (-) TimerEvent: {}
[238.059510] (-) TimerEvent: {}
[238.161288] (-) TimerEvent: {}
[238.262870] (-) TimerEvent: {}
[238.365329] (-) TimerEvent: {}
[238.466968] (-) TimerEvent: {}
[238.568561] (-) TimerEvent: {}
[238.670455] (-) TimerEvent: {}
[238.773386] (-) TimerEvent: {}
[238.875409] (-) TimerEvent: {}
[238.978427] (-) TimerEvent: {}
[239.081318] (-) TimerEvent: {}
[239.184068] (-) TimerEvent: {}
[239.245891] (slam_toolbox) StdoutLine: {'line': b'[  9%] \x1b[32mBuilding C object CMakeFiles/slam_toolbox__rosidl_generator_c.dir/rosidl_generator_c/slam_toolbox/srv/detail/add_submap__functions.c.o\x1b[0m\n'}
[239.284427] (-) TimerEvent: {}
[239.387083] (-) TimerEvent: {}
[239.489855] (-) TimerEvent: {}
[239.571604] (slam_toolbox) StdoutLine: {'line': b'[ 10%] \x1b[34m\x1b[1mGenerating C++ type support dispatch for ROS interfaces\x1b[0m\n'}
[239.590143] (-) TimerEvent: {}
[239.691696] (-) TimerEvent: {}
[239.793592] (-) TimerEvent: {}
[239.895848] (-) TimerEvent: {}
[239.997388] (-) TimerEvent: {}
[240.098827] (-) TimerEvent: {}
[240.200433] (-) TimerEvent: {}
[240.302144] (-) TimerEvent: {}
[240.404818] (-) TimerEvent: {}
[240.506500] (-) TimerEvent: {}
[240.609382] (-) TimerEvent: {}
[240.711046] (-) TimerEvent: {}
[240.812720] (-) TimerEvent: {}
[240.914339] (-) TimerEvent: {}
[241.016062] (-) TimerEvent: {}
[241.119343] (-) TimerEvent: {}
[241.174904] (slam_toolbox) StdoutLine: {'line': b'[ 11%] \x1b[32mBuilding C object CMakeFiles/slam_toolbox__rosidl_generator_c.dir/rosidl_generator_c/slam_toolbox/srv/detail/deserialize_pose_graph__functions.c.o\x1b[0m\n'}
[241.219587] (-) TimerEvent: {}
[241.320623] (-) TimerEvent: {}
[241.421988] (-) TimerEvent: {}
[241.523382] (-) TimerEvent: {}
[241.624785] (-) TimerEvent: {}
[241.726449] (-) TimerEvent: {}
[241.827951] (-) TimerEvent: {}
[241.929514] (-) TimerEvent: {}
[242.031069] (-) TimerEvent: {}
[242.132511] (-) TimerEvent: {}
[242.234259] (-) TimerEvent: {}
[242.335633] (-) TimerEvent: {}
[242.436986] (-) TimerEvent: {}
[242.538405] (-) TimerEvent: {}
[242.639711] (-) TimerEvent: {}
[242.741184] (-) TimerEvent: {}
[242.842498] (-) TimerEvent: {}
[242.944678] (-) TimerEvent: {}
[243.046060] (-) TimerEvent: {}
[243.057782] (slam_toolbox) StdoutLine: {'line': b'[ 12%] \x1b[32mBuilding C object CMakeFiles/slam_toolbox__rosidl_generator_c.dir/rosidl_generator_c/slam_toolbox/srv/detail/serialize_pose_graph__functions.c.o\x1b[0m\n'}
[243.146394] (-) TimerEvent: {}
[243.249201] (-) TimerEvent: {}
[243.351786] (-) TimerEvent: {}
[243.454471] (-) TimerEvent: {}
[243.558975] (-) TimerEvent: {}
[243.660521] (-) TimerEvent: {}
[243.763980] (-) TimerEvent: {}
[243.867025] (-) TimerEvent: {}
[243.969782] (-) TimerEvent: {}
[244.072297] (-) TimerEvent: {}
[244.175479] (-) TimerEvent: {}
[244.278282] (-) TimerEvent: {}
[244.381875] (-) TimerEvent: {}
[244.484872] (-) TimerEvent: {}
[244.587835] (-) TimerEvent: {}
[244.689690] (-) TimerEvent: {}
[244.794073] (-) TimerEvent: {}
[244.896748] (-) TimerEvent: {}
[244.999193] (-) TimerEvent: {}
[245.073648] (slam_toolbox) StdoutLine: {'line': b'[ 13%] \x1b[32m\x1b[1mLinking C shared library libslam_toolbox__rosidl_generator_c.so\x1b[0m\n'}
[245.101618] (-) TimerEvent: {}
[245.204692] (-) TimerEvent: {}
[245.307191] (-) TimerEvent: {}
[245.408815] (-) TimerEvent: {}
[245.511734] (-) TimerEvent: {}
[245.617275] (-) TimerEvent: {}
[245.718841] (-) TimerEvent: {}
[245.820314] (-) TimerEvent: {}
[245.915043] (slam_toolbox) StdoutLine: {'line': b'[ 13%] Built target slam_toolbox__rosidl_generator_c\n'}
[245.920679] (-) TimerEvent: {}
[246.023283] (-) TimerEvent: {}
[246.084617] (slam_toolbox) StdoutLine: {'line': b'[ 14%] \x1b[34m\x1b[1mGenerating C type support for eProsima Fast-RTPS\x1b[0m\n'}
[246.123619] (-) TimerEvent: {}
[246.225155] (-) TimerEvent: {}
[246.326740] (-) TimerEvent: {}
[246.428382] (-) TimerEvent: {}
[246.529912] (-) TimerEvent: {}
[246.633616] (-) TimerEvent: {}
[246.735549] (-) TimerEvent: {}
[246.836957] (-) TimerEvent: {}
[246.939815] (-) TimerEvent: {}
[247.042642] (-) TimerEvent: {}
[247.088413] (slam_toolbox) StdoutLine: {'line': b'[ 15%] \x1b[32mBuilding CXX object CMakeFiles/slam_toolbox__rosidl_typesupport_introspection_cpp.dir/rosidl_typesupport_introspection_cpp/slam_toolbox/srv/detail/pause__type_support.cpp.o\x1b[0m\n'}
[247.142973] (-) TimerEvent: {}
[247.245761] (-) TimerEvent: {}
[247.348348] (-) TimerEvent: {}
[247.451538] (-) TimerEvent: {}
[247.554318] (-) TimerEvent: {}
[247.657952] (-) TimerEvent: {}
[247.762110] (-) TimerEvent: {}
[247.864942] (-) TimerEvent: {}
[247.968345] (-) TimerEvent: {}
[248.070122] (-) TimerEvent: {}
[248.172553] (-) TimerEvent: {}
[248.275123] (-) TimerEvent: {}
[248.377841] (-) TimerEvent: {}
[248.480439] (-) TimerEvent: {}
[248.583006] (-) TimerEvent: {}
[248.592925] (slam_toolbox) StdoutLine: {'line': b'[ 16%] \x1b[32mBuilding CXX object CMakeFiles/slam_toolbox__rosidl_typesupport_fastrtps_cpp.dir/rosidl_typesupport_fastrtps_cpp/slam_toolbox/srv/detail/dds_fastrtps/pause__type_support.cpp.o\x1b[0m\n'}
[248.681538] (slam_toolbox) StdoutLine: {'line': b'[ 17%] \x1b[32mBuilding CXX object CMakeFiles/slam_toolbox__rosidl_typesupport_cpp.dir/rosidl_typesupport_cpp/slam_toolbox/srv/pause__type_support.cpp.o\x1b[0m\n'}
[248.683231] (-) TimerEvent: {}
[248.784672] (-) TimerEvent: {}
[248.886430] (-) TimerEvent: {}
[248.989109] (-) TimerEvent: {}
[249.092061] (-) TimerEvent: {}
[249.194663] (-) TimerEvent: {}
[249.297678] (-) TimerEvent: {}
[249.400673] (-) TimerEvent: {}
[249.503343] (-) TimerEvent: {}
[249.605909] (-) TimerEvent: {}
[249.708846] (-) TimerEvent: {}
[249.811562] (-) TimerEvent: {}
[249.914429] (-) TimerEvent: {}
[250.017153] (-) TimerEvent: {}
[250.119754] (-) TimerEvent: {}
[250.222335] (-) TimerEvent: {}
[250.325119] (-) TimerEvent: {}
[250.428292] (-) TimerEvent: {}
[250.532144] (-) TimerEvent: {}
[250.633711] (-) TimerEvent: {}
[250.736387] (-) TimerEvent: {}
[250.838028] (-) TimerEvent: {}
[250.939698] (-) TimerEvent: {}
[251.041613] (-) TimerEvent: {}
[251.143561] (-) TimerEvent: {}
[251.259291] (-) TimerEvent: {}
[251.360724] (-) TimerEvent: {}
[251.461578] (-) TimerEvent: {}
[251.562483] (-) TimerEvent: {}
[251.663668] (-) TimerEvent: {}
[251.764987] (-) TimerEvent: {}
[251.865969] (-) TimerEvent: {}
[251.966948] (-) TimerEvent: {}
[252.068054] (-) TimerEvent: {}
[252.168882] (-) TimerEvent: {}
[252.208900] (slam_toolbox) StdoutLine: {'line': b'[ 17%] \x1b[32mBuilding CXX object CMakeFiles/slam_toolbox__rosidl_typesupport_cpp.dir/rosidl_typesupport_cpp/slam_toolbox/srv/clear_queue__type_support.cpp.o\x1b[0m\n'}
[252.269120] (-) TimerEvent: {}
[252.370065] (-) TimerEvent: {}
[252.471756] (-) TimerEvent: {}
[252.573592] (-) TimerEvent: {}
[252.675189] (-) TimerEvent: {}
[252.776747] (-) TimerEvent: {}
[252.850215] (slam_toolbox) StdoutLine: {'line': b'[ 17%] \x1b[32mBuilding CXX object CMakeFiles/slam_toolbox__rosidl_typesupport_introspection_cpp.dir/rosidl_typesupport_introspection_cpp/slam_toolbox/srv/detail/clear_queue__type_support.cpp.o\x1b[0m\n'}
[252.877195] (-) TimerEvent: {}
[252.978864] (-) TimerEvent: {}
[253.080740] (-) TimerEvent: {}
[253.182681] (-) TimerEvent: {}
[253.284281] (-) TimerEvent: {}
[253.385834] (-) TimerEvent: {}
[253.487515] (-) TimerEvent: {}
[253.589147] (-) TimerEvent: {}
[253.690742] (-) TimerEvent: {}
[253.792331] (-) TimerEvent: {}
[253.894131] (-) TimerEvent: {}
[253.995525] (-) TimerEvent: {}
[254.097168] (-) TimerEvent: {}
[254.198801] (-) TimerEvent: {}
[254.300497] (-) TimerEvent: {}
[254.402220] (-) TimerEvent: {}
[254.503886] (-) TimerEvent: {}
[254.605762] (-) TimerEvent: {}
[254.624111] (slam_toolbox) StdoutLine: {'line': b'[ 18%] \x1b[32mBuilding CXX object CMakeFiles/slam_toolbox__rosidl_typesupport_fastrtps_cpp.dir/rosidl_typesupport_fastrtps_cpp/slam_toolbox/srv/detail/dds_fastrtps/clear_queue__type_support.cpp.o\x1b[0m\n'}
[254.706058] (-) TimerEvent: {}
[254.807617] (-) TimerEvent: {}
[254.909259] (-) TimerEvent: {}
[255.010897] (-) TimerEvent: {}
[255.112484] (-) TimerEvent: {}
[255.214162] (-) TimerEvent: {}
[255.316048] (-) TimerEvent: {}
[255.418839] (-) TimerEvent: {}
[255.521689] (-) TimerEvent: {}
[255.624946] (-) TimerEvent: {}
[255.726479] (-) TimerEvent: {}
[255.827597] (-) TimerEvent: {}
[255.929855] (-) TimerEvent: {}
[256.030944] (-) TimerEvent: {}
[256.132125] (-) TimerEvent: {}
[256.178337] (slam_toolbox) StdoutLine: {'line': b'[ 19%] \x1b[32mBuilding CXX object CMakeFiles/slam_toolbox__rosidl_typesupport_cpp.dir/rosidl_typesupport_cpp/slam_toolbox/srv/toggle_interactive__type_support.cpp.o\x1b[0m\n'}
[256.232382] (-) TimerEvent: {}
[256.334106] (-) TimerEvent: {}
[256.435585] (-) TimerEvent: {}
[256.538336] (-) TimerEvent: {}
[256.640035] (-) TimerEvent: {}
[256.741845] (-) TimerEvent: {}
[256.844187] (-) TimerEvent: {}
[256.945177] (-) TimerEvent: {}
[256.947138] (slam_toolbox) StdoutLine: {'line': b'[ 19%] \x1b[32mBuilding CXX object CMakeFiles/slam_toolbox__rosidl_typesupport_fastrtps_c.dir/rosidl_typesupport_fastrtps_c/slam_toolbox/srv/detail/pause__type_support_c.cpp.o\x1b[0m\n'}
[257.045397] (-) TimerEvent: {}
[257.136523] (slam_toolbox) StdoutLine: {'line': b'[ 20%] \x1b[32mBuilding CXX object CMakeFiles/slam_toolbox__rosidl_typesupport_introspection_cpp.dir/rosidl_typesupport_introspection_cpp/slam_toolbox/srv/detail/toggle_interactive__type_support.cpp.o\x1b[0m\n'}
[257.145649] (-) TimerEvent: {}
[257.247566] (-) TimerEvent: {}
[257.349456] (-) TimerEvent: {}
[257.451066] (-) TimerEvent: {}
[257.552680] (-) TimerEvent: {}
[257.654205] (-) TimerEvent: {}
[257.755293] (-) TimerEvent: {}
[257.856616] (-) TimerEvent: {}
[257.959070] (-) TimerEvent: {}
[258.059983] (-) TimerEvent: {}
[258.116991] (slam_toolbox) StdoutLine: {'line': b'[ 21%] \x1b[32mBuilding CXX object CMakeFiles/slam_toolbox__rosidl_typesupport_cpp.dir/rosidl_typesupport_cpp/slam_toolbox/srv/clear__type_support.cpp.o\x1b[0m\n'}
[258.160243] (-) TimerEvent: {}
[258.262006] (-) TimerEvent: {}
[258.285574] (slam_toolbox) StdoutLine: {'line': b'[ 22%] \x1b[32mBuilding CXX object CMakeFiles/slam_toolbox__rosidl_typesupport_fastrtps_cpp.dir/rosidl_typesupport_fastrtps_cpp/slam_toolbox/srv/detail/dds_fastrtps/toggle_interactive__type_support.cpp.o\x1b[0m\n'}
[258.362320] (-) TimerEvent: {}
[258.465464] (-) TimerEvent: {}
[258.571195] (-) TimerEvent: {}
[258.674154] (-) TimerEvent: {}
[258.777105] (-) TimerEvent: {}
[258.881851] (-) TimerEvent: {}
[258.984652] (-) TimerEvent: {}
[259.087747] (-) TimerEvent: {}
[259.190930] (-) TimerEvent: {}
[259.293439] (-) TimerEvent: {}
[259.396033] (-) TimerEvent: {}
[259.499001] (-) TimerEvent: {}
[259.601659] (-) TimerEvent: {}
[259.709286] (-) TimerEvent: {}
[259.812321] (-) TimerEvent: {}
[259.915205] (-) TimerEvent: {}
[260.016873] (-) TimerEvent: {}
[260.118781] (-) TimerEvent: {}
[260.221013] (-) TimerEvent: {}
[260.322938] (-) TimerEvent: {}
[260.426699] (-) TimerEvent: {}
[260.531273] (-) TimerEvent: {}
[260.634225] (-) TimerEvent: {}
[260.735956] (-) TimerEvent: {}
[260.837921] (-) TimerEvent: {}
[260.939730] (-) TimerEvent: {}
[261.041725] (-) TimerEvent: {}
[261.143601] (-) TimerEvent: {}
[261.245552] (-) TimerEvent: {}
[261.347582] (-) TimerEvent: {}
[261.449299] (-) TimerEvent: {}
[261.527545] (slam_toolbox) StdoutLine: {'line': b'[ 23%] \x1b[32mBuilding CXX object CMakeFiles/slam_toolbox__rosidl_typesupport_introspection_cpp.dir/rosidl_typesupport_introspection_cpp/slam_toolbox/srv/detail/clear__type_support.cpp.o\x1b[0m\n'}
[261.549546] (-) TimerEvent: {}
[261.651310] (-) TimerEvent: {}
[261.753228] (-) TimerEvent: {}
[261.855058] (-) TimerEvent: {}
[261.957320] (-) TimerEvent: {}
[262.041647] (slam_toolbox) StdoutLine: {'line': b'[ 24%] \x1b[32mBuilding CXX object CMakeFiles/slam_toolbox__rosidl_typesupport_cpp.dir/rosidl_typesupport_cpp/slam_toolbox/srv/save_map__type_support.cpp.o\x1b[0m\n'}
[262.057521] (-) TimerEvent: {}
[262.158980] (-) TimerEvent: {}
[262.233434] (slam_toolbox) StdoutLine: {'line': b'[ 25%] \x1b[32mBuilding CXX object CMakeFiles/slam_toolbox__rosidl_typesupport_fastrtps_c.dir/rosidl_typesupport_fastrtps_c/slam_toolbox/srv/detail/clear_queue__type_support_c.cpp.o\x1b[0m\n'}
[262.259242] (-) TimerEvent: {}
[262.360958] (-) TimerEvent: {}
[262.463138] (-) TimerEvent: {}
[262.564943] (-) TimerEvent: {}
[262.666994] (-) TimerEvent: {}
[262.768969] (-) TimerEvent: {}
[262.871821] (-) TimerEvent: {}
[262.973458] (-) TimerEvent: {}
[263.074466] (-) TimerEvent: {}
[263.175449] (-) TimerEvent: {}
[263.247142] (slam_toolbox) StdoutLine: {'line': b'[ 25%] \x1b[32mBuilding CXX object CMakeFiles/slam_toolbox__rosidl_typesupport_fastrtps_cpp.dir/rosidl_typesupport_fastrtps_cpp/slam_toolbox/srv/detail/dds_fastrtps/clear__type_support.cpp.o\x1b[0m\n'}
[263.275777] (-) TimerEvent: {}
[263.376826] (-) TimerEvent: {}
[263.478403] (-) TimerEvent: {}
[263.580250] (-) TimerEvent: {}
[263.682087] (-) TimerEvent: {}
[263.783673] (-) TimerEvent: {}
[263.884618] (-) TimerEvent: {}
[263.986248] (-) TimerEvent: {}
[264.066100] (slam_toolbox) StdoutLine: {'line': b'[ 25%] \x1b[32mBuilding CXX object CMakeFiles/slam_toolbox__rosidl_typesupport_cpp.dir/rosidl_typesupport_cpp/slam_toolbox/srv/loop_closure__type_support.cpp.o\x1b[0m\n'}
[264.086492] (-) TimerEvent: {}
[264.188419] (-) TimerEvent: {}
[264.280692] (slam_toolbox) StdoutLine: {'line': b'[ 25%] \x1b[32mBuilding CXX object CMakeFiles/slam_toolbox__rosidl_typesupport_introspection_cpp.dir/rosidl_typesupport_introspection_cpp/slam_toolbox/srv/detail/save_map__type_support.cpp.o\x1b[0m\n'}
[264.288635] (-) TimerEvent: {}
[264.389516] (-) TimerEvent: {}
[264.490415] (-) TimerEvent: {}
[264.591259] (-) TimerEvent: {}
[264.692136] (-) TimerEvent: {}
[264.793089] (-) TimerEvent: {}
[264.894127] (-) TimerEvent: {}
[264.922941] (slam_toolbox) StdoutLine: {'line': b'[ 26%] \x1b[32mBuilding CXX object CMakeFiles/slam_toolbox__rosidl_typesupport_fastrtps_c.dir/rosidl_typesupport_fastrtps_c/slam_toolbox/srv/detail/toggle_interactive__type_support_c.cpp.o\x1b[0m\n'}
[264.994356] (-) TimerEvent: {}
[265.095366] (-) TimerEvent: {}
[265.196371] (-) TimerEvent: {}
[265.298044] (-) TimerEvent: {}
[265.399012] (-) TimerEvent: {}
[265.503336] (-) TimerEvent: {}
[265.604872] (-) TimerEvent: {}
[265.706179] (-) TimerEvent: {}
[265.807230] (-) TimerEvent: {}
[265.908288] (-) TimerEvent: {}
[266.009407] (-) TimerEvent: {}
[266.063233] (slam_toolbox) StdoutLine: {'line': b'[ 27%] \x1b[32mBuilding CXX object CMakeFiles/slam_toolbox__rosidl_typesupport_cpp.dir/rosidl_typesupport_cpp/slam_toolbox/srv/merge_maps__type_support.cpp.o\x1b[0m\n'}
[266.109650] (-) TimerEvent: {}
[266.171175] (slam_toolbox) StdoutLine: {'line': b'[ 28%] \x1b[32mBuilding CXX object CMakeFiles/slam_toolbox__rosidl_typesupport_fastrtps_cpp.dir/rosidl_typesupport_fastrtps_cpp/slam_toolbox/srv/detail/dds_fastrtps/save_map__type_support.cpp.o\x1b[0m\n'}
[266.209947] (-) TimerEvent: {}
[266.311955] (-) TimerEvent: {}
[266.414506] (-) TimerEvent: {}
[266.516239] (-) TimerEvent: {}
[266.618059] (-) TimerEvent: {}
[266.719742] (-) TimerEvent: {}
[266.821522] (-) TimerEvent: {}
[266.924108] (-) TimerEvent: {}
[267.026433] (-) TimerEvent: {}
[267.059896] (slam_toolbox) StdoutLine: {'line': b'[ 29%] \x1b[32mBuilding CXX object CMakeFiles/slam_toolbox__rosidl_typesupport_introspection_cpp.dir/rosidl_typesupport_introspection_cpp/slam_toolbox/srv/detail/loop_closure__type_support.cpp.o\x1b[0m\n'}
[267.126655] (-) TimerEvent: {}
[267.230181] (-) TimerEvent: {}
[267.332020] (-) TimerEvent: {}
[267.433806] (-) TimerEvent: {}
[267.535539] (-) TimerEvent: {}
[267.554944] (slam_toolbox) StdoutLine: {'line': b'[ 29%] \x1b[32mBuilding CXX object CMakeFiles/slam_toolbox__rosidl_typesupport_fastrtps_c.dir/rosidl_typesupport_fastrtps_c/slam_toolbox/srv/detail/clear__type_support_c.cpp.o\x1b[0m\n'}
[267.635807] (-) TimerEvent: {}
[267.737610] (-) TimerEvent: {}
[267.839293] (-) TimerEvent: {}
[267.940831] (-) TimerEvent: {}
[268.042696] (-) TimerEvent: {}
[268.062605] (slam_toolbox) StdoutLine: {'line': b'[ 30%] \x1b[32mBuilding CXX object CMakeFiles/slam_toolbox__rosidl_typesupport_cpp.dir/rosidl_typesupport_cpp/slam_toolbox/srv/add_submap__type_support.cpp.o\x1b[0m\n'}
[268.142967] (-) TimerEvent: {}
[268.244562] (-) TimerEvent: {}
[268.346047] (-) TimerEvent: {}
[268.447774] (-) TimerEvent: {}
[268.549394] (-) TimerEvent: {}
[268.650329] (-) TimerEvent: {}
[268.763373] (-) TimerEvent: {}
[268.865868] (-) TimerEvent: {}
[268.966824] (-) TimerEvent: {}
[269.068006] (-) TimerEvent: {}
[269.130921] (slam_toolbox) StdoutLine: {'line': b'[ 31%] \x1b[32mBuilding CXX object CMakeFiles/slam_toolbox__rosidl_typesupport_fastrtps_cpp.dir/rosidl_typesupport_fastrtps_cpp/slam_toolbox/srv/detail/dds_fastrtps/loop_closure__type_support.cpp.o\x1b[0m\n'}
[269.168294] (-) TimerEvent: {}
[269.269398] (-) TimerEvent: {}
[269.370471] (-) TimerEvent: {}
[269.471431] (-) TimerEvent: {}
[269.572398] (-) TimerEvent: {}
[269.673442] (-) TimerEvent: {}
[269.774526] (-) TimerEvent: {}
[269.875530] (-) TimerEvent: {}
[269.936573] (slam_toolbox) StdoutLine: {'line': b'[ 32%] \x1b[32mBuilding CXX object CMakeFiles/slam_toolbox__rosidl_typesupport_introspection_cpp.dir/rosidl_typesupport_introspection_cpp/slam_toolbox/srv/detail/merge_maps__type_support.cpp.o\x1b[0m\n'}
[269.975768] (-) TimerEvent: {}
[270.077302] (-) TimerEvent: {}
[270.150129] (slam_toolbox) StdoutLine: {'line': b'[ 32%] \x1b[32mBuilding CXX object CMakeFiles/slam_toolbox__rosidl_typesupport_cpp.dir/rosidl_typesupport_cpp/slam_toolbox/srv/deserialize_pose_graph__type_support.cpp.o\x1b[0m\n'}
[270.177507] (-) TimerEvent: {}
[270.187186] (slam_toolbox) StdoutLine: {'line': b'[ 33%] \x1b[32mBuilding CXX object CMakeFiles/slam_toolbox__rosidl_typesupport_fastrtps_c.dir/rosidl_typesupport_fastrtps_c/slam_toolbox/srv/detail/save_map__type_support_c.cpp.o\x1b[0m\n'}
[270.277748] (-) TimerEvent: {}
[270.378729] (-) TimerEvent: {}
[270.479863] (-) TimerEvent: {}
[270.581626] (-) TimerEvent: {}
[270.683275] (-) TimerEvent: {}
[270.784934] (-) TimerEvent: {}
[270.886768] (-) TimerEvent: {}
[270.988362] (-) TimerEvent: {}
[271.090003] (-) TimerEvent: {}
[271.192016] (-) TimerEvent: {}
[271.293845] (-) TimerEvent: {}
[271.395575] (-) TimerEvent: {}
[271.497349] (-) TimerEvent: {}
[271.599075] (-) TimerEvent: {}
[271.700915] (-) TimerEvent: {}
[271.802563] (-) TimerEvent: {}
[271.904816] (-) TimerEvent: {}
[272.014860] (-) TimerEvent: {}
[272.116557] (-) TimerEvent: {}
[272.218432] (-) TimerEvent: {}
[272.320186] (-) TimerEvent: {}
[272.422203] (-) TimerEvent: {}
[272.523966] (-) TimerEvent: {}
[272.626097] (-) TimerEvent: {}
[272.728268] (-) TimerEvent: {}
[272.830082] (-) TimerEvent: {}
[272.932032] (-) TimerEvent: {}
[273.034069] (-) TimerEvent: {}
[273.135925] (-) TimerEvent: {}
[273.237821] (-) TimerEvent: {}
[273.339777] (-) TimerEvent: {}
[273.441684] (-) TimerEvent: {}
[273.543584] (-) TimerEvent: {}
[273.645684] (-) TimerEvent: {}
[273.748902] (-) TimerEvent: {}
[273.850895] (-) TimerEvent: {}
[273.952572] (-) TimerEvent: {}
[273.991249] (slam_toolbox) StdoutLine: {'line': b'[ 33%] \x1b[32mBuilding CXX object CMakeFiles/slam_toolbox__rosidl_typesupport_fastrtps_cpp.dir/rosidl_typesupport_fastrtps_cpp/slam_toolbox/srv/detail/dds_fastrtps/merge_maps__type_support.cpp.o\x1b[0m\n'}
[274.030936] (slam_toolbox) StdoutLine: {'line': b'[ 34%] \x1b[32mBuilding CXX object CMakeFiles/slam_toolbox__rosidl_typesupport_cpp.dir/rosidl_typesupport_cpp/slam_toolbox/srv/serialize_pose_graph__type_support.cpp.o\x1b[0m\n'}
[274.052834] (-) TimerEvent: {}
[274.154180] (-) TimerEvent: {}
[274.255250] (-) TimerEvent: {}
[274.356249] (-) TimerEvent: {}
[274.457745] (-) TimerEvent: {}
[274.559329] (-) TimerEvent: {}
[274.569572] (slam_toolbox) StdoutLine: {'line': b'[ 35%] \x1b[32mBuilding CXX object CMakeFiles/slam_toolbox__rosidl_typesupport_introspection_cpp.dir/rosidl_typesupport_introspection_cpp/slam_toolbox/srv/detail/add_submap__type_support.cpp.o\x1b[0m\n'}
[274.659663] (-) TimerEvent: {}
[274.761309] (-) TimerEvent: {}
[274.862832] (-) TimerEvent: {}
[274.964429] (-) TimerEvent: {}
[275.066169] (-) TimerEvent: {}
[275.169087] (-) TimerEvent: {}
[275.270530] (-) TimerEvent: {}
[275.359478] (slam_toolbox) StdoutLine: {'line': b'[ 36%] \x1b[32mBuilding CXX object CMakeFiles/slam_toolbox__rosidl_typesupport_fastrtps_c.dir/rosidl_typesupport_fastrtps_c/slam_toolbox/srv/detail/loop_closure__type_support_c.cpp.o\x1b[0m\n'}
[275.370881] (-) TimerEvent: {}
[275.474099] (-) TimerEvent: {}
[275.577259] (-) TimerEvent: {}
[275.678888] (-) TimerEvent: {}
[275.780555] (-) TimerEvent: {}
[275.882323] (-) TimerEvent: {}
[275.984032] (-) TimerEvent: {}
[276.088434] (-) TimerEvent: {}
[276.191317] (-) TimerEvent: {}
[276.295189] (-) TimerEvent: {}
[276.400418] (-) TimerEvent: {}
[276.503357] (-) TimerEvent: {}
[276.606464] (-) TimerEvent: {}
[276.709387] (-) TimerEvent: {}
[276.812164] (-) TimerEvent: {}
[276.914983] (-) TimerEvent: {}
[277.018541] (-) TimerEvent: {}
[277.121595] (-) TimerEvent: {}
[277.226959] (-) TimerEvent: {}
[277.332098] (-) TimerEvent: {}
[277.434999] (-) TimerEvent: {}
[277.538104] (-) TimerEvent: {}
[277.641202] (-) TimerEvent: {}
[277.743095] (-) TimerEvent: {}
[277.845193] (-) TimerEvent: {}
[277.850239] (slam_toolbox) StdoutLine: {'line': b'[ 37%] \x1b[32m\x1b[1mLinking CXX shared library libslam_toolbox__rosidl_typesupport_cpp.so\x1b[0m\n'}
[277.945411] (-) TimerEvent: {}
[278.047196] (-) TimerEvent: {}
[278.149206] (-) TimerEvent: {}
[278.191205] (slam_toolbox) StdoutLine: {'line': b'[ 37%] Built target slam_toolbox__rosidl_typesupport_cpp\n'}
[278.249516] (-) TimerEvent: {}
[278.257429] (slam_toolbox) StdoutLine: {'line': b'[ 38%] \x1b[34m\x1b[1mGenerating C introspection for ROS interfaces\x1b[0m\n'}
[278.349743] (-) TimerEvent: {}
[278.450855] (-) TimerEvent: {}
[278.551852] (-) TimerEvent: {}
[278.652805] (-) TimerEvent: {}
[278.754047] (-) TimerEvent: {}
[278.855226] (-) TimerEvent: {}
[278.858093] (slam_toolbox) StdoutLine: {'line': b'[ 39%] \x1b[32mBuilding CXX object CMakeFiles/slam_toolbox__rosidl_typesupport_fastrtps_cpp.dir/rosidl_typesupport_fastrtps_cpp/slam_toolbox/srv/detail/dds_fastrtps/add_submap__type_support.cpp.o\x1b[0m\n'}
[278.955494] (-) TimerEvent: {}
[279.056421] (-) TimerEvent: {}
[279.158058] (-) TimerEvent: {}
[279.259637] (-) TimerEvent: {}
[279.361612] (-) TimerEvent: {}
[279.463080] (-) TimerEvent: {}
[279.564568] (-) TimerEvent: {}
[279.668451] (-) TimerEvent: {}
[279.720500] (slam_toolbox) StdoutLine: {'line': b'[ 39%] \x1b[32mBuilding CXX object CMakeFiles/slam_toolbox__rosidl_typesupport_introspection_cpp.dir/rosidl_typesupport_introspection_cpp/slam_toolbox/srv/detail/deserialize_pose_graph__type_support.cpp.o\x1b[0m\n'}
[279.767589] (slam_toolbox) StdoutLine: {'line': b'[ 39%] \x1b[32mBuilding CXX object CMakeFiles/slam_toolbox__rosidl_typesupport_fastrtps_c.dir/rosidl_typesupport_fastrtps_c/slam_toolbox/srv/detail/merge_maps__type_support_c.cpp.o\x1b[0m\n'}
[279.768829] (-) TimerEvent: {}
[279.871394] (-) TimerEvent: {}
[279.974117] (-) TimerEvent: {}
[280.076824] (-) TimerEvent: {}
[280.179529] (-) TimerEvent: {}
[280.282087] (-) TimerEvent: {}
[280.383734] (-) TimerEvent: {}
[280.485568] (-) TimerEvent: {}
[280.587120] (-) TimerEvent: {}
[280.688700] (-) TimerEvent: {}
[280.790287] (-) TimerEvent: {}
[280.891881] (-) TimerEvent: {}
[280.993626] (-) TimerEvent: {}
[281.095226] (-) TimerEvent: {}
[281.196964] (-) TimerEvent: {}
[281.298630] (-) TimerEvent: {}
[281.400279] (-) TimerEvent: {}
[281.501976] (-) TimerEvent: {}
[281.605317] (-) TimerEvent: {}
[281.708403] (-) TimerEvent: {}
[281.811405] (-) TimerEvent: {}
[281.915074] (-) TimerEvent: {}
[282.036598] (-) TimerEvent: {}
[282.140064] (-) TimerEvent: {}
[282.243019] (-) TimerEvent: {}
[282.346283] (-) TimerEvent: {}
[282.449264] (-) TimerEvent: {}
[282.551161] (-) TimerEvent: {}
[282.652878] (-) TimerEvent: {}
[282.753913] (-) TimerEvent: {}
[282.855141] (-) TimerEvent: {}
[282.956639] (-) TimerEvent: {}
[283.059361] (-) TimerEvent: {}
[283.161352] (-) TimerEvent: {}
[283.263510] (-) TimerEvent: {}
[283.366043] (-) TimerEvent: {}
[283.468904] (-) TimerEvent: {}
[283.570752] (-) TimerEvent: {}
[283.671910] (-) TimerEvent: {}
[283.774057] (-) TimerEvent: {}
[283.785421] (slam_toolbox) StdoutLine: {'line': b'[ 40%] \x1b[32mBuilding CXX object CMakeFiles/slam_toolbox__rosidl_typesupport_fastrtps_cpp.dir/rosidl_typesupport_fastrtps_cpp/slam_toolbox/srv/detail/dds_fastrtps/deserialize_pose_graph__type_support.cpp.o\x1b[0m\n'}
[283.874334] (-) TimerEvent: {}
[283.976074] (-) TimerEvent: {}
[284.035441] (slam_toolbox) StdoutLine: {'line': b'[ 41%] \x1b[32mBuilding CXX object CMakeFiles/slam_toolbox__rosidl_typesupport_fastrtps_c.dir/rosidl_typesupport_fastrtps_c/slam_toolbox/srv/detail/add_submap__type_support_c.cpp.o\x1b[0m\n'}
[284.076356] (-) TimerEvent: {}
[284.178033] (-) TimerEvent: {}
[284.279493] (-) TimerEvent: {}
[284.380921] (-) TimerEvent: {}
[284.482373] (-) TimerEvent: {}
[284.584102] (-) TimerEvent: {}
[284.685584] (-) TimerEvent: {}
[284.687372] (slam_toolbox) StdoutLine: {'line': b'[ 42%] \x1b[32mBuilding CXX object CMakeFiles/slam_toolbox__rosidl_typesupport_introspection_cpp.dir/rosidl_typesupport_introspection_cpp/slam_toolbox/srv/detail/serialize_pose_graph__type_support.cpp.o\x1b[0m\n'}
[284.785891] (-) TimerEvent: {}
[284.887476] (-) TimerEvent: {}
[284.988950] (-) TimerEvent: {}
[285.090709] (-) TimerEvent: {}
[285.193380] (-) TimerEvent: {}
[285.294918] (-) TimerEvent: {}
[285.396522] (-) TimerEvent: {}
[285.498297] (-) TimerEvent: {}
[285.599810] (-) TimerEvent: {}
[285.701244] (-) TimerEvent: {}
[285.802841] (-) TimerEvent: {}
[285.904352] (-) TimerEvent: {}
[286.005922] (-) TimerEvent: {}
[286.107773] (-) TimerEvent: {}
[286.209466] (-) TimerEvent: {}
[286.311125] (-) TimerEvent: {}
[286.412823] (-) TimerEvent: {}
[286.514600] (-) TimerEvent: {}
[286.616288] (-) TimerEvent: {}
[286.718062] (-) TimerEvent: {}
[286.820139] (-) TimerEvent: {}
[286.922213] (-) TimerEvent: {}
[287.024262] (-) TimerEvent: {}
[287.126332] (-) TimerEvent: {}
[287.228788] (-) TimerEvent: {}
[287.330795] (-) TimerEvent: {}
[287.432542] (-) TimerEvent: {}
[287.533569] (-) TimerEvent: {}
[287.634528] (-) TimerEvent: {}
[287.735540] (-) TimerEvent: {}
[287.747700] (slam_toolbox) StdoutLine: {'line': b'[ 43%] \x1b[32mBuilding C object CMakeFiles/slam_toolbox__rosidl_typesupport_introspection_c.dir/rosidl_typesupport_introspection_c/slam_toolbox/srv/detail/pause__type_support.c.o\x1b[0m\n'}
[287.835805] (-) TimerEvent: {}
[287.938422] (-) TimerEvent: {}
[288.040528] (-) TimerEvent: {}
[288.137435] (slam_toolbox) StdoutLine: {'line': b'[ 43%] \x1b[32mBuilding C object CMakeFiles/slam_toolbox__rosidl_typesupport_introspection_c.dir/rosidl_typesupport_introspection_c/slam_toolbox/srv/detail/clear_queue__type_support.c.o\x1b[0m\n'}
[288.140882] (-) TimerEvent: {}
[288.243297] (-) TimerEvent: {}
[288.344303] (-) TimerEvent: {}
[288.445419] (-) TimerEvent: {}
[288.511349] (slam_toolbox) StdoutLine: {'line': b'[ 44%] \x1b[32mBuilding C object CMakeFiles/slam_toolbox__rosidl_typesupport_introspection_c.dir/rosidl_typesupport_introspection_c/slam_toolbox/srv/detail/toggle_interactive__type_support.c.o\x1b[0m\n'}
[288.548012] (-) TimerEvent: {}
[288.649173] (-) TimerEvent: {}
[288.751042] (-) TimerEvent: {}
[288.779969] (slam_toolbox) StdoutLine: {'line': b'[ 45%] \x1b[32mBuilding CXX object CMakeFiles/slam_toolbox__rosidl_typesupport_fastrtps_c.dir/rosidl_typesupport_fastrtps_c/slam_toolbox/srv/detail/deserialize_pose_graph__type_support_c.cpp.o\x1b[0m\n'}
[288.851375] (-) TimerEvent: {}
[288.936279] (slam_toolbox) StdoutLine: {'line': b'[ 46%] \x1b[32mBuilding CXX object CMakeFiles/slam_toolbox__rosidl_typesupport_fastrtps_cpp.dir/rosidl_typesupport_fastrtps_cpp/slam_toolbox/srv/detail/dds_fastrtps/serialize_pose_graph__type_support.cpp.o\x1b[0m\n'}
[288.951767] (-) TimerEvent: {}
[289.053400] (-) TimerEvent: {}
[289.154956] (-) TimerEvent: {}
[289.178440] (slam_toolbox) StdoutLine: {'line': b'[ 47%] \x1b[32mBuilding C object CMakeFiles/slam_toolbox__rosidl_typesupport_introspection_c.dir/rosidl_typesupport_introspection_c/slam_toolbox/srv/detail/clear__type_support.c.o\x1b[0m\n'}
[289.255334] (-) TimerEvent: {}
[289.357084] (-) TimerEvent: {}
[289.459898] (-) TimerEvent: {}
[289.561549] (-) TimerEvent: {}
[289.663125] (-) TimerEvent: {}
[289.765859] (-) TimerEvent: {}
[289.868851] (-) TimerEvent: {}
[289.896552] (slam_toolbox) StdoutLine: {'line': b'[ 48%] \x1b[32m\x1b[1mLinking CXX shared library libslam_toolbox__rosidl_typesupport_introspection_cpp.so\x1b[0m\n'}
[289.969300] (-) TimerEvent: {}
[290.013946] (slam_toolbox) StdoutLine: {'line': b'[ 49%] \x1b[32mBuilding C object CMakeFiles/slam_toolbox__rosidl_typesupport_introspection_c.dir/rosidl_typesupport_introspection_c/slam_toolbox/srv/detail/save_map__type_support.c.o\x1b[0m\n'}
[290.069599] (-) TimerEvent: {}
[290.172022] (-) TimerEvent: {}
[290.274817] (-) TimerEvent: {}
[290.376423] (-) TimerEvent: {}
[290.480356] (-) TimerEvent: {}
[290.583233] (-) TimerEvent: {}
[290.685347] (-) TimerEvent: {}
[290.787097] (-) TimerEvent: {}
[290.851368] (slam_toolbox) StdoutLine: {'line': b'[ 49%] Built target slam_toolbox__rosidl_typesupport_introspection_cpp\n'}
[290.887414] (-) TimerEvent: {}
[290.990223] (-) TimerEvent: {}
[291.008097] (slam_toolbox) StdoutLine: {'line': b'[ 49%] \x1b[32mBuilding C object CMakeFiles/slam_toolbox__rosidl_typesupport_introspection_c.dir/rosidl_typesupport_introspection_c/slam_toolbox/srv/detail/loop_closure__type_support.c.o\x1b[0m\n'}
[291.016363] (slam_toolbox) StdoutLine: {'line': b'[ 50%] \x1b[34m\x1b[1mGenerating C type support dispatch for ROS interfaces\x1b[0m\n'}
[291.090538] (-) TimerEvent: {}
[291.193601] (-) TimerEvent: {}
[291.296363] (-) TimerEvent: {}
[291.398970] (-) TimerEvent: {}
[291.501670] (-) TimerEvent: {}
[291.604660] (-) TimerEvent: {}
[291.707695] (-) TimerEvent: {}
[291.810868] (-) TimerEvent: {}
[291.913685] (-) TimerEvent: {}
[292.016764] (-) TimerEvent: {}
[292.023150] (slam_toolbox) StdoutLine: {'line': b'[ 51%] \x1b[32mBuilding C object CMakeFiles/slam_toolbox__rosidl_typesupport_introspection_c.dir/rosidl_typesupport_introspection_c/slam_toolbox/srv/detail/merge_maps__type_support.c.o\x1b[0m\n'}
[292.117003] (-) TimerEvent: {}
[292.218238] (-) TimerEvent: {}
[292.319961] (-) TimerEvent: {}
[292.383225] (slam_toolbox) StdoutLine: {'line': b'[ 52%] \x1b[32mBuilding C object CMakeFiles/slam_toolbox__rosidl_typesupport_introspection_c.dir/rosidl_typesupport_introspection_c/slam_toolbox/srv/detail/add_submap__type_support.c.o\x1b[0m\n'}
[292.420245] (-) TimerEvent: {}
[292.522130] (-) TimerEvent: {}
[292.624177] (-) TimerEvent: {}
[292.726240] (-) TimerEvent: {}
[292.805227] (slam_toolbox) StdoutLine: {'line': b'[ 52%] \x1b[32mBuilding C object CMakeFiles/slam_toolbox__rosidl_typesupport_introspection_c.dir/rosidl_typesupport_introspection_c/slam_toolbox/srv/detail/deserialize_pose_graph__type_support.c.o\x1b[0m\n'}
[292.826499] (-) TimerEvent: {}
[292.928574] (-) TimerEvent: {}
[293.030254] (-) TimerEvent: {}
[293.132054] (-) TimerEvent: {}
[293.197944] (slam_toolbox) StdoutLine: {'line': b'[ 53%] \x1b[32mBuilding C object CMakeFiles/slam_toolbox__rosidl_typesupport_introspection_c.dir/rosidl_typesupport_introspection_c/slam_toolbox/srv/detail/serialize_pose_graph__type_support.c.o\x1b[0m\n'}
[293.232347] (-) TimerEvent: {}
[293.334181] (-) TimerEvent: {}
[293.435694] (-) TimerEvent: {}
[293.510239] (slam_toolbox) StdoutLine: {'line': b'[ 54%] \x1b[32mBuilding CXX object CMakeFiles/slam_toolbox__rosidl_typesupport_fastrtps_c.dir/rosidl_typesupport_fastrtps_c/slam_toolbox/srv/detail/serialize_pose_graph__type_support_c.cpp.o\x1b[0m\n'}
[293.535986] (-) TimerEvent: {}
[293.543384] (slam_toolbox) StdoutLine: {'line': b'[ 55%] \x1b[32m\x1b[1mLinking C shared library libslam_toolbox__rosidl_typesupport_introspection_c.so\x1b[0m\n'}
[293.636206] (-) TimerEvent: {}
[293.737954] (-) TimerEvent: {}
[293.839413] (-) TimerEvent: {}
[293.942116] (-) TimerEvent: {}
[294.044719] (-) TimerEvent: {}
[294.054538] (slam_toolbox) StdoutLine: {'line': b'[ 55%] \x1b[32m\x1b[1mLinking CXX shared library libslam_toolbox__rosidl_typesupport_fastrtps_cpp.so\x1b[0m\n'}
[294.134210] (slam_toolbox) StdoutLine: {'line': b'[ 55%] Built target slam_toolbox__rosidl_typesupport_introspection_c\n'}
[294.145339] (-) TimerEvent: {}
[294.248270] (-) TimerEvent: {}
[294.350884] (-) TimerEvent: {}
[294.374146] (slam_toolbox) StdoutLine: {'line': b'[ 55%] \x1b[34m\x1b[1mGenerating rviz_plugin/moc_slam_toolbox_rviz_plugin.cpp\x1b[0m\n'}
[294.451259] (-) TimerEvent: {}
[294.553826] (-) TimerEvent: {}
[294.657792] (-) TimerEvent: {}
[294.743991] (slam_toolbox) StdoutLine: {'line': b'[ 56%] \x1b[32mBuilding CXX object CMakeFiles/SlamToolboxPlugin.dir/rviz_plugin/slam_toolbox_rviz_plugin.cpp.o\x1b[0m\n'}
[294.758096] (-) TimerEvent: {}
[294.860786] (-) TimerEvent: {}
[294.964982] (-) TimerEvent: {}
[295.067424] (-) TimerEvent: {}
[295.140789] (slam_toolbox) StdoutLine: {'line': b'[ 56%] Built target slam_toolbox__rosidl_typesupport_fastrtps_cpp\n'}
[295.167712] (-) TimerEvent: {}
[295.247646] (slam_toolbox) StdoutLine: {'line': b'[ 57%] \x1b[32mBuilding CXX object CMakeFiles/SlamToolboxPlugin.dir/rviz_plugin/moc_slam_toolbox_rviz_plugin.cpp.o\x1b[0m\n'}
[295.268044] (-) TimerEvent: {}
[295.370671] (-) TimerEvent: {}
[295.475219] (-) TimerEvent: {}
[295.576721] (-) TimerEvent: {}
[295.679194] (-) TimerEvent: {}
[295.780730] (-) TimerEvent: {}
[295.883286] (-) TimerEvent: {}
[295.986688] (-) TimerEvent: {}
[296.090691] (-) TimerEvent: {}
[296.193677] (-) TimerEvent: {}
[296.296478] (-) TimerEvent: {}
[296.399559] (-) TimerEvent: {}
[296.502317] (-) TimerEvent: {}
[296.604917] (-) TimerEvent: {}
[296.709491] (-) TimerEvent: {}
[296.812006] (-) TimerEvent: {}
[296.914877] (-) TimerEvent: {}
[297.019660] (-) TimerEvent: {}
[297.120454] (-) TimerEvent: {}
[297.221534] (-) TimerEvent: {}
[297.322951] (-) TimerEvent: {}
[297.424508] (-) TimerEvent: {}
[297.526150] (-) TimerEvent: {}
[297.627835] (-) TimerEvent: {}
[297.741609] (-) TimerEvent: {}
[297.844295] (-) TimerEvent: {}
[297.916967] (slam_toolbox) StdoutLine: {'line': b'[ 58%] \x1b[32mBuilding CXX object CMakeFiles/slam_toolbox__rosidl_typesupport_c.dir/rosidl_typesupport_c/slam_toolbox/srv/pause__type_support.cpp.o\x1b[0m\n'}
[297.944645] (-) TimerEvent: {}
[298.047184] (-) TimerEvent: {}
[298.149718] (-) TimerEvent: {}
[298.252737] (-) TimerEvent: {}
[298.355399] (-) TimerEvent: {}
[298.458344] (-) TimerEvent: {}
[298.530594] (slam_toolbox) StdoutLine: {'line': b'[ 59%] \x1b[32mBuilding CXX object CMakeFiles/slam_toolbox__rosidl_typesupport_c.dir/rosidl_typesupport_c/slam_toolbox/srv/clear_queue__type_support.cpp.o\x1b[0m\n'}
[298.558657] (-) TimerEvent: {}
[298.660220] (-) TimerEvent: {}
[298.761890] (-) TimerEvent: {}
[298.863500] (-) TimerEvent: {}
[298.964920] (-) TimerEvent: {}
[299.066583] (-) TimerEvent: {}
[299.160735] (slam_toolbox) StdoutLine: {'line': b'[ 59%] \x1b[32m\x1b[1mLinking CXX shared library libslam_toolbox__rosidl_typesupport_fastrtps_c.so\x1b[0m\n'}
[299.166902] (-) TimerEvent: {}
[299.270193] (-) TimerEvent: {}
[299.272867] (slam_toolbox) StdoutLine: {'line': b'[ 59%] \x1b[32mBuilding CXX object CMakeFiles/slam_toolbox__rosidl_typesupport_c.dir/rosidl_typesupport_c/slam_toolbox/srv/toggle_interactive__type_support.cpp.o\x1b[0m\n'}
[299.370595] (-) TimerEvent: {}
[299.473705] (-) TimerEvent: {}
[299.575088] (-) TimerEvent: {}
[299.676703] (-) TimerEvent: {}
[299.778855] (-) TimerEvent: {}
[299.880417] (-) TimerEvent: {}
[299.967646] (slam_toolbox) StdoutLine: {'line': b'[ 60%] \x1b[32mBuilding CXX object CMakeFiles/slam_toolbox__rosidl_typesupport_c.dir/rosidl_typesupport_c/slam_toolbox/srv/clear__type_support.cpp.o\x1b[0m\n'}
[299.980733] (-) TimerEvent: {}
[300.083465] (-) TimerEvent: {}
[300.094251] (slam_toolbox) StdoutLine: {'line': b'[ 60%] Built target slam_toolbox__rosidl_typesupport_fastrtps_c\n'}
[300.183828] (-) TimerEvent: {}
[300.204649] (slam_toolbox) StdoutLine: {'line': b'[ 61%] \x1b[32mBuilding CXX object CMakeFiles/slam_toolbox__rosidl_typesupport_c.dir/rosidl_typesupport_c/slam_toolbox/srv/save_map__type_support.cpp.o\x1b[0m\n'}
[300.284194] (-) TimerEvent: {}
[300.389099] (-) TimerEvent: {}
[300.491836] (slam_toolbox) StdoutLine: {'line': b'[ 61%] \x1b[32mBuilding CXX object CMakeFiles/slam_toolbox__rosidl_typesupport_c.dir/rosidl_typesupport_c/slam_toolbox/srv/loop_closure__type_support.cpp.o\x1b[0m\n'}
[300.492424] (-) TimerEvent: {}
[300.593664] (-) TimerEvent: {}
[300.609888] (slam_toolbox) StdoutLine: {'line': b'[ 62%] \x1b[32mBuilding CXX object CMakeFiles/slam_toolbox__rosidl_typesupport_c.dir/rosidl_typesupport_c/slam_toolbox/srv/merge_maps__type_support.cpp.o\x1b[0m\n'}
[300.693822] (-) TimerEvent: {}
[300.731926] (slam_toolbox) StdoutLine: {'line': b'[ 63%] \x1b[32mBuilding CXX object CMakeFiles/slam_toolbox__rosidl_typesupport_c.dir/rosidl_typesupport_c/slam_toolbox/srv/add_submap__type_support.cpp.o\x1b[0m\n'}
[300.794218] (-) TimerEvent: {}
[300.895580] (-) TimerEvent: {}
[300.997359] (-) TimerEvent: {}
[301.037826] (slam_toolbox) StdoutLine: {'line': b'[ 63%] \x1b[32mBuilding CXX object CMakeFiles/slam_toolbox__rosidl_typesupport_c.dir/rosidl_typesupport_c/slam_toolbox/srv/deserialize_pose_graph__type_support.cpp.o\x1b[0m\n'}
[301.097645] (-) TimerEvent: {}
[301.199237] (-) TimerEvent: {}
[301.302227] (-) TimerEvent: {}
[301.404670] (-) TimerEvent: {}
[301.490148] (slam_toolbox) StdoutLine: {'line': b'[ 64%] \x1b[32mBuilding CXX object CMakeFiles/ceres_solver_plugin.dir/solvers/ceres_solver.cpp.o\x1b[0m\n'}
[301.504983] (-) TimerEvent: {}
[301.607617] (-) TimerEvent: {}
[301.633641] (slam_toolbox) StdoutLine: {'line': b'[ 65%] \x1b[32mBuilding CXX object CMakeFiles/slam_toolbox__rosidl_typesupport_c.dir/rosidl_typesupport_c/slam_toolbox/srv/serialize_pose_graph__type_support.cpp.o\x1b[0m\n'}
[301.707948] (-) TimerEvent: {}
[301.809943] (-) TimerEvent: {}
[301.912451] (-) TimerEvent: {}
[302.014739] (-) TimerEvent: {}
[302.119137] (-) TimerEvent: {}
[302.213986] (slam_toolbox) StdoutLine: {'line': b'[ 66%] \x1b[32m\x1b[1mLinking CXX shared library libslam_toolbox__rosidl_typesupport_c.so\x1b[0m\n'}
[302.219429] (-) TimerEvent: {}
[302.320781] (-) TimerEvent: {}
[302.422131] (-) TimerEvent: {}
[302.523373] (-) TimerEvent: {}
[302.624595] (-) TimerEvent: {}
[302.725907] (-) TimerEvent: {}
[302.827541] (-) TimerEvent: {}
[302.929279] (-) TimerEvent: {}
[303.031082] (-) TimerEvent: {}
[303.101898] (slam_toolbox) StdoutLine: {'line': b'[ 66%] Built target slam_toolbox__rosidl_typesupport_c\n'}
[303.131433] (-) TimerEvent: {}
[303.232889] (-) TimerEvent: {}
[303.334248] (-) TimerEvent: {}
[303.336216] (slam_toolbox) StdoutLine: {'line': b'[ 67%] \x1b[32mBuilding CXX object CMakeFiles/toolbox_common.dir/src/slam_toolbox_common.cpp.o\x1b[0m\n'}
[303.434561] (-) TimerEvent: {}
[303.536901] (-) TimerEvent: {}
[303.639350] (-) TimerEvent: {}
[303.740796] (-) TimerEvent: {}
[303.843125] (-) TimerEvent: {}
[303.944841] (-) TimerEvent: {}
[304.046124] (-) TimerEvent: {}
[304.147660] (-) TimerEvent: {}
[304.250948] (-) TimerEvent: {}
[304.353675] (-) TimerEvent: {}
[304.456210] (-) TimerEvent: {}
[304.558761] (-) TimerEvent: {}
[304.661407] (-) TimerEvent: {}
[304.763641] (-) TimerEvent: {}
[304.865881] (-) TimerEvent: {}
[304.968145] (-) TimerEvent: {}
[305.069904] (-) TimerEvent: {}
[305.171273] (-) TimerEvent: {}
[305.272592] (-) TimerEvent: {}
[305.374017] (-) TimerEvent: {}
[305.475262] (-) TimerEvent: {}
[305.576661] (-) TimerEvent: {}
[305.678101] (-) TimerEvent: {}
[305.779349] (-) TimerEvent: {}
[305.880680] (-) TimerEvent: {}
[305.982016] (-) TimerEvent: {}
[306.083402] (-) TimerEvent: {}
[306.184872] (-) TimerEvent: {}
[306.286216] (-) TimerEvent: {}
[306.387515] (-) TimerEvent: {}
[306.488862] (-) TimerEvent: {}
[306.590256] (-) TimerEvent: {}
[306.691798] (-) TimerEvent: {}
[306.793645] (-) TimerEvent: {}
[306.895047] (-) TimerEvent: {}
[306.996604] (-) TimerEvent: {}
[307.098137] (-) TimerEvent: {}
[307.200474] (-) TimerEvent: {}
[307.303439] (-) TimerEvent: {}
[307.406076] (-) TimerEvent: {}
[307.508320] (-) TimerEvent: {}
[307.609687] (-) TimerEvent: {}
[307.712085] (-) TimerEvent: {}
[307.815185] (-) TimerEvent: {}
[307.917728] (-) TimerEvent: {}
[308.020026] (-) TimerEvent: {}
[308.121464] (-) TimerEvent: {}
[308.222858] (-) TimerEvent: {}
[308.324314] (-) TimerEvent: {}
[308.425690] (-) TimerEvent: {}
[308.526990] (-) TimerEvent: {}
[308.628614] (-) TimerEvent: {}
[308.730187] (-) TimerEvent: {}
[308.832649] (-) TimerEvent: {}
[308.936747] (-) TimerEvent: {}
[309.039858] (-) TimerEvent: {}
[309.141307] (-) TimerEvent: {}
[309.243107] (-) TimerEvent: {}
[309.345007] (-) TimerEvent: {}
[309.446766] (-) TimerEvent: {}
[309.548314] (-) TimerEvent: {}
[309.649843] (-) TimerEvent: {}
[309.751256] (-) TimerEvent: {}
[309.852919] (-) TimerEvent: {}
[309.954974] (-) TimerEvent: {}
[310.057243] (-) TimerEvent: {}
[310.158549] (-) TimerEvent: {}
[310.259943] (-) TimerEvent: {}
[310.361469] (-) TimerEvent: {}
[310.462769] (-) TimerEvent: {}
[310.564356] (-) TimerEvent: {}
[310.665927] (-) TimerEvent: {}
[310.767435] (-) TimerEvent: {}
[310.869542] (-) TimerEvent: {}
[310.971096] (-) TimerEvent: {}
[311.073216] (-) TimerEvent: {}
[311.175878] (-) TimerEvent: {}
[311.277376] (-) TimerEvent: {}
[311.378865] (-) TimerEvent: {}
[311.480424] (-) TimerEvent: {}
[311.582059] (-) TimerEvent: {}
[311.683644] (-) TimerEvent: {}
[311.785442] (-) TimerEvent: {}
[311.887223] (-) TimerEvent: {}
[311.988956] (-) TimerEvent: {}
[312.090800] (-) TimerEvent: {}
[312.192770] (-) TimerEvent: {}
[312.294299] (-) TimerEvent: {}
[312.396031] (-) TimerEvent: {}
[312.498216] (-) TimerEvent: {}
[312.599839] (-) TimerEvent: {}
[312.701497] (-) TimerEvent: {}
[312.803090] (-) TimerEvent: {}
[312.905088] (-) TimerEvent: {}
[313.006549] (-) TimerEvent: {}
[313.108187] (-) TimerEvent: {}
[313.209800] (-) TimerEvent: {}
[313.311425] (-) TimerEvent: {}
[313.413144] (-) TimerEvent: {}
[313.515045] (-) TimerEvent: {}
[313.617455] (-) TimerEvent: {}
[313.719017] (-) TimerEvent: {}
[313.820896] (-) TimerEvent: {}
[313.922803] (-) TimerEvent: {}
[314.024913] (-) TimerEvent: {}
[314.126748] (-) TimerEvent: {}
[314.229736] (-) TimerEvent: {}
[314.334257] (-) TimerEvent: {}
[314.435991] (-) TimerEvent: {}
[314.537220] (-) TimerEvent: {}
[314.638407] (-) TimerEvent: {}
[314.739294] (-) TimerEvent: {}
[314.842409] (-) TimerEvent: {}
[314.945366] (-) TimerEvent: {}
[315.048591] (-) TimerEvent: {}
[315.151302] (-) TimerEvent: {}
[315.254993] (-) TimerEvent: {}
[315.358493] (-) TimerEvent: {}
[315.460250] (-) TimerEvent: {}
[315.561765] (-) TimerEvent: {}
[315.663361] (-) TimerEvent: {}
[315.764925] (-) TimerEvent: {}
[315.866520] (-) TimerEvent: {}
[315.968459] (-) TimerEvent: {}
[316.072438] (-) TimerEvent: {}
[316.174042] (-) TimerEvent: {}
[316.275647] (-) TimerEvent: {}
[316.377279] (-) TimerEvent: {}
[316.478967] (-) TimerEvent: {}
[316.583074] (-) TimerEvent: {}
[316.685860] (-) TimerEvent: {}
[316.788496] (-) TimerEvent: {}
[316.891016] (-) TimerEvent: {}
[316.993499] (-) TimerEvent: {}
[317.096723] (-) TimerEvent: {}
[317.206874] (-) TimerEvent: {}
[317.309475] (-) TimerEvent: {}
[317.411937] (-) TimerEvent: {}
[317.514500] (-) TimerEvent: {}
[317.616987] (-) TimerEvent: {}
[317.719661] (-) TimerEvent: {}
[317.822240] (-) TimerEvent: {}
[317.924701] (-) TimerEvent: {}
[318.027265] (-) TimerEvent: {}
[318.130362] (-) TimerEvent: {}
[318.232863] (-) TimerEvent: {}
[318.334246] (-) TimerEvent: {}
[318.435002] (-) TimerEvent: {}
[318.535914] (-) TimerEvent: {}
[318.636819] (-) TimerEvent: {}
[318.737801] (-) TimerEvent: {}
[318.838625] (-) TimerEvent: {}
[318.941056] (-) TimerEvent: {}
[319.043165] (-) TimerEvent: {}
[319.144601] (-) TimerEvent: {}
[319.245930] (-) TimerEvent: {}
[319.347455] (-) TimerEvent: {}
[319.448265] (-) TimerEvent: {}
[319.549136] (-) TimerEvent: {}
[319.649893] (-) TimerEvent: {}
[319.751083] (-) TimerEvent: {}
[319.853125] (-) TimerEvent: {}
[319.955100] (-) TimerEvent: {}
[320.056900] (-) TimerEvent: {}
[320.159700] (-) TimerEvent: {}
[320.262805] (-) TimerEvent: {}
[320.364499] (-) TimerEvent: {}
[320.466218] (-) TimerEvent: {}
[320.567756] (-) TimerEvent: {}
[320.670688] (-) TimerEvent: {}
[320.773759] (-) TimerEvent: {}
[320.875422] (-) TimerEvent: {}
[320.977133] (-) TimerEvent: {}
[321.078820] (-) TimerEvent: {}
[321.180607] (-) TimerEvent: {}
[321.282343] (-) TimerEvent: {}
[321.383999] (-) TimerEvent: {}
[321.485793] (-) TimerEvent: {}
[321.587801] (-) TimerEvent: {}
[321.689503] (-) TimerEvent: {}
[321.791349] (-) TimerEvent: {}
[321.893137] (-) TimerEvent: {}
[321.994997] (-) TimerEvent: {}
[322.096830] (-) TimerEvent: {}
[322.198498] (-) TimerEvent: {}
[322.304851] (-) TimerEvent: {}
[322.407013] (-) TimerEvent: {}
[322.508956] (-) TimerEvent: {}
[322.611684] (-) TimerEvent: {}
[322.713695] (-) TimerEvent: {}
[322.815389] (-) TimerEvent: {}
[322.917287] (-) TimerEvent: {}
[323.019458] (-) TimerEvent: {}
[323.120492] (-) TimerEvent: {}
[323.222136] (-) TimerEvent: {}
[323.323246] (-) TimerEvent: {}
[323.424506] (-) TimerEvent: {}
[323.525455] (-) TimerEvent: {}
[323.626650] (-) TimerEvent: {}
[323.727872] (-) TimerEvent: {}
[323.828890] (-) TimerEvent: {}
[323.930035] (-) TimerEvent: {}
[324.032520] (-) TimerEvent: {}
[324.134353] (-) TimerEvent: {}
[324.236017] (-) TimerEvent: {}
[324.338142] (-) TimerEvent: {}
[324.439720] (-) TimerEvent: {}
[324.540614] (-) TimerEvent: {}
[324.641668] (-) TimerEvent: {}
[324.743154] (-) TimerEvent: {}
[324.844583] (-) TimerEvent: {}
[324.945866] (-) TimerEvent: {}
[325.047091] (-) TimerEvent: {}
[325.148373] (-) TimerEvent: {}
[325.249511] (-) TimerEvent: {}
[325.350745] (-) TimerEvent: {}
[325.451921] (-) TimerEvent: {}
[325.552892] (-) TimerEvent: {}
[325.654094] (-) TimerEvent: {}
[325.755442] (-) TimerEvent: {}
[325.857538] (-) TimerEvent: {}
[325.958640] (-) TimerEvent: {}
[326.060707] (-) TimerEvent: {}
[326.162757] (-) TimerEvent: {}
[326.264553] (-) TimerEvent: {}
[326.366609] (-) TimerEvent: {}
[326.468452] (-) TimerEvent: {}
[326.570317] (-) TimerEvent: {}
[326.671840] (-) TimerEvent: {}
[326.773441] (-) TimerEvent: {}
[326.875068] (-) TimerEvent: {}
[326.977291] (-) TimerEvent: {}
[327.079762] (-) TimerEvent: {}
[327.182146] (-) TimerEvent: {}
[327.284610] (-) TimerEvent: {}
[327.386243] (-) TimerEvent: {}
[327.487937] (-) TimerEvent: {}
[327.589972] (-) TimerEvent: {}
[327.691820] (-) TimerEvent: {}
[327.794398] (-) TimerEvent: {}
[327.896643] (-) TimerEvent: {}
[327.998203] (-) TimerEvent: {}
[328.099753] (-) TimerEvent: {}
[328.201940] (-) TimerEvent: {}
[328.303819] (-) TimerEvent: {}
[328.405395] (-) TimerEvent: {}
[328.506921] (-) TimerEvent: {}
[328.607995] (-) TimerEvent: {}
[328.708991] (-) TimerEvent: {}
[328.811943] (-) TimerEvent: {}
[328.914203] (-) TimerEvent: {}
[329.015947] (-) TimerEvent: {}
[329.117627] (-) TimerEvent: {}
[329.220792] (-) TimerEvent: {}
[329.324375] (-) TimerEvent: {}
[329.427667] (-) TimerEvent: {}
[329.530741] (-) TimerEvent: {}
[329.634037] (-) TimerEvent: {}
[329.737454] (-) TimerEvent: {}
[329.840813] (-) TimerEvent: {}
[329.943806] (-) TimerEvent: {}
[330.046598] (-) TimerEvent: {}
[330.149892] (-) TimerEvent: {}
[330.257811] (-) TimerEvent: {}
[330.361117] (-) TimerEvent: {}
[330.462816] (-) TimerEvent: {}
[330.564586] (-) TimerEvent: {}
[330.667781] (-) TimerEvent: {}
[330.769655] (-) TimerEvent: {}
[330.871614] (-) TimerEvent: {}
[330.973525] (-) TimerEvent: {}
[331.081787] (-) TimerEvent: {}
[331.183717] (-) TimerEvent: {}
[331.285939] (-) TimerEvent: {}
[331.387923] (-) TimerEvent: {}
[331.489806] (-) TimerEvent: {}
[331.591752] (-) TimerEvent: {}
[331.693818] (-) TimerEvent: {}
[331.795906] (-) TimerEvent: {}
[331.899160] (-) TimerEvent: {}
[332.002131] (-) TimerEvent: {}
[332.104918] (-) TimerEvent: {}
[332.208708] (-) TimerEvent: {}
[332.312286] (-) TimerEvent: {}
[332.415058] (-) TimerEvent: {}
[332.517177] (-) TimerEvent: {}
[332.619330] (-) TimerEvent: {}
[332.721083] (-) TimerEvent: {}
[332.822965] (-) TimerEvent: {}
[332.925399] (-) TimerEvent: {}
[333.027508] (-) TimerEvent: {}
[333.129447] (-) TimerEvent: {}
[333.232987] (-) TimerEvent: {}
[333.335184] (-) TimerEvent: {}
[333.437407] (-) TimerEvent: {}
[333.539192] (-) TimerEvent: {}
[333.640872] (-) TimerEvent: {}
[333.754082] (-) TimerEvent: {}
[333.855209] (-) TimerEvent: {}
[333.956330] (-) TimerEvent: {}
[334.057259] (-) TimerEvent: {}
[334.158516] (-) TimerEvent: {}
[334.261543] (-) TimerEvent: {}
[334.362741] (-) TimerEvent: {}
[334.464311] (-) TimerEvent: {}
[334.565487] (-) TimerEvent: {}
[334.666885] (-) TimerEvent: {}
[334.768059] (-) TimerEvent: {}
[334.869310] (-) TimerEvent: {}
[334.970407] (-) TimerEvent: {}
[335.071987] (-) TimerEvent: {}
[335.173489] (-) TimerEvent: {}
[335.275575] (-) TimerEvent: {}
[335.380048] (-) TimerEvent: {}
[335.481120] (-) TimerEvent: {}
[335.582215] (-) TimerEvent: {}
[335.684195] (-) TimerEvent: {}
[335.785277] (-) TimerEvent: {}
[335.886401] (-) TimerEvent: {}
[335.987890] (-) TimerEvent: {}
[336.089235] (-) TimerEvent: {}
[336.190565] (-) TimerEvent: {}
[336.291802] (-) TimerEvent: {}
[336.393136] (-) TimerEvent: {}
[336.494605] (-) TimerEvent: {}
[336.596882] (-) TimerEvent: {}
[336.698794] (-) TimerEvent: {}
[336.800139] (-) TimerEvent: {}
[336.901312] (-) TimerEvent: {}
[337.002508] (-) TimerEvent: {}
[337.103658] (-) TimerEvent: {}
[337.205056] (-) TimerEvent: {}
[337.306697] (-) TimerEvent: {}
[337.409633] (-) TimerEvent: {}
[337.512208] (-) TimerEvent: {}
[337.613541] (-) TimerEvent: {}
[337.714775] (-) TimerEvent: {}
[337.816148] (-) TimerEvent: {}
[337.918093] (-) TimerEvent: {}
[338.020488] (-) TimerEvent: {}
[338.123845] (-) TimerEvent: {}
[338.225836] (-) TimerEvent: {}
[338.327732] (-) TimerEvent: {}
[338.430484] (-) TimerEvent: {}
[338.532811] (-) TimerEvent: {}
[338.634668] (-) TimerEvent: {}
[338.736632] (-) TimerEvent: {}
[338.837702] (-) TimerEvent: {}
[338.939643] (-) TimerEvent: {}
[339.041824] (-) TimerEvent: {}
[339.143602] (-) TimerEvent: {}
[339.245671] (-) TimerEvent: {}
[339.347381] (-) TimerEvent: {}
[339.449231] (-) TimerEvent: {}
[339.551046] (-) TimerEvent: {}
[339.652935] (-) TimerEvent: {}
[339.755010] (-) TimerEvent: {}
[339.856827] (-) TimerEvent: {}
[339.958868] (-) TimerEvent: {}
[340.061195] (-) TimerEvent: {}
[340.162842] (-) TimerEvent: {}
[340.265626] (-) TimerEvent: {}
[340.367442] (-) TimerEvent: {}
[340.469301] (-) TimerEvent: {}
[340.571179] (-) TimerEvent: {}
[340.672460] (-) TimerEvent: {}
[340.773515] (-) TimerEvent: {}
[340.875372] (-) TimerEvent: {}
[340.977184] (-) TimerEvent: {}
[341.080563] (-) TimerEvent: {}
[341.181853] (-) TimerEvent: {}
[341.286429] (-) TimerEvent: {}
[341.387864] (-) TimerEvent: {}
[341.489947] (-) TimerEvent: {}
[341.591102] (-) TimerEvent: {}
[341.692272] (-) TimerEvent: {}
[341.793452] (-) TimerEvent: {}
[341.894684] (-) TimerEvent: {}
[341.996524] (-) TimerEvent: {}
[342.098356] (-) TimerEvent: {}
[342.199543] (-) TimerEvent: {}
[342.301398] (-) TimerEvent: {}
[342.402640] (-) TimerEvent: {}
[342.505044] (-) TimerEvent: {}
[342.606165] (-) TimerEvent: {}
[342.707338] (-) TimerEvent: {}
[342.808526] (-) TimerEvent: {}
[342.909683] (-) TimerEvent: {}
[343.011084] (-) TimerEvent: {}
[343.112873] (-) TimerEvent: {}
[343.214731] (-) TimerEvent: {}
[343.316907] (-) TimerEvent: {}
[343.420236] (-) TimerEvent: {}
[343.523598] (-) TimerEvent: {}
[343.626744] (-) TimerEvent: {}
[343.729941] (-) TimerEvent: {}
[343.833728] (-) TimerEvent: {}
[343.936836] (-) TimerEvent: {}
[344.038743] (-) TimerEvent: {}
[344.140909] (-) TimerEvent: {}
[344.244739] (-) TimerEvent: {}
[344.348073] (-) TimerEvent: {}
[344.452345] (-) TimerEvent: {}
[344.555662] (-) TimerEvent: {}
[344.658859] (-) TimerEvent: {}
[344.761852] (-) TimerEvent: {}
[344.865067] (-) TimerEvent: {}
[344.968450] (-) TimerEvent: {}
[345.071876] (-) TimerEvent: {}
[345.175017] (-) TimerEvent: {}
[345.278239] (-) TimerEvent: {}
[345.382196] (-) TimerEvent: {}
[345.485251] (-) TimerEvent: {}
[345.586952] (-) TimerEvent: {}
[345.689698] (-) TimerEvent: {}
[345.792687] (-) TimerEvent: {}
[345.896333] (-) TimerEvent: {}
[345.998513] (-) TimerEvent: {}
[346.100521] (-) TimerEvent: {}
[346.203799] (-) TimerEvent: {}
[346.307049] (-) TimerEvent: {}
[346.410274] (-) TimerEvent: {}
[346.513520] (-) TimerEvent: {}
[346.615885] (-) TimerEvent: {}
[346.717834] (-) TimerEvent: {}
[346.819802] (-) TimerEvent: {}
[346.921787] (-) TimerEvent: {}
[347.023795] (-) TimerEvent: {}
[347.125822] (-) TimerEvent: {}
[347.227706] (-) TimerEvent: {}
[347.329496] (-) TimerEvent: {}
[347.431233] (-) TimerEvent: {}
[347.533057] (-) TimerEvent: {}
[347.634812] (-) TimerEvent: {}
[347.736527] (-) TimerEvent: {}
[347.838339] (-) TimerEvent: {}
[347.940345] (-) TimerEvent: {}
[348.042446] (-) TimerEvent: {}
[348.144247] (-) TimerEvent: {}
[348.245995] (-) TimerEvent: {}
[348.347967] (-) TimerEvent: {}
[348.449902] (-) TimerEvent: {}
[348.551796] (-) TimerEvent: {}
[348.656232] (-) TimerEvent: {}
[348.757307] (-) TimerEvent: {}
[348.858563] (-) TimerEvent: {}
[348.960426] (-) TimerEvent: {}
[349.063128] (-) TimerEvent: {}
[349.165115] (-) TimerEvent: {}
[349.267222] (-) TimerEvent: {}
[349.369212] (-) TimerEvent: {}
[349.475621] (-) TimerEvent: {}
[349.577514] (-) TimerEvent: {}
[349.678536] (-) TimerEvent: {}
[349.779596] (-) TimerEvent: {}
[349.880702] (-) TimerEvent: {}
[349.981898] (-) TimerEvent: {}
[350.083028] (-) TimerEvent: {}
[350.184050] (-) TimerEvent: {}
[350.285252] (-) TimerEvent: {}
[350.386237] (-) TimerEvent: {}
[350.487239] (-) TimerEvent: {}
[350.588242] (-) TimerEvent: {}
[350.689318] (-) TimerEvent: {}
[350.790757] (-) TimerEvent: {}
[350.893438] (-) TimerEvent: {}
[350.994580] (-) TimerEvent: {}
[351.095887] (-) TimerEvent: {}
[351.197090] (-) TimerEvent: {}
[351.298289] (-) TimerEvent: {}
[351.399388] (-) TimerEvent: {}
[351.500472] (-) TimerEvent: {}
[351.601626] (-) TimerEvent: {}
[351.702663] (-) TimerEvent: {}
[351.803672] (-) TimerEvent: {}
[351.904648] (-) TimerEvent: {}
[352.005688] (-) TimerEvent: {}
[352.106657] (-) TimerEvent: {}
[352.207676] (-) TimerEvent: {}
[352.308690] (-) TimerEvent: {}
[352.409765] (-) TimerEvent: {}
[352.510735] (-) TimerEvent: {}
[352.611711] (-) TimerEvent: {}
[352.712763] (-) TimerEvent: {}
[352.813865] (-) TimerEvent: {}
[352.914876] (-) TimerEvent: {}
[353.015965] (-) TimerEvent: {}
[353.116993] (-) TimerEvent: {}
[353.218004] (-) TimerEvent: {}
[353.318991] (-) TimerEvent: {}
[353.420113] (-) TimerEvent: {}
[353.521147] (-) TimerEvent: {}
[353.622173] (-) TimerEvent: {}
[353.723219] (-) TimerEvent: {}
[353.824297] (-) TimerEvent: {}
[353.925323] (-) TimerEvent: {}
[354.026441] (-) TimerEvent: {}
[354.127584] (-) TimerEvent: {}
[354.228698] (-) TimerEvent: {}
[354.329754] (-) TimerEvent: {}
[354.430791] (-) TimerEvent: {}
[354.531855] (-) TimerEvent: {}
[354.633262] (-) TimerEvent: {}
[354.734251] (-) TimerEvent: {}
[354.835314] (-) TimerEvent: {}
[354.936254] (-) TimerEvent: {}
[355.037240] (-) TimerEvent: {}
[355.138198] (-) TimerEvent: {}
[355.239326] (-) TimerEvent: {}
[355.340333] (-) TimerEvent: {}
[355.441318] (-) TimerEvent: {}
[355.542351] (-) TimerEvent: {}
[355.643402] (-) TimerEvent: {}
[355.744492] (-) TimerEvent: {}
[355.845518] (-) TimerEvent: {}
[355.946506] (-) TimerEvent: {}
[356.047523] (-) TimerEvent: {}
[356.148523] (-) TimerEvent: {}
[356.249930] (-) TimerEvent: {}
[356.351013] (-) TimerEvent: {}
[356.452044] (-) TimerEvent: {}
[356.553062] (-) TimerEvent: {}
[356.654089] (-) TimerEvent: {}
[356.755045] (-) TimerEvent: {}
[356.856049] (-) TimerEvent: {}
[356.957084] (-) TimerEvent: {}
[357.058113] (-) TimerEvent: {}
[357.159191] (-) TimerEvent: {}
[357.260218] (-) TimerEvent: {}
[357.361346] (-) TimerEvent: {}
[357.462424] (-) TimerEvent: {}
[357.563706] (-) TimerEvent: {}
[357.664830] (-) TimerEvent: {}
[357.765872] (-) TimerEvent: {}
[357.866942] (-) TimerEvent: {}
[357.967994] (-) TimerEvent: {}
[358.068992] (-) TimerEvent: {}
[358.170032] (-) TimerEvent: {}
[358.270947] (-) TimerEvent: {}
[358.372061] (-) TimerEvent: {}
[358.473118] (-) TimerEvent: {}
[358.574632] (-) TimerEvent: {}
[358.676430] (-) TimerEvent: {}
[358.778614] (-) TimerEvent: {}
[358.881007] (-) TimerEvent: {}
[358.984745] (-) TimerEvent: {}
[359.086742] (-) TimerEvent: {}
[359.188292] (-) TimerEvent: {}
[359.290592] (-) TimerEvent: {}
[359.391532] (-) TimerEvent: {}
[359.492429] (-) TimerEvent: {}
[359.593303] (-) TimerEvent: {}
[359.694170] (-) TimerEvent: {}
[359.796060] (-) TimerEvent: {}
[359.897186] (-) TimerEvent: {}
[359.998812] (-) TimerEvent: {}
[360.100907] (-) TimerEvent: {}
[360.202879] (-) TimerEvent: {}
[360.304131] (-) TimerEvent: {}
[360.405220] (-) TimerEvent: {}
[360.506153] (-) TimerEvent: {}
[360.607114] (-) TimerEvent: {}
[360.709968] (-) TimerEvent: {}
[360.811047] (-) TimerEvent: {}
[360.912061] (-) TimerEvent: {}
[361.013798] (-) TimerEvent: {}
[361.115406] (-) TimerEvent: {}
[361.217149] (-) TimerEvent: {}
[361.318708] (-) TimerEvent: {}
[361.419595] (-) TimerEvent: {}
[361.520444] (-) TimerEvent: {}
[361.621379] (-) TimerEvent: {}
[361.722259] (-) TimerEvent: {}
[361.823097] (-) TimerEvent: {}
[361.923901] (-) TimerEvent: {}
[362.024807] (-) TimerEvent: {}
[362.125999] (-) TimerEvent: {}
[362.226847] (-) TimerEvent: {}
[362.327714] (-) TimerEvent: {}
[362.428622] (-) TimerEvent: {}
[362.529559] (-) TimerEvent: {}
[362.630531] (-) TimerEvent: {}
[362.731519] (-) TimerEvent: {}
[362.832508] (-) TimerEvent: {}
[362.933431] (-) TimerEvent: {}
[363.034397] (-) TimerEvent: {}
[363.135385] (-) TimerEvent: {}
[363.236339] (-) TimerEvent: {}
[363.337294] (-) TimerEvent: {}
[363.438133] (-) TimerEvent: {}
[363.539043] (-) TimerEvent: {}
[363.639916] (-) TimerEvent: {}
[363.740916] (-) TimerEvent: {}
[363.841934] (-) TimerEvent: {}
[363.942892] (-) TimerEvent: {}
[364.043829] (-) TimerEvent: {}
[364.144801] (-) TimerEvent: {}
[364.245885] (-) TimerEvent: {}
[364.346878] (-) TimerEvent: {}
[364.447681] (-) TimerEvent: {}
[364.548528] (-) TimerEvent: {}
[364.649385] (-) TimerEvent: {}
[364.750296] (-) TimerEvent: {}
[364.851260] (-) TimerEvent: {}
[364.952182] (-) TimerEvent: {}
[365.053081] (-) TimerEvent: {}
[365.153953] (-) TimerEvent: {}
[365.254915] (-) TimerEvent: {}
[365.355773] (-) TimerEvent: {}
[365.456666] (-) TimerEvent: {}
[365.557587] (-) TimerEvent: {}
[365.658415] (-) TimerEvent: {}
[365.765424] (-) TimerEvent: {}
[365.866269] (-) TimerEvent: {}
[365.967133] (-) TimerEvent: {}
[366.067966] (-) TimerEvent: {}
[366.168808] (-) TimerEvent: {}
[366.269764] (-) TimerEvent: {}
[366.370696] (-) TimerEvent: {}
[366.471605] (-) TimerEvent: {}
[366.572450] (-) TimerEvent: {}
[366.673319] (-) TimerEvent: {}
[366.774210] (-) TimerEvent: {}
[366.875037] (-) TimerEvent: {}
[366.975963] (-) TimerEvent: {}
[367.077134] (-) TimerEvent: {}
[367.178015] (-) TimerEvent: {}
[367.278924] (-) TimerEvent: {}
[367.379845] (-) TimerEvent: {}
[367.480732] (-) TimerEvent: {}
[367.582571] (-) TimerEvent: {}
[367.684113] (-) TimerEvent: {}
[367.785634] (-) TimerEvent: {}
[367.887091] (-) TimerEvent: {}
[367.988695] (-) TimerEvent: {}
[368.090562] (-) TimerEvent: {}
[368.192140] (-) TimerEvent: {}
[368.293800] (-) TimerEvent: {}
[368.395512] (-) TimerEvent: {}
[368.497098] (-) TimerEvent: {}
[368.598943] (-) TimerEvent: {}
[368.701390] (-) TimerEvent: {}
[368.804557] (-) TimerEvent: {}
[368.905643] (-) TimerEvent: {}
[369.007235] (-) TimerEvent: {}
[369.111479] (-) TimerEvent: {}
[369.213250] (-) TimerEvent: {}
[369.315295] (-) TimerEvent: {}
[369.417227] (-) TimerEvent: {}
[369.518239] (-) TimerEvent: {}
[369.619139] (-) TimerEvent: {}
[369.719976] (-) TimerEvent: {}
[369.820817] (-) TimerEvent: {}
[369.921783] (-) TimerEvent: {}
[370.022782] (-) TimerEvent: {}
[370.123649] (-) TimerEvent: {}
[370.224516] (-) TimerEvent: {}
[370.325404] (-) TimerEvent: {}
[370.426382] (-) TimerEvent: {}
[370.527287] (-) TimerEvent: {}
[370.628148] (-) TimerEvent: {}
[370.728945] (-) TimerEvent: {}
[370.833149] (-) TimerEvent: {}
[370.933943] (-) TimerEvent: {}
[371.034751] (-) TimerEvent: {}
[371.135593] (-) TimerEvent: {}
[371.236475] (-) TimerEvent: {}
[371.337419] (-) TimerEvent: {}
[371.438240] (-) TimerEvent: {}
[371.539143] (-) TimerEvent: {}
[371.640011] (-) TimerEvent: {}
[371.740844] (-) TimerEvent: {}
[371.841713] (-) TimerEvent: {}
[371.942586] (-) TimerEvent: {}
[372.043442] (-) TimerEvent: {}
[372.144320] (-) TimerEvent: {}
[372.245195] (-) TimerEvent: {}
[372.346016] (-) TimerEvent: {}
[372.446862] (-) TimerEvent: {}
[372.547766] (-) TimerEvent: {}
[372.648635] (-) TimerEvent: {}
[372.750513] (-) TimerEvent: {}
[372.852414] (-) TimerEvent: {}
[372.953552] (-) TimerEvent: {}
[373.055394] (-) TimerEvent: {}
[373.158290] (-) TimerEvent: {}
[373.259835] (-) TimerEvent: {}
[373.361254] (-) TimerEvent: {}
[373.463113] (-) TimerEvent: {}
[373.564965] (-) TimerEvent: {}
[373.666922] (-) TimerEvent: {}
[373.769825] (-) TimerEvent: {}
[373.871746] (-) TimerEvent: {}
[373.973589] (-) TimerEvent: {}
[374.074850] (-) TimerEvent: {}
[374.176037] (-) TimerEvent: {}
[374.278222] (-) TimerEvent: {}
[374.379756] (-) TimerEvent: {}
[374.481431] (-) TimerEvent: {}
[374.583151] (-) TimerEvent: {}
[374.684050] (-) TimerEvent: {}
[374.784910] (-) TimerEvent: {}
[374.885842] (-) TimerEvent: {}
[374.986881] (-) TimerEvent: {}
[375.087961] (-) TimerEvent: {}
[375.188958] (-) TimerEvent: {}
[375.290755] (-) TimerEvent: {}
[375.391714] (-) TimerEvent: {}
[375.492661] (-) TimerEvent: {}
[375.593648] (-) TimerEvent: {}
[375.695756] (-) TimerEvent: {}
[375.797604] (-) TimerEvent: {}
[375.902782] (-) TimerEvent: {}
[376.003837] (-) TimerEvent: {}
[376.105389] (-) TimerEvent: {}
[376.206985] (-) TimerEvent: {}
[376.308947] (-) TimerEvent: {}
[376.412108] (-) TimerEvent: {}
[376.514480] (-) TimerEvent: {}
[376.615594] (-) TimerEvent: {}
[376.716796] (-) TimerEvent: {}
[376.817899] (-) TimerEvent: {}
[376.918964] (-) TimerEvent: {}
[377.020194] (-) TimerEvent: {}
[377.121657] (-) TimerEvent: {}
[377.222777] (-) TimerEvent: {}
[377.324393] (-) TimerEvent: {}
[377.426095] (-) TimerEvent: {}
[377.527985] (-) TimerEvent: {}
[377.629625] (-) TimerEvent: {}
[377.731250] (-) TimerEvent: {}
[377.832148] (-) TimerEvent: {}
[377.933287] (-) TimerEvent: {}
[378.035263] (-) TimerEvent: {}
[378.137234] (-) TimerEvent: {}
[378.239077] (-) TimerEvent: {}
[378.341266] (-) TimerEvent: {}
[378.443376] (-) TimerEvent: {}
[378.545432] (-) TimerEvent: {}
[378.647542] (-) TimerEvent: {}
[378.749885] (-) TimerEvent: {}
[378.851157] (-) TimerEvent: {}
[378.952759] (-) TimerEvent: {}
[379.054140] (-) TimerEvent: {}
[379.155452] (-) TimerEvent: {}
[379.256532] (-) TimerEvent: {}
[379.357719] (-) TimerEvent: {}
[379.459753] (-) TimerEvent: {}
[379.561688] (-) TimerEvent: {}
[379.663615] (-) TimerEvent: {}
[379.765718] (-) TimerEvent: {}
[379.868553] (-) TimerEvent: {}
[379.970463] (-) TimerEvent: {}
[380.073356] (-) TimerEvent: {}
[380.175125] (-) TimerEvent: {}
[380.276712] (-) TimerEvent: {}
[380.378291] (-) TimerEvent: {}
[380.479869] (-) TimerEvent: {}
[380.581492] (-) TimerEvent: {}
[380.682513] (-) TimerEvent: {}
[380.784087] (-) TimerEvent: {}
[380.884985] (-) TimerEvent: {}
[380.989094] (-) TimerEvent: {}
[381.090439] (-) TimerEvent: {}
[381.191225] (-) TimerEvent: {}
[381.292129] (-) TimerEvent: {}
[381.392941] (-) TimerEvent: {}
[381.493827] (-) TimerEvent: {}
[381.594657] (-) TimerEvent: {}
[381.695526] (-) TimerEvent: {}
[381.796432] (-) TimerEvent: {}
[381.897241] (-) TimerEvent: {}
[381.998062] (-) TimerEvent: {}
[382.099662] (-) TimerEvent: {}
[382.201185] (-) TimerEvent: {}
[382.302775] (-) TimerEvent: {}
[382.404346] (-) TimerEvent: {}
[382.506122] (-) TimerEvent: {}
[382.607792] (-) TimerEvent: {}
[382.709325] (-) TimerEvent: {}
[382.810887] (-) TimerEvent: {}
[382.912773] (-) TimerEvent: {}
[383.017072] (-) TimerEvent: {}
[383.118962] (-) TimerEvent: {}
[383.220117] (-) TimerEvent: {}
[383.323672] (-) TimerEvent: {}
[383.433293] (-) TimerEvent: {}
[383.535420] (-) TimerEvent: {}
[383.636584] (-) TimerEvent: {}
[383.740227] (-) TimerEvent: {}
[383.841253] (-) TimerEvent: {}
[383.943145] (-) TimerEvent: {}
[384.044791] (-) TimerEvent: {}
[384.146427] (-) TimerEvent: {}
[384.248052] (-) TimerEvent: {}
[384.349950] (-) TimerEvent: {}
[384.451432] (-) TimerEvent: {}
[384.553722] (-) TimerEvent: {}
[384.655282] (-) TimerEvent: {}
[384.756504] (-) TimerEvent: {}
[384.857829] (-) TimerEvent: {}
[384.959460] (-) TimerEvent: {}
[385.060564] (-) TimerEvent: {}
[385.161549] (-) TimerEvent: {}
[385.263469] (-) TimerEvent: {}
[385.365277] (-) TimerEvent: {}
[385.467173] (-) TimerEvent: {}
[385.569111] (-) TimerEvent: {}
[385.670882] (-) TimerEvent: {}
[385.774123] (-) TimerEvent: {}
[385.876208] (-) TimerEvent: {}
[385.977359] (-) TimerEvent: {}
[386.078395] (-) TimerEvent: {}
[386.180823] (-) TimerEvent: {}
[386.282707] (-) TimerEvent: {}
[386.384229] (-) TimerEvent: {}
[386.486085] (-) TimerEvent: {}
[386.587997] (-) TimerEvent: {}
[386.689866] (-) TimerEvent: {}
[386.791751] (-) TimerEvent: {}
[386.893721] (-) TimerEvent: {}
[386.995561] (-) TimerEvent: {}
[387.096519] (-) TimerEvent: {}
[387.197630] (-) TimerEvent: {}
[387.298497] (-) TimerEvent: {}
[387.399443] (-) TimerEvent: {}
[387.500277] (-) TimerEvent: {}
[387.601191] (-) TimerEvent: {}
[387.702042] (-) TimerEvent: {}
[387.802976] (-) TimerEvent: {}
[387.903911] (-) TimerEvent: {}
[388.004818] (-) TimerEvent: {}
[388.105757] (-) TimerEvent: {}
[388.206668] (-) TimerEvent: {}
[388.307537] (-) TimerEvent: {}
[388.408544] (-) TimerEvent: {}
[388.509391] (-) TimerEvent: {}
[388.610260] (-) TimerEvent: {}
[388.711249] (-) TimerEvent: {}
[388.812215] (-) TimerEvent: {}
[388.913080] (-) TimerEvent: {}
[389.013936] (-) TimerEvent: {}
[389.114818] (-) TimerEvent: {}
[389.215709] (-) TimerEvent: {}
[389.316667] (-) TimerEvent: {}
[389.417700] (-) TimerEvent: {}
[389.518768] (-) TimerEvent: {}
[389.619909] (-) TimerEvent: {}
[389.721143] (-) TimerEvent: {}
[389.822214] (-) TimerEvent: {}
[389.924133] (-) TimerEvent: {}
[390.025620] (-) TimerEvent: {}
[390.126506] (-) TimerEvent: {}
[390.227431] (-) TimerEvent: {}
[390.328321] (-) TimerEvent: {}
[390.429224] (-) TimerEvent: {}
[390.532540] (-) TimerEvent: {}
[390.633712] (-) TimerEvent: {}
[390.735091] (-) TimerEvent: {}
[390.836187] (-) TimerEvent: {}
[390.937266] (-) TimerEvent: {}
[391.038618] (-) TimerEvent: {}
[391.139559] (-) TimerEvent: {}
[391.240514] (-) TimerEvent: {}
[391.341830] (-) TimerEvent: {}
[391.442885] (-) TimerEvent: {}
[391.543814] (-) TimerEvent: {}
[391.644669] (-) TimerEvent: {}
[391.745552] (-) TimerEvent: {}
[391.846445] (-) TimerEvent: {}
[391.947324] (-) TimerEvent: {}
[392.048202] (-) TimerEvent: {}
[392.149912] (-) TimerEvent: {}
[392.251450] (-) TimerEvent: {}
[392.352997] (-) TimerEvent: {}
[392.454574] (-) TimerEvent: {}
[392.556270] (-) TimerEvent: {}
[392.657957] (-) TimerEvent: {}
[392.759505] (-) TimerEvent: {}
[392.860598] (-) TimerEvent: {}
[392.961736] (-) TimerEvent: {}
[393.062779] (-) TimerEvent: {}
[393.163660] (-) TimerEvent: {}
[393.264635] (-) TimerEvent: {}
[393.365625] (-) TimerEvent: {}
[393.466457] (-) TimerEvent: {}
[393.567385] (-) TimerEvent: {}
[393.668391] (-) TimerEvent: {}
[393.770352] (-) TimerEvent: {}
[393.872172] (-) TimerEvent: {}
[393.977308] (-) TimerEvent: {}
[394.079218] (-) TimerEvent: {}
[394.180122] (-) TimerEvent: {}
[394.281009] (-) TimerEvent: {}
[394.381985] (-) TimerEvent: {}
[394.482816] (-) TimerEvent: {}
[394.583719] (-) TimerEvent: {}
[394.684557] (-) TimerEvent: {}
[394.785419] (-) TimerEvent: {}
[394.887320] (-) TimerEvent: {}
[394.989239] (-) TimerEvent: {}
[395.090230] (-) TimerEvent: {}
[395.191110] (-) TimerEvent: {}
[395.292879] (-) TimerEvent: {}
[395.394401] (-) TimerEvent: {}
[395.496144] (-) TimerEvent: {}
[395.597717] (-) TimerEvent: {}
[395.699384] (-) TimerEvent: {}
[395.800966] (-) TimerEvent: {}
[395.902527] (-) TimerEvent: {}
[396.004115] (-) TimerEvent: {}
[396.105696] (-) TimerEvent: {}
[396.206521] (-) TimerEvent: {}
[396.307480] (-) TimerEvent: {}
[396.408538] (-) TimerEvent: {}
[396.509382] (-) TimerEvent: {}
[396.610307] (-) TimerEvent: {}
[396.711178] (-) TimerEvent: {}
[396.812031] (-) TimerEvent: {}
[396.912869] (-) TimerEvent: {}
[397.013749] (-) TimerEvent: {}
[397.114632] (-) TimerEvent: {}
[397.215543] (-) TimerEvent: {}
[397.316475] (-) TimerEvent: {}
[397.417412] (-) TimerEvent: {}
[397.518336] (-) TimerEvent: {}
[397.619303] (-) TimerEvent: {}
[397.720202] (-) TimerEvent: {}
[397.821158] (-) TimerEvent: {}
[397.922918] (-) TimerEvent: {}
[398.024521] (-) TimerEvent: {}
[398.126648] (-) TimerEvent: {}
[398.227831] (-) TimerEvent: {}
[398.331067] (-) TimerEvent: {}
[398.436516] (-) TimerEvent: {}
[398.537476] (-) TimerEvent: {}
[398.638470] (-) TimerEvent: {}
[398.740546] (-) TimerEvent: {}
[398.847586] (-) TimerEvent: {}
[398.950692] (-) TimerEvent: {}
[399.053915] (-) TimerEvent: {}
[399.155667] (-) TimerEvent: {}
[399.259663] (-) TimerEvent: {}
[399.362722] (-) TimerEvent: {}
[399.464459] (-) TimerEvent: {}
[399.573705] (-) TimerEvent: {}
[399.678325] (-) TimerEvent: {}
[399.781472] (-) TimerEvent: {}
[399.884451] (-) TimerEvent: {}
[399.987442] (-) TimerEvent: {}
[400.096298] (-) TimerEvent: {}
[400.210573] (-) TimerEvent: {}
[400.314025] (-) TimerEvent: {}
[400.418133] (-) TimerEvent: {}
[400.521553] (-) TimerEvent: {}
[400.624180] (-) TimerEvent: {}
[400.726414] (-) TimerEvent: {}
[400.829727] (-) TimerEvent: {}
[400.932743] (-) TimerEvent: {}
[401.035679] (-) TimerEvent: {}
[401.138886] (-) TimerEvent: {}
[401.240645] (-) TimerEvent: {}
[401.343624] (-) TimerEvent: {}
[401.446673] (-) TimerEvent: {}
[401.565799] (-) TimerEvent: {}
[401.668792] (-) TimerEvent: {}
[401.771807] (-) TimerEvent: {}
[401.875078] (-) TimerEvent: {}
[401.977788] (-) TimerEvent: {}
[402.079427] (-) TimerEvent: {}
[402.181169] (-) TimerEvent: {}
[402.282765] (-) TimerEvent: {}
[402.384236] (-) TimerEvent: {}
[402.486033] (-) TimerEvent: {}
[402.587445] (-) TimerEvent: {}
[402.688581] (-) TimerEvent: {}
[402.789631] (-) TimerEvent: {}
[402.890795] (-) TimerEvent: {}
[402.992567] (-) TimerEvent: {}
[403.093401] (-) TimerEvent: {}
[403.194283] (-) TimerEvent: {}
[403.295102] (-) TimerEvent: {}
[403.395970] (-) TimerEvent: {}
[403.496803] (-) TimerEvent: {}
[403.597727] (-) TimerEvent: {}
[403.699599] (-) TimerEvent: {}
[403.801325] (-) TimerEvent: {}
[403.902180] (-) TimerEvent: {}
[404.003018] (-) TimerEvent: {}
[404.104103] (-) TimerEvent: {}
[404.205104] (-) TimerEvent: {}
[404.306219] (-) TimerEvent: {}
[404.407043] (-) TimerEvent: {}
[404.507935] (-) TimerEvent: {}
[404.608785] (-) TimerEvent: {}
[404.709644] (-) TimerEvent: {}
[404.810493] (-) TimerEvent: {}
[404.912321] (-) TimerEvent: {}
[405.013994] (-) TimerEvent: {}
[405.115069] (-) TimerEvent: {}
[405.216871] (-) TimerEvent: {}
[405.318204] (-) TimerEvent: {}
[405.419377] (-) TimerEvent: {}
[405.520440] (-) TimerEvent: {}
[405.621372] (-) TimerEvent: {}
[405.722360] (-) TimerEvent: {}
[405.823378] (-) TimerEvent: {}
[405.924355] (-) TimerEvent: {}
[406.025272] (-) TimerEvent: {}
[406.126238] (-) TimerEvent: {}
[406.227156] (-) TimerEvent: {}
[406.328875] (-) TimerEvent: {}
[406.430467] (-) TimerEvent: {}
[406.532006] (-) TimerEvent: {}
[406.633842] (-) TimerEvent: {}
[406.735650] (-) TimerEvent: {}
[406.836692] (-) TimerEvent: {}
[406.937815] (-) TimerEvent: {}
[407.039758] (-) TimerEvent: {}
[407.141424] (-) TimerEvent: {}
[407.243037] (-) TimerEvent: {}
[407.344042] (-) TimerEvent: {}
[407.445628] (-) TimerEvent: {}
[407.547147] (-) TimerEvent: {}
[407.648755] (-) TimerEvent: {}
[407.749861] (-) TimerEvent: {}
[407.850988] (-) TimerEvent: {}
[407.952072] (-) TimerEvent: {}
[408.053260] (-) TimerEvent: {}
[408.154910] (-) TimerEvent: {}
[408.256829] (-) TimerEvent: {}
[408.358415] (-) TimerEvent: {}
[408.459523] (-) TimerEvent: {}
[408.560740] (-) TimerEvent: {}
[408.662126] (-) TimerEvent: {}
[408.763929] (-) TimerEvent: {}
[408.865757] (-) TimerEvent: {}
[408.967603] (-) TimerEvent: {}
[409.069224] (-) TimerEvent: {}
[409.170996] (-) TimerEvent: {}
[409.271997] (-) TimerEvent: {}
[409.373105] (-) TimerEvent: {}
[409.474284] (-) TimerEvent: {}
[409.575952] (-) TimerEvent: {}
[409.678054] (-) TimerEvent: {}
[409.779246] (-) TimerEvent: {}
[409.887367] (-) TimerEvent: {}
[409.989112] (-) TimerEvent: {}
[410.090256] (-) TimerEvent: {}
[410.191999] (-) TimerEvent: {}
[410.293534] (-) TimerEvent: {}
[410.395005] (-) TimerEvent: {}
[410.496591] (-) TimerEvent: {}
[410.598652] (-) TimerEvent: {}
[410.700705] (-) TimerEvent: {}
[410.802982] (-) TimerEvent: {}
[410.903876] (-) TimerEvent: {}
[411.004859] (-) TimerEvent: {}
[411.105875] (-) TimerEvent: {}
[411.213269] (-) TimerEvent: {}
[411.321235] (-) TimerEvent: {}
[411.429244] (-) TimerEvent: {}
[411.533230] (-) TimerEvent: {}
[411.634492] (-) TimerEvent: {}
[411.735902] (-) TimerEvent: {}
[411.837500] (-) TimerEvent: {}
[411.939178] (-) TimerEvent: {}
[412.041081] (-) TimerEvent: {}
[412.052659] (slam_toolbox) StdoutLine: {'line': b'[ 68%] \x1b[32m\x1b[1mLinking CXX shared library libceres_solver_plugin.so\x1b[0m\n'}
[412.141229] (-) TimerEvent: {}
[412.242951] (-) TimerEvent: {}
[412.344740] (-) TimerEvent: {}
[412.445697] (-) TimerEvent: {}
[412.546679] (-) TimerEvent: {}
[412.647699] (-) TimerEvent: {}
[412.749222] (-) TimerEvent: {}
[412.850735] (-) TimerEvent: {}
[412.952492] (-) TimerEvent: {}
[413.053605] (-) TimerEvent: {}
[413.155434] (-) TimerEvent: {}
[413.256497] (-) TimerEvent: {}
[413.357721] (-) TimerEvent: {}
[413.459063] (-) TimerEvent: {}
[413.561614] (-) TimerEvent: {}
[413.663413] (-) TimerEvent: {}
[413.765707] (-) TimerEvent: {}
[413.866677] (-) TimerEvent: {}
[413.967728] (-) TimerEvent: {}
[414.070024] (-) TimerEvent: {}
[414.170955] (-) TimerEvent: {}
[414.271812] (-) TimerEvent: {}
[414.372663] (-) TimerEvent: {}
[414.473571] (-) TimerEvent: {}
[414.574452] (-) TimerEvent: {}
[414.675315] (-) TimerEvent: {}
[414.776394] (-) TimerEvent: {}
[414.877380] (-) TimerEvent: {}
[414.978977] (-) TimerEvent: {}
[415.080044] (-) TimerEvent: {}
[415.181278] (-) TimerEvent: {}
[415.282928] (-) TimerEvent: {}
[415.383830] (-) TimerEvent: {}
[415.484865] (-) TimerEvent: {}
[415.585823] (-) TimerEvent: {}
[415.686747] (-) TimerEvent: {}
[415.787828] (-) TimerEvent: {}
[415.888882] (-) TimerEvent: {}
[415.990054] (-) TimerEvent: {}
[416.090988] (-) TimerEvent: {}
[416.192008] (-) TimerEvent: {}
[416.209846] (slam_toolbox) StdoutLine: {'line': b'[ 68%] Built target ceres_solver_plugin\n'}
[416.293862] (-) TimerEvent: {}
[416.396746] (-) TimerEvent: {}
[416.497677] (-) TimerEvent: {}
[416.598544] (-) TimerEvent: {}
[416.699434] (-) TimerEvent: {}
[416.800376] (-) TimerEvent: {}
[416.901309] (-) TimerEvent: {}
[417.002122] (-) TimerEvent: {}
[417.102969] (-) TimerEvent: {}
[417.203862] (-) TimerEvent: {}
[417.304875] (-) TimerEvent: {}
[417.405910] (-) TimerEvent: {}
[417.507981] (-) TimerEvent: {}
[417.608886] (-) TimerEvent: {}
[417.709900] (-) TimerEvent: {}
[417.811009] (-) TimerEvent: {}
[417.912187] (-) TimerEvent: {}
[418.013145] (-) TimerEvent: {}
[418.114034] (-) TimerEvent: {}
[418.214931] (-) TimerEvent: {}
[418.315836] (-) TimerEvent: {}
[418.416771] (-) TimerEvent: {}
[418.517864] (-) TimerEvent: {}
[418.618753] (-) TimerEvent: {}
[418.719711] (-) TimerEvent: {}
[418.822203] (-) TimerEvent: {}
[418.924209] (-) TimerEvent: {}
[419.025543] (-) TimerEvent: {}
[419.126538] (-) TimerEvent: {}
[419.227432] (-) TimerEvent: {}
[419.328459] (-) TimerEvent: {}
[419.429502] (-) TimerEvent: {}
[419.530357] (-) TimerEvent: {}
[419.631155] (-) TimerEvent: {}
[419.732071] (-) TimerEvent: {}
[419.833887] (-) TimerEvent: {}
[419.935772] (-) TimerEvent: {}
[420.036557] (-) TimerEvent: {}
[420.137523] (-) TimerEvent: {}
[420.238434] (-) TimerEvent: {}
[420.339377] (-) TimerEvent: {}
[420.440186] (-) TimerEvent: {}
[420.541176] (-) TimerEvent: {}
[420.641979] (-) TimerEvent: {}
[420.742828] (-) TimerEvent: {}
[420.843669] (-) TimerEvent: {}
[420.944645] (-) TimerEvent: {}
[421.045623] (-) TimerEvent: {}
[421.147283] (-) TimerEvent: {}
[421.248090] (-) TimerEvent: {}
[421.348927] (-) TimerEvent: {}
[421.449828] (-) TimerEvent: {}
[421.550698] (-) TimerEvent: {}
[421.651625] (-) TimerEvent: {}
[421.752452] (-) TimerEvent: {}
[421.853368] (-) TimerEvent: {}
[421.954188] (-) TimerEvent: {}
[422.054998] (-) TimerEvent: {}
[422.155926] (-) TimerEvent: {}
[422.256826] (-) TimerEvent: {}
[422.357725] (-) TimerEvent: {}
[422.458635] (-) TimerEvent: {}
[422.559417] (-) TimerEvent: {}
[422.660268] (-) TimerEvent: {}
[422.761196] (-) TimerEvent: {}
[422.862051] (-) TimerEvent: {}
[422.962986] (-) TimerEvent: {}
[423.063825] (-) TimerEvent: {}
[423.164640] (-) TimerEvent: {}
[423.266131] (-) TimerEvent: {}
[423.367103] (-) TimerEvent: {}
[423.468113] (-) TimerEvent: {}
[423.569126] (-) TimerEvent: {}
[423.670764] (-) TimerEvent: {}
[423.772792] (-) TimerEvent: {}
[423.873682] (-) TimerEvent: {}
[423.974753] (-) TimerEvent: {}
[424.075628] (-) TimerEvent: {}
[424.176516] (-) TimerEvent: {}
[424.277319] (-) TimerEvent: {}
[424.378155] (-) TimerEvent: {}
[424.479049] (-) TimerEvent: {}
[424.580864] (-) TimerEvent: {}
[424.682543] (-) TimerEvent: {}
[424.784313] (-) TimerEvent: {}
[424.886147] (-) TimerEvent: {}
[424.987147] (-) TimerEvent: {}
[425.088168] (-) TimerEvent: {}
[425.189128] (-) TimerEvent: {}
[425.289906] (-) TimerEvent: {}
[425.390790] (-) TimerEvent: {}
[425.492351] (-) TimerEvent: {}
[425.593505] (-) TimerEvent: {}
[425.694339] (-) TimerEvent: {}
[425.795198] (-) TimerEvent: {}
[425.895948] (-) TimerEvent: {}
[425.996786] (-) TimerEvent: {}
[426.097693] (-) TimerEvent: {}
[426.198588] (-) TimerEvent: {}
[426.299626] (-) TimerEvent: {}
[426.400444] (-) TimerEvent: {}
[426.501287] (-) TimerEvent: {}
[426.602097] (-) TimerEvent: {}
[426.702987] (-) TimerEvent: {}
[426.803858] (-) TimerEvent: {}
[426.904704] (-) TimerEvent: {}
[427.005626] (-) TimerEvent: {}
[427.106518] (-) TimerEvent: {}
[427.207436] (-) TimerEvent: {}
[427.267894] (slam_toolbox) StdoutLine: {'line': b'[ 68%] \x1b[32mBuilding CXX object CMakeFiles/toolbox_common.dir/src/loop_closure_assistant.cpp.o\x1b[0m\n'}
[427.307659] (-) TimerEvent: {}
[427.408684] (-) TimerEvent: {}
[427.510522] (-) TimerEvent: {}
[427.612181] (-) TimerEvent: {}
[427.713146] (-) TimerEvent: {}
[427.814145] (-) TimerEvent: {}
[427.915105] (-) TimerEvent: {}
[428.016084] (-) TimerEvent: {}
[428.118318] (-) TimerEvent: {}
[428.219316] (-) TimerEvent: {}
[428.320347] (-) TimerEvent: {}
[428.421657] (-) TimerEvent: {}
[428.522639] (-) TimerEvent: {}
[428.624363] (-) TimerEvent: {}
[428.727746] (-) TimerEvent: {}
[428.829391] (-) TimerEvent: {}
[428.931052] (-) TimerEvent: {}
[429.032076] (-) TimerEvent: {}
[429.133609] (-) TimerEvent: {}
[429.234913] (-) TimerEvent: {}
[429.323989] (slam_toolbox) StdoutLine: {'line': b'[ 69%] \x1b[32mBuilding CXX object CMakeFiles/toolbox_common.dir/src/map_saver.cpp.o\x1b[0m\n'}
[429.335351] (-) TimerEvent: {}
[429.438654] (-) TimerEvent: {}
[429.540329] (-) TimerEvent: {}
[429.642814] (-) TimerEvent: {}
[429.748000] (-) TimerEvent: {}
[429.882820] (-) TimerEvent: {}
[429.994058] (-) TimerEvent: {}
[430.096623] (-) TimerEvent: {}
[430.198919] (-) TimerEvent: {}
[430.300742] (-) TimerEvent: {}
[430.402502] (-) TimerEvent: {}
[430.506084] (-) TimerEvent: {}
[430.608863] (-) TimerEvent: {}
[430.711845] (-) TimerEvent: {}
[430.815433] (-) TimerEvent: {}
[430.918159] (-) TimerEvent: {}
[431.019971] (-) TimerEvent: {}
[431.121656] (-) TimerEvent: {}
[431.223291] (-) TimerEvent: {}
[431.324810] (-) TimerEvent: {}
[431.426252] (-) TimerEvent: {}
[431.528002] (-) TimerEvent: {}
[431.629548] (-) TimerEvent: {}
[431.731123] (-) TimerEvent: {}
[431.832654] (-) TimerEvent: {}
[431.934121] (-) TimerEvent: {}
[432.035765] (-) TimerEvent: {}
[432.137335] (-) TimerEvent: {}
[432.239003] (-) TimerEvent: {}
[432.340430] (-) TimerEvent: {}
[432.441879] (-) TimerEvent: {}
[432.544205] (-) TimerEvent: {}
[432.645679] (-) TimerEvent: {}
[432.747197] (-) TimerEvent: {}
[432.848782] (-) TimerEvent: {}
[432.950068] (-) TimerEvent: {}
[433.050897] (-) TimerEvent: {}
[433.151837] (-) TimerEvent: {}
[433.252641] (-) TimerEvent: {}
[433.353474] (-) TimerEvent: {}
[433.454637] (-) TimerEvent: {}
[433.556212] (-) TimerEvent: {}
[433.657690] (-) TimerEvent: {}
[433.759123] (-) TimerEvent: {}
[433.860554] (-) TimerEvent: {}
[433.962039] (-) TimerEvent: {}
[434.063451] (-) TimerEvent: {}
[434.164781] (-) TimerEvent: {}
[434.266386] (-) TimerEvent: {}
[434.367970] (-) TimerEvent: {}
[434.469890] (-) TimerEvent: {}
[434.571721] (-) TimerEvent: {}
[434.673708] (-) TimerEvent: {}
[434.775372] (-) TimerEvent: {}
[434.878517] (-) TimerEvent: {}
[434.981856] (-) TimerEvent: {}
[435.084660] (-) TimerEvent: {}
[435.188085] (-) TimerEvent: {}
[435.293860] (-) TimerEvent: {}
[435.396966] (-) TimerEvent: {}
[435.499494] (-) TimerEvent: {}
[435.602382] (-) TimerEvent: {}
[435.705294] (-) TimerEvent: {}
[435.808041] (-) TimerEvent: {}
[435.911059] (-) TimerEvent: {}
[436.014066] (-) TimerEvent: {}
[436.115714] (-) TimerEvent: {}
[436.217423] (-) TimerEvent: {}
[436.319017] (-) TimerEvent: {}
[436.420621] (-) TimerEvent: {}
[436.522423] (-) TimerEvent: {}
[436.624268] (-) TimerEvent: {}
[436.725816] (-) TimerEvent: {}
[436.826708] (-) TimerEvent: {}
[436.927788] (-) TimerEvent: {}
[437.028758] (-) TimerEvent: {}
[437.129618] (-) TimerEvent: {}
[437.230493] (-) TimerEvent: {}
[437.331517] (-) TimerEvent: {}
[437.432619] (-) TimerEvent: {}
[437.533647] (-) TimerEvent: {}
[437.634811] (-) TimerEvent: {}
[437.735975] (-) TimerEvent: {}
[437.836854] (-) TimerEvent: {}
[437.938313] (-) TimerEvent: {}
[438.039375] (-) TimerEvent: {}
[438.140457] (-) TimerEvent: {}
[438.241663] (-) TimerEvent: {}
[438.342756] (-) TimerEvent: {}
[438.443933] (-) TimerEvent: {}
[438.545204] (-) TimerEvent: {}
[438.646325] (-) TimerEvent: {}
[438.747312] (-) TimerEvent: {}
[438.848507] (-) TimerEvent: {}
[438.950374] (-) TimerEvent: {}
[439.051458] (-) TimerEvent: {}
[439.152565] (-) TimerEvent: {}
[439.253511] (-) TimerEvent: {}
[439.354479] (-) TimerEvent: {}
[439.455317] (-) TimerEvent: {}
[439.556360] (-) TimerEvent: {}
[439.657552] (-) TimerEvent: {}
[439.758541] (-) TimerEvent: {}
[439.859945] (-) TimerEvent: {}
[439.960980] (-) TimerEvent: {}
[440.062055] (-) TimerEvent: {}
[440.163104] (-) TimerEvent: {}
[440.264148] (-) TimerEvent: {}
[440.365117] (-) TimerEvent: {}
[440.467235] (-) TimerEvent: {}
[440.569108] (-) TimerEvent: {}
[440.670757] (-) TimerEvent: {}
[440.773389] (-) TimerEvent: {}
[440.874441] (-) TimerEvent: {}
[440.975774] (-) TimerEvent: {}
[441.076742] (-) TimerEvent: {}
[441.177986] (-) TimerEvent: {}
[441.281011] (-) TimerEvent: {}
[441.383636] (-) TimerEvent: {}
[441.485770] (-) TimerEvent: {}
[441.587408] (-) TimerEvent: {}
[441.689098] (-) TimerEvent: {}
[441.791004] (-) TimerEvent: {}
[441.892581] (-) TimerEvent: {}
[441.994273] (-) TimerEvent: {}
[442.096179] (-) TimerEvent: {}
[442.198144] (-) TimerEvent: {}
[442.299330] (-) TimerEvent: {}
[442.400279] (-) TimerEvent: {}
[442.501485] (-) TimerEvent: {}
[442.603267] (-) TimerEvent: {}
[442.705111] (-) TimerEvent: {}
[442.807593] (-) TimerEvent: {}
[442.909632] (-) TimerEvent: {}
[443.011607] (-) TimerEvent: {}
[443.113207] (-) TimerEvent: {}
[443.214744] (-) TimerEvent: {}
[443.315936] (-) TimerEvent: {}
[443.416792] (-) TimerEvent: {}
[443.517680] (-) TimerEvent: {}
[443.618900] (-) TimerEvent: {}
[443.719766] (-) TimerEvent: {}
[443.821750] (-) TimerEvent: {}
[443.925208] (-) TimerEvent: {}
[444.027817] (-) TimerEvent: {}
[444.130903] (-) TimerEvent: {}
[444.234032] (-) TimerEvent: {}
[444.335489] (-) TimerEvent: {}
[444.437121] (-) TimerEvent: {}
[444.538700] (-) TimerEvent: {}
[444.641847] (-) TimerEvent: {}
[444.744634] (-) TimerEvent: {}
[444.847935] (-) TimerEvent: {}
[444.950973] (-) TimerEvent: {}
[445.054059] (-) TimerEvent: {}
[445.157112] (-) TimerEvent: {}
[445.260169] (-) TimerEvent: {}
[445.363465] (-) TimerEvent: {}
[445.466697] (-) TimerEvent: {}
[445.569715] (-) TimerEvent: {}
[445.673840] (-) TimerEvent: {}
[445.778325] (-) TimerEvent: {}
[445.881508] (-) TimerEvent: {}
[445.984283] (-) TimerEvent: {}
[446.086023] (-) TimerEvent: {}
[446.187814] (-) TimerEvent: {}
[446.289542] (-) TimerEvent: {}
[446.392757] (-) TimerEvent: {}
[446.495612] (-) TimerEvent: {}
[446.598695] (-) TimerEvent: {}
[446.701658] (-) TimerEvent: {}
[446.804400] (-) TimerEvent: {}
[446.907163] (-) TimerEvent: {}
[447.010672] (-) TimerEvent: {}
[447.114056] (-) TimerEvent: {}
[447.215687] (-) TimerEvent: {}
[447.317893] (-) TimerEvent: {}
[447.418940] (-) TimerEvent: {}
[447.519889] (-) TimerEvent: {}
[447.620818] (-) TimerEvent: {}
[447.721994] (-) TimerEvent: {}
[447.823912] (-) TimerEvent: {}
[447.925047] (-) TimerEvent: {}
[448.026612] (-) TimerEvent: {}
[448.128243] (-) TimerEvent: {}
[448.229932] (-) TimerEvent: {}
[448.314839] (slam_toolbox) StdoutLine: {'line': b'[ 69%] \x1b[32m\x1b[1mLinking CXX shared library libSlamToolboxPlugin.so\x1b[0m\n'}
[448.330185] (-) TimerEvent: {}
[448.431982] (-) TimerEvent: {}
[448.534101] (-) TimerEvent: {}
[448.636188] (-) TimerEvent: {}
[448.738031] (-) TimerEvent: {}
[448.839990] (-) TimerEvent: {}
[448.941518] (-) TimerEvent: {}
[449.043005] (-) TimerEvent: {}
[449.144211] (-) TimerEvent: {}
[449.245346] (-) TimerEvent: {}
[449.347141] (-) TimerEvent: {}
[449.449091] (-) TimerEvent: {}
[449.550796] (-) TimerEvent: {}
[449.652598] (-) TimerEvent: {}
[449.754163] (-) TimerEvent: {}
[449.855465] (-) TimerEvent: {}
[449.957016] (-) TimerEvent: {}
[450.058267] (-) TimerEvent: {}
[450.159967] (-) TimerEvent: {}
[450.261202] (-) TimerEvent: {}
[450.362493] (-) TimerEvent: {}
[450.465397] (-) TimerEvent: {}
[450.566774] (-) TimerEvent: {}
[450.669419] (-) TimerEvent: {}
[450.772722] (-) TimerEvent: {}
[450.874348] (-) TimerEvent: {}
[450.976378] (-) TimerEvent: {}
[451.078332] (-) TimerEvent: {}
[451.180531] (-) TimerEvent: {}
[451.282425] (-) TimerEvent: {}
[451.384372] (-) TimerEvent: {}
[451.485358] (-) TimerEvent: {}
[451.586320] (-) TimerEvent: {}
[451.687360] (-) TimerEvent: {}
[451.788472] (-) TimerEvent: {}
[451.889645] (-) TimerEvent: {}
[451.990791] (-) TimerEvent: {}
[452.091983] (-) TimerEvent: {}
[452.193171] (-) TimerEvent: {}
[452.294290] (-) TimerEvent: {}
[452.395460] (-) TimerEvent: {}
[452.496455] (-) TimerEvent: {}
[452.597585] (-) TimerEvent: {}
[452.698839] (-) TimerEvent: {}
[452.800097] (-) TimerEvent: {}
[452.901528] (-) TimerEvent: {}
[453.002692] (-) TimerEvent: {}
[453.103727] (-) TimerEvent: {}
[453.204761] (-) TimerEvent: {}
[453.306222] (-) TimerEvent: {}
[453.407572] (-) TimerEvent: {}
[453.508925] (-) TimerEvent: {}
[453.609916] (-) TimerEvent: {}
[453.710944] (-) TimerEvent: {}
[453.812071] (-) TimerEvent: {}
[453.913142] (-) TimerEvent: {}
[454.014216] (-) TimerEvent: {}
[454.115194] (-) TimerEvent: {}
[454.216137] (-) TimerEvent: {}
[454.317195] (-) TimerEvent: {}
[454.418215] (-) TimerEvent: {}
[454.520558] (-) TimerEvent: {}
[454.621645] (-) TimerEvent: {}
[454.722744] (-) TimerEvent: {}
[454.824071] (-) TimerEvent: {}
[454.925498] (-) TimerEvent: {}
[455.026576] (-) TimerEvent: {}
[455.127750] (-) TimerEvent: {}
[455.228797] (-) TimerEvent: {}
[455.329922] (-) TimerEvent: {}
[455.430946] (-) TimerEvent: {}
[455.531856] (-) TimerEvent: {}
[455.632959] (-) TimerEvent: {}
[455.734163] (-) TimerEvent: {}
[455.835154] (-) TimerEvent: {}
[455.936406] (-) TimerEvent: {}
[456.037406] (-) TimerEvent: {}
[456.138368] (-) TimerEvent: {}
[456.248188] (-) TimerEvent: {}
[456.349350] (-) TimerEvent: {}
[456.450329] (-) TimerEvent: {}
[456.551316] (-) TimerEvent: {}
[456.652341] (-) TimerEvent: {}
[456.753418] (-) TimerEvent: {}
[456.854434] (-) TimerEvent: {}
[456.955423] (-) TimerEvent: {}
[457.056392] (-) TimerEvent: {}
[457.157369] (-) TimerEvent: {}
[457.258295] (-) TimerEvent: {}
[457.359393] (-) TimerEvent: {}
[457.460492] (-) TimerEvent: {}
[457.562431] (-) TimerEvent: {}
[457.664190] (-) TimerEvent: {}
[457.709888] (slam_toolbox) StdoutLine: {'line': b'[ 69%] Built target SlamToolboxPlugin\n'}
[457.764613] (-) TimerEvent: {}
[457.867874] (-) TimerEvent: {}
[457.972202] (-) TimerEvent: {}
[458.075414] (-) TimerEvent: {}
[458.178609] (-) TimerEvent: {}
[458.290685] (-) TimerEvent: {}
[458.393844] (-) TimerEvent: {}
[458.496649] (-) TimerEvent: {}
[458.600866] (-) TimerEvent: {}
[458.704251] (-) TimerEvent: {}
[458.811583] (-) TimerEvent: {}
[458.914489] (-) TimerEvent: {}
[459.016924] (-) TimerEvent: {}
[459.118915] (-) TimerEvent: {}
[459.220816] (-) TimerEvent: {}
[459.322772] (-) TimerEvent: {}
[459.465982] (-) TimerEvent: {}
[459.567818] (-) TimerEvent: {}
[459.669385] (-) TimerEvent: {}
[459.770944] (-) TimerEvent: {}
[459.872703] (-) TimerEvent: {}
[459.974522] (-) TimerEvent: {}
[460.076040] (-) TimerEvent: {}
[460.178012] (-) TimerEvent: {}
[460.279576] (-) TimerEvent: {}
[460.381232] (-) TimerEvent: {}
[460.483166] (-) TimerEvent: {}
[460.584870] (-) TimerEvent: {}
[460.686696] (-) TimerEvent: {}
[460.790143] (-) TimerEvent: {}
[460.891143] (-) TimerEvent: {}
[460.993138] (-) TimerEvent: {}
[461.094978] (-) TimerEvent: {}
[461.197600] (-) TimerEvent: {}
[461.300040] (-) TimerEvent: {}
[461.401954] (-) TimerEvent: {}
[461.504243] (-) TimerEvent: {}
[461.605788] (-) TimerEvent: {}
[461.706655] (-) TimerEvent: {}
[461.807544] (-) TimerEvent: {}
[461.908401] (-) TimerEvent: {}
[462.009281] (-) TimerEvent: {}
[462.110128] (-) TimerEvent: {}
[462.210969] (-) TimerEvent: {}
[462.311846] (-) TimerEvent: {}
[462.412701] (-) TimerEvent: {}
[462.513563] (-) TimerEvent: {}
[462.614410] (-) TimerEvent: {}
[462.715314] (-) TimerEvent: {}
[462.816228] (-) TimerEvent: {}
[462.917141] (-) TimerEvent: {}
[463.017973] (-) TimerEvent: {}
[463.118868] (-) TimerEvent: {}
[463.220878] (-) TimerEvent: {}
[463.326738] (-) TimerEvent: {}
[463.428521] (-) TimerEvent: {}
[463.530610] (-) TimerEvent: {}
[463.632899] (-) TimerEvent: {}
[463.734039] (-) TimerEvent: {}
[463.835021] (-) TimerEvent: {}
[463.935982] (-) TimerEvent: {}
[464.036938] (-) TimerEvent: {}
[464.137813] (-) TimerEvent: {}
[464.238679] (-) TimerEvent: {}
[464.339604] (-) TimerEvent: {}
[464.440633] (-) TimerEvent: {}
[464.542895] (-) TimerEvent: {}
[464.644480] (-) TimerEvent: {}
[464.746177] (-) TimerEvent: {}
[464.847713] (-) TimerEvent: {}
[464.949676] (-) TimerEvent: {}
[465.050746] (-) TimerEvent: {}
[465.152438] (-) TimerEvent: {}
[465.253448] (-) TimerEvent: {}
[465.354465] (-) TimerEvent: {}
[465.455503] (-) TimerEvent: {}
[465.556621] (-) TimerEvent: {}
[465.657640] (-) TimerEvent: {}
[465.758740] (-) TimerEvent: {}
[465.859863] (-) TimerEvent: {}
[465.960965] (-) TimerEvent: {}
[466.062032] (-) TimerEvent: {}
[466.163131] (-) TimerEvent: {}
[466.264726] (-) TimerEvent: {}
[466.366385] (-) TimerEvent: {}
[466.467920] (-) TimerEvent: {}
[466.569568] (-) TimerEvent: {}
[466.671175] (-) TimerEvent: {}
[466.772798] (-) TimerEvent: {}
[466.874789] (-) TimerEvent: {}
[466.976738] (-) TimerEvent: {}
[467.078054] (-) TimerEvent: {}
[467.179849] (-) TimerEvent: {}
[467.281991] (-) TimerEvent: {}
[467.383929] (-) TimerEvent: {}
[467.485985] (-) TimerEvent: {}
[467.587705] (-) TimerEvent: {}
[467.689674] (-) TimerEvent: {}
[467.791820] (-) TimerEvent: {}
[467.893128] (-) TimerEvent: {}
[467.994386] (-) TimerEvent: {}
[468.095479] (-) TimerEvent: {}
[468.198577] (-) TimerEvent: {}
[468.300617] (-) TimerEvent: {}
[468.402618] (-) TimerEvent: {}
[468.504371] (-) TimerEvent: {}
[468.605884] (-) TimerEvent: {}
[468.707856] (-) TimerEvent: {}
[468.809924] (-) TimerEvent: {}
[468.910924] (-) TimerEvent: {}
[469.013163] (-) TimerEvent: {}
[469.115007] (-) TimerEvent: {}
[469.216743] (-) TimerEvent: {}
[469.318958] (-) TimerEvent: {}
[469.420446] (-) TimerEvent: {}
[469.522082] (-) TimerEvent: {}
[469.623452] (-) TimerEvent: {}
[469.724565] (-) TimerEvent: {}
[469.825810] (-) TimerEvent: {}
[469.926791] (-) TimerEvent: {}
[470.027623] (-) TimerEvent: {}
[470.128605] (-) TimerEvent: {}
[470.229950] (-) TimerEvent: {}
[470.331080] (-) TimerEvent: {}
[470.432142] (-) TimerEvent: {}
[470.533431] (-) TimerEvent: {}
[470.634473] (-) TimerEvent: {}
[470.735599] (-) TimerEvent: {}
[470.836858] (-) TimerEvent: {}
[470.938024] (-) TimerEvent: {}
[471.039257] (-) TimerEvent: {}
[471.140937] (-) TimerEvent: {}
[471.242735] (-) TimerEvent: {}
[471.344411] (-) TimerEvent: {}
[471.446473] (-) TimerEvent: {}
[471.549697] (-) TimerEvent: {}
[471.650825] (-) TimerEvent: {}
[471.751855] (-) TimerEvent: {}
[471.852902] (-) TimerEvent: {}
[471.953915] (-) TimerEvent: {}
[472.056087] (-) TimerEvent: {}
[472.157539] (-) TimerEvent: {}
[472.259506] (-) TimerEvent: {}
[472.360962] (-) TimerEvent: {}
[472.462691] (-) TimerEvent: {}
[472.564580] (-) TimerEvent: {}
[472.665664] (-) TimerEvent: {}
[472.767159] (-) TimerEvent: {}
[472.868745] (-) TimerEvent: {}
[472.970578] (-) TimerEvent: {}
[473.072156] (-) TimerEvent: {}
[473.173898] (-) TimerEvent: {}
[473.275785] (-) TimerEvent: {}
[473.377605] (-) TimerEvent: {}
[473.478689] (-) TimerEvent: {}
[473.580263] (-) TimerEvent: {}
[473.681562] (-) TimerEvent: {}
[473.782554] (-) TimerEvent: {}
[473.884311] (-) TimerEvent: {}
[473.985303] (-) TimerEvent: {}
[474.086257] (-) TimerEvent: {}
[474.187206] (-) TimerEvent: {}
[474.288248] (-) TimerEvent: {}
[474.389454] (-) TimerEvent: {}
[474.490686] (-) TimerEvent: {}
[474.592011] (-) TimerEvent: {}
[474.693178] (-) TimerEvent: {}
[474.794189] (-) TimerEvent: {}
[474.897326] (-) TimerEvent: {}
[474.999095] (-) TimerEvent: {}
[475.100121] (-) TimerEvent: {}
[475.201834] (-) TimerEvent: {}
[475.302668] (-) TimerEvent: {}
[475.403538] (-) TimerEvent: {}
[475.504678] (-) TimerEvent: {}
[475.605733] (-) TimerEvent: {}
[475.706714] (-) TimerEvent: {}
[475.807534] (-) TimerEvent: {}
[475.908366] (-) TimerEvent: {}
[476.009294] (-) TimerEvent: {}
[476.110219] (-) TimerEvent: {}
[476.211153] (-) TimerEvent: {}
[476.312052] (-) TimerEvent: {}
[476.412973] (-) TimerEvent: {}
[476.513965] (-) TimerEvent: {}
[476.614822] (-) TimerEvent: {}
[476.716459] (-) TimerEvent: {}
[476.818419] (-) TimerEvent: {}
[476.919494] (-) TimerEvent: {}
[477.020590] (-) TimerEvent: {}
[477.121799] (-) TimerEvent: {}
[477.223326] (-) TimerEvent: {}
[477.325221] (-) TimerEvent: {}
[477.426925] (-) TimerEvent: {}
[477.528067] (-) TimerEvent: {}
[477.629170] (-) TimerEvent: {}
[477.730224] (-) TimerEvent: {}
[477.831816] (-) TimerEvent: {}
[477.932874] (-) TimerEvent: {}
[478.034068] (-) TimerEvent: {}
[478.135053] (-) TimerEvent: {}
[478.236398] (-) TimerEvent: {}
[478.338038] (-) TimerEvent: {}
[478.438911] (-) TimerEvent: {}
[478.539782] (-) TimerEvent: {}
[478.640728] (-) TimerEvent: {}
[478.742500] (-) TimerEvent: {}
[478.844328] (-) TimerEvent: {}
[478.945920] (-) TimerEvent: {}
[479.047747] (-) TimerEvent: {}
[479.148681] (-) TimerEvent: {}
[479.249608] (-) TimerEvent: {}
[479.350450] (-) TimerEvent: {}
[479.451291] (-) TimerEvent: {}
[479.552092] (-) TimerEvent: {}
[479.653052] (-) TimerEvent: {}
[479.753871] (-) TimerEvent: {}
[479.854748] (-) TimerEvent: {}
[479.955869] (-) TimerEvent: {}
[480.056921] (-) TimerEvent: {}
[480.158056] (-) TimerEvent: {}
[480.259065] (-) TimerEvent: {}
[480.359972] (-) TimerEvent: {}
[480.461194] (-) TimerEvent: {}
[480.562452] (-) TimerEvent: {}
[480.663645] (-) TimerEvent: {}
[480.764735] (-) TimerEvent: {}
[480.865812] (-) TimerEvent: {}
[480.966855] (-) TimerEvent: {}
[481.067917] (-) TimerEvent: {}
[481.168816] (-) TimerEvent: {}
[481.269752] (-) TimerEvent: {}
[481.370694] (-) TimerEvent: {}
[481.471528] (-) TimerEvent: {}
[481.572626] (-) TimerEvent: {}
[481.674474] (-) TimerEvent: {}
[481.776486] (-) TimerEvent: {}
[481.878587] (-) TimerEvent: {}
[481.979725] (-) TimerEvent: {}
[482.080927] (-) TimerEvent: {}
[482.182568] (-) TimerEvent: {}
[482.283676] (-) TimerEvent: {}
[482.384844] (-) TimerEvent: {}
[482.485843] (-) TimerEvent: {}
[482.587066] (-) TimerEvent: {}
[482.688188] (-) TimerEvent: {}
[482.789225] (-) TimerEvent: {}
[482.890172] (-) TimerEvent: {}
[482.991163] (-) TimerEvent: {}
[483.092164] (-) TimerEvent: {}
[483.193159] (-) TimerEvent: {}
[483.294001] (-) TimerEvent: {}
[483.394903] (-) TimerEvent: {}
[483.495826] (-) TimerEvent: {}
[483.596766] (-) TimerEvent: {}
[483.698925] (-) TimerEvent: {}
[483.801319] (-) TimerEvent: {}
[483.903884] (-) TimerEvent: {}
[484.005726] (-) TimerEvent: {}
[484.107587] (-) TimerEvent: {}
[484.209299] (-) TimerEvent: {}
[484.310349] (-) TimerEvent: {}
[484.411246] (-) TimerEvent: {}
[484.512082] (-) TimerEvent: {}
[484.612953] (-) TimerEvent: {}
[484.713905] (-) TimerEvent: {}
[484.814715] (-) TimerEvent: {}
[484.915642] (-) TimerEvent: {}
[485.017380] (-) TimerEvent: {}
[485.118563] (-) TimerEvent: {}
[485.220276] (-) TimerEvent: {}
[485.321764] (-) TimerEvent: {}
[485.422971] (-) TimerEvent: {}
[485.523881] (-) TimerEvent: {}
[485.624815] (-) TimerEvent: {}
[485.725990] (-) TimerEvent: {}
[485.827037] (-) TimerEvent: {}
[485.928111] (-) TimerEvent: {}
[486.029087] (-) TimerEvent: {}
[486.129993] (-) TimerEvent: {}
[486.231019] (-) TimerEvent: {}
[486.331887] (-) TimerEvent: {}
[486.432829] (-) TimerEvent: {}
[486.533752] (-) TimerEvent: {}
[486.634584] (-) TimerEvent: {}
[486.735462] (-) TimerEvent: {}
[486.836317] (-) TimerEvent: {}
[486.937213] (-) TimerEvent: {}
[487.038125] (-) TimerEvent: {}
[487.139004] (-) TimerEvent: {}
[487.241195] (-) TimerEvent: {}
[487.343212] (-) TimerEvent: {}
[487.445153] (-) TimerEvent: {}
[487.547069] (-) TimerEvent: {}
[487.648730] (-) TimerEvent: {}
[487.750689] (-) TimerEvent: {}
[487.851749] (-) TimerEvent: {}
[487.953586] (-) TimerEvent: {}
[488.055600] (-) TimerEvent: {}
[488.157494] (-) TimerEvent: {}
[488.259066] (-) TimerEvent: {}
[488.359898] (-) TimerEvent: {}
[488.460751] (-) TimerEvent: {}
[488.561671] (-) TimerEvent: {}
[488.662864] (-) TimerEvent: {}
[488.764165] (-) TimerEvent: {}
[488.865270] (-) TimerEvent: {}
[488.966250] (-) TimerEvent: {}
[489.067192] (-) TimerEvent: {}
[489.168446] (-) TimerEvent: {}
[489.269577] (-) TimerEvent: {}
[489.370492] (-) TimerEvent: {}
[489.471578] (-) TimerEvent: {}
[489.572619] (-) TimerEvent: {}
[489.674781] (-) TimerEvent: {}
[489.776457] (-) TimerEvent: {}
[489.878997] (-) TimerEvent: {}
[489.981279] (-) TimerEvent: {}
[490.083135] (-) TimerEvent: {}
[490.184823] (-) TimerEvent: {}
[490.285846] (-) TimerEvent: {}
[490.386864] (-) TimerEvent: {}
[490.488441] (-) TimerEvent: {}
[490.589571] (-) TimerEvent: {}
[490.690765] (-) TimerEvent: {}
[490.791934] (-) TimerEvent: {}
[490.892983] (-) TimerEvent: {}
[490.994120] (-) TimerEvent: {}
[491.095286] (-) TimerEvent: {}
[491.196881] (-) TimerEvent: {}
[491.298456] (-) TimerEvent: {}
[491.405145] (-) TimerEvent: {}
[491.506329] (-) TimerEvent: {}
[491.607913] (-) TimerEvent: {}
[491.708777] (-) TimerEvent: {}
[491.809662] (-) TimerEvent: {}
[491.910502] (-) TimerEvent: {}
[492.011436] (-) TimerEvent: {}
[492.112469] (-) TimerEvent: {}
[492.213347] (-) TimerEvent: {}
[492.314204] (-) TimerEvent: {}
[492.415080] (-) TimerEvent: {}
[492.516045] (-) TimerEvent: {}
[492.616959] (-) TimerEvent: {}
[492.718689] (-) TimerEvent: {}
[492.820297] (-) TimerEvent: {}
[492.921480] (-) TimerEvent: {}
[493.022592] (-) TimerEvent: {}
[493.123584] (-) TimerEvent: {}
[493.225177] (-) TimerEvent: {}
[493.326867] (-) TimerEvent: {}
[493.428617] (-) TimerEvent: {}
[493.529549] (-) TimerEvent: {}
[493.630415] (-) TimerEvent: {}
[493.731396] (-) TimerEvent: {}
[493.833454] (-) TimerEvent: {}
[493.935808] (-) TimerEvent: {}
[494.036832] (-) TimerEvent: {}
[494.137893] (-) TimerEvent: {}
[494.239499] (-) TimerEvent: {}
[494.341085] (-) TimerEvent: {}
[494.442848] (-) TimerEvent: {}
[494.543684] (-) TimerEvent: {}
[494.644557] (-) TimerEvent: {}
[494.745548] (-) TimerEvent: {}
[494.846420] (-) TimerEvent: {}
[494.948410] (-) TimerEvent: {}
[495.049546] (-) TimerEvent: {}
[495.151424] (-) TimerEvent: {}
[495.253009] (-) TimerEvent: {}
[495.354647] (-) TimerEvent: {}
[495.456872] (-) TimerEvent: {}
[495.557917] (-) TimerEvent: {}
[495.658715] (-) TimerEvent: {}
[495.759701] (-) TimerEvent: {}
[495.860811] (-) TimerEvent: {}
[495.961756] (-) TimerEvent: {}
[496.062695] (-) TimerEvent: {}
[496.164022] (-) TimerEvent: {}
[496.265097] (-) TimerEvent: {}
[496.366453] (-) TimerEvent: {}
[496.468162] (-) TimerEvent: {}
[496.570183] (-) TimerEvent: {}
[496.672068] (-) TimerEvent: {}
[496.773284] (-) TimerEvent: {}
[496.874580] (-) TimerEvent: {}
[496.976083] (-) TimerEvent: {}
[497.078065] (-) TimerEvent: {}
[497.179696] (-) TimerEvent: {}
[497.281428] (-) TimerEvent: {}
[497.382946] (-) TimerEvent: {}
[497.484074] (-) TimerEvent: {}
[497.584903] (-) TimerEvent: {}
[497.685895] (-) TimerEvent: {}
[497.786962] (-) TimerEvent: {}
[497.887830] (-) TimerEvent: {}
[497.988684] (-) TimerEvent: {}
[498.090279] (-) TimerEvent: {}
[498.192058] (-) TimerEvent: {}
[498.294423] (-) TimerEvent: {}
[498.396227] (-) TimerEvent: {}
[498.497634] (-) TimerEvent: {}
[498.599025] (-) TimerEvent: {}
[498.701693] (-) TimerEvent: {}
[498.803831] (-) TimerEvent: {}
[498.906129] (-) TimerEvent: {}
[499.009466] (-) TimerEvent: {}
[499.111120] (-) TimerEvent: {}
[499.212933] (-) TimerEvent: {}
[499.314623] (-) TimerEvent: {}
[499.416218] (-) TimerEvent: {}
[499.517790] (-) TimerEvent: {}
[499.619437] (-) TimerEvent: {}
[499.720712] (-) TimerEvent: {}
[499.821979] (-) TimerEvent: {}
[499.924909] (-) TimerEvent: {}
[500.026439] (-) TimerEvent: {}
[500.127668] (-) TimerEvent: {}
[500.228744] (-) TimerEvent: {}
[500.329738] (-) TimerEvent: {}
[500.430699] (-) TimerEvent: {}
[500.531678] (-) TimerEvent: {}
[500.632522] (-) TimerEvent: {}
[500.733344] (-) TimerEvent: {}
[500.834161] (-) TimerEvent: {}
[500.934972] (-) TimerEvent: {}
[501.035875] (-) TimerEvent: {}
[501.136877] (-) TimerEvent: {}
[501.237900] (-) TimerEvent: {}
[501.338851] (-) TimerEvent: {}
[501.439730] (-) TimerEvent: {}
[501.540655] (-) TimerEvent: {}
[501.642581] (-) TimerEvent: {}
[501.743494] (-) TimerEvent: {}
[501.844469] (-) TimerEvent: {}
[501.945333] (-) TimerEvent: {}
[502.046353] (-) TimerEvent: {}
[502.147215] (-) TimerEvent: {}
[502.248562] (-) TimerEvent: {}
[502.349565] (-) TimerEvent: {}
[502.450664] (-) TimerEvent: {}
[502.552488] (-) TimerEvent: {}
[502.653468] (-) TimerEvent: {}
[502.754366] (-) TimerEvent: {}
[502.855404] (-) TimerEvent: {}
[502.956364] (-) TimerEvent: {}
[503.057247] (-) TimerEvent: {}
[503.158130] (-) TimerEvent: {}
[503.260313] (-) TimerEvent: {}
[503.362182] (-) TimerEvent: {}
[503.463275] (-) TimerEvent: {}
[503.564897] (-) TimerEvent: {}
[503.670256] (-) TimerEvent: {}
[503.771751] (-) TimerEvent: {}
[503.873743] (-) TimerEvent: {}
[503.975457] (-) TimerEvent: {}
[504.076534] (-) TimerEvent: {}
[504.178415] (-) TimerEvent: {}
[504.280088] (-) TimerEvent: {}
[504.381939] (-) TimerEvent: {}
[504.483495] (-) TimerEvent: {}
[504.584985] (-) TimerEvent: {}
[504.686531] (-) TimerEvent: {}
[504.788320] (-) TimerEvent: {}
[504.889445] (-) TimerEvent: {}
[504.991530] (-) TimerEvent: {}
[505.092961] (-) TimerEvent: {}
[505.194411] (-) TimerEvent: {}
[505.295774] (-) TimerEvent: {}
[505.396962] (-) TimerEvent: {}
[505.498491] (-) TimerEvent: {}
[505.600499] (-) TimerEvent: {}
[505.702115] (-) TimerEvent: {}
[505.803474] (-) TimerEvent: {}
[505.904920] (-) TimerEvent: {}
[506.006583] (-) TimerEvent: {}
[506.108017] (-) TimerEvent: {}
[506.209227] (-) TimerEvent: {}
[506.310342] (-) TimerEvent: {}
[506.412675] (-) TimerEvent: {}
[506.515358] (-) TimerEvent: {}
[506.617939] (-) TimerEvent: {}
[506.720714] (-) TimerEvent: {}
[506.821841] (-) TimerEvent: {}
[506.923744] (-) TimerEvent: {}
[507.025600] (-) TimerEvent: {}
[507.127179] (-) TimerEvent: {}
[507.229361] (-) TimerEvent: {}
[507.330637] (-) TimerEvent: {}
[507.433521] (-) TimerEvent: {}
[507.535017] (-) TimerEvent: {}
[507.636162] (-) TimerEvent: {}
[507.737221] (-) TimerEvent: {}
[507.838327] (-) TimerEvent: {}
[507.939491] (-) TimerEvent: {}
[508.040563] (-) TimerEvent: {}
[508.142503] (-) TimerEvent: {}
[508.244477] (-) TimerEvent: {}
[508.346556] (-) TimerEvent: {}
[508.449262] (-) TimerEvent: {}
[508.467237] (slam_toolbox) StdoutLine: {'line': b'[ 70%] \x1b[32mBuilding CXX object CMakeFiles/toolbox_common.dir/src/laser_utils.cpp.o\x1b[0m\n'}
[508.549469] (-) TimerEvent: {}
[508.651133] (-) TimerEvent: {}
[508.760206] (-) TimerEvent: {}
[508.862279] (-) TimerEvent: {}
[508.963183] (-) TimerEvent: {}
[509.064284] (-) TimerEvent: {}
[509.165231] (-) TimerEvent: {}
[509.266412] (-) TimerEvent: {}
[509.368292] (-) TimerEvent: {}
[509.470151] (-) TimerEvent: {}
[509.571621] (-) TimerEvent: {}
[509.673306] (-) TimerEvent: {}
[509.775498] (-) TimerEvent: {}
[509.877480] (-) TimerEvent: {}
[509.979005] (-) TimerEvent: {}
[510.079995] (-) TimerEvent: {}
[510.181055] (-) TimerEvent: {}
[510.282016] (-) TimerEvent: {}
[510.382935] (-) TimerEvent: {}
[510.483804] (-) TimerEvent: {}
[510.584837] (-) TimerEvent: {}
[510.686084] (-) TimerEvent: {}
[510.787197] (-) TimerEvent: {}
[510.888204] (-) TimerEvent: {}
[510.989347] (-) TimerEvent: {}
[511.090246] (-) TimerEvent: {}
[511.191830] (-) TimerEvent: {}
[511.293561] (-) TimerEvent: {}
[511.396006] (-) TimerEvent: {}
[511.498621] (-) TimerEvent: {}
[511.600434] (-) TimerEvent: {}
[511.702140] (-) TimerEvent: {}
[511.803850] (-) TimerEvent: {}
[511.905680] (-) TimerEvent: {}
[512.007320] (-) TimerEvent: {}
[512.109258] (-) TimerEvent: {}
[512.211206] (-) TimerEvent: {}
[512.313531] (-) TimerEvent: {}
[512.415426] (-) TimerEvent: {}
[512.517389] (-) TimerEvent: {}
[512.619214] (-) TimerEvent: {}
[512.722006] (-) TimerEvent: {}
[512.823826] (-) TimerEvent: {}
[512.925417] (-) TimerEvent: {}
[513.027312] (-) TimerEvent: {}
[513.129308] (-) TimerEvent: {}
[513.231311] (-) TimerEvent: {}
[513.334114] (-) TimerEvent: {}
[513.436964] (-) TimerEvent: {}
[513.538871] (-) TimerEvent: {}
[513.640449] (-) TimerEvent: {}
[513.742285] (-) TimerEvent: {}
[513.843420] (-) TimerEvent: {}
[513.945630] (-) TimerEvent: {}
[514.047477] (-) TimerEvent: {}
[514.148509] (-) TimerEvent: {}
[514.249485] (-) TimerEvent: {}
[514.351455] (-) TimerEvent: {}
[514.454006] (-) TimerEvent: {}
[514.555987] (-) TimerEvent: {}
[514.657794] (-) TimerEvent: {}
[514.759572] (-) TimerEvent: {}
[514.863889] (-) TimerEvent: {}
[514.966174] (-) TimerEvent: {}
[515.067222] (-) TimerEvent: {}
[515.168340] (-) TimerEvent: {}
[515.269535] (-) TimerEvent: {}
[515.370637] (-) TimerEvent: {}
[515.471669] (-) TimerEvent: {}
[515.572998] (-) TimerEvent: {}
[515.673933] (-) TimerEvent: {}
[515.774938] (-) TimerEvent: {}
[515.876423] (-) TimerEvent: {}
[515.978429] (-) TimerEvent: {}
[516.080349] (-) TimerEvent: {}
[516.182058] (-) TimerEvent: {}
[516.283663] (-) TimerEvent: {}
[516.385139] (-) TimerEvent: {}
[516.486756] (-) TimerEvent: {}
[516.587677] (-) TimerEvent: {}
[516.689560] (-) TimerEvent: {}
[516.792014] (-) TimerEvent: {}
[516.892993] (-) TimerEvent: {}
[516.994592] (-) TimerEvent: {}
[517.095597] (-) TimerEvent: {}
[517.197242] (-) TimerEvent: {}
[517.299279] (-) TimerEvent: {}
[517.401508] (-) TimerEvent: {}
[517.503032] (-) TimerEvent: {}
[517.605350] (-) TimerEvent: {}
[517.707479] (-) TimerEvent: {}
[517.809010] (-) TimerEvent: {}
[517.910643] (-) TimerEvent: {}
[518.012478] (-) TimerEvent: {}
[518.114338] (-) TimerEvent: {}
[518.216046] (-) TimerEvent: {}
[518.318684] (-) TimerEvent: {}
[518.420399] (-) TimerEvent: {}
[518.522147] (-) TimerEvent: {}
[518.623915] (-) TimerEvent: {}
[518.725624] (-) TimerEvent: {}
[518.827631] (-) TimerEvent: {}
[518.929441] (-) TimerEvent: {}
[519.030348] (-) TimerEvent: {}
[519.131359] (-) TimerEvent: {}
[519.232238] (-) TimerEvent: {}
[519.333275] (-) TimerEvent: {}
[519.434266] (-) TimerEvent: {}
[519.537568] (-) TimerEvent: {}
[519.640237] (-) TimerEvent: {}
[519.741965] (-) TimerEvent: {}
[519.844620] (-) TimerEvent: {}
[519.946196] (-) TimerEvent: {}
[520.047220] (-) TimerEvent: {}
[520.149338] (-) TimerEvent: {}
[520.252644] (-) TimerEvent: {}
[520.356094] (-) TimerEvent: {}
[520.458457] (-) TimerEvent: {}
[520.560137] (-) TimerEvent: {}
[520.662905] (-) TimerEvent: {}
[520.765789] (-) TimerEvent: {}
[520.869352] (-) TimerEvent: {}
[520.972160] (-) TimerEvent: {}
[521.074921] (-) TimerEvent: {}
[521.177676] (-) TimerEvent: {}
[521.280617] (-) TimerEvent: {}
[521.383999] (-) TimerEvent: {}
[521.487216] (-) TimerEvent: {}
[521.590258] (-) TimerEvent: {}
[521.692863] (-) TimerEvent: {}
[521.795425] (-) TimerEvent: {}
[521.898785] (-) TimerEvent: {}
[522.002675] (-) TimerEvent: {}
[522.104293] (-) TimerEvent: {}
[522.208779] (-) TimerEvent: {}
[522.312193] (-) TimerEvent: {}
[522.415702] (-) TimerEvent: {}
[522.520584] (-) TimerEvent: {}
[522.623950] (-) TimerEvent: {}
[522.730386] (-) TimerEvent: {}
[522.832946] (-) TimerEvent: {}
[522.936374] (-) TimerEvent: {}
[523.039400] (-) TimerEvent: {}
[523.141302] (-) TimerEvent: {}
[523.243579] (-) TimerEvent: {}
[523.344795] (-) TimerEvent: {}
[523.445969] (-) TimerEvent: {}
[523.548004] (-) TimerEvent: {}
[523.650174] (-) TimerEvent: {}
[523.753792] (-) TimerEvent: {}
[523.857325] (-) TimerEvent: {}
[523.959477] (-) TimerEvent: {}
[524.060699] (-) TimerEvent: {}
[524.162187] (-) TimerEvent: {}
[524.263290] (-) TimerEvent: {}
[524.364338] (-) TimerEvent: {}
[524.466224] (-) TimerEvent: {}
[524.568101] (-) TimerEvent: {}
[524.670025] (-) TimerEvent: {}
[524.771840] (-) TimerEvent: {}
[524.875521] (-) TimerEvent: {}
[524.977526] (-) TimerEvent: {}
[525.078603] (-) TimerEvent: {}
[525.179775] (-) TimerEvent: {}
[525.280985] (-) TimerEvent: {}
[525.382092] (-) TimerEvent: {}
[525.483287] (-) TimerEvent: {}
[525.584481] (-) TimerEvent: {}
[525.685711] (-) TimerEvent: {}
[525.787494] (-) TimerEvent: {}
[525.889547] (-) TimerEvent: {}
[525.991543] (-) TimerEvent: {}
[526.092720] (-) TimerEvent: {}
[526.194712] (-) TimerEvent: {}
[526.295987] (-) TimerEvent: {}
[526.398661] (-) TimerEvent: {}
[526.500751] (-) TimerEvent: {}
[526.602778] (-) TimerEvent: {}
[526.704780] (-) TimerEvent: {}
[526.805931] (-) TimerEvent: {}
[526.907032] (-) TimerEvent: {}
[527.007936] (-) TimerEvent: {}
[527.108973] (-) TimerEvent: {}
[527.210029] (-) TimerEvent: {}
[527.311821] (-) TimerEvent: {}
[527.414206] (-) TimerEvent: {}
[527.516201] (-) TimerEvent: {}
[527.618503] (-) TimerEvent: {}
[527.720586] (-) TimerEvent: {}
[527.821663] (-) TimerEvent: {}
[527.923677] (-) TimerEvent: {}
[528.025372] (-) TimerEvent: {}
[528.126383] (-) TimerEvent: {}
[528.227582] (-) TimerEvent: {}
[528.329043] (-) TimerEvent: {}
[528.430149] (-) TimerEvent: {}
[528.531800] (-) TimerEvent: {}
[528.633813] (-) TimerEvent: {}
[528.735963] (-) TimerEvent: {}
[528.838556] (-) TimerEvent: {}
[528.941162] (-) TimerEvent: {}
[529.043025] (-) TimerEvent: {}
[529.144096] (-) TimerEvent: {}
[529.250804] (-) TimerEvent: {}
[529.352341] (-) TimerEvent: {}
[529.454802] (-) TimerEvent: {}
[529.557276] (-) TimerEvent: {}
[529.660075] (-) TimerEvent: {}
[529.762677] (-) TimerEvent: {}
[529.865180] (-) TimerEvent: {}
[529.968479] (-) TimerEvent: {}
[530.070795] (-) TimerEvent: {}
[530.171913] (-) TimerEvent: {}
[530.273311] (-) TimerEvent: {}
[530.374300] (-) TimerEvent: {}
[530.475503] (-) TimerEvent: {}
[530.576970] (-) TimerEvent: {}
[530.678176] (-) TimerEvent: {}
[530.779242] (-) TimerEvent: {}
[530.886281] (-) TimerEvent: {}
[530.988193] (-) TimerEvent: {}
[531.090209] (-) TimerEvent: {}
[531.192598] (-) TimerEvent: {}
[531.294593] (-) TimerEvent: {}
[531.397213] (-) TimerEvent: {}
[531.498967] (-) TimerEvent: {}
[531.599933] (-) TimerEvent: {}
[531.702489] (-) TimerEvent: {}
[531.804939] (-) TimerEvent: {}
[531.906286] (-) TimerEvent: {}
[532.008960] (-) TimerEvent: {}
[532.111398] (-) TimerEvent: {}
[532.214405] (-) TimerEvent: {}
[532.316546] (-) TimerEvent: {}
[532.418716] (-) TimerEvent: {}
[532.527750] (-) TimerEvent: {}
[532.630928] (-) TimerEvent: {}
[532.733604] (-) TimerEvent: {}
[532.835499] (-) TimerEvent: {}
[532.938101] (-) TimerEvent: {}
[533.040173] (-) TimerEvent: {}
[533.142462] (-) TimerEvent: {}
[533.244711] (-) TimerEvent: {}
[533.346928] (-) TimerEvent: {}
[533.449066] (-) TimerEvent: {}
[533.551213] (-) TimerEvent: {}
[533.653671] (-) TimerEvent: {}
[533.755748] (-) TimerEvent: {}
[533.857950] (-) TimerEvent: {}
[533.960413] (-) TimerEvent: {}
[534.062238] (-) TimerEvent: {}
[534.163718] (-) TimerEvent: {}
[534.265851] (-) TimerEvent: {}
[534.367574] (-) TimerEvent: {}
[534.468900] (-) TimerEvent: {}
[534.570532] (-) TimerEvent: {}
[534.672929] (-) TimerEvent: {}
[534.776186] (-) TimerEvent: {}
[534.878682] (-) TimerEvent: {}
[534.993291] (-) TimerEvent: {}
[535.097336] (-) TimerEvent: {}
[535.198753] (-) TimerEvent: {}
[535.299988] (-) TimerEvent: {}
[535.402037] (-) TimerEvent: {}
[535.504343] (-) TimerEvent: {}
[535.606585] (-) TimerEvent: {}
[535.709429] (-) TimerEvent: {}
[535.811036] (-) TimerEvent: {}
[535.919497] (-) TimerEvent: {}
[536.020906] (-) TimerEvent: {}
[536.122924] (-) TimerEvent: {}
[536.224973] (-) TimerEvent: {}
[536.326379] (-) TimerEvent: {}
[536.427856] (-) TimerEvent: {}
[536.529290] (-) TimerEvent: {}
[536.630276] (-) TimerEvent: {}
[536.731319] (-) TimerEvent: {}
[536.832329] (-) TimerEvent: {}
[536.933291] (-) TimerEvent: {}
[537.034329] (-) TimerEvent: {}
[537.135442] (-) TimerEvent: {}
[537.236931] (-) TimerEvent: {}
[537.338436] (-) TimerEvent: {}
[537.440498] (-) TimerEvent: {}
[537.544635] (-) TimerEvent: {}
[537.647228] (-) TimerEvent: {}
[537.749200] (-) TimerEvent: {}
[537.852272] (-) TimerEvent: {}
[537.954031] (-) TimerEvent: {}
[538.055924] (-) TimerEvent: {}
[538.115515] (slam_toolbox) StdoutLine: {'line': b'[ 71%] \x1b[32mBuilding CXX object CMakeFiles/toolbox_common.dir/src/slam_mapper.cpp.o\x1b[0m\n'}
[538.156193] (-) TimerEvent: {}
[538.258077] (-) TimerEvent: {}
[538.359404] (-) TimerEvent: {}
[538.460322] (-) TimerEvent: {}
[538.561499] (-) TimerEvent: {}
[538.662752] (-) TimerEvent: {}
[538.764380] (-) TimerEvent: {}
[538.865972] (-) TimerEvent: {}
[538.967585] (-) TimerEvent: {}
[539.068806] (-) TimerEvent: {}
[539.169799] (-) TimerEvent: {}
[539.270802] (-) TimerEvent: {}
[539.371786] (-) TimerEvent: {}
[539.472756] (-) TimerEvent: {}
[539.573803] (-) TimerEvent: {}
[539.676483] (-) TimerEvent: {}
[539.778084] (-) TimerEvent: {}
[539.879612] (-) TimerEvent: {}
[539.981282] (-) TimerEvent: {}
[540.082268] (-) TimerEvent: {}
[540.183281] (-) TimerEvent: {}
[540.285341] (-) TimerEvent: {}
[540.387547] (-) TimerEvent: {}
[540.488538] (-) TimerEvent: {}
[540.589574] (-) TimerEvent: {}
[540.690631] (-) TimerEvent: {}
[540.791622] (-) TimerEvent: {}
[540.892653] (-) TimerEvent: {}
[540.993643] (-) TimerEvent: {}
[541.094979] (-) TimerEvent: {}
[541.196515] (-) TimerEvent: {}
[541.298158] (-) TimerEvent: {}
[541.399871] (-) TimerEvent: {}
[541.501482] (-) TimerEvent: {}
[541.602745] (-) TimerEvent: {}
[541.704338] (-) TimerEvent: {}
[541.806009] (-) TimerEvent: {}
[541.907559] (-) TimerEvent: {}
[542.009473] (-) TimerEvent: {}
[542.112026] (-) TimerEvent: {}
[542.213989] (-) TimerEvent: {}
[542.316476] (-) TimerEvent: {}
[542.420243] (-) TimerEvent: {}
[542.527527] (-) TimerEvent: {}
[542.628528] (-) TimerEvent: {}
[542.730533] (-) TimerEvent: {}
[542.831947] (-) TimerEvent: {}
[542.933749] (-) TimerEvent: {}
[543.035612] (-) TimerEvent: {}
[543.138054] (-) TimerEvent: {}
[543.240311] (-) TimerEvent: {}
[543.342674] (-) TimerEvent: {}
[543.444803] (-) TimerEvent: {}
[543.546560] (-) TimerEvent: {}
[543.648372] (-) TimerEvent: {}
[543.751994] (-) TimerEvent: {}
[543.855516] (-) TimerEvent: {}
[543.960427] (-) TimerEvent: {}
[544.062002] (-) TimerEvent: {}
[544.163838] (-) TimerEvent: {}
[544.265680] (-) TimerEvent: {}
[544.367202] (-) TimerEvent: {}
[544.468984] (-) TimerEvent: {}
[544.570720] (-) TimerEvent: {}
[544.672158] (-) TimerEvent: {}
[544.775005] (-) TimerEvent: {}
[544.878379] (-) TimerEvent: {}
[544.980162] (-) TimerEvent: {}
[545.082453] (-) TimerEvent: {}
[545.186029] (-) TimerEvent: {}
[545.291414] (-) TimerEvent: {}
[545.396028] (-) TimerEvent: {}
[545.499146] (-) TimerEvent: {}
[545.601198] (-) TimerEvent: {}
[545.703185] (-) TimerEvent: {}
[545.804640] (-) TimerEvent: {}
[545.906323] (-) TimerEvent: {}
[546.007750] (-) TimerEvent: {}
[546.109205] (-) TimerEvent: {}
[546.210621] (-) TimerEvent: {}
[546.312057] (-) TimerEvent: {}
[546.413447] (-) TimerEvent: {}
[546.514995] (-) TimerEvent: {}
[546.616514] (-) TimerEvent: {}
[546.717974] (-) TimerEvent: {}
[546.819793] (-) TimerEvent: {}
[546.921083] (-) TimerEvent: {}
[547.021808] (-) TimerEvent: {}
[547.122594] (-) TimerEvent: {}
[547.223560] (-) TimerEvent: {}
[547.324670] (-) TimerEvent: {}
[547.425684] (-) TimerEvent: {}
[547.526903] (-) TimerEvent: {}
[547.628284] (-) TimerEvent: {}
[547.729091] (-) TimerEvent: {}
[547.829899] (-) TimerEvent: {}
[547.930679] (-) TimerEvent: {}
[548.031745] (-) TimerEvent: {}
[548.132703] (-) TimerEvent: {}
[548.234124] (-) TimerEvent: {}
[548.335935] (-) TimerEvent: {}
[548.437223] (-) TimerEvent: {}
[548.538880] (-) TimerEvent: {}
[548.641504] (-) TimerEvent: {}
[548.744354] (-) TimerEvent: {}
[548.847220] (-) TimerEvent: {}
[548.950089] (-) TimerEvent: {}
[549.051671] (-) TimerEvent: {}
[549.153432] (-) TimerEvent: {}
[549.254855] (-) TimerEvent: {}
[549.356447] (-) TimerEvent: {}
[549.458092] (-) TimerEvent: {}
[549.559921] (-) TimerEvent: {}
[549.661713] (-) TimerEvent: {}
[549.763292] (-) TimerEvent: {}
[549.864889] (-) TimerEvent: {}
[549.966493] (-) TimerEvent: {}
[550.068126] (-) TimerEvent: {}
[550.169802] (-) TimerEvent: {}
[550.271945] (-) TimerEvent: {}
[550.373705] (-) TimerEvent: {}
[550.475172] (-) TimerEvent: {}
[550.576955] (-) TimerEvent: {}
[550.678748] (-) TimerEvent: {}
[550.780747] (-) TimerEvent: {}
[550.882391] (-) TimerEvent: {}
[550.985750] (-) TimerEvent: {}
[551.088097] (-) TimerEvent: {}
[551.191108] (-) TimerEvent: {}
[551.294507] (-) TimerEvent: {}
[551.396748] (-) TimerEvent: {}
[551.499399] (-) TimerEvent: {}
[551.602213] (-) TimerEvent: {}
[551.704539] (-) TimerEvent: {}
[551.806876] (-) TimerEvent: {}
[551.907605] (-) TimerEvent: {}
[552.008361] (-) TimerEvent: {}
[552.109309] (-) TimerEvent: {}
[552.210335] (-) TimerEvent: {}
[552.311249] (-) TimerEvent: {}
[552.412081] (-) TimerEvent: {}
[552.512967] (-) TimerEvent: {}
[552.613961] (-) TimerEvent: {}
[552.715053] (-) TimerEvent: {}
[552.815866] (-) TimerEvent: {}
[552.916708] (-) TimerEvent: {}
[553.017554] (-) TimerEvent: {}
[553.118420] (-) TimerEvent: {}
[553.219158] (-) TimerEvent: {}
[553.319986] (-) TimerEvent: {}
[553.420808] (-) TimerEvent: {}
[553.521691] (-) TimerEvent: {}
[553.622664] (-) TimerEvent: {}
[553.723592] (-) TimerEvent: {}
[553.824428] (-) TimerEvent: {}
[553.925362] (-) TimerEvent: {}
[554.026215] (-) TimerEvent: {}
[554.126955] (-) TimerEvent: {}
[554.227756] (-) TimerEvent: {}
[554.328576] (-) TimerEvent: {}
[554.429742] (-) TimerEvent: {}
[554.530475] (-) TimerEvent: {}
[554.631333] (-) TimerEvent: {}
[554.732307] (-) TimerEvent: {}
[554.833577] (-) TimerEvent: {}
[554.934420] (-) TimerEvent: {}
[555.035468] (-) TimerEvent: {}
[555.136490] (-) TimerEvent: {}
[555.237394] (-) TimerEvent: {}
[555.338288] (-) TimerEvent: {}
[555.439218] (-) TimerEvent: {}
[555.540096] (-) TimerEvent: {}
[555.640977] (-) TimerEvent: {}
[555.741904] (-) TimerEvent: {}
[555.842839] (-) TimerEvent: {}
[555.943922] (-) TimerEvent: {}
[556.044802] (-) TimerEvent: {}
[556.148157] (-) TimerEvent: {}
[556.249076] (-) TimerEvent: {}
[556.349918] (-) TimerEvent: {}
[556.450784] (-) TimerEvent: {}
[556.551631] (-) TimerEvent: {}
[556.652418] (-) TimerEvent: {}
[556.753284] (-) TimerEvent: {}
[556.854203] (-) TimerEvent: {}
[556.955224] (-) TimerEvent: {}
[557.056188] (-) TimerEvent: {}
[557.157014] (-) TimerEvent: {}
[557.257979] (-) TimerEvent: {}
[557.358869] (-) TimerEvent: {}
[557.459822] (-) TimerEvent: {}
[557.560741] (-) TimerEvent: {}
[557.663111] (-) TimerEvent: {}
[557.763968] (-) TimerEvent: {}
[557.864831] (-) TimerEvent: {}
[557.965704] (-) TimerEvent: {}
[558.066513] (-) TimerEvent: {}
[558.167336] (-) TimerEvent: {}
[558.268201] (-) TimerEvent: {}
[558.369249] (-) TimerEvent: {}
[558.470289] (-) TimerEvent: {}
[558.571515] (-) TimerEvent: {}
[558.672428] (-) TimerEvent: {}
[558.773267] (-) TimerEvent: {}
[558.874167] (-) TimerEvent: {}
[558.974975] (-) TimerEvent: {}
[559.075928] (-) TimerEvent: {}
[559.176959] (-) TimerEvent: {}
[559.277803] (-) TimerEvent: {}
[559.378656] (-) TimerEvent: {}
[559.479565] (-) TimerEvent: {}
[559.580417] (-) TimerEvent: {}
[559.681216] (-) TimerEvent: {}
[559.782098] (-) TimerEvent: {}
[559.883934] (-) TimerEvent: {}
[559.984871] (-) TimerEvent: {}
[560.085754] (-) TimerEvent: {}
[560.186580] (-) TimerEvent: {}
[560.287502] (-) TimerEvent: {}
[560.388427] (-) TimerEvent: {}
[560.489305] (-) TimerEvent: {}
[560.590113] (-) TimerEvent: {}
[560.690939] (-) TimerEvent: {}
[560.791803] (-) TimerEvent: {}
[560.892630] (-) TimerEvent: {}
[560.993499] (-) TimerEvent: {}
[561.094361] (-) TimerEvent: {}
[561.195227] (-) TimerEvent: {}
[561.296039] (-) TimerEvent: {}
[561.396909] (-) TimerEvent: {}
[561.497835] (-) TimerEvent: {}
[561.598682] (-) TimerEvent: {}
[561.699536] (-) TimerEvent: {}
[561.800375] (-) TimerEvent: {}
[561.901250] (-) TimerEvent: {}
[562.002124] (-) TimerEvent: {}
[562.102978] (-) TimerEvent: {}
[562.203852] (-) TimerEvent: {}
[562.304684] (-) TimerEvent: {}
[562.405563] (-) TimerEvent: {}
[562.506376] (-) TimerEvent: {}
[562.607207] (-) TimerEvent: {}
[562.708025] (-) TimerEvent: {}
[562.808863] (-) TimerEvent: {}
[562.909831] (-) TimerEvent: {}
[563.010649] (-) TimerEvent: {}
[563.111507] (-) TimerEvent: {}
[563.212332] (-) TimerEvent: {}
[563.313311] (-) TimerEvent: {}
[563.414300] (-) TimerEvent: {}
[563.515123] (-) TimerEvent: {}
[563.616002] (-) TimerEvent: {}
[563.716895] (-) TimerEvent: {}
[563.817983] (-) TimerEvent: {}
[563.918803] (-) TimerEvent: {}
[564.019642] (-) TimerEvent: {}
[564.120556] (-) TimerEvent: {}
[564.221539] (-) TimerEvent: {}
[564.322447] (-) TimerEvent: {}
[564.423916] (-) TimerEvent: {}
[564.524811] (-) TimerEvent: {}
[564.626026] (-) TimerEvent: {}
[564.726987] (-) TimerEvent: {}
[564.828772] (-) TimerEvent: {}
[564.931587] (-) TimerEvent: {}
[565.032561] (-) TimerEvent: {}
[565.133544] (-) TimerEvent: {}
[565.234476] (-) TimerEvent: {}
[565.335367] (-) TimerEvent: {}
[565.436313] (-) TimerEvent: {}
[565.537209] (-) TimerEvent: {}
[565.638124] (-) TimerEvent: {}
[565.739051] (-) TimerEvent: {}
[565.840013] (-) TimerEvent: {}
[565.941008] (-) TimerEvent: {}
[566.042080] (-) TimerEvent: {}
[566.143044] (-) TimerEvent: {}
[566.243886] (-) TimerEvent: {}
[566.344731] (-) TimerEvent: {}
[566.445870] (-) TimerEvent: {}
[566.546924] (-) TimerEvent: {}
[566.648054] (-) TimerEvent: {}
[566.749311] (-) TimerEvent: {}
[566.850303] (-) TimerEvent: {}
[566.951269] (-) TimerEvent: {}
[567.052260] (-) TimerEvent: {}
[567.153255] (-) TimerEvent: {}
[567.255034] (-) TimerEvent: {}
[567.356007] (-) TimerEvent: {}
[567.456901] (-) TimerEvent: {}
[567.557915] (-) TimerEvent: {}
[567.658807] (-) TimerEvent: {}
[567.759823] (-) TimerEvent: {}
[567.860768] (-) TimerEvent: {}
[567.961781] (-) TimerEvent: {}
[568.062647] (-) TimerEvent: {}
[568.163434] (-) TimerEvent: {}
[568.264286] (-) TimerEvent: {}
[568.365278] (-) TimerEvent: {}
[568.466137] (-) TimerEvent: {}
[568.567172] (-) TimerEvent: {}
[568.668302] (-) TimerEvent: {}
[568.769228] (-) TimerEvent: {}
[568.870164] (-) TimerEvent: {}
[568.971065] (-) TimerEvent: {}
[569.071903] (-) TimerEvent: {}
[569.172817] (-) TimerEvent: {}
[569.273740] (-) TimerEvent: {}
[569.374547] (-) TimerEvent: {}
[569.475348] (-) TimerEvent: {}
[569.576170] (-) TimerEvent: {}
[569.677208] (-) TimerEvent: {}
[569.778001] (-) TimerEvent: {}
[569.878846] (-) TimerEvent: {}
[569.979790] (-) TimerEvent: {}
[570.080690] (-) TimerEvent: {}
[570.181617] (-) TimerEvent: {}
[570.282482] (-) TimerEvent: {}
[570.383436] (-) TimerEvent: {}
[570.484491] (-) TimerEvent: {}
[570.585387] (-) TimerEvent: {}
[570.686936] (-) TimerEvent: {}
[570.790114] (-) TimerEvent: {}
[570.890976] (-) TimerEvent: {}
[570.991832] (-) TimerEvent: {}
[571.092707] (-) TimerEvent: {}
[571.193713] (-) TimerEvent: {}
[571.294718] (-) TimerEvent: {}
[571.395505] (-) TimerEvent: {}
[571.496296] (-) TimerEvent: {}
[571.597187] (-) TimerEvent: {}
[571.698024] (-) TimerEvent: {}
[571.798845] (-) TimerEvent: {}
[571.899724] (-) TimerEvent: {}
[572.000552] (-) TimerEvent: {}
[572.101543] (-) TimerEvent: {}
[572.202544] (-) TimerEvent: {}
[572.303431] (-) TimerEvent: {}
[572.404345] (-) TimerEvent: {}
[572.505363] (-) TimerEvent: {}
[572.606200] (-) TimerEvent: {}
[572.858842] (-) TimerEvent: {}
[572.959658] (-) TimerEvent: {}
[573.060628] (-) TimerEvent: {}
[573.161971] (-) TimerEvent: {}
[573.263697] (-) TimerEvent: {}
[573.365467] (-) TimerEvent: {}
[573.467407] (-) TimerEvent: {}
[573.569309] (-) TimerEvent: {}
[573.670402] (-) TimerEvent: {}
[573.771392] (-) TimerEvent: {}
[573.872362] (-) TimerEvent: {}
[573.973311] (-) TimerEvent: {}
[574.081215] (-) TimerEvent: {}
[574.185226] (-) TimerEvent: {}
[574.289313] (-) TimerEvent: {}
[574.398845] (-) TimerEvent: {}
[574.499683] (-) TimerEvent: {}
[574.600950] (-) TimerEvent: {}
[574.701834] (-) TimerEvent: {}
[574.802764] (-) TimerEvent: {}
[574.903721] (-) TimerEvent: {}
[575.004580] (-) TimerEvent: {}
[575.105440] (-) TimerEvent: {}
[575.206235] (-) TimerEvent: {}
[575.307050] (-) TimerEvent: {}
[575.408063] (-) TimerEvent: {}
[575.508915] (-) TimerEvent: {}
[575.609784] (-) TimerEvent: {}
[575.710581] (-) TimerEvent: {}
[575.811433] (-) TimerEvent: {}
[575.912231] (-) TimerEvent: {}
[576.013106] (-) TimerEvent: {}
[576.113930] (-) TimerEvent: {}
[576.214758] (-) TimerEvent: {}
[576.315557] (-) TimerEvent: {}
[576.416375] (-) TimerEvent: {}
[576.517220] (-) TimerEvent: {}
[576.618175] (-) TimerEvent: {}
[576.719017] (-) TimerEvent: {}
[576.819978] (-) TimerEvent: {}
[576.920871] (-) TimerEvent: {}
[577.021925] (-) TimerEvent: {}
[577.122921] (-) TimerEvent: {}
[577.223852] (-) TimerEvent: {}
[577.324798] (-) TimerEvent: {}
[577.425722] (-) TimerEvent: {}
[577.526930] (-) TimerEvent: {}
[577.627877] (-) TimerEvent: {}
[577.728700] (-) TimerEvent: {}
[577.829532] (-) TimerEvent: {}
[577.930488] (-) TimerEvent: {}
[578.031309] (-) TimerEvent: {}
[578.132131] (-) TimerEvent: {}
[578.233564] (-) TimerEvent: {}
[578.334421] (-) TimerEvent: {}
[578.435155] (-) TimerEvent: {}
[578.535914] (-) TimerEvent: {}
[578.636667] (-) TimerEvent: {}
[578.737997] (-) TimerEvent: {}
[578.838736] (-) TimerEvent: {}
[578.939501] (-) TimerEvent: {}
[579.040257] (-) TimerEvent: {}
[579.140991] (-) TimerEvent: {}
[579.241975] (-) TimerEvent: {}
[579.342712] (-) TimerEvent: {}
[579.443484] (-) TimerEvent: {}
[579.544230] (-) TimerEvent: {}
[579.645015] (-) TimerEvent: {}
[579.745851] (-) TimerEvent: {}
[579.846681] (-) TimerEvent: {}
[579.947451] (-) TimerEvent: {}
[580.048234] (-) TimerEvent: {}
[580.148983] (-) TimerEvent: {}
[580.249804] (-) TimerEvent: {}
[580.350775] (-) TimerEvent: {}
[580.451528] (-) TimerEvent: {}
[580.552308] (-) TimerEvent: {}
[580.653102] (-) TimerEvent: {}
[580.753842] (-) TimerEvent: {}
[580.854577] (-) TimerEvent: {}
[580.955318] (-) TimerEvent: {}
[581.056091] (-) TimerEvent: {}
[581.156833] (-) TimerEvent: {}
[581.257658] (-) TimerEvent: {}
[581.358423] (-) TimerEvent: {}
[581.459115] (-) TimerEvent: {}
[581.559799] (-) TimerEvent: {}
[581.660535] (-) TimerEvent: {}
[581.761313] (-) TimerEvent: {}
[581.862105] (-) TimerEvent: {}
[581.962846] (-) TimerEvent: {}
[582.063626] (-) TimerEvent: {}
[582.164364] (-) TimerEvent: {}
[582.265193] (-) TimerEvent: {}
[582.366006] (-) TimerEvent: {}
[582.466745] (-) TimerEvent: {}
[582.567471] (-) TimerEvent: {}
[582.668228] (-) TimerEvent: {}
[582.768963] (-) TimerEvent: {}
[582.869765] (-) TimerEvent: {}
[582.970567] (-) TimerEvent: {}
[583.071299] (-) TimerEvent: {}
[583.172015] (-) TimerEvent: {}
[583.272748] (-) TimerEvent: {}
[583.373522] (-) TimerEvent: {}
[583.474278] (-) TimerEvent: {}
[583.575031] (-) TimerEvent: {}
[583.675797] (-) TimerEvent: {}
[583.776650] (-) TimerEvent: {}
[583.877483] (-) TimerEvent: {}
[583.978566] (-) TimerEvent: {}
[584.079323] (-) TimerEvent: {}
[584.180025] (-) TimerEvent: {}
[584.280787] (-) TimerEvent: {}
[584.381560] (-) TimerEvent: {}
[584.482330] (-) TimerEvent: {}
[584.583097] (-) TimerEvent: {}
[584.683824] (-) TimerEvent: {}
[584.784625] (-) TimerEvent: {}
[584.885435] (-) TimerEvent: {}
[584.986152] (-) TimerEvent: {}
[585.086910] (-) TimerEvent: {}
[585.188031] (-) TimerEvent: {}
[585.288746] (-) TimerEvent: {}
[585.389621] (-) TimerEvent: {}
[585.490455] (-) TimerEvent: {}
[585.591171] (-) TimerEvent: {}
[585.691896] (-) TimerEvent: {}
[585.792665] (-) TimerEvent: {}
[585.893482] (-) TimerEvent: {}
[585.994189] (-) TimerEvent: {}
[586.094970] (-) TimerEvent: {}
[586.195793] (-) TimerEvent: {}
[586.296514] (-) TimerEvent: {}
[586.397270] (-) TimerEvent: {}
[586.498108] (-) TimerEvent: {}
[586.598970] (-) TimerEvent: {}
[586.699826] (-) TimerEvent: {}
[586.800589] (-) TimerEvent: {}
[586.901369] (-) TimerEvent: {}
[587.002138] (-) TimerEvent: {}
[587.102914] (-) TimerEvent: {}
[587.203651] (-) TimerEvent: {}
[587.304404] (-) TimerEvent: {}
[587.405609] (-) TimerEvent: {}
[587.506328] (-) TimerEvent: {}
[587.607105] (-) TimerEvent: {}
[587.707882] (-) TimerEvent: {}
[587.808639] (-) TimerEvent: {}
[587.909468] (-) TimerEvent: {}
[588.010184] (-) TimerEvent: {}
[588.110964] (-) TimerEvent: {}
[588.211700] (-) TimerEvent: {}
[588.312485] (-) TimerEvent: {}
[588.413227] (-) TimerEvent: {}
[588.513897] (-) TimerEvent: {}
[588.614636] (-) TimerEvent: {}
[588.715359] (-) TimerEvent: {}
[588.816133] (-) TimerEvent: {}
[588.916852] (-) TimerEvent: {}
[589.017617] (-) TimerEvent: {}
[589.118341] (-) TimerEvent: {}
[589.219124] (-) TimerEvent: {}
[589.319873] (-) TimerEvent: {}
[589.420586] (-) TimerEvent: {}
[589.521325] (-) TimerEvent: {}
[589.622133] (-) TimerEvent: {}
[589.722859] (-) TimerEvent: {}
[589.823656] (-) TimerEvent: {}
[589.924409] (-) TimerEvent: {}
[590.025167] (-) TimerEvent: {}
[590.125915] (-) TimerEvent: {}
[590.226655] (-) TimerEvent: {}
[590.327440] (-) TimerEvent: {}
[590.428180] (-) TimerEvent: {}
[590.528926] (-) TimerEvent: {}
[590.629784] (-) TimerEvent: {}
[590.730528] (-) TimerEvent: {}
[590.831252] (-) TimerEvent: {}
[590.932008] (-) TimerEvent: {}
[591.032770] (-) TimerEvent: {}
[591.133552] (-) TimerEvent: {}
[591.234238] (-) TimerEvent: {}
[591.334968] (-) TimerEvent: {}
[591.435729] (-) TimerEvent: {}
[591.536558] (-) TimerEvent: {}
[591.637303] (-) TimerEvent: {}
[591.738047] (-) TimerEvent: {}
[591.838763] (-) TimerEvent: {}
[591.939492] (-) TimerEvent: {}
[592.040291] (-) TimerEvent: {}
[592.141052] (-) TimerEvent: {}
[592.241813] (-) TimerEvent: {}
[592.342714] (-) TimerEvent: {}
[592.443455] (-) TimerEvent: {}
[592.544494] (-) TimerEvent: {}
[592.645440] (-) TimerEvent: {}
[592.746521] (-) TimerEvent: {}
[592.847512] (-) TimerEvent: {}
[592.948339] (-) TimerEvent: {}
[593.049205] (-) TimerEvent: {}
[593.150016] (-) TimerEvent: {}
[593.250873] (-) TimerEvent: {}
[593.351640] (-) TimerEvent: {}
[593.453355] (-) TimerEvent: {}
[593.554443] (-) TimerEvent: {}
[593.655277] (-) TimerEvent: {}
[593.756013] (-) TimerEvent: {}
[593.856791] (-) TimerEvent: {}
[593.957569] (-) TimerEvent: {}
[594.058324] (-) TimerEvent: {}
[594.159094] (-) TimerEvent: {}
[594.259863] (-) TimerEvent: {}
[594.360641] (-) TimerEvent: {}
[594.461527] (-) TimerEvent: {}
[594.562316] (-) TimerEvent: {}
[594.663188] (-) TimerEvent: {}
[594.763948] (-) TimerEvent: {}
[594.864743] (-) TimerEvent: {}
[594.965530] (-) TimerEvent: {}
[595.066318] (-) TimerEvent: {}
[595.167077] (-) TimerEvent: {}
[595.267807] (-) TimerEvent: {}
[595.368569] (-) TimerEvent: {}
[595.469327] (-) TimerEvent: {}
[595.570029] (-) TimerEvent: {}
[595.670738] (-) TimerEvent: {}
[595.771505] (-) TimerEvent: {}
[595.872249] (-) TimerEvent: {}
[595.973073] (-) TimerEvent: {}
[596.073843] (-) TimerEvent: {}
[596.174598] (-) TimerEvent: {}
[596.275411] (-) TimerEvent: {}
[596.376131] (-) TimerEvent: {}
[596.476959] (-) TimerEvent: {}
[596.577768] (-) TimerEvent: {}
[596.678482] (-) TimerEvent: {}
[596.779215] (-) TimerEvent: {}
[596.880015] (-) TimerEvent: {}
[596.980755] (-) TimerEvent: {}
[597.081554] (-) TimerEvent: {}
[597.182281] (-) TimerEvent: {}
[597.282995] (-) TimerEvent: {}
[597.383741] (-) TimerEvent: {}
[597.484514] (-) TimerEvent: {}
[597.585273] (-) TimerEvent: {}
[597.686005] (-) TimerEvent: {}
[597.786720] (-) TimerEvent: {}
[597.887474] (-) TimerEvent: {}
[597.988209] (-) TimerEvent: {}
[598.089013] (-) TimerEvent: {}
[598.189917] (-) TimerEvent: {}
[598.290680] (-) TimerEvent: {}
[598.391446] (-) TimerEvent: {}
[598.492388] (-) TimerEvent: {}
[598.593256] (-) TimerEvent: {}
[598.694055] (-) TimerEvent: {}
[598.794750] (-) TimerEvent: {}
[598.895443] (-) TimerEvent: {}
[598.996207] (-) TimerEvent: {}
[599.097385] (-) TimerEvent: {}
[599.198362] (-) TimerEvent: {}
[599.266940] (slam_toolbox) StdoutLine: {'line': b'[ 72%] \x1b[32m\x1b[1mLinking CXX shared library libtoolbox_common.so\x1b[0m\n'}
[599.298567] (-) TimerEvent: {}
[599.399305] (-) TimerEvent: {}
[599.500114] (-) TimerEvent: {}
[599.601847] (-) TimerEvent: {}
[599.703022] (-) TimerEvent: {}
[599.804392] (-) TimerEvent: {}
[599.905306] (-) TimerEvent: {}
[600.006179] (-) TimerEvent: {}
[600.107149] (-) TimerEvent: {}
[600.208052] (-) TimerEvent: {}
[600.308914] (-) TimerEvent: {}
[600.409777] (-) TimerEvent: {}
[600.510807] (-) TimerEvent: {}
[600.612060] (-) TimerEvent: {}
[600.712896] (-) TimerEvent: {}
[600.814063] (-) TimerEvent: {}
[600.915286] (-) TimerEvent: {}
[601.016296] (-) TimerEvent: {}
[601.117574] (-) TimerEvent: {}
[601.218566] (-) TimerEvent: {}
[601.319768] (-) TimerEvent: {}
[601.420720] (-) TimerEvent: {}
[601.521789] (-) TimerEvent: {}
[601.623044] (-) TimerEvent: {}
[601.723992] (-) TimerEvent: {}
[601.825239] (-) TimerEvent: {}
[601.926068] (-) TimerEvent: {}
[602.026933] (-) TimerEvent: {}
[602.127775] (-) TimerEvent: {}
[602.228606] (-) TimerEvent: {}
[602.329266] (-) TimerEvent: {}
[602.429954] (-) TimerEvent: {}
[602.530891] (-) TimerEvent: {}
[602.631992] (-) TimerEvent: {}
[602.732867] (-) TimerEvent: {}
[602.834276] (-) TimerEvent: {}
[602.935022] (-) TimerEvent: {}
[603.035813] (-) TimerEvent: {}
[603.136531] (-) TimerEvent: {}
[603.237237] (-) TimerEvent: {}
[603.300729] (slam_toolbox) StdoutLine: {'line': b'[ 72%] Built target toolbox_common\n'}
[603.337476] (-) TimerEvent: {}
[603.408515] (slam_toolbox) StdoutLine: {'line': b'[ 73%] \x1b[32mBuilding CXX object CMakeFiles/async_slam_toolbox.dir/src/slam_toolbox_async.cpp.o\x1b[0m\n'}
[603.418485] (slam_toolbox) StdoutLine: {'line': b'[ 73%] Built target slam_toolbox\n'}
[603.421282] (slam_toolbox) StdoutLine: {'line': b'[ 74%] \x1b[32mBuilding CXX object CMakeFiles/sync_slam_toolbox.dir/src/slam_toolbox_sync.cpp.o\x1b[0m\n'}
[603.437713] (-) TimerEvent: {}
[603.446841] (slam_toolbox) StdoutLine: {'line': b'[ 74%] \x1b[32mBuilding CXX object CMakeFiles/localization_slam_toolbox.dir/src/slam_toolbox_localization.cpp.o\x1b[0m\n'}
[603.538036] (-) TimerEvent: {}
[603.558497] (slam_toolbox) StdoutLine: {'line': b'[ 74%] \x1b[32mBuilding CXX object CMakeFiles/lifelong_slam_toolbox.dir/src/experimental/slam_toolbox_lifelong.cpp.o\x1b[0m\n'}
[603.638325] (-) TimerEvent: {}
[603.739768] (-) TimerEvent: {}
[603.841396] (-) TimerEvent: {}
[603.942852] (-) TimerEvent: {}
[604.045368] (-) TimerEvent: {}
[604.147855] (-) TimerEvent: {}
[604.250629] (-) TimerEvent: {}
[604.352973] (-) TimerEvent: {}
[604.455358] (-) TimerEvent: {}
[604.557946] (-) TimerEvent: {}
[604.739881] (-) TimerEvent: {}
[604.841233] (-) TimerEvent: {}
[604.942488] (-) TimerEvent: {}
[605.043754] (-) TimerEvent: {}
[605.145629] (-) TimerEvent: {}
[605.246897] (-) TimerEvent: {}
[605.348163] (-) TimerEvent: {}
[605.451438] (-) TimerEvent: {}
[605.552760] (-) TimerEvent: {}
[605.654134] (-) TimerEvent: {}
[605.755459] (-) TimerEvent: {}
[605.856800] (-) TimerEvent: {}
[605.958091] (-) TimerEvent: {}
[606.059363] (-) TimerEvent: {}
[606.160692] (-) TimerEvent: {}
[606.262032] (-) TimerEvent: {}
[606.363407] (-) TimerEvent: {}
[606.464712] (-) TimerEvent: {}
[606.565999] (-) TimerEvent: {}
[606.667277] (-) TimerEvent: {}
[606.768557] (-) TimerEvent: {}
[606.869755] (-) TimerEvent: {}
[606.970554] (-) TimerEvent: {}
[607.071808] (-) TimerEvent: {}
[607.173415] (-) TimerEvent: {}
[607.274749] (-) TimerEvent: {}
[607.376007] (-) TimerEvent: {}
[607.477324] (-) TimerEvent: {}
[607.578595] (-) TimerEvent: {}
[607.679907] (-) TimerEvent: {}
[607.781309] (-) TimerEvent: {}
[607.882650] (-) TimerEvent: {}
[607.984167] (-) TimerEvent: {}
[608.085588] (-) TimerEvent: {}
[608.186873] (-) TimerEvent: {}
[608.288286] (-) TimerEvent: {}
[608.389744] (-) TimerEvent: {}
[608.491135] (-) TimerEvent: {}
[608.592422] (-) TimerEvent: {}
[608.695174] (-) TimerEvent: {}
[608.796595] (-) TimerEvent: {}
[608.898012] (-) TimerEvent: {}
[608.999351] (-) TimerEvent: {}
[609.100704] (-) TimerEvent: {}
[609.202169] (-) TimerEvent: {}
[609.303525] (-) TimerEvent: {}
[609.404830] (-) TimerEvent: {}
[609.506183] (-) TimerEvent: {}
[609.607478] (-) TimerEvent: {}
[609.708895] (-) TimerEvent: {}
[609.810383] (-) TimerEvent: {}
[609.911701] (-) TimerEvent: {}
[610.012981] (-) TimerEvent: {}
[610.115025] (-) TimerEvent: {}
[610.216261] (-) TimerEvent: {}
[610.317373] (-) TimerEvent: {}
[610.418707] (-) TimerEvent: {}
[610.520110] (-) TimerEvent: {}
[610.621464] (-) TimerEvent: {}
[610.722762] (-) TimerEvent: {}
[610.824084] (-) TimerEvent: {}
[610.925494] (-) TimerEvent: {}
[611.026823] (-) TimerEvent: {}
[611.128157] (-) TimerEvent: {}
[611.229771] (-) TimerEvent: {}
[611.331034] (-) TimerEvent: {}
[611.432355] (-) TimerEvent: {}
[611.533673] (-) TimerEvent: {}
[611.634973] (-) TimerEvent: {}
[611.736352] (-) TimerEvent: {}
[611.837636] (-) TimerEvent: {}
[611.938888] (-) TimerEvent: {}
[612.040253] (-) TimerEvent: {}
[612.141920] (-) TimerEvent: {}
[612.243169] (-) TimerEvent: {}
[612.345316] (-) TimerEvent: {}
[612.446633] (-) TimerEvent: {}
[612.548324] (-) TimerEvent: {}
[612.650314] (-) TimerEvent: {}
[612.752393] (-) TimerEvent: {}
[612.853814] (-) TimerEvent: {}
[612.955260] (-) TimerEvent: {}
[613.056727] (-) TimerEvent: {}
[613.159735] (-) TimerEvent: {}
[613.261013] (-) TimerEvent: {}
[613.362456] (-) TimerEvent: {}
[613.464045] (-) TimerEvent: {}
[613.565887] (-) TimerEvent: {}
[613.667296] (-) TimerEvent: {}
[613.768109] (-) TimerEvent: {}
[613.869392] (-) TimerEvent: {}
[613.970878] (-) TimerEvent: {}
[614.072312] (-) TimerEvent: {}
[614.173817] (-) TimerEvent: {}
[614.278021] (-) TimerEvent: {}
[614.379366] (-) TimerEvent: {}
[614.480861] (-) TimerEvent: {}
[614.582259] (-) TimerEvent: {}
[614.683875] (-) TimerEvent: {}
[614.785430] (-) TimerEvent: {}
[614.886861] (-) TimerEvent: {}
[614.992034] (-) TimerEvent: {}
[615.093480] (-) TimerEvent: {}
[615.195761] (-) TimerEvent: {}
[615.298504] (-) TimerEvent: {}
[615.400839] (-) TimerEvent: {}
[615.503114] (-) TimerEvent: {}
[615.605410] (-) TimerEvent: {}
[615.707637] (-) TimerEvent: {}
[615.810017] (-) TimerEvent: {}
[615.912383] (-) TimerEvent: {}
[616.014684] (-) TimerEvent: {}
[616.116961] (-) TimerEvent: {}
[616.219350] (-) TimerEvent: {}
[616.322428] (-) TimerEvent: {}
[616.423696] (-) TimerEvent: {}
[616.525061] (-) TimerEvent: {}
[616.626553] (-) TimerEvent: {}
[616.728061] (-) TimerEvent: {}
[616.829984] (-) TimerEvent: {}
[616.931453] (-) TimerEvent: {}
[617.032942] (-) TimerEvent: {}
[617.134756] (-) TimerEvent: {}
[617.235563] (-) TimerEvent: {}
[617.337782] (-) TimerEvent: {}
[617.439337] (-) TimerEvent: {}
[617.540857] (-) TimerEvent: {}
[617.642827] (-) TimerEvent: {}
[617.744532] (-) TimerEvent: {}
[617.846113] (-) TimerEvent: {}
[617.947556] (-) TimerEvent: {}
[618.049087] (-) TimerEvent: {}
[618.150519] (-) TimerEvent: {}
[618.252544] (-) TimerEvent: {}
[618.354230] (-) TimerEvent: {}
[618.455646] (-) TimerEvent: {}
[618.557341] (-) TimerEvent: {}
[618.658759] (-) TimerEvent: {}
[618.760300] (-) TimerEvent: {}
[618.862657] (-) TimerEvent: {}
[618.964228] (-) TimerEvent: {}
[619.067646] (-) TimerEvent: {}
[619.170359] (-) TimerEvent: {}
[619.271979] (-) TimerEvent: {}
[619.373675] (-) TimerEvent: {}
[619.474972] (-) TimerEvent: {}
[619.576414] (-) TimerEvent: {}
[619.678071] (-) TimerEvent: {}
[619.779528] (-) TimerEvent: {}
[619.881229] (-) TimerEvent: {}
[619.982494] (-) TimerEvent: {}
[620.088887] (-) TimerEvent: {}
[620.190572] (-) TimerEvent: {}
[620.292153] (-) TimerEvent: {}
[620.393550] (-) TimerEvent: {}
[620.494738] (-) TimerEvent: {}
[620.595708] (-) TimerEvent: {}
[620.697200] (-) TimerEvent: {}
[620.798646] (-) TimerEvent: {}
[620.900201] (-) TimerEvent: {}
[621.004386] (-) TimerEvent: {}
[621.106386] (-) TimerEvent: {}
[621.207797] (-) TimerEvent: {}
[621.310927] (-) TimerEvent: {}
[621.413529] (-) TimerEvent: {}
[621.514940] (-) TimerEvent: {}
[621.616300] (-) TimerEvent: {}
[621.718143] (-) TimerEvent: {}
[621.819865] (-) TimerEvent: {}
[621.921566] (-) TimerEvent: {}
[622.023023] (-) TimerEvent: {}
[622.124493] (-) TimerEvent: {}
[622.226456] (-) TimerEvent: {}
[622.328793] (-) TimerEvent: {}
[622.432117] (-) TimerEvent: {}
[622.533942] (-) TimerEvent: {}
[622.635357] (-) TimerEvent: {}
[622.736885] (-) TimerEvent: {}
[622.838488] (-) TimerEvent: {}
[622.940954] (-) TimerEvent: {}
[623.042614] (-) TimerEvent: {}
[623.144181] (-) TimerEvent: {}
[623.245994] (-) TimerEvent: {}
[623.347646] (-) TimerEvent: {}
[623.452703] (-) TimerEvent: {}
[623.554173] (-) TimerEvent: {}
[623.656012] (-) TimerEvent: {}
[623.758412] (-) TimerEvent: {}
[623.859930] (-) TimerEvent: {}
[623.961073] (-) TimerEvent: {}
[624.063653] (-) TimerEvent: {}
[624.165322] (-) TimerEvent: {}
[624.266647] (-) TimerEvent: {}
[624.368285] (-) TimerEvent: {}
[624.469883] (-) TimerEvent: {}
[624.571802] (-) TimerEvent: {}
[624.673675] (-) TimerEvent: {}
[624.774932] (-) TimerEvent: {}
[624.876331] (-) TimerEvent: {}
[624.978025] (-) TimerEvent: {}
[625.079484] (-) TimerEvent: {}
[625.186965] (-) TimerEvent: {}
[625.288511] (-) TimerEvent: {}
[625.390295] (-) TimerEvent: {}
[625.491821] (-) TimerEvent: {}
[625.594500] (-) TimerEvent: {}
[625.696031] (-) TimerEvent: {}
[625.797993] (-) TimerEvent: {}
[625.899446] (-) TimerEvent: {}
[626.002548] (-) TimerEvent: {}
[626.103987] (-) TimerEvent: {}
[626.205505] (-) TimerEvent: {}
[626.306950] (-) TimerEvent: {}
[626.408361] (-) TimerEvent: {}
[626.509952] (-) TimerEvent: {}
[626.611378] (-) TimerEvent: {}
[626.713415] (-) TimerEvent: {}
[626.815053] (-) TimerEvent: {}
[626.916693] (-) TimerEvent: {}
[627.018324] (-) TimerEvent: {}
[627.119914] (-) TimerEvent: {}
[627.221451] (-) TimerEvent: {}
[627.322604] (-) TimerEvent: {}
[627.424406] (-) TimerEvent: {}
[627.526030] (-) TimerEvent: {}
[627.627580] (-) TimerEvent: {}
[627.729219] (-) TimerEvent: {}
[627.830719] (-) TimerEvent: {}
[627.932655] (-) TimerEvent: {}
[628.034258] (-) TimerEvent: {}
[628.135849] (-) TimerEvent: {}
[628.237687] (-) TimerEvent: {}
[628.339081] (-) TimerEvent: {}
[628.440795] (-) TimerEvent: {}
[628.543598] (-) TimerEvent: {}
[628.645481] (-) TimerEvent: {}
[628.747259] (-) TimerEvent: {}
[628.848822] (-) TimerEvent: {}
[628.950691] (-) TimerEvent: {}
[629.052907] (-) TimerEvent: {}
[629.155230] (-) TimerEvent: {}
[629.258642] (-) TimerEvent: {}
[629.361954] (-) TimerEvent: {}
[629.464405] (-) TimerEvent: {}
[629.567096] (-) TimerEvent: {}
[629.668512] (-) TimerEvent: {}
[629.769854] (-) TimerEvent: {}
[629.871363] (-) TimerEvent: {}
[629.973301] (-) TimerEvent: {}
[630.074957] (-) TimerEvent: {}
[630.176990] (-) TimerEvent: {}
[630.279115] (-) TimerEvent: {}
[630.382419] (-) TimerEvent: {}
[630.484256] (-) TimerEvent: {}
[630.587820] (-) TimerEvent: {}
[630.690587] (-) TimerEvent: {}
[630.792309] (-) TimerEvent: {}
[630.895072] (-) TimerEvent: {}
[630.997886] (-) TimerEvent: {}
[631.100337] (-) TimerEvent: {}
[631.203798] (-) TimerEvent: {}
[631.306891] (-) TimerEvent: {}
[631.409951] (-) TimerEvent: {}
[631.511788] (-) TimerEvent: {}
[631.613628] (-) TimerEvent: {}
[631.715066] (-) TimerEvent: {}
[631.816734] (-) TimerEvent: {}
[631.919575] (-) TimerEvent: {}
[632.021922] (-) TimerEvent: {}
[632.125163] (-) TimerEvent: {}
[632.229459] (-) TimerEvent: {}
[632.332937] (-) TimerEvent: {}
[632.437623] (-) TimerEvent: {}
[632.540329] (-) TimerEvent: {}
[632.643644] (-) TimerEvent: {}
[632.747364] (-) TimerEvent: {}
[632.850784] (-) TimerEvent: {}
[632.954102] (-) TimerEvent: {}
[633.057073] (-) TimerEvent: {}
[633.160167] (-) TimerEvent: {}
[633.263372] (-) TimerEvent: {}
[633.367952] (-) TimerEvent: {}
[633.471204] (-) TimerEvent: {}
[633.574500] (-) TimerEvent: {}
[633.677285] (-) TimerEvent: {}
[633.781155] (-) TimerEvent: {}
[633.884739] (-) TimerEvent: {}
[633.988663] (-) TimerEvent: {}
[634.090823] (-) TimerEvent: {}
[634.192463] (-) TimerEvent: {}
[634.293716] (-) TimerEvent: {}
[634.396418] (-) TimerEvent: {}
[634.498672] (-) TimerEvent: {}
[634.601384] (-) TimerEvent: {}
[634.704870] (-) TimerEvent: {}
[634.806326] (-) TimerEvent: {}
[634.908249] (-) TimerEvent: {}
[635.010757] (-) TimerEvent: {}
[635.113767] (-) TimerEvent: {}
[635.216641] (-) TimerEvent: {}
[635.318737] (-) TimerEvent: {}
[635.420313] (-) TimerEvent: {}
[635.521855] (-) TimerEvent: {}
[635.623286] (-) TimerEvent: {}
[635.726000] (-) TimerEvent: {}
[635.830004] (-) TimerEvent: {}
[635.933985] (-) TimerEvent: {}
[636.037645] (-) TimerEvent: {}
[636.139979] (-) TimerEvent: {}
[636.242386] (-) TimerEvent: {}
[636.344639] (-) TimerEvent: {}
[636.446918] (-) TimerEvent: {}
[636.550208] (-) TimerEvent: {}
[636.651715] (-) TimerEvent: {}
[636.753289] (-) TimerEvent: {}
[636.854841] (-) TimerEvent: {}
[636.956580] (-) TimerEvent: {}
[637.058425] (-) TimerEvent: {}
[637.160270] (-) TimerEvent: {}
[637.264575] (-) TimerEvent: {}
[637.366927] (-) TimerEvent: {}
[637.468388] (-) TimerEvent: {}
[637.570787] (-) TimerEvent: {}
[637.673592] (-) TimerEvent: {}
[637.775137] (-) TimerEvent: {}
[637.877707] (-) TimerEvent: {}
[637.979200] (-) TimerEvent: {}
[638.080767] (-) TimerEvent: {}
[638.182145] (-) TimerEvent: {}
[638.283711] (-) TimerEvent: {}
[638.385377] (-) TimerEvent: {}
[638.488613] (-) TimerEvent: {}
[638.592577] (-) TimerEvent: {}
[638.694821] (-) TimerEvent: {}
[638.797933] (-) TimerEvent: {}
[638.900453] (-) TimerEvent: {}
[639.002692] (-) TimerEvent: {}
[639.107325] (-) TimerEvent: {}
[639.210678] (-) TimerEvent: {}
[639.313167] (-) TimerEvent: {}
[639.415860] (-) TimerEvent: {}
[639.518964] (-) TimerEvent: {}
[639.622029] (-) TimerEvent: {}
[639.725547] (-) TimerEvent: {}
[639.828428] (-) TimerEvent: {}
[639.930155] (-) TimerEvent: {}
[640.032894] (-) TimerEvent: {}
[640.134561] (-) TimerEvent: {}
[640.236310] (-) TimerEvent: {}
[640.338546] (-) TimerEvent: {}
[640.440638] (-) TimerEvent: {}
[640.542660] (-) TimerEvent: {}
[640.644332] (-) TimerEvent: {}
[640.746232] (-) TimerEvent: {}
[640.848090] (-) TimerEvent: {}
[640.951260] (-) TimerEvent: {}
[641.053520] (-) TimerEvent: {}
[641.155655] (-) TimerEvent: {}
[641.257491] (-) TimerEvent: {}
[641.359271] (-) TimerEvent: {}
[641.461244] (-) TimerEvent: {}
[641.562972] (-) TimerEvent: {}
[641.664829] (-) TimerEvent: {}
[641.766050] (-) TimerEvent: {}
[641.867057] (-) TimerEvent: {}
[641.968099] (-) TimerEvent: {}
[642.069233] (-) TimerEvent: {}
[642.170545] (-) TimerEvent: {}
[642.271976] (-) TimerEvent: {}
[642.373403] (-) TimerEvent: {}
[642.475047] (-) TimerEvent: {}
[642.576193] (-) TimerEvent: {}
[642.677278] (-) TimerEvent: {}
[642.778386] (-) TimerEvent: {}
[642.879575] (-) TimerEvent: {}
[642.980640] (-) TimerEvent: {}
[643.081764] (-) TimerEvent: {}
[643.182783] (-) TimerEvent: {}
[643.284664] (-) TimerEvent: {}
[643.386921] (-) TimerEvent: {}
[643.488794] (-) TimerEvent: {}
[643.590680] (-) TimerEvent: {}
[643.692652] (-) TimerEvent: {}
[643.795041] (-) TimerEvent: {}
[643.896359] (-) TimerEvent: {}
[643.997581] (-) TimerEvent: {}
[644.098805] (-) TimerEvent: {}
[644.200288] (-) TimerEvent: {}
[644.302225] (-) TimerEvent: {}
[644.404343] (-) TimerEvent: {}
[644.506321] (-) TimerEvent: {}
[644.608521] (-) TimerEvent: {}
[644.710457] (-) TimerEvent: {}
[644.812258] (-) TimerEvent: {}
[644.914209] (-) TimerEvent: {}
[645.015190] (-) TimerEvent: {}
[645.116311] (-) TimerEvent: {}
[645.217520] (-) TimerEvent: {}
[645.318872] (-) TimerEvent: {}
[645.420295] (-) TimerEvent: {}
[645.521799] (-) TimerEvent: {}
[645.624025] (-) TimerEvent: {}
[645.726647] (-) TimerEvent: {}
[645.829327] (-) TimerEvent: {}
[645.933838] (-) TimerEvent: {}
[646.035084] (-) TimerEvent: {}
[646.136403] (-) TimerEvent: {}
[646.237620] (-) TimerEvent: {}
[646.339707] (-) TimerEvent: {}
[646.441791] (-) TimerEvent: {}
[646.544267] (-) TimerEvent: {}
[646.646241] (-) TimerEvent: {}
[646.748413] (-) TimerEvent: {}
[646.849514] (-) TimerEvent: {}
[646.950564] (-) TimerEvent: {}
[647.051593] (-) TimerEvent: {}
[647.152624] (-) TimerEvent: {}
[647.253741] (-) TimerEvent: {}
[647.355233] (-) TimerEvent: {}
[647.456627] (-) TimerEvent: {}
[647.558693] (-) TimerEvent: {}
[647.660738] (-) TimerEvent: {}
[647.762945] (-) TimerEvent: {}
[647.864865] (-) TimerEvent: {}
[647.967141] (-) TimerEvent: {}
[648.069738] (-) TimerEvent: {}
[648.170764] (-) TimerEvent: {}
[648.271791] (-) TimerEvent: {}
[648.373046] (-) TimerEvent: {}
[648.474323] (-) TimerEvent: {}
[648.575795] (-) TimerEvent: {}
[648.677096] (-) TimerEvent: {}
[648.778377] (-) TimerEvent: {}
[648.879561] (-) TimerEvent: {}
[648.981863] (-) TimerEvent: {}
[649.084017] (-) TimerEvent: {}
[649.184969] (-) TimerEvent: {}
[649.285964] (-) TimerEvent: {}
[649.387125] (-) TimerEvent: {}
[649.488223] (-) TimerEvent: {}
[649.589304] (-) TimerEvent: {}
[649.690467] (-) TimerEvent: {}
[649.791559] (-) TimerEvent: {}
[649.892577] (-) TimerEvent: {}
[649.993645] (-) TimerEvent: {}
[650.094693] (-) TimerEvent: {}
[650.195655] (-) TimerEvent: {}
[650.296616] (-) TimerEvent: {}
[650.398588] (-) TimerEvent: {}
[650.500296] (-) TimerEvent: {}
[650.602182] (-) TimerEvent: {}
[650.704120] (-) TimerEvent: {}
[650.806066] (-) TimerEvent: {}
[650.907910] (-) TimerEvent: {}
[651.009108] (-) TimerEvent: {}
[651.110262] (-) TimerEvent: {}
[651.211279] (-) TimerEvent: {}
[651.312298] (-) TimerEvent: {}
[651.413274] (-) TimerEvent: {}
[651.514536] (-) TimerEvent: {}
[651.615664] (-) TimerEvent: {}
[651.716810] (-) TimerEvent: {}
[651.817957] (-) TimerEvent: {}
[651.918941] (-) TimerEvent: {}
[652.019888] (-) TimerEvent: {}
[652.120857] (-) TimerEvent: {}
[652.221883] (-) TimerEvent: {}
[652.322881] (-) TimerEvent: {}
[652.423954] (-) TimerEvent: {}
[652.525075] (-) TimerEvent: {}
[652.626170] (-) TimerEvent: {}
[652.727303] (-) TimerEvent: {}
[652.828406] (-) TimerEvent: {}
[652.929468] (-) TimerEvent: {}
[653.030607] (-) TimerEvent: {}
[653.131741] (-) TimerEvent: {}
[653.232837] (-) TimerEvent: {}
[653.333977] (-) TimerEvent: {}
[653.434985] (-) TimerEvent: {}
[653.536061] (-) TimerEvent: {}
[653.637182] (-) TimerEvent: {}
[653.739105] (-) TimerEvent: {}
[653.840940] (-) TimerEvent: {}
[653.942087] (-) TimerEvent: {}
[654.043979] (-) TimerEvent: {}
[654.145759] (-) TimerEvent: {}
[654.247441] (-) TimerEvent: {}
[654.349320] (-) TimerEvent: {}
[654.451330] (-) TimerEvent: {}
[654.553179] (-) TimerEvent: {}
[654.654954] (-) TimerEvent: {}
[654.756754] (-) TimerEvent: {}
[654.858788] (-) TimerEvent: {}
[654.960681] (-) TimerEvent: {}
[655.062669] (-) TimerEvent: {}
[655.164758] (-) TimerEvent: {}
[655.265776] (-) TimerEvent: {}
[655.366814] (-) TimerEvent: {}
[655.467883] (-) TimerEvent: {}
[655.568904] (-) TimerEvent: {}
[655.669934] (-) TimerEvent: {}
[655.772052] (-) TimerEvent: {}
[655.873255] (-) TimerEvent: {}
[655.974378] (-) TimerEvent: {}
[656.075620] (-) TimerEvent: {}
[656.176933] (-) TimerEvent: {}
[656.278632] (-) TimerEvent: {}
[656.379875] (-) TimerEvent: {}
[656.481153] (-) TimerEvent: {}
[656.582389] (-) TimerEvent: {}
[656.683372] (-) TimerEvent: {}
[656.784611] (-) TimerEvent: {}
[656.885785] (-) TimerEvent: {}
[656.986992] (-) TimerEvent: {}
[657.088207] (-) TimerEvent: {}
[657.189371] (-) TimerEvent: {}
[657.290594] (-) TimerEvent: {}
[657.392125] (-) TimerEvent: {}
[657.493337] (-) TimerEvent: {}
[657.594487] (-) TimerEvent: {}
[657.695616] (-) TimerEvent: {}
[657.796683] (-) TimerEvent: {}
[657.898721] (-) TimerEvent: {}
[658.000952] (-) TimerEvent: {}
[658.103103] (-) TimerEvent: {}
[658.205119] (-) TimerEvent: {}
[658.307156] (-) TimerEvent: {}
[658.408217] (-) TimerEvent: {}
[658.509217] (-) TimerEvent: {}
[658.610216] (-) TimerEvent: {}
[658.712105] (-) TimerEvent: {}
[658.813950] (-) TimerEvent: {}
[658.915027] (-) TimerEvent: {}
[659.016636] (-) TimerEvent: {}
[659.118567] (-) TimerEvent: {}
[659.220464] (-) TimerEvent: {}
[659.322186] (-) TimerEvent: {}
[659.423217] (-) TimerEvent: {}
[659.524253] (-) TimerEvent: {}
[659.625342] (-) TimerEvent: {}
[659.726458] (-) TimerEvent: {}
[659.827587] (-) TimerEvent: {}
[659.928628] (-) TimerEvent: {}
[660.029670] (-) TimerEvent: {}
[660.134550] (-) TimerEvent: {}
[660.235831] (-) TimerEvent: {}
[660.336957] (-) TimerEvent: {}
[660.439411] (-) TimerEvent: {}
[660.540464] (-) TimerEvent: {}
[660.641527] (-) TimerEvent: {}
[660.742613] (-) TimerEvent: {}
[660.843773] (-) TimerEvent: {}
[660.945099] (-) TimerEvent: {}
[661.046346] (-) TimerEvent: {}
[661.147423] (-) TimerEvent: {}
[661.248509] (-) TimerEvent: {}
[661.349552] (-) TimerEvent: {}
[661.450497] (-) TimerEvent: {}
[661.551402] (-) TimerEvent: {}
[661.652431] (-) TimerEvent: {}
[661.753380] (-) TimerEvent: {}
[661.854428] (-) TimerEvent: {}
[661.955412] (-) TimerEvent: {}
[662.056424] (-) TimerEvent: {}
[662.157563] (-) TimerEvent: {}
[662.258715] (-) TimerEvent: {}
[662.359923] (-) TimerEvent: {}
[662.461191] (-) TimerEvent: {}
[662.562395] (-) TimerEvent: {}
[662.663567] (-) TimerEvent: {}
[662.764887] (-) TimerEvent: {}
[662.866028] (-) TimerEvent: {}
[662.967238] (-) TimerEvent: {}
[663.068433] (-) TimerEvent: {}
[663.169731] (-) TimerEvent: {}
[663.270980] (-) TimerEvent: {}
[663.372450] (-) TimerEvent: {}
[663.473805] (-) TimerEvent: {}
[663.574858] (-) TimerEvent: {}
[663.675851] (-) TimerEvent: {}
[663.776805] (-) TimerEvent: {}
[663.879086] (-) TimerEvent: {}
[663.981257] (-) TimerEvent: {}
[664.083441] (-) TimerEvent: {}
[664.185342] (-) TimerEvent: {}
[664.287269] (-) TimerEvent: {}
[664.389302] (-) TimerEvent: {}
[664.490315] (-) TimerEvent: {}
[664.591373] (-) TimerEvent: {}
[664.692438] (-) TimerEvent: {}
[664.793427] (-) TimerEvent: {}
[664.894513] (-) TimerEvent: {}
[664.995641] (-) TimerEvent: {}
[665.096678] (-) TimerEvent: {}
[665.200887] (-) TimerEvent: {}
[665.301953] (-) TimerEvent: {}
[665.402969] (-) TimerEvent: {}
[665.504009] (-) TimerEvent: {}
[665.605011] (-) TimerEvent: {}
[665.706210] (-) TimerEvent: {}
[665.807234] (-) TimerEvent: {}
[665.908987] (-) TimerEvent: {}
[666.010091] (-) TimerEvent: {}
[666.112684] (-) TimerEvent: {}
[666.214912] (-) TimerEvent: {}
[666.316223] (-) TimerEvent: {}
[666.418647] (-) TimerEvent: {}
[666.519579] (-) TimerEvent: {}
[666.620666] (-) TimerEvent: {}
[666.721724] (-) TimerEvent: {}
[666.822704] (-) TimerEvent: {}
[666.923912] (-) TimerEvent: {}
[667.024871] (-) TimerEvent: {}
[667.125880] (-) TimerEvent: {}
[667.226940] (-) TimerEvent: {}
[667.329730] (-) TimerEvent: {}
[667.430708] (-) TimerEvent: {}
[667.531770] (-) TimerEvent: {}
[667.632713] (-) TimerEvent: {}
[667.733740] (-) TimerEvent: {}
[667.834683] (-) TimerEvent: {}
[667.935632] (-) TimerEvent: {}
[668.036663] (-) TimerEvent: {}
[668.137753] (-) TimerEvent: {}
[668.238870] (-) TimerEvent: {}
[668.340006] (-) TimerEvent: {}
[668.441134] (-) TimerEvent: {}
[668.542229] (-) TimerEvent: {}
[668.643189] (-) TimerEvent: {}
[668.744324] (-) TimerEvent: {}
[668.846198] (-) TimerEvent: {}
[668.947978] (-) TimerEvent: {}
[669.049927] (-) TimerEvent: {}
[669.151652] (-) TimerEvent: {}
[669.253579] (-) TimerEvent: {}
[669.355471] (-) TimerEvent: {}
[669.457350] (-) TimerEvent: {}
[669.559158] (-) TimerEvent: {}
[669.660697] (-) TimerEvent: {}
[669.762473] (-) TimerEvent: {}
[669.863543] (-) TimerEvent: {}
[669.964790] (-) TimerEvent: {}
[670.065969] (-) TimerEvent: {}
[670.167165] (-) TimerEvent: {}
[670.269233] (-) TimerEvent: {}
[670.371162] (-) TimerEvent: {}
[670.472293] (-) TimerEvent: {}
[670.573328] (-) TimerEvent: {}
[670.674371] (-) TimerEvent: {}
[670.775424] (-) TimerEvent: {}
[670.876571] (-) TimerEvent: {}
[670.977878] (-) TimerEvent: {}
[671.078963] (-) TimerEvent: {}
[671.180100] (-) TimerEvent: {}
[671.281286] (-) TimerEvent: {}
[671.382492] (-) TimerEvent: {}
[671.483615] (-) TimerEvent: {}
[671.585319] (-) TimerEvent: {}
[671.686270] (-) TimerEvent: {}
[671.787262] (-) TimerEvent: {}
[671.889892] (-) TimerEvent: {}
[671.991670] (-) TimerEvent: {}
[672.093574] (-) TimerEvent: {}
[672.195440] (-) TimerEvent: {}
[672.297241] (-) TimerEvent: {}
[672.399052] (-) TimerEvent: {}
[672.500861] (-) TimerEvent: {}
[672.602729] (-) TimerEvent: {}
[672.703762] (-) TimerEvent: {}
[672.805015] (-) TimerEvent: {}
[672.906031] (-) TimerEvent: {}
[673.007068] (-) TimerEvent: {}
[673.108159] (-) TimerEvent: {}
[673.209283] (-) TimerEvent: {}
[673.310218] (-) TimerEvent: {}
[673.411308] (-) TimerEvent: {}
[673.513421] (-) TimerEvent: {}
[673.614554] (-) TimerEvent: {}
[673.715546] (-) TimerEvent: {}
[673.816509] (-) TimerEvent: {}
[673.918371] (-) TimerEvent: {}
[674.020297] (-) TimerEvent: {}
[674.122222] (-) TimerEvent: {}
[674.224058] (-) TimerEvent: {}
[674.325899] (-) TimerEvent: {}
[674.427725] (-) TimerEvent: {}
[674.529554] (-) TimerEvent: {}
[674.631685] (-) TimerEvent: {}
[674.732631] (-) TimerEvent: {}
[674.833659] (-) TimerEvent: {}
[674.934643] (-) TimerEvent: {}
[675.035579] (-) TimerEvent: {}
[675.136494] (-) TimerEvent: {}
[675.241694] (-) TimerEvent: {}
[675.342794] (-) TimerEvent: {}
[675.443811] (-) TimerEvent: {}
[675.544933] (-) TimerEvent: {}
[675.646104] (-) TimerEvent: {}
[675.747090] (-) TimerEvent: {}
[675.848151] (-) TimerEvent: {}
[675.949165] (-) TimerEvent: {}
[676.050234] (-) TimerEvent: {}
[676.151203] (-) TimerEvent: {}
[676.252321] (-) TimerEvent: {}
[676.353462] (-) TimerEvent: {}
[676.454526] (-) TimerEvent: {}
[676.555630] (-) TimerEvent: {}
[676.656860] (-) TimerEvent: {}
[676.757904] (-) TimerEvent: {}
[676.858989] (-) TimerEvent: {}
[676.960421] (-) TimerEvent: {}
[677.061408] (-) TimerEvent: {}
[677.162385] (-) TimerEvent: {}
[677.263397] (-) TimerEvent: {}
[677.364381] (-) TimerEvent: {}
[677.465285] (-) TimerEvent: {}
[677.566231] (-) TimerEvent: {}
[677.667201] (-) TimerEvent: {}
[677.768088] (-) TimerEvent: {}
[677.869276] (-) TimerEvent: {}
[677.970446] (-) TimerEvent: {}
[678.071527] (-) TimerEvent: {}
[678.172652] (-) TimerEvent: {}
[678.273823] (-) TimerEvent: {}
[678.374908] (-) TimerEvent: {}
[678.476142] (-) TimerEvent: {}
[678.577300] (-) TimerEvent: {}
[678.678354] (-) TimerEvent: {}
[678.779339] (-) TimerEvent: {}
[678.881323] (-) TimerEvent: {}
[678.983117] (-) TimerEvent: {}
[679.084970] (-) TimerEvent: {}
[679.187032] (-) TimerEvent: {}
[679.289947] (-) TimerEvent: {}
[679.392136] (-) TimerEvent: {}
[679.494127] (-) TimerEvent: {}
[679.596118] (-) TimerEvent: {}
[679.697200] (-) TimerEvent: {}
[679.798326] (-) TimerEvent: {}
[679.903014] (-) TimerEvent: {}
[680.004215] (-) TimerEvent: {}
[680.105630] (-) TimerEvent: {}
[680.206898] (-) TimerEvent: {}
[680.311940] (-) TimerEvent: {}
[680.414157] (-) TimerEvent: {}
[680.516211] (-) TimerEvent: {}
[680.617532] (-) TimerEvent: {}
[680.718832] (-) TimerEvent: {}
[680.820013] (-) TimerEvent: {}
[680.921102] (-) TimerEvent: {}
[681.022288] (-) TimerEvent: {}
[681.123399] (-) TimerEvent: {}
[681.224601] (-) TimerEvent: {}
[681.325926] (-) TimerEvent: {}
[681.427313] (-) TimerEvent: {}
[681.528433] (-) TimerEvent: {}
[681.629827] (-) TimerEvent: {}
[681.731153] (-) TimerEvent: {}
[681.832553] (-) TimerEvent: {}
[681.933909] (-) TimerEvent: {}
[682.035172] (-) TimerEvent: {}
[682.136702] (-) TimerEvent: {}
[682.238230] (-) TimerEvent: {}
[682.339738] (-) TimerEvent: {}
[682.441275] (-) TimerEvent: {}
[682.542636] (-) TimerEvent: {}
[682.643967] (-) TimerEvent: {}
[682.745363] (-) TimerEvent: {}
[682.847166] (-) TimerEvent: {}
[682.948582] (-) TimerEvent: {}
[683.049742] (-) TimerEvent: {}
[683.150918] (-) TimerEvent: {}
[683.252125] (-) TimerEvent: {}
[683.353299] (-) TimerEvent: {}
[683.455484] (-) TimerEvent: {}
[683.556813] (-) TimerEvent: {}
[683.658111] (-) TimerEvent: {}
[683.760412] (-) TimerEvent: {}
[683.861623] (-) TimerEvent: {}
[683.962928] (-) TimerEvent: {}
[684.063952] (-) TimerEvent: {}
[684.165384] (-) TimerEvent: {}
[684.266594] (-) TimerEvent: {}
[684.367759] (-) TimerEvent: {}
[684.468944] (-) TimerEvent: {}
[684.570445] (-) TimerEvent: {}
[684.672498] (-) TimerEvent: {}
[684.775198] (-) TimerEvent: {}
[684.877142] (-) TimerEvent: {}
[684.978351] (-) TimerEvent: {}
[685.079378] (-) TimerEvent: {}
[685.180475] (-) TimerEvent: {}
[685.281573] (-) TimerEvent: {}
[685.382704] (-) TimerEvent: {}
[685.483813] (-) TimerEvent: {}
[685.586540] (-) TimerEvent: {}
[685.687656] (-) TimerEvent: {}
[685.788813] (-) TimerEvent: {}
[685.889941] (-) TimerEvent: {}
[685.990953] (-) TimerEvent: {}
[686.091923] (-) TimerEvent: {}
[686.192913] (-) TimerEvent: {}
[686.294011] (-) TimerEvent: {}
[686.395188] (-) TimerEvent: {}
[686.496310] (-) TimerEvent: {}
[686.597407] (-) TimerEvent: {}
[686.698530] (-) TimerEvent: {}
[686.799665] (-) TimerEvent: {}
[686.901348] (-) TimerEvent: {}
[687.003591] (-) TimerEvent: {}
[687.106124] (-) TimerEvent: {}
[687.228826] (-) TimerEvent: {}
[687.403907] (-) TimerEvent: {}
[687.505947] (-) TimerEvent: {}
[687.607923] (-) TimerEvent: {}
[687.709816] (-) TimerEvent: {}
[687.810761] (-) TimerEvent: {}
[687.911775] (-) TimerEvent: {}
[688.012836] (-) TimerEvent: {}
[688.114204] (-) TimerEvent: {}
[688.215189] (-) TimerEvent: {}
[688.316131] (-) TimerEvent: {}
[688.417257] (-) TimerEvent: {}
[688.518284] (-) TimerEvent: {}
[688.619257] (-) TimerEvent: {}
[688.720597] (-) TimerEvent: {}
[688.825494] (-) TimerEvent: {}
[688.927263] (-) TimerEvent: {}
[689.029109] (-) TimerEvent: {}
[689.131033] (-) TimerEvent: {}
[689.232939] (-) TimerEvent: {}
[689.335000] (-) TimerEvent: {}
[689.437528] (-) TimerEvent: {}
[689.540150] (-) TimerEvent: {}
[689.642016] (-) TimerEvent: {}
[689.743987] (-) TimerEvent: {}
[689.845824] (-) TimerEvent: {}
[689.947656] (-) TimerEvent: {}
[690.049670] (-) TimerEvent: {}
[690.150775] (-) TimerEvent: {}
[690.252504] (-) TimerEvent: {}
[690.353954] (-) TimerEvent: {}
[690.455383] (-) TimerEvent: {}
[690.556407] (-) TimerEvent: {}
[690.657459] (-) TimerEvent: {}
[690.758533] (-) TimerEvent: {}
[690.859639] (-) TimerEvent: {}
[690.960609] (-) TimerEvent: {}
[691.061592] (-) TimerEvent: {}
[691.162674] (-) TimerEvent: {}
[691.263660] (-) TimerEvent: {}
[691.364530] (-) TimerEvent: {}
[691.465500] (-) TimerEvent: {}
[691.566524] (-) TimerEvent: {}
[691.667516] (-) TimerEvent: {}
[691.768470] (-) TimerEvent: {}
[691.869434] (-) TimerEvent: {}
[691.970902] (-) TimerEvent: {}
[692.072035] (-) TimerEvent: {}
[692.173175] (-) TimerEvent: {}
[692.274160] (-) TimerEvent: {}
[692.375103] (-) TimerEvent: {}
[692.476114] (-) TimerEvent: {}
[692.577296] (-) TimerEvent: {}
[692.678276] (-) TimerEvent: {}
[692.779263] (-) TimerEvent: {}
[692.880257] (-) TimerEvent: {}
[692.981276] (-) TimerEvent: {}
[693.082245] (-) TimerEvent: {}
[693.183230] (-) TimerEvent: {}
[693.284333] (-) TimerEvent: {}
[693.385330] (-) TimerEvent: {}
[693.486306] (-) TimerEvent: {}
[693.587288] (-) TimerEvent: {}
[693.688283] (-) TimerEvent: {}
[693.789308] (-) TimerEvent: {}
[693.890197] (-) TimerEvent: {}
[693.991112] (-) TimerEvent: {}
[694.092198] (-) TimerEvent: {}
[694.193201] (-) TimerEvent: {}
[694.294140] (-) TimerEvent: {}
[694.395233] (-) TimerEvent: {}
[694.496335] (-) TimerEvent: {}
[694.597254] (-) TimerEvent: {}
[694.698218] (-) TimerEvent: {}
[694.799219] (-) TimerEvent: {}
[694.900251] (-) TimerEvent: {}
[695.001267] (-) TimerEvent: {}
[695.102240] (-) TimerEvent: {}
[695.203280] (-) TimerEvent: {}
[695.304272] (-) TimerEvent: {}
[695.405187] (-) TimerEvent: {}
[695.506248] (-) TimerEvent: {}
[695.607294] (-) TimerEvent: {}
[695.708378] (-) TimerEvent: {}
[695.809415] (-) TimerEvent: {}
[695.910379] (-) TimerEvent: {}
[696.011446] (-) TimerEvent: {}
[696.112436] (-) TimerEvent: {}
[696.213375] (-) TimerEvent: {}
[696.314383] (-) TimerEvent: {}
[696.415488] (-) TimerEvent: {}
[696.516543] (-) TimerEvent: {}
[696.617562] (-) TimerEvent: {}
[696.718671] (-) TimerEvent: {}
[696.819753] (-) TimerEvent: {}
[696.920743] (-) TimerEvent: {}
[697.021793] (-) TimerEvent: {}
[697.122857] (-) TimerEvent: {}
[697.224108] (-) TimerEvent: {}
[697.325233] (-) TimerEvent: {}
[697.426153] (-) TimerEvent: {}
[697.527269] (-) TimerEvent: {}
[697.628476] (-) TimerEvent: {}
[697.729520] (-) TimerEvent: {}
[697.830553] (-) TimerEvent: {}
[697.932532] (-) TimerEvent: {}
[698.033522] (-) TimerEvent: {}
[698.134659] (-) TimerEvent: {}
[698.235830] (-) TimerEvent: {}
[698.336995] (-) TimerEvent: {}
[698.438146] (-) TimerEvent: {}
[698.539134] (-) TimerEvent: {}
[698.640205] (-) TimerEvent: {}
[698.741404] (-) TimerEvent: {}
[698.842364] (-) TimerEvent: {}
[698.943345] (-) TimerEvent: {}
[699.045005] (-) TimerEvent: {}
[699.145996] (-) TimerEvent: {}
[699.247476] (-) TimerEvent: {}
[699.348442] (-) TimerEvent: {}
[699.449507] (-) TimerEvent: {}
[699.550498] (-) TimerEvent: {}
[699.651487] (-) TimerEvent: {}
[699.752434] (-) TimerEvent: {}
[699.853338] (-) TimerEvent: {}
[699.954368] (-) TimerEvent: {}
[700.055351] (-) TimerEvent: {}
[700.156284] (-) TimerEvent: {}
[700.257287] (-) TimerEvent: {}
[700.358228] (-) TimerEvent: {}
[700.459283] (-) TimerEvent: {}
[700.560268] (-) TimerEvent: {}
[700.661285] (-) TimerEvent: {}
[700.762266] (-) TimerEvent: {}
[700.863231] (-) TimerEvent: {}
[700.964372] (-) TimerEvent: {}
[701.065313] (-) TimerEvent: {}
[701.166351] (-) TimerEvent: {}
[701.267349] (-) TimerEvent: {}
[701.368524] (-) TimerEvent: {}
[701.469675] (-) TimerEvent: {}
[701.570817] (-) TimerEvent: {}
[701.672094] (-) TimerEvent: {}
[701.773243] (-) TimerEvent: {}
[701.874263] (-) TimerEvent: {}
[701.975276] (-) TimerEvent: {}
[702.076183] (-) TimerEvent: {}
[702.177249] (-) TimerEvent: {}
[702.278297] (-) TimerEvent: {}
[702.379262] (-) TimerEvent: {}
[702.480228] (-) TimerEvent: {}
[702.581176] (-) TimerEvent: {}
[702.682176] (-) TimerEvent: {}
[702.783174] (-) TimerEvent: {}
[702.884227] (-) TimerEvent: {}
[702.985280] (-) TimerEvent: {}
[703.086262] (-) TimerEvent: {}
[703.286181] (-) TimerEvent: {}
[703.399963] (-) TimerEvent: {}
[703.503123] (-) TimerEvent: {}
[703.604920] (-) TimerEvent: {}
[703.706625] (-) TimerEvent: {}
[703.808117] (-) TimerEvent: {}
[703.909669] (-) TimerEvent: {}
[704.011291] (-) TimerEvent: {}
[704.112894] (-) TimerEvent: {}
[704.214606] (-) TimerEvent: {}
[704.316275] (-) TimerEvent: {}
[704.417846] (-) TimerEvent: {}
[704.520146] (-) TimerEvent: {}
[704.621733] (-) TimerEvent: {}
[704.723276] (-) TimerEvent: {}
[704.824996] (-) TimerEvent: {}
[704.926689] (-) TimerEvent: {}
[705.028359] (-) TimerEvent: {}
[705.129944] (-) TimerEvent: {}
[705.232341] (-) TimerEvent: {}
[705.334158] (-) TimerEvent: {}
[705.435873] (-) TimerEvent: {}
[705.537498] (-) TimerEvent: {}
[705.639084] (-) TimerEvent: {}
[705.740644] (-) TimerEvent: {}
[705.842257] (-) TimerEvent: {}
[705.944732] (-) TimerEvent: {}
[706.046476] (-) TimerEvent: {}
[706.148078] (-) TimerEvent: {}
[706.249658] (-) TimerEvent: {}
[706.351288] (-) TimerEvent: {}
[706.453054] (-) TimerEvent: {}
[706.554059] (-) TimerEvent: {}
[706.654960] (-) TimerEvent: {}
[706.756036] (-) TimerEvent: {}
[706.856973] (-) TimerEvent: {}
[706.957970] (-) TimerEvent: {}
[707.059060] (-) TimerEvent: {}
[707.160924] (-) TimerEvent: {}
[707.261929] (-) TimerEvent: {}
[707.362953] (-) TimerEvent: {}
[707.463898] (-) TimerEvent: {}
[707.565126] (-) TimerEvent: {}
[707.666569] (-) TimerEvent: {}
[707.768352] (-) TimerEvent: {}
[707.869465] (-) TimerEvent: {}
[707.970447] (-) TimerEvent: {}
[708.071506] (-) TimerEvent: {}
[708.172607] (-) TimerEvent: {}
[708.273836] (-) TimerEvent: {}
[708.375225] (-) TimerEvent: {}
[708.476671] (-) TimerEvent: {}
[708.577879] (-) TimerEvent: {}
[708.678893] (-) TimerEvent: {}
[708.779843] (-) TimerEvent: {}
[708.880959] (-) TimerEvent: {}
[708.981919] (-) TimerEvent: {}
[709.082939] (-) TimerEvent: {}
[709.183986] (-) TimerEvent: {}
[709.285096] (-) TimerEvent: {}
[709.386229] (-) TimerEvent: {}
[709.487182] (-) TimerEvent: {}
[709.588316] (-) TimerEvent: {}
[709.689423] (-) TimerEvent: {}
[709.790540] (-) TimerEvent: {}
[709.891729] (-) TimerEvent: {}
[709.992836] (-) TimerEvent: {}
[710.094740] (-) TimerEvent: {}
[710.195995] (-) TimerEvent: {}
[710.297208] (-) TimerEvent: {}
[710.398325] (-) TimerEvent: {}
[710.499745] (-) TimerEvent: {}
[710.600804] (-) TimerEvent: {}
[710.701943] (-) TimerEvent: {}
[710.803045] (-) TimerEvent: {}
[710.904144] (-) TimerEvent: {}
[711.006020] (-) TimerEvent: {}
[711.107879] (-) TimerEvent: {}
[711.209861] (-) TimerEvent: {}
[711.312112] (-) TimerEvent: {}
[711.413991] (-) TimerEvent: {}
[711.515850] (-) TimerEvent: {}
[711.617092] (-) TimerEvent: {}
[711.718172] (-) TimerEvent: {}
[711.819182] (-) TimerEvent: {}
[711.920274] (-) TimerEvent: {}
[712.021336] (-) TimerEvent: {}
[712.122612] (-) TimerEvent: {}
[712.224749] (-) TimerEvent: {}
[712.328131] (-) TimerEvent: {}
[712.431775] (-) TimerEvent: {}
[712.535165] (-) TimerEvent: {}
[712.637457] (-) TimerEvent: {}
[712.739173] (-) TimerEvent: {}
[712.840768] (-) TimerEvent: {}
[712.942505] (-) TimerEvent: {}
[713.044549] (-) TimerEvent: {}
[713.146661] (-) TimerEvent: {}
[713.248509] (-) TimerEvent: {}
[713.352535] (-) TimerEvent: {}
[713.454327] (-) TimerEvent: {}
[713.556020] (-) TimerEvent: {}
[713.657605] (-) TimerEvent: {}
[713.759260] (-) TimerEvent: {}
[713.860963] (-) TimerEvent: {}
[713.963289] (-) TimerEvent: {}
[714.066723] (-) TimerEvent: {}
[714.171989] (-) TimerEvent: {}
[714.273865] (-) TimerEvent: {}
[714.375896] (-) TimerEvent: {}
[714.477829] (-) TimerEvent: {}
[714.581232] (-) TimerEvent: {}
[714.682785] (-) TimerEvent: {}
[714.784482] (-) TimerEvent: {}
[714.887907] (-) TimerEvent: {}
[714.991151] (-) TimerEvent: {}
[715.095170] (-) TimerEvent: {}
[715.259498] (-) TimerEvent: {}
[715.363023] (-) TimerEvent: {}
[715.468734] (-) TimerEvent: {}
[715.571636] (-) TimerEvent: {}
[715.672625] (-) TimerEvent: {}
[715.775362] (-) TimerEvent: {}
[715.877045] (-) TimerEvent: {}
[715.978061] (-) TimerEvent: {}
[716.079130] (-) TimerEvent: {}
[716.180200] (-) TimerEvent: {}
[716.281981] (-) TimerEvent: {}
[716.384054] (-) TimerEvent: {}
[716.487253] (-) TimerEvent: {}
[716.589118] (-) TimerEvent: {}
[716.690147] (-) TimerEvent: {}
[716.794294] (-) TimerEvent: {}
[716.896850] (-) TimerEvent: {}
[716.999290] (-) TimerEvent: {}
[717.102763] (-) TimerEvent: {}
[717.204921] (-) TimerEvent: {}
[717.307412] (-) TimerEvent: {}
[717.409855] (-) TimerEvent: {}
[717.511660] (-) TimerEvent: {}
[717.613477] (-) TimerEvent: {}
[717.715295] (-) TimerEvent: {}
[717.821413] (-) TimerEvent: {}
[717.923701] (-) TimerEvent: {}
[718.024572] (-) TimerEvent: {}
[718.126569] (-) TimerEvent: {}
[718.227551] (-) TimerEvent: {}
[718.328961] (-) TimerEvent: {}
[718.439482] (-) TimerEvent: {}
[718.540282] (-) TimerEvent: {}
[718.663215] (-) TimerEvent: {}
[718.679610] (slam_toolbox) StdoutLine: {'line': b'[ 75%] \x1b[32m\x1b[1mLinking CXX shared library libasync_slam_toolbox.so\x1b[0m\n'}
[718.774452] (-) TimerEvent: {}
[718.876442] (-) TimerEvent: {}
[718.978859] (-) TimerEvent: {}
[719.080685] (-) TimerEvent: {}
[719.182554] (-) TimerEvent: {}
[719.293257] (-) TimerEvent: {}
[719.395588] (-) TimerEvent: {}
[719.503447] (-) TimerEvent: {}
[719.606969] (-) TimerEvent: {}
[719.710263] (-) TimerEvent: {}
[719.811793] (-) TimerEvent: {}
[719.915797] (-) TimerEvent: {}
[720.017458] (-) TimerEvent: {}
[720.119267] (-) TimerEvent: {}
[720.222488] (-) TimerEvent: {}
[720.326090] (-) TimerEvent: {}
[720.430049] (-) TimerEvent: {}
[720.531938] (-) TimerEvent: {}
[720.633986] (-) TimerEvent: {}
[720.737689] (-) TimerEvent: {}
[720.840000] (-) TimerEvent: {}
[720.941886] (-) TimerEvent: {}
[721.043972] (-) TimerEvent: {}
[721.145814] (-) TimerEvent: {}
[721.247896] (-) TimerEvent: {}
[721.350659] (-) TimerEvent: {}
[721.452315] (-) TimerEvent: {}
[721.554127] (-) TimerEvent: {}
[721.658075] (-) TimerEvent: {}
[721.761246] (-) TimerEvent: {}
[721.864036] (-) TimerEvent: {}
[721.966925] (-) TimerEvent: {}
[722.068600] (-) TimerEvent: {}
[722.172152] (-) TimerEvent: {}
[722.276516] (-) TimerEvent: {}
[722.378126] (-) TimerEvent: {}
[722.480556] (-) TimerEvent: {}
[722.582264] (-) TimerEvent: {}
[722.684010] (-) TimerEvent: {}
[722.708122] (slam_toolbox) StdoutLine: {'line': b'[ 76%] \x1b[32m\x1b[1mLinking CXX shared library liblifelong_slam_toolbox.so\x1b[0m\n'}
[722.784178] (-) TimerEvent: {}
[722.886058] (-) TimerEvent: {}
[722.989973] (-) TimerEvent: {}
[723.093496] (-) TimerEvent: {}
[723.196567] (-) TimerEvent: {}
[723.299473] (-) TimerEvent: {}
[723.402171] (-) TimerEvent: {}
[723.504689] (-) TimerEvent: {}
[723.608044] (-) TimerEvent: {}
[723.710473] (-) TimerEvent: {}
[723.811620] (-) TimerEvent: {}
[723.912526] (-) TimerEvent: {}
[724.013553] (-) TimerEvent: {}
[724.114736] (-) TimerEvent: {}
[724.216042] (-) TimerEvent: {}
[724.317405] (-) TimerEvent: {}
[724.421497] (-) TimerEvent: {}
[724.525667] (-) TimerEvent: {}
[724.630420] (-) TimerEvent: {}
[724.733189] (-) TimerEvent: {}
[724.836477] (-) TimerEvent: {}
[724.938898] (-) TimerEvent: {}
[725.041313] (-) TimerEvent: {}
[725.143538] (-) TimerEvent: {}
[725.245401] (-) TimerEvent: {}
[725.347903] (-) TimerEvent: {}
[725.451551] (-) TimerEvent: {}
[725.553400] (-) TimerEvent: {}
[725.654986] (-) TimerEvent: {}
[725.758543] (-) TimerEvent: {}
[725.864846] (-) TimerEvent: {}
[725.968396] (-) TimerEvent: {}
[726.071779] (-) TimerEvent: {}
[726.175211] (-) TimerEvent: {}
[726.277462] (-) TimerEvent: {}
[726.381082] (-) TimerEvent: {}
[726.485240] (-) TimerEvent: {}
[726.590432] (-) TimerEvent: {}
[726.693257] (-) TimerEvent: {}
[726.796154] (-) TimerEvent: {}
[726.898741] (-) TimerEvent: {}
[727.000054] (-) TimerEvent: {}
[727.101257] (-) TimerEvent: {}
[727.202280] (-) TimerEvent: {}
[727.303408] (-) TimerEvent: {}
[727.404688] (-) TimerEvent: {}
[727.507288] (-) TimerEvent: {}
[727.609267] (-) TimerEvent: {}
[727.710862] (-) TimerEvent: {}
[727.812608] (-) TimerEvent: {}
[727.887156] (slam_toolbox) StdoutLine: {'line': b'[ 76%] Built target async_slam_toolbox\n'}
[727.912946] (-) TimerEvent: {}
[728.015805] (-) TimerEvent: {}
[728.092875] (slam_toolbox) StdoutLine: {'line': b'[ 76%] Built target lifelong_slam_toolbox\n'}
[728.116257] (-) TimerEvent: {}
[728.217912] (-) TimerEvent: {}
[728.321436] (-) TimerEvent: {}
[728.424098] (-) TimerEvent: {}
[728.526299] (-) TimerEvent: {}
[728.628803] (-) TimerEvent: {}
[728.730593] (-) TimerEvent: {}
[728.833440] (-) TimerEvent: {}
[728.936614] (-) TimerEvent: {}
[729.039079] (-) TimerEvent: {}
[729.141333] (-) TimerEvent: {}
[729.242922] (-) TimerEvent: {}
[729.344420] (-) TimerEvent: {}
[729.445818] (-) TimerEvent: {}
[729.547553] (-) TimerEvent: {}
[729.649497] (-) TimerEvent: {}
[729.751118] (-) TimerEvent: {}
[729.852541] (-) TimerEvent: {}
[729.954517] (-) TimerEvent: {}
[730.056334] (-) TimerEvent: {}
[730.158121] (-) TimerEvent: {}
[730.259778] (-) TimerEvent: {}
[730.364449] (-) TimerEvent: {}
[730.466155] (-) TimerEvent: {}
[730.567853] (-) TimerEvent: {}
[730.669386] (-) TimerEvent: {}
[730.772709] (-) TimerEvent: {}
[730.873486] (-) TimerEvent: {}
[730.974235] (-) TimerEvent: {}
[731.075912] (-) TimerEvent: {}
[731.176842] (-) TimerEvent: {}
[731.234423] (slam_toolbox) StdoutLine: {'line': b'[ 77%] \x1b[32m\x1b[1mLinking CXX shared library libsync_slam_toolbox.so\x1b[0m\n'}
[731.277079] (-) TimerEvent: {}
[731.377918] (-) TimerEvent: {}
[731.479098] (-) TimerEvent: {}
[731.582300] (-) TimerEvent: {}
[731.683299] (-) TimerEvent: {}
[731.784498] (-) TimerEvent: {}
[731.886049] (-) TimerEvent: {}
[731.987383] (-) TimerEvent: {}
[732.088388] (-) TimerEvent: {}
[732.189547] (-) TimerEvent: {}
[732.290403] (-) TimerEvent: {}
[732.391319] (-) TimerEvent: {}
[732.492343] (-) TimerEvent: {}
[732.593380] (-) TimerEvent: {}
[732.694710] (-) TimerEvent: {}
[732.796088] (-) TimerEvent: {}
[732.897200] (-) TimerEvent: {}
[732.998227] (-) TimerEvent: {}
[733.099362] (-) TimerEvent: {}
[733.200729] (-) TimerEvent: {}
[733.301977] (-) TimerEvent: {}
[733.403100] (-) TimerEvent: {}
[733.504642] (-) TimerEvent: {}
[733.605868] (-) TimerEvent: {}
[733.708037] (-) TimerEvent: {}
[733.811245] (-) TimerEvent: {}
[733.913949] (-) TimerEvent: {}
[734.015238] (-) TimerEvent: {}
[734.116375] (-) TimerEvent: {}
[734.217653] (-) TimerEvent: {}
[734.318688] (-) TimerEvent: {}
[734.419564] (-) TimerEvent: {}
[734.520357] (-) TimerEvent: {}
[734.621478] (-) TimerEvent: {}
[734.722365] (-) TimerEvent: {}
[734.803722] (slam_toolbox) StdoutLine: {'line': b'[ 77%] Built target sync_slam_toolbox\n'}
[734.822703] (-) TimerEvent: {}
[734.924504] (-) TimerEvent: {}
[735.027006] (-) TimerEvent: {}
[735.128618] (-) TimerEvent: {}
[735.232067] (-) TimerEvent: {}
[735.333498] (-) TimerEvent: {}
[735.434814] (-) TimerEvent: {}
[735.542753] (-) TimerEvent: {}
[735.647405] (-) TimerEvent: {}
[735.748892] (-) TimerEvent: {}
[735.850290] (-) TimerEvent: {}
[735.951606] (-) TimerEvent: {}
[736.053401] (-) TimerEvent: {}
[736.154739] (-) TimerEvent: {}
[736.256098] (-) TimerEvent: {}
[736.357538] (-) TimerEvent: {}
[736.459213] (-) TimerEvent: {}
[736.560580] (-) TimerEvent: {}
[736.663228] (-) TimerEvent: {}
[736.764581] (-) TimerEvent: {}
[736.866020] (-) TimerEvent: {}
[736.967395] (-) TimerEvent: {}
[737.068734] (-) TimerEvent: {}
[737.170126] (-) TimerEvent: {}
[737.271499] (-) TimerEvent: {}
[737.372820] (-) TimerEvent: {}
[737.474209] (-) TimerEvent: {}
[737.576152] (-) TimerEvent: {}
[737.677612] (-) TimerEvent: {}
[737.778958] (-) TimerEvent: {}
[737.880940] (-) TimerEvent: {}
[737.983035] (-) TimerEvent: {}
[738.084667] (-) TimerEvent: {}
[738.186304] (-) TimerEvent: {}
[738.287182] (-) TimerEvent: {}
[738.388284] (-) TimerEvent: {}
[738.489132] (-) TimerEvent: {}
[738.590078] (-) TimerEvent: {}
[738.691087] (-) TimerEvent: {}
[738.791934] (-) TimerEvent: {}
[738.892652] (-) TimerEvent: {}
[738.993452] (-) TimerEvent: {}
[739.094179] (-) TimerEvent: {}
[739.194857] (-) TimerEvent: {}
[739.295591] (-) TimerEvent: {}
[739.396354] (-) TimerEvent: {}
[739.497178] (-) TimerEvent: {}
[739.597881] (-) TimerEvent: {}
[739.698615] (-) TimerEvent: {}
[739.799471] (-) TimerEvent: {}
[739.900215] (-) TimerEvent: {}
[740.000965] (-) TimerEvent: {}
[740.101705] (-) TimerEvent: {}
[740.202419] (-) TimerEvent: {}
[740.303192] (-) TimerEvent: {}
[740.403910] (-) TimerEvent: {}
[740.504605] (-) TimerEvent: {}
[740.605354] (-) TimerEvent: {}
[740.706117] (-) TimerEvent: {}
[740.806832] (-) TimerEvent: {}
[740.907553] (-) TimerEvent: {}
[741.008293] (-) TimerEvent: {}
[741.109055] (-) TimerEvent: {}
[741.209750] (-) TimerEvent: {}
[741.310437] (-) TimerEvent: {}
[741.411168] (-) TimerEvent: {}
[741.511877] (-) TimerEvent: {}
[741.612608] (-) TimerEvent: {}
[741.713361] (-) TimerEvent: {}
[741.814082] (-) TimerEvent: {}
[741.915151] (-) TimerEvent: {}
[741.951665] (slam_toolbox) StdoutLine: {'line': b'[ 77%] \x1b[32mBuilding CXX object CMakeFiles/async_slam_toolbox_node.dir/src/slam_toolbox_async_node.cpp.o\x1b[0m\n'}
[742.015336] (-) TimerEvent: {}
[742.116072] (-) TimerEvent: {}
[742.216840] (-) TimerEvent: {}
[742.317579] (-) TimerEvent: {}
[742.418378] (-) TimerEvent: {}
[742.519226] (-) TimerEvent: {}
[742.619919] (-) TimerEvent: {}
[742.720689] (-) TimerEvent: {}
[742.821569] (-) TimerEvent: {}
[742.922329] (-) TimerEvent: {}
[743.023104] (-) TimerEvent: {}
[743.123926] (-) TimerEvent: {}
[743.224750] (-) TimerEvent: {}
[743.325696] (-) TimerEvent: {}
[743.426422] (-) TimerEvent: {}
[743.527146] (-) TimerEvent: {}
[743.627925] (-) TimerEvent: {}
[743.729880] (-) TimerEvent: {}
[743.830701] (-) TimerEvent: {}
[743.931573] (-) TimerEvent: {}
[744.028361] (slam_toolbox) StdoutLine: {'line': b'[ 78%] \x1b[34m\x1b[1mGenerating Python code for ROS interfaces\x1b[0m\n'}
[744.031777] (-) TimerEvent: {}
[744.132623] (-) TimerEvent: {}
[744.234167] (-) TimerEvent: {}
[744.334984] (-) TimerEvent: {}
[744.436234] (-) TimerEvent: {}
[744.537831] (-) TimerEvent: {}
[744.638575] (-) TimerEvent: {}
[744.740468] (-) TimerEvent: {}
[744.841635] (-) TimerEvent: {}
[744.942494] (-) TimerEvent: {}
[745.043978] (-) TimerEvent: {}
[745.144816] (-) TimerEvent: {}
[745.245674] (-) TimerEvent: {}
[745.346569] (-) TimerEvent: {}
[745.448162] (-) TimerEvent: {}
[745.549505] (-) TimerEvent: {}
[745.650536] (-) TimerEvent: {}
[745.752107] (-) TimerEvent: {}
[745.854607] (-) TimerEvent: {}
[745.961356] (-) TimerEvent: {}
[746.062940] (-) TimerEvent: {}
[746.165427] (-) TimerEvent: {}
[746.267086] (-) TimerEvent: {}
[746.369092] (-) TimerEvent: {}
[746.451674] (slam_toolbox) StdoutLine: {'line': b'[ 79%] \x1b[32mBuilding CXX object CMakeFiles/merge_maps_kinematic.dir/src/merge_maps_kinematic.cpp.o\x1b[0m\n'}
[746.469339] (-) TimerEvent: {}
[746.571025] (-) TimerEvent: {}
[746.673676] (-) TimerEvent: {}
[746.776316] (-) TimerEvent: {}
[746.878915] (-) TimerEvent: {}
[746.981750] (-) TimerEvent: {}
[747.084418] (-) TimerEvent: {}
[747.187176] (-) TimerEvent: {}
[747.289960] (-) TimerEvent: {}
[747.392856] (-) TimerEvent: {}
[747.505440] (-) TimerEvent: {}
[747.611857] (-) TimerEvent: {}
[747.714342] (-) TimerEvent: {}
[747.816661] (-) TimerEvent: {}
[747.919058] (-) TimerEvent: {}
[748.021610] (-) TimerEvent: {}
[748.125714] (-) TimerEvent: {}
[748.228242] (-) TimerEvent: {}
[748.331309] (-) TimerEvent: {}
[748.434373] (-) TimerEvent: {}
[748.543094] (-) TimerEvent: {}
[748.645225] (-) TimerEvent: {}
[748.746713] (-) TimerEvent: {}
[748.848265] (-) TimerEvent: {}
[748.949843] (-) TimerEvent: {}
[749.051477] (-) TimerEvent: {}
[749.154366] (-) TimerEvent: {}
[749.257010] (-) TimerEvent: {}
[749.359683] (-) TimerEvent: {}
[749.462470] (-) TimerEvent: {}
[749.565723] (-) TimerEvent: {}
[749.668235] (-) TimerEvent: {}
[749.771424] (-) TimerEvent: {}
[749.874133] (-) TimerEvent: {}
[749.976689] (-) TimerEvent: {}
[750.079779] (-) TimerEvent: {}
[750.182393] (-) TimerEvent: {}
[750.285175] (-) TimerEvent: {}
[750.387993] (-) TimerEvent: {}
[750.490660] (-) TimerEvent: {}
[750.593282] (-) TimerEvent: {}
[750.695106] (-) TimerEvent: {}
[750.796855] (-) TimerEvent: {}
[750.898453] (-) TimerEvent: {}
[751.000172] (-) TimerEvent: {}
[751.101761] (-) TimerEvent: {}
[751.203316] (-) TimerEvent: {}
[751.305169] (-) TimerEvent: {}
[751.406789] (-) TimerEvent: {}
[751.508316] (-) TimerEvent: {}
[751.609879] (-) TimerEvent: {}
[751.713015] (-) TimerEvent: {}
[751.815834] (-) TimerEvent: {}
[751.918602] (-) TimerEvent: {}
[752.021221] (-) TimerEvent: {}
[752.123919] (-) TimerEvent: {}
[752.226588] (-) TimerEvent: {}
[752.328934] (-) TimerEvent: {}
[752.430476] (-) TimerEvent: {}
[752.536380] (-) TimerEvent: {}
[752.639063] (-) TimerEvent: {}
[752.751139] (-) TimerEvent: {}
[752.853803] (-) TimerEvent: {}
[752.956551] (-) TimerEvent: {}
[753.059558] (-) TimerEvent: {}
[753.162386] (-) TimerEvent: {}
[753.265360] (-) TimerEvent: {}
[753.367979] (-) TimerEvent: {}
[753.471315] (-) TimerEvent: {}
[753.573827] (-) TimerEvent: {}
[753.678023] (-) TimerEvent: {}
[753.780421] (-) TimerEvent: {}
[753.883304] (-) TimerEvent: {}
[753.986135] (-) TimerEvent: {}
[754.088708] (-) TimerEvent: {}
[754.192752] (-) TimerEvent: {}
[754.295485] (-) TimerEvent: {}
[754.398031] (-) TimerEvent: {}
[754.500766] (-) TimerEvent: {}
[754.603808] (-) TimerEvent: {}
[754.707004] (-) TimerEvent: {}
[754.811444] (-) TimerEvent: {}
[754.914230] (-) TimerEvent: {}
[755.016576] (-) TimerEvent: {}
[755.119240] (-) TimerEvent: {}
[755.222178] (-) TimerEvent: {}
[755.324777] (-) TimerEvent: {}
[755.427375] (-) TimerEvent: {}
[755.529873] (-) TimerEvent: {}
[755.631268] (-) TimerEvent: {}
[755.732560] (-) TimerEvent: {}
[755.833679] (-) TimerEvent: {}
[755.934492] (-) TimerEvent: {}
[756.035276] (-) TimerEvent: {}
[756.136887] (-) TimerEvent: {}
[756.239671] (-) TimerEvent: {}
[756.342049] (-) TimerEvent: {}
[756.444598] (-) TimerEvent: {}
[756.547183] (-) TimerEvent: {}
[756.648615] (-) TimerEvent: {}
[756.750023] (-) TimerEvent: {}
[756.852574] (-) TimerEvent: {}
[756.955908] (-) TimerEvent: {}
[757.058550] (-) TimerEvent: {}
[757.161199] (-) TimerEvent: {}
[757.263699] (-) TimerEvent: {}
[757.366273] (-) TimerEvent: {}
[757.468888] (-) TimerEvent: {}
[757.571835] (-) TimerEvent: {}
[757.673360] (-) TimerEvent: {}
[757.774876] (-) TimerEvent: {}
[757.877510] (-) TimerEvent: {}
[757.980447] (-) TimerEvent: {}
[758.083052] (-) TimerEvent: {}
[758.185339] (-) TimerEvent: {}
[758.288121] (-) TimerEvent: {}
[758.390680] (-) TimerEvent: {}
[758.493197] (-) TimerEvent: {}
[758.596215] (-) TimerEvent: {}
[758.697819] (-) TimerEvent: {}
[758.804651] (-) TimerEvent: {}
[758.906211] (-) TimerEvent: {}
[759.007858] (-) TimerEvent: {}
[759.109465] (-) TimerEvent: {}
[759.211078] (-) TimerEvent: {}
[759.313810] (-) TimerEvent: {}
[759.416595] (-) TimerEvent: {}
[759.517479] (-) TimerEvent: {}
[759.618369] (-) TimerEvent: {}
[759.719871] (-) TimerEvent: {}
[759.822615] (-) TimerEvent: {}
[759.926175] (-) TimerEvent: {}
[760.028645] (-) TimerEvent: {}
[760.131001] (-) TimerEvent: {}
[760.233738] (-) TimerEvent: {}
[760.336078] (-) TimerEvent: {}
[760.437632] (-) TimerEvent: {}
[760.539206] (-) TimerEvent: {}
[760.646335] (-) TimerEvent: {}
[760.760454] (-) TimerEvent: {}
[760.862107] (-) TimerEvent: {}
[760.964820] (-) TimerEvent: {}
[761.067463] (-) TimerEvent: {}
[761.173423] (-) TimerEvent: {}
[761.274919] (-) TimerEvent: {}
[761.376585] (-) TimerEvent: {}
[761.478118] (-) TimerEvent: {}
[761.579687] (-) TimerEvent: {}
[761.685203] (-) TimerEvent: {}
[761.786692] (-) TimerEvent: {}
[761.888241] (-) TimerEvent: {}
[761.990886] (-) TimerEvent: {}
[762.093492] (-) TimerEvent: {}
[762.196626] (-) TimerEvent: {}
[762.299447] (-) TimerEvent: {}
[762.402461] (-) TimerEvent: {}
[762.503826] (-) TimerEvent: {}
[762.606844] (-) TimerEvent: {}
[762.710280] (-) TimerEvent: {}
[762.826043] (-) TimerEvent: {}
[762.929483] (-) TimerEvent: {}
[763.035512] (-) TimerEvent: {}
[763.137348] (-) TimerEvent: {}
[763.240048] (-) TimerEvent: {}
[763.342845] (-) TimerEvent: {}
[763.447022] (-) TimerEvent: {}
[763.552409] (-) TimerEvent: {}
[763.657389] (-) TimerEvent: {}
[763.759024] (-) TimerEvent: {}
[763.862321] (-) TimerEvent: {}
[763.965571] (-) TimerEvent: {}
[764.068509] (-) TimerEvent: {}
[764.171647] (-) TimerEvent: {}
[764.274398] (-) TimerEvent: {}
[764.377204] (-) TimerEvent: {}
[764.480007] (-) TimerEvent: {}
[764.583605] (-) TimerEvent: {}
[764.686127] (-) TimerEvent: {}
[764.788677] (-) TimerEvent: {}
[764.891430] (-) TimerEvent: {}
[764.994772] (-) TimerEvent: {}
[765.097736] (-) TimerEvent: {}
[765.200790] (-) TimerEvent: {}
[765.303705] (-) TimerEvent: {}
[765.406473] (-) TimerEvent: {}
[765.509340] (-) TimerEvent: {}
[765.615893] (-) TimerEvent: {}
[765.718836] (-) TimerEvent: {}
[765.821451] (-) TimerEvent: {}
[765.924720] (-) TimerEvent: {}
[766.027920] (-) TimerEvent: {}
[766.129666] (-) TimerEvent: {}
[766.232005] (-) TimerEvent: {}
[766.334710] (-) TimerEvent: {}
[766.435513] (-) TimerEvent: {}
[766.536689] (-) TimerEvent: {}
[766.637706] (-) TimerEvent: {}
[766.739355] (-) TimerEvent: {}
[766.841990] (-) TimerEvent: {}
[766.943598] (-) TimerEvent: {}
[767.045357] (-) TimerEvent: {}
[767.150142] (-) TimerEvent: {}
[767.253515] (-) TimerEvent: {}
[767.356564] (-) TimerEvent: {}
[767.460337] (-) TimerEvent: {}
[767.564063] (-) TimerEvent: {}
[767.665635] (-) TimerEvent: {}
[767.767396] (-) TimerEvent: {}
[767.890007] (-) TimerEvent: {}
[767.991501] (-) TimerEvent: {}
[768.094435] (-) TimerEvent: {}
[768.197586] (-) TimerEvent: {}
[768.300476] (-) TimerEvent: {}
[768.403019] (-) TimerEvent: {}
[768.505615] (-) TimerEvent: {}
[768.608208] (-) TimerEvent: {}
[768.709907] (-) TimerEvent: {}
[768.813258] (-) TimerEvent: {}
[768.915947] (-) TimerEvent: {}
[769.020264] (-) TimerEvent: {}
[769.122101] (-) TimerEvent: {}
[769.224923] (-) TimerEvent: {}
[769.327406] (-) TimerEvent: {}
[769.429989] (-) TimerEvent: {}
[769.532541] (-) TimerEvent: {}
[769.635051] (-) TimerEvent: {}
[769.737681] (-) TimerEvent: {}
[769.840167] (-) TimerEvent: {}
[769.943224] (-) TimerEvent: {}
[770.049257] (-) TimerEvent: {}
[770.065333] (slam_toolbox) StdoutLine: {'line': b'[ 79%] Built target slam_toolbox__py\n'}
[770.149959] (-) TimerEvent: {}
[770.251792] (-) TimerEvent: {}
[770.358277] (-) TimerEvent: {}
[770.459216] (-) TimerEvent: {}
[770.560846] (-) TimerEvent: {}
[770.666364] (-) TimerEvent: {}
[770.767966] (-) TimerEvent: {}
[770.869530] (-) TimerEvent: {}
[770.970979] (-) TimerEvent: {}
[771.072626] (-) TimerEvent: {}
[771.175204] (-) TimerEvent: {}
[771.277964] (-) TimerEvent: {}
[771.379620] (-) TimerEvent: {}
[771.482662] (-) TimerEvent: {}
[771.586010] (-) TimerEvent: {}
[771.687734] (-) TimerEvent: {}
[771.789349] (-) TimerEvent: {}
[771.891021] (-) TimerEvent: {}
[771.992693] (-) TimerEvent: {}
[772.094507] (-) TimerEvent: {}
[772.196131] (-) TimerEvent: {}
[772.299665] (-) TimerEvent: {}
[772.401435] (-) TimerEvent: {}
[772.503337] (-) TimerEvent: {}
[772.605126] (-) TimerEvent: {}
[772.706948] (-) TimerEvent: {}
[772.808760] (-) TimerEvent: {}
[772.917707] (-) TimerEvent: {}
[773.019233] (-) TimerEvent: {}
[773.120999] (-) TimerEvent: {}
[773.223266] (-) TimerEvent: {}
[773.325384] (-) TimerEvent: {}
[773.427144] (-) TimerEvent: {}
[773.528957] (-) TimerEvent: {}
[773.630871] (-) TimerEvent: {}
[773.732616] (-) TimerEvent: {}
[773.837349] (-) TimerEvent: {}
[773.938703] (-) TimerEvent: {}
[774.040923] (-) TimerEvent: {}
[774.144450] (-) TimerEvent: {}
[774.245879] (-) TimerEvent: {}
[774.348456] (-) TimerEvent: {}
[774.451375] (-) TimerEvent: {}
[774.553307] (-) TimerEvent: {}
[774.655013] (-) TimerEvent: {}
[774.761480] (-) TimerEvent: {}
[774.864735] (-) TimerEvent: {}
[774.967946] (-) TimerEvent: {}
[775.069477] (-) TimerEvent: {}
[775.171289] (-) TimerEvent: {}
[775.272999] (-) TimerEvent: {}
[775.374715] (-) TimerEvent: {}
[775.477115] (-) TimerEvent: {}
[775.580281] (-) TimerEvent: {}
[775.683393] (-) TimerEvent: {}
[775.786372] (-) TimerEvent: {}
[775.888234] (-) TimerEvent: {}
[775.990078] (-) TimerEvent: {}
[776.091869] (-) TimerEvent: {}
[776.194442] (-) TimerEvent: {}
[776.298106] (-) TimerEvent: {}
[776.399712] (-) TimerEvent: {}
[776.501589] (-) TimerEvent: {}
[776.605536] (-) TimerEvent: {}
[776.708426] (-) TimerEvent: {}
[776.809954] (-) TimerEvent: {}
[776.911619] (-) TimerEvent: {}
[777.013093] (-) TimerEvent: {}
[777.114532] (-) TimerEvent: {}
[777.216020] (-) TimerEvent: {}
[777.318066] (-) TimerEvent: {}
[777.419740] (-) TimerEvent: {}
[777.523640] (-) TimerEvent: {}
[777.624707] (-) TimerEvent: {}
[777.728277] (-) TimerEvent: {}
[777.829996] (-) TimerEvent: {}
[777.931687] (-) TimerEvent: {}
[778.033370] (-) TimerEvent: {}
[778.135027] (-) TimerEvent: {}
[778.236798] (-) TimerEvent: {}
[778.339027] (-) TimerEvent: {}
[778.441295] (-) TimerEvent: {}
[778.544879] (-) TimerEvent: {}
[778.646396] (-) TimerEvent: {}
[778.748100] (-) TimerEvent: {}
[778.850153] (-) TimerEvent: {}
[778.951753] (-) TimerEvent: {}
[779.053430] (-) TimerEvent: {}
[779.156406] (-) TimerEvent: {}
[779.259738] (-) TimerEvent: {}
[779.361435] (-) TimerEvent: {}
[779.462880] (-) TimerEvent: {}
[779.564311] (-) TimerEvent: {}
[779.665673] (-) TimerEvent: {}
[779.767541] (-) TimerEvent: {}
[779.869332] (-) TimerEvent: {}
[779.970875] (-) TimerEvent: {}
[780.072332] (-) TimerEvent: {}
[780.173829] (-) TimerEvent: {}
[780.276740] (-) TimerEvent: {}
[780.379658] (-) TimerEvent: {}
[780.481539] (-) TimerEvent: {}
[780.583304] (-) TimerEvent: {}
[780.684903] (-) TimerEvent: {}
[780.786549] (-) TimerEvent: {}
[780.888587] (-) TimerEvent: {}
[780.990070] (-) TimerEvent: {}
[781.093625] (-) TimerEvent: {}
[781.195191] (-) TimerEvent: {}
[781.296854] (-) TimerEvent: {}
[781.399081] (-) TimerEvent: {}
[781.500494] (-) TimerEvent: {}
[781.601916] (-) TimerEvent: {}
[781.703467] (-) TimerEvent: {}
[781.804930] (-) TimerEvent: {}
[781.906809] (-) TimerEvent: {}
[782.008405] (-) TimerEvent: {}
[782.110002] (-) TimerEvent: {}
[782.211754] (-) TimerEvent: {}
[782.313239] (-) TimerEvent: {}
[782.414690] (-) TimerEvent: {}
[782.516107] (-) TimerEvent: {}
[782.619287] (-) TimerEvent: {}
[782.722062] (-) TimerEvent: {}
[782.823626] (-) TimerEvent: {}
[782.928237] (-) TimerEvent: {}
[783.031957] (-) TimerEvent: {}
[783.133575] (-) TimerEvent: {}
[783.235426] (-) TimerEvent: {}
[783.337308] (-) TimerEvent: {}
[783.438896] (-) TimerEvent: {}
[783.540719] (-) TimerEvent: {}
[783.642749] (-) TimerEvent: {}
[783.745609] (-) TimerEvent: {}
[783.848234] (-) TimerEvent: {}
[783.951687] (-) TimerEvent: {}
[784.055648] (-) TimerEvent: {}
[784.159053] (-) TimerEvent: {}
[784.261789] (-) TimerEvent: {}
[784.363534] (-) TimerEvent: {}
[784.464777] (-) TimerEvent: {}
[784.566074] (-) TimerEvent: {}
[784.667003] (-) TimerEvent: {}
[784.767967] (-) TimerEvent: {}
[784.868989] (-) TimerEvent: {}
[784.971428] (-) TimerEvent: {}
[785.072931] (-) TimerEvent: {}
[785.174835] (-) TimerEvent: {}
[785.276333] (-) TimerEvent: {}
[785.378384] (-) TimerEvent: {}
[785.480268] (-) TimerEvent: {}
[785.582519] (-) TimerEvent: {}
[785.683818] (-) TimerEvent: {}
[785.784904] (-) TimerEvent: {}
[785.886225] (-) TimerEvent: {}
[785.987317] (-) TimerEvent: {}
[786.088355] (-) TimerEvent: {}
[786.193315] (-) TimerEvent: {}
[786.297860] (-) TimerEvent: {}
[786.398904] (-) TimerEvent: {}
[786.499960] (-) TimerEvent: {}
[786.601055] (-) TimerEvent: {}
[786.702168] (-) TimerEvent: {}
[786.803334] (-) TimerEvent: {}
[786.904631] (-) TimerEvent: {}
[787.006063] (-) TimerEvent: {}
[787.107358] (-) TimerEvent: {}
[787.208386] (-) TimerEvent: {}
[787.309652] (-) TimerEvent: {}
[787.410583] (-) TimerEvent: {}
[787.511800] (-) TimerEvent: {}
[787.612882] (-) TimerEvent: {}
[787.715451] (-) TimerEvent: {}
[787.817401] (-) TimerEvent: {}
[787.919366] (-) TimerEvent: {}
[788.021225] (-) TimerEvent: {}
[788.123175] (-) TimerEvent: {}
[788.224927] (-) TimerEvent: {}
[788.326653] (-) TimerEvent: {}
[788.428883] (-) TimerEvent: {}
[788.530951] (-) TimerEvent: {}
[788.633619] (-) TimerEvent: {}
[788.734693] (-) TimerEvent: {}
[788.836390] (-) TimerEvent: {}
[788.937544] (-) TimerEvent: {}
[789.039351] (-) TimerEvent: {}
[789.141402] (-) TimerEvent: {}
[789.243152] (-) TimerEvent: {}
[789.345119] (-) TimerEvent: {}
[789.448240] (-) TimerEvent: {}
[789.550106] (-) TimerEvent: {}
[789.651943] (-) TimerEvent: {}
[789.754126] (-) TimerEvent: {}
[789.856033] (-) TimerEvent: {}
[789.958351] (-) TimerEvent: {}
[790.060363] (-) TimerEvent: {}
[790.162277] (-) TimerEvent: {}
[790.264572] (-) TimerEvent: {}
[790.367196] (-) TimerEvent: {}
[790.469379] (-) TimerEvent: {}
[790.573003] (-) TimerEvent: {}
[790.674979] (-) TimerEvent: {}
[790.776092] (-) TimerEvent: {}
[790.878041] (-) TimerEvent: {}
[790.979885] (-) TimerEvent: {}
[791.081962] (-) TimerEvent: {}
[791.184382] (-) TimerEvent: {}
[791.286496] (-) TimerEvent: {}
[791.388269] (-) TimerEvent: {}
[791.492311] (-) TimerEvent: {}
[791.594485] (-) TimerEvent: {}
[791.696324] (-) TimerEvent: {}
[791.798598] (-) TimerEvent: {}
[791.900791] (-) TimerEvent: {}
[792.002598] (-) TimerEvent: {}
[792.104534] (-) TimerEvent: {}
[792.205654] (-) TimerEvent: {}
[792.307007] (-) TimerEvent: {}
[792.408190] (-) TimerEvent: {}
[792.509246] (-) TimerEvent: {}
[792.610265] (-) TimerEvent: {}
[792.711353] (-) TimerEvent: {}
[792.812655] (-) TimerEvent: {}
[792.914489] (-) TimerEvent: {}
[793.023021] (-) TimerEvent: {}
[793.124020] (-) TimerEvent: {}
[793.225336] (-) TimerEvent: {}
[793.326393] (-) TimerEvent: {}
[793.427431] (-) TimerEvent: {}
[793.528471] (-) TimerEvent: {}
[793.629499] (-) TimerEvent: {}
[793.730622] (-) TimerEvent: {}
[793.831625] (-) TimerEvent: {}
[793.934458] (-) TimerEvent: {}
[794.036727] (-) TimerEvent: {}
[794.139183] (-) TimerEvent: {}
[794.241948] (-) TimerEvent: {}
[794.343796] (-) TimerEvent: {}
[794.445634] (-) TimerEvent: {}
[794.547056] (-) TimerEvent: {}
[794.648283] (-) TimerEvent: {}
[794.749410] (-) TimerEvent: {}
[794.850380] (-) TimerEvent: {}
[794.951351] (-) TimerEvent: {}
[795.052326] (-) TimerEvent: {}
[795.153299] (-) TimerEvent: {}
[795.254247] (-) TimerEvent: {}
[795.355216] (-) TimerEvent: {}
[795.456095] (-) TimerEvent: {}
[795.557013] (-) TimerEvent: {}
[795.657959] (-) TimerEvent: {}
[795.758960] (-) TimerEvent: {}
[795.860013] (-) TimerEvent: {}
[795.961116] (-) TimerEvent: {}
[796.062286] (-) TimerEvent: {}
[796.163350] (-) TimerEvent: {}
[796.264727] (-) TimerEvent: {}
[796.366600] (-) TimerEvent: {}
[796.468299] (-) TimerEvent: {}
[796.570302] (-) TimerEvent: {}
[796.672677] (-) TimerEvent: {}
[796.773723] (-) TimerEvent: {}
[796.874736] (-) TimerEvent: {}
[796.907259] (slam_toolbox) StdoutLine: {'line': b'[ 80%] \x1b[32m\x1b[1mLinking CXX shared library liblocalization_slam_toolbox.so\x1b[0m\n'}
[796.975040] (-) TimerEvent: {}
[797.076758] (-) TimerEvent: {}
[797.178718] (-) TimerEvent: {}
[797.281341] (-) TimerEvent: {}
[797.384542] (-) TimerEvent: {}
[797.487622] (-) TimerEvent: {}
[797.590364] (-) TimerEvent: {}
[797.692638] (-) TimerEvent: {}
[797.796540] (-) TimerEvent: {}
[797.900907] (-) TimerEvent: {}
[798.003422] (-) TimerEvent: {}
[798.105976] (-) TimerEvent: {}
[798.207762] (-) TimerEvent: {}
[798.309888] (-) TimerEvent: {}
[798.413250] (-) TimerEvent: {}
[798.515466] (-) TimerEvent: {}
[798.618125] (-) TimerEvent: {}
[798.720682] (-) TimerEvent: {}
[798.823234] (-) TimerEvent: {}
[798.926347] (-) TimerEvent: {}
[799.028840] (-) TimerEvent: {}
[799.131141] (-) TimerEvent: {}
[799.233400] (-) TimerEvent: {}
[799.335748] (-) TimerEvent: {}
[799.439507] (-) TimerEvent: {}
[799.541800] (-) TimerEvent: {}
[799.644084] (-) TimerEvent: {}
[799.746648] (-) TimerEvent: {}
[799.848977] (-) TimerEvent: {}
[799.952097] (-) TimerEvent: {}
[800.054269] (-) TimerEvent: {}
[800.157696] (-) TimerEvent: {}
[800.260610] (-) TimerEvent: {}
[800.364228] (-) TimerEvent: {}
[800.467516] (-) TimerEvent: {}
[800.570746] (-) TimerEvent: {}
[800.673877] (-) TimerEvent: {}
[800.775141] (-) TimerEvent: {}
[800.876440] (-) TimerEvent: {}
[800.977640] (-) TimerEvent: {}
[801.079072] (-) TimerEvent: {}
[801.180183] (-) TimerEvent: {}
[801.281292] (-) TimerEvent: {}
[801.382658] (-) TimerEvent: {}
[801.484263] (-) TimerEvent: {}
[801.585745] (-) TimerEvent: {}
[801.687343] (-) TimerEvent: {}
[801.788845] (-) TimerEvent: {}
[801.890405] (-) TimerEvent: {}
[801.991864] (-) TimerEvent: {}
[802.093495] (-) TimerEvent: {}
[802.174304] (slam_toolbox) StdoutLine: {'line': b'[ 80%] Built target localization_slam_toolbox\n'}
[802.194021] (-) TimerEvent: {}
[802.295801] (-) TimerEvent: {}
[802.398883] (-) TimerEvent: {}
[802.500684] (-) TimerEvent: {}
[802.602566] (-) TimerEvent: {}
[802.704273] (-) TimerEvent: {}
[802.806038] (-) TimerEvent: {}
[802.912292] (-) TimerEvent: {}
[803.015376] (-) TimerEvent: {}
[803.117383] (-) TimerEvent: {}
[803.219350] (-) TimerEvent: {}
[803.322460] (-) TimerEvent: {}
[803.424947] (-) TimerEvent: {}
[803.527917] (-) TimerEvent: {}
[803.631058] (-) TimerEvent: {}
[803.734463] (-) TimerEvent: {}
[803.837650] (-) TimerEvent: {}
[803.941154] (-) TimerEvent: {}
[804.044306] (-) TimerEvent: {}
[804.147507] (-) TimerEvent: {}
[804.251559] (-) TimerEvent: {}
[804.355084] (-) TimerEvent: {}
[804.457213] (-) TimerEvent: {}
[804.560912] (-) TimerEvent: {}
[804.665001] (-) TimerEvent: {}
[804.769467] (-) TimerEvent: {}
[804.872385] (-) TimerEvent: {}
[804.975351] (-) TimerEvent: {}
[805.078771] (-) TimerEvent: {}
[805.181778] (-) TimerEvent: {}
[805.284969] (-) TimerEvent: {}
[805.388302] (-) TimerEvent: {}
[805.491281] (-) TimerEvent: {}
[805.593071] (-) TimerEvent: {}
[805.695432] (-) TimerEvent: {}
[805.797686] (-) TimerEvent: {}
[805.898744] (-) TimerEvent: {}
[806.000118] (-) TimerEvent: {}
[806.101215] (-) TimerEvent: {}
[806.202301] (-) TimerEvent: {}
[806.303391] (-) TimerEvent: {}
[806.404481] (-) TimerEvent: {}
[806.505560] (-) TimerEvent: {}
[806.607395] (-) TimerEvent: {}
[806.709251] (-) TimerEvent: {}
[806.811140] (-) TimerEvent: {}
[806.912859] (-) TimerEvent: {}
[807.013996] (-) TimerEvent: {}
[807.115053] (-) TimerEvent: {}
[807.216435] (-) TimerEvent: {}
[807.317567] (-) TimerEvent: {}
[807.418580] (-) TimerEvent: {}
[807.519551] (-) TimerEvent: {}
[807.620325] (-) TimerEvent: {}
[807.721235] (-) TimerEvent: {}
[807.822064] (-) TimerEvent: {}
[807.923059] (-) TimerEvent: {}
[808.024139] (-) TimerEvent: {}
[808.125683] (-) TimerEvent: {}
[808.227313] (-) TimerEvent: {}
[808.328156] (-) TimerEvent: {}
[808.429902] (-) TimerEvent: {}
[808.531816] (-) TimerEvent: {}
[808.634329] (-) TimerEvent: {}
[808.735546] (-) TimerEvent: {}
[808.836520] (-) TimerEvent: {}
[808.937592] (-) TimerEvent: {}
[809.038628] (-) TimerEvent: {}
[809.139665] (-) TimerEvent: {}
[809.240618] (-) TimerEvent: {}
[809.342585] (-) TimerEvent: {}
[809.444215] (-) TimerEvent: {}
[809.546133] (-) TimerEvent: {}
[809.648148] (-) TimerEvent: {}
[809.749973] (-) TimerEvent: {}
[809.851578] (-) TimerEvent: {}
[809.952648] (-) TimerEvent: {}
[810.053702] (-) TimerEvent: {}
[810.154739] (-) TimerEvent: {}
[810.255708] (-) TimerEvent: {}
[810.356636] (-) TimerEvent: {}
[810.457731] (-) TimerEvent: {}
[810.559381] (-) TimerEvent: {}
[810.660267] (-) TimerEvent: {}
[810.761328] (-) TimerEvent: {}
[810.862531] (-) TimerEvent: {}
[810.964618] (-) TimerEvent: {}
[811.066763] (-) TimerEvent: {}
[811.168674] (-) TimerEvent: {}
[811.270950] (-) TimerEvent: {}
[811.374627] (-) TimerEvent: {}
[811.475695] (-) TimerEvent: {}
[811.578373] (-) TimerEvent: {}
[811.680245] (-) TimerEvent: {}
[811.782427] (-) TimerEvent: {}
[811.883466] (-) TimerEvent: {}
[811.984508] (-) TimerEvent: {}
[812.085635] (-) TimerEvent: {}
[812.187157] (-) TimerEvent: {}
[812.288404] (-) TimerEvent: {}
[812.390264] (-) TimerEvent: {}
[812.491892] (-) TimerEvent: {}
[812.592800] (-) TimerEvent: {}
[812.693693] (-) TimerEvent: {}
[812.794760] (-) TimerEvent: {}
[812.895682] (-) TimerEvent: {}
[812.996630] (-) TimerEvent: {}
[813.097561] (-) TimerEvent: {}
[813.207536] (-) TimerEvent: {}
[813.308676] (-) TimerEvent: {}
[813.409913] (-) TimerEvent: {}
[813.510932] (-) TimerEvent: {}
[813.611898] (-) TimerEvent: {}
[813.713591] (-) TimerEvent: {}
[813.815474] (-) TimerEvent: {}
[813.917421] (-) TimerEvent: {}
[814.019198] (-) TimerEvent: {}
[814.120265] (-) TimerEvent: {}
[814.223141] (-) TimerEvent: {}
[814.324180] (-) TimerEvent: {}
[814.425235] (-) TimerEvent: {}
[814.528777] (-) TimerEvent: {}
[814.630429] (-) TimerEvent: {}
[814.732097] (-) TimerEvent: {}
[814.834194] (-) TimerEvent: {}
[814.936014] (-) TimerEvent: {}
[815.037178] (-) TimerEvent: {}
[815.138938] (-) TimerEvent: {}
[815.240630] (-) TimerEvent: {}
[815.342829] (-) TimerEvent: {}
[815.444342] (-) TimerEvent: {}
[815.545493] (-) TimerEvent: {}
[815.646498] (-) TimerEvent: {}
[815.748214] (-) TimerEvent: {}
[815.850028] (-) TimerEvent: {}
[815.951909] (-) TimerEvent: {}
[816.053719] (-) TimerEvent: {}
[816.155432] (-) TimerEvent: {}
[816.256529] (-) TimerEvent: {}
[816.357601] (-) TimerEvent: {}
[816.458645] (-) TimerEvent: {}
[816.560382] (-) TimerEvent: {}
[816.662121] (-) TimerEvent: {}
[816.763950] (-) TimerEvent: {}
[816.865894] (-) TimerEvent: {}
[816.967558] (-) TimerEvent: {}
[817.069265] (-) TimerEvent: {}
[817.171029] (-) TimerEvent: {}
[817.272074] (-) TimerEvent: {}
[817.373890] (-) TimerEvent: {}
[817.475724] (-) TimerEvent: {}
[817.581399] (-) TimerEvent: {}
[817.685370] (-) TimerEvent: {}
[817.787529] (-) TimerEvent: {}
[817.889506] (-) TimerEvent: {}
[817.991328] (-) TimerEvent: {}
[818.092922] (-) TimerEvent: {}
[818.194599] (-) TimerEvent: {}
[818.301419] (-) TimerEvent: {}
[818.402444] (-) TimerEvent: {}
[818.503506] (-) TimerEvent: {}
[818.604544] (-) TimerEvent: {}
[818.706645] (-) TimerEvent: {}
[818.808468] (-) TimerEvent: {}
[818.909927] (-) TimerEvent: {}
[819.011430] (-) TimerEvent: {}
[819.113005] (-) TimerEvent: {}
[819.214640] (-) TimerEvent: {}
[819.316396] (-) TimerEvent: {}
[819.417442] (-) TimerEvent: {}
[819.518734] (-) TimerEvent: {}
[819.620935] (-) TimerEvent: {}
[819.722469] (-) TimerEvent: {}
[819.823399] (-) TimerEvent: {}
[819.924445] (-) TimerEvent: {}
[820.025367] (-) TimerEvent: {}
[820.126729] (-) TimerEvent: {}
[820.227597] (-) TimerEvent: {}
[820.328568] (-) TimerEvent: {}
[820.429448] (-) TimerEvent: {}
[820.530303] (-) TimerEvent: {}
[820.631336] (-) TimerEvent: {}
[820.732427] (-) TimerEvent: {}
[820.833510] (-) TimerEvent: {}
[820.934554] (-) TimerEvent: {}
[821.036338] (-) TimerEvent: {}
[821.139460] (-) TimerEvent: {}
[821.241876] (-) TimerEvent: {}
[821.343531] (-) TimerEvent: {}
[821.444983] (-) TimerEvent: {}
[821.546429] (-) TimerEvent: {}
[821.647917] (-) TimerEvent: {}
[821.749722] (-) TimerEvent: {}
[821.851807] (-) TimerEvent: {}
[821.953508] (-) TimerEvent: {}
[822.055244] (-) TimerEvent: {}
[822.156718] (-) TimerEvent: {}
[822.257905] (-) TimerEvent: {}
[822.359508] (-) TimerEvent: {}
[822.461136] (-) TimerEvent: {}
[822.562720] (-) TimerEvent: {}
[822.664234] (-) TimerEvent: {}
[822.766589] (-) TimerEvent: {}
[822.869226] (-) TimerEvent: {}
[822.970038] (-) TimerEvent: {}
[823.070900] (-) TimerEvent: {}
[823.171781] (-) TimerEvent: {}
[823.272633] (-) TimerEvent: {}
[823.379775] (-) TimerEvent: {}
[823.481238] (-) TimerEvent: {}
[823.582055] (-) TimerEvent: {}
[823.683200] (-) TimerEvent: {}
[823.785239] (-) TimerEvent: {}
[823.886697] (-) TimerEvent: {}
[823.988200] (-) TimerEvent: {}
[824.089872] (-) TimerEvent: {}
[824.191317] (-) TimerEvent: {}
[824.292337] (-) TimerEvent: {}
[824.393445] (-) TimerEvent: {}
[824.495009] (-) TimerEvent: {}
[824.596538] (-) TimerEvent: {}
[824.698148] (-) TimerEvent: {}
[824.800831] (-) TimerEvent: {}
[824.902758] (-) TimerEvent: {}
[825.003907] (-) TimerEvent: {}
[825.105562] (-) TimerEvent: {}
[825.207304] (-) TimerEvent: {}
[825.309073] (-) TimerEvent: {}
[825.410775] (-) TimerEvent: {}
[825.512540] (-) TimerEvent: {}
[825.615795] (-) TimerEvent: {}
[825.718562] (-) TimerEvent: {}
[825.821279] (-) TimerEvent: {}
[825.923935] (-) TimerEvent: {}
[826.025470] (-) TimerEvent: {}
[826.128665] (-) TimerEvent: {}
[826.231869] (-) TimerEvent: {}
[826.334685] (-) TimerEvent: {}
[826.437218] (-) TimerEvent: {}
[826.539352] (-) TimerEvent: {}
[826.641130] (-) TimerEvent: {}
[826.742685] (-) TimerEvent: {}
[826.844346] (-) TimerEvent: {}
[826.947444] (-) TimerEvent: {}
[827.049231] (-) TimerEvent: {}
[827.151281] (-) TimerEvent: {}
[827.261930] (-) TimerEvent: {}
[827.365446] (-) TimerEvent: {}
[827.468468] (-) TimerEvent: {}
[827.571134] (-) TimerEvent: {}
[827.674201] (-) TimerEvent: {}
[827.777474] (-) TimerEvent: {}
[827.879302] (-) TimerEvent: {}
[827.981249] (-) TimerEvent: {}
[828.084298] (-) TimerEvent: {}
[828.187542] (-) TimerEvent: {}
[828.290453] (-) TimerEvent: {}
[828.391376] (-) TimerEvent: {}
[828.492511] (-) TimerEvent: {}
[828.593483] (-) TimerEvent: {}
[828.694564] (-) TimerEvent: {}
[828.795636] (-) TimerEvent: {}
[828.896752] (-) TimerEvent: {}
[828.997954] (-) TimerEvent: {}
[829.099009] (-) TimerEvent: {}
[829.200945] (-) TimerEvent: {}
[829.302039] (-) TimerEvent: {}
[829.403133] (-) TimerEvent: {}
[829.504430] (-) TimerEvent: {}
[829.606747] (-) TimerEvent: {}
[829.708562] (-) TimerEvent: {}
[829.810666] (-) TimerEvent: {}
[829.911840] (-) TimerEvent: {}
[830.013921] (-) TimerEvent: {}
[830.116097] (-) TimerEvent: {}
[830.227485] (-) TimerEvent: {}
[830.328423] (-) TimerEvent: {}
[830.429281] (-) TimerEvent: {}
[830.530116] (-) TimerEvent: {}
[830.630974] (-) TimerEvent: {}
[830.732932] (-) TimerEvent: {}
[830.834423] (-) TimerEvent: {}
[830.936499] (-) TimerEvent: {}
[831.038309] (-) TimerEvent: {}
[831.139885] (-) TimerEvent: {}
[831.240926] (-) TimerEvent: {}
[831.342477] (-) TimerEvent: {}
[831.443408] (-) TimerEvent: {}
[831.544282] (-) TimerEvent: {}
[831.645903] (-) TimerEvent: {}
[831.747524] (-) TimerEvent: {}
[831.849596] (-) TimerEvent: {}
[831.952145] (-) TimerEvent: {}
[832.053464] (-) TimerEvent: {}
[832.154878] (-) TimerEvent: {}
[832.256380] (-) TimerEvent: {}
[832.358254] (-) TimerEvent: {}
[832.459956] (-) TimerEvent: {}
[832.561697] (-) TimerEvent: {}
[832.663442] (-) TimerEvent: {}
[832.764447] (-) TimerEvent: {}
[832.869436] (-) TimerEvent: {}
[832.978225] (-) TimerEvent: {}
[833.079331] (-) TimerEvent: {}
[833.181544] (-) TimerEvent: {}
[833.284268] (-) TimerEvent: {}
[833.386062] (-) TimerEvent: {}
[833.487032] (-) TimerEvent: {}
[833.588158] (-) TimerEvent: {}
[833.689188] (-) TimerEvent: {}
[833.790103] (-) TimerEvent: {}
[833.891030] (-) TimerEvent: {}
[833.991929] (-) TimerEvent: {}
[834.093267] (-) TimerEvent: {}
[834.194237] (-) TimerEvent: {}
[834.295353] (-) TimerEvent: {}
[834.396245] (-) TimerEvent: {}
[834.497086] (-) TimerEvent: {}
[834.597897] (-) TimerEvent: {}
[834.698837] (-) TimerEvent: {}
[834.799675] (-) TimerEvent: {}
[834.900697] (-) TimerEvent: {}
[835.001738] (-) TimerEvent: {}
[835.102759] (-) TimerEvent: {}
[835.203542] (-) TimerEvent: {}
[835.304496] (-) TimerEvent: {}
[835.405326] (-) TimerEvent: {}
[835.506135] (-) TimerEvent: {}
[835.606941] (-) TimerEvent: {}
[835.707751] (-) TimerEvent: {}
[835.808590] (-) TimerEvent: {}
[835.909410] (-) TimerEvent: {}
[836.010290] (-) TimerEvent: {}
[836.111465] (-) TimerEvent: {}
[836.212257] (-) TimerEvent: {}
[836.313239] (-) TimerEvent: {}
[836.414239] (-) TimerEvent: {}
[836.515073] (-) TimerEvent: {}
[836.615927] (-) TimerEvent: {}
[836.716734] (-) TimerEvent: {}
[836.817608] (-) TimerEvent: {}
[836.918406] (-) TimerEvent: {}
[837.019228] (-) TimerEvent: {}
[837.120068] (-) TimerEvent: {}
[837.220941] (-) TimerEvent: {}
[837.322079] (-) TimerEvent: {}
[837.329855] (slam_toolbox) StdoutLine: {'line': b'[ 81%] \x1b[32mBuilding CXX object CMakeFiles/lifelong_slam_toolbox_node.dir/src/experimental/slam_toolbox_lifelong_node.cpp.o\x1b[0m\n'}
[837.422315] (-) TimerEvent: {}
[837.523130] (-) TimerEvent: {}
[837.623943] (-) TimerEvent: {}
[837.724792] (-) TimerEvent: {}
[837.825665] (-) TimerEvent: {}
[837.926481] (-) TimerEvent: {}
[838.027375] (-) TimerEvent: {}
[838.128416] (-) TimerEvent: {}
[838.229392] (-) TimerEvent: {}
[838.330263] (-) TimerEvent: {}
[838.432200] (-) TimerEvent: {}
[838.533159] (-) TimerEvent: {}
[838.634833] (-) TimerEvent: {}
[838.736545] (-) TimerEvent: {}
[838.838584] (-) TimerEvent: {}
[838.943381] (-) TimerEvent: {}
[839.046792] (-) TimerEvent: {}
[839.147805] (-) TimerEvent: {}
[839.248905] (-) TimerEvent: {}
[839.349984] (-) TimerEvent: {}
[839.410004] (slam_toolbox) StdoutLine: {'line': b'[ 82%] \x1b[32mBuilding CXX object CMakeFiles/sync_slam_toolbox_node.dir/src/slam_toolbox_sync_node.cpp.o\x1b[0m\n'}
[839.450200] (-) TimerEvent: {}
[839.551859] (-) TimerEvent: {}
[839.653445] (-) TimerEvent: {}
[839.755050] (-) TimerEvent: {}
[839.856719] (-) TimerEvent: {}
[839.958825] (-) TimerEvent: {}
[840.059857] (-) TimerEvent: {}
[840.160819] (-) TimerEvent: {}
[840.261773] (-) TimerEvent: {}
[840.362720] (-) TimerEvent: {}
[840.463844] (-) TimerEvent: {}
[840.564707] (-) TimerEvent: {}
[840.665791] (-) TimerEvent: {}
[840.766633] (-) TimerEvent: {}
[840.867493] (-) TimerEvent: {}
[840.968317] (-) TimerEvent: {}
[841.070428] (-) TimerEvent: {}
[841.171356] (-) TimerEvent: {}
[841.272343] (-) TimerEvent: {}
[841.373237] (-) TimerEvent: {}
[841.474103] (-) TimerEvent: {}
[841.574987] (-) TimerEvent: {}
[841.675955] (-) TimerEvent: {}
[841.776717] (-) TimerEvent: {}
[841.877571] (-) TimerEvent: {}
[841.978531] (-) TimerEvent: {}
[842.079435] (-) TimerEvent: {}
[842.180360] (-) TimerEvent: {}
[842.281279] (-) TimerEvent: {}
[842.382131] (-) TimerEvent: {}
[842.482988] (-) TimerEvent: {}
[842.583847] (-) TimerEvent: {}
[842.684699] (-) TimerEvent: {}
[842.785487] (-) TimerEvent: {}
[842.886294] (-) TimerEvent: {}
[842.987307] (-) TimerEvent: {}
[843.088813] (-) TimerEvent: {}
[843.190373] (-) TimerEvent: {}
[843.291971] (-) TimerEvent: {}
[843.393422] (-) TimerEvent: {}
[843.494836] (-) TimerEvent: {}
[843.596435] (-) TimerEvent: {}
[843.697949] (-) TimerEvent: {}
[843.799447] (-) TimerEvent: {}
[843.901015] (-) TimerEvent: {}
[844.002512] (-) TimerEvent: {}
[844.104113] (-) TimerEvent: {}
[844.205570] (-) TimerEvent: {}
[844.307960] (-) TimerEvent: {}
[844.414023] (-) TimerEvent: {}
[844.515729] (-) TimerEvent: {}
[844.617304] (-) TimerEvent: {}
[844.718804] (-) TimerEvent: {}
[844.820317] (-) TimerEvent: {}
[844.921779] (-) TimerEvent: {}
[845.023946] (-) TimerEvent: {}
[845.125711] (-) TimerEvent: {}
[845.227245] (-) TimerEvent: {}
[845.328830] (-) TimerEvent: {}
[845.430375] (-) TimerEvent: {}
[845.531898] (-) TimerEvent: {}
[845.633556] (-) TimerEvent: {}
[845.735256] (-) TimerEvent: {}
[845.836757] (-) TimerEvent: {}
[845.938365] (-) TimerEvent: {}
[846.039848] (-) TimerEvent: {}
[846.141472] (-) TimerEvent: {}
[846.243008] (-) TimerEvent: {}
[846.344397] (-) TimerEvent: {}
[846.445218] (-) TimerEvent: {}
[846.546439] (-) TimerEvent: {}
[846.647340] (-) TimerEvent: {}
[846.748273] (-) TimerEvent: {}
[846.850067] (-) TimerEvent: {}
[846.951551] (-) TimerEvent: {}
[847.052598] (-) TimerEvent: {}
[847.153690] (-) TimerEvent: {}
[847.255337] (-) TimerEvent: {}
[847.356810] (-) TimerEvent: {}
[847.458390] (-) TimerEvent: {}
[847.560301] (-) TimerEvent: {}
[847.661749] (-) TimerEvent: {}
[847.763696] (-) TimerEvent: {}
[847.865314] (-) TimerEvent: {}
[847.966775] (-) TimerEvent: {}
[848.068281] (-) TimerEvent: {}
[848.169844] (-) TimerEvent: {}
[848.271407] (-) TimerEvent: {}
[848.373445] (-) TimerEvent: {}
[848.475268] (-) TimerEvent: {}
[848.577066] (-) TimerEvent: {}
[848.679099] (-) TimerEvent: {}
[848.780555] (-) TimerEvent: {}
[848.882459] (-) TimerEvent: {}
[848.984021] (-) TimerEvent: {}
[849.085626] (-) TimerEvent: {}
[849.187272] (-) TimerEvent: {}
[849.288888] (-) TimerEvent: {}
[849.390664] (-) TimerEvent: {}
[849.493689] (-) TimerEvent: {}
[849.595441] (-) TimerEvent: {}
[849.697549] (-) TimerEvent: {}
[849.799295] (-) TimerEvent: {}
[849.901398] (-) TimerEvent: {}
[850.003200] (-) TimerEvent: {}
[850.105092] (-) TimerEvent: {}
[850.206849] (-) TimerEvent: {}
[850.308761] (-) TimerEvent: {}
[850.410577] (-) TimerEvent: {}
[850.511616] (-) TimerEvent: {}
[850.612604] (-) TimerEvent: {}
[850.714560] (-) TimerEvent: {}
[850.816149] (-) TimerEvent: {}
[850.919066] (-) TimerEvent: {}
[851.023722] (-) TimerEvent: {}
[851.126936] (-) TimerEvent: {}
[851.229818] (-) TimerEvent: {}
[851.331649] (-) TimerEvent: {}
[851.433565] (-) TimerEvent: {}
[851.535310] (-) TimerEvent: {}
[851.637266] (-) TimerEvent: {}
[851.739015] (-) TimerEvent: {}
[851.841142] (-) TimerEvent: {}
[851.942961] (-) TimerEvent: {}
[852.044702] (-) TimerEvent: {}
[852.146711] (-) TimerEvent: {}
[852.248606] (-) TimerEvent: {}
[852.351695] (-) TimerEvent: {}
[852.454480] (-) TimerEvent: {}
[852.557107] (-) TimerEvent: {}
[852.660070] (-) TimerEvent: {}
[852.762810] (-) TimerEvent: {}
[852.865496] (-) TimerEvent: {}
[852.968098] (-) TimerEvent: {}
[853.071148] (-) TimerEvent: {}
[853.174002] (-) TimerEvent: {}
[853.276662] (-) TimerEvent: {}
[853.379661] (-) TimerEvent: {}
[853.482904] (-) TimerEvent: {}
[853.584423] (-) TimerEvent: {}
[853.686222] (-) TimerEvent: {}
[853.789291] (-) TimerEvent: {}
[853.892311] (-) TimerEvent: {}
[853.996263] (-) TimerEvent: {}
[854.099202] (-) TimerEvent: {}
[854.201144] (-) TimerEvent: {}
[854.303169] (-) TimerEvent: {}
[854.404941] (-) TimerEvent: {}
[854.507033] (-) TimerEvent: {}
[854.608142] (-) TimerEvent: {}
[854.709156] (-) TimerEvent: {}
[854.810050] (-) TimerEvent: {}
[854.911193] (-) TimerEvent: {}
[855.012463] (-) TimerEvent: {}
[855.113570] (-) TimerEvent: {}
[855.215381] (-) TimerEvent: {}
[855.317621] (-) TimerEvent: {}
[855.419815] (-) TimerEvent: {}
[855.522013] (-) TimerEvent: {}
[855.623891] (-) TimerEvent: {}
[855.725317] (-) TimerEvent: {}
[855.826991] (-) TimerEvent: {}
[855.928241] (-) TimerEvent: {}
[856.030369] (-) TimerEvent: {}
[856.132062] (-) TimerEvent: {}
[856.235215] (-) TimerEvent: {}
[856.337762] (-) TimerEvent: {}
[856.439557] (-) TimerEvent: {}
[856.542969] (-) TimerEvent: {}
[856.647563] (-) TimerEvent: {}
[856.750410] (-) TimerEvent: {}
[856.853161] (-) TimerEvent: {}
[856.955822] (-) TimerEvent: {}
[857.058587] (-) TimerEvent: {}
[857.161672] (-) TimerEvent: {}
[857.264440] (-) TimerEvent: {}
[857.367067] (-) TimerEvent: {}
[857.469698] (-) TimerEvent: {}
[857.573325] (-) TimerEvent: {}
[857.675816] (-) TimerEvent: {}
[857.778540] (-) TimerEvent: {}
[857.881335] (-) TimerEvent: {}
[857.984784] (-) TimerEvent: {}
[858.087671] (-) TimerEvent: {}
[858.190260] (-) TimerEvent: {}
[858.293421] (-) TimerEvent: {}
[858.395961] (-) TimerEvent: {}
[858.500331] (-) TimerEvent: {}
[858.603702] (-) TimerEvent: {}
[858.705786] (-) TimerEvent: {}
[858.807470] (-) TimerEvent: {}
[858.909252] (-) TimerEvent: {}
[859.011017] (-) TimerEvent: {}
[859.112784] (-) TimerEvent: {}
[859.214852] (-) TimerEvent: {}
[859.316853] (-) TimerEvent: {}
[859.418843] (-) TimerEvent: {}
[859.520581] (-) TimerEvent: {}
[859.622512] (-) TimerEvent: {}
[859.725988] (-) TimerEvent: {}
[859.827155] (-) TimerEvent: {}
[859.928583] (-) TimerEvent: {}
[860.030837] (-) TimerEvent: {}
[860.132759] (-) TimerEvent: {}
[860.234772] (-) TimerEvent: {}
[860.338846] (-) TimerEvent: {}
[860.440635] (-) TimerEvent: {}
[860.543000] (-) TimerEvent: {}
[860.646123] (-) TimerEvent: {}
[860.748386] (-) TimerEvent: {}
[860.850151] (-) TimerEvent: {}
[860.952753] (-) TimerEvent: {}
[861.054756] (-) TimerEvent: {}
[861.156652] (-) TimerEvent: {}
[861.258774] (-) TimerEvent: {}
[861.360923] (-) TimerEvent: {}
[861.463075] (-) TimerEvent: {}
[861.564768] (-) TimerEvent: {}
[861.666526] (-) TimerEvent: {}
[861.768568] (-) TimerEvent: {}
[861.870657] (-) TimerEvent: {}
[861.972951] (-) TimerEvent: {}
[862.075354] (-) TimerEvent: {}
[862.177072] (-) TimerEvent: {}
[862.278761] (-) TimerEvent: {}
[862.380742] (-) TimerEvent: {}
[862.482469] (-) TimerEvent: {}
[862.584179] (-) TimerEvent: {}
[862.689481] (-) TimerEvent: {}
[862.791185] (-) TimerEvent: {}
[862.892889] (-) TimerEvent: {}
[862.994734] (-) TimerEvent: {}
[863.098731] (-) TimerEvent: {}
[863.203666] (-) TimerEvent: {}
[863.305913] (-) TimerEvent: {}
[863.408223] (-) TimerEvent: {}
[863.512060] (-) TimerEvent: {}
[863.613949] (-) TimerEvent: {}
[863.715234] (-) TimerEvent: {}
[863.816481] (-) TimerEvent: {}
[863.917564] (-) TimerEvent: {}
[864.019606] (-) TimerEvent: {}
[864.122069] (-) TimerEvent: {}
[864.224180] (-) TimerEvent: {}
[864.326091] (-) TimerEvent: {}
[864.428182] (-) TimerEvent: {}
[864.530461] (-) TimerEvent: {}
[864.632345] (-) TimerEvent: {}
[864.734183] (-) TimerEvent: {}
[864.835757] (-) TimerEvent: {}
[864.937339] (-) TimerEvent: {}
[864.967530] (slam_toolbox) StdoutLine: {'line': b'[ 83%] \x1b[32m\x1b[1mLinking CXX executable async_slam_toolbox_node\x1b[0m\n'}
[865.037582] (-) TimerEvent: {}
[865.139148] (-) TimerEvent: {}
[865.240954] (-) TimerEvent: {}
[865.343212] (-) TimerEvent: {}
[865.444858] (-) TimerEvent: {}
[865.547955] (-) TimerEvent: {}
[865.650626] (-) TimerEvent: {}
[865.752803] (-) TimerEvent: {}
[865.854778] (-) TimerEvent: {}
[865.957012] (-) TimerEvent: {}
[866.058550] (-) TimerEvent: {}
[866.160149] (-) TimerEvent: {}
[866.262329] (-) TimerEvent: {}
[866.363962] (-) TimerEvent: {}
[866.465754] (-) TimerEvent: {}
[866.567976] (-) TimerEvent: {}
[866.670045] (-) TimerEvent: {}
[866.771865] (-) TimerEvent: {}
[866.873326] (-) TimerEvent: {}
[866.975230] (-) TimerEvent: {}
[867.076702] (-) TimerEvent: {}
[867.178092] (-) TimerEvent: {}
[867.279467] (-) TimerEvent: {}
[867.380695] (-) TimerEvent: {}
[867.482295] (-) TimerEvent: {}
[867.583530] (-) TimerEvent: {}
[867.685051] (-) TimerEvent: {}
[867.786325] (-) TimerEvent: {}
[867.888237] (-) TimerEvent: {}
[867.990632] (-) TimerEvent: {}
[868.092526] (-) TimerEvent: {}
[868.194189] (-) TimerEvent: {}
[868.295719] (-) TimerEvent: {}
[868.397312] (-) TimerEvent: {}
[868.498927] (-) TimerEvent: {}
[868.600601] (-) TimerEvent: {}
[868.703792] (-) TimerEvent: {}
[868.743999] (slam_toolbox) StdoutLine: {'line': b'[ 83%] Built target async_slam_toolbox_node\n'}
[868.804121] (-) TimerEvent: {}
[868.906531] (-) TimerEvent: {}
[868.914210] (slam_toolbox) StdoutLine: {'line': b'[ 84%] \x1b[32mBuilding CXX object CMakeFiles/map_and_localization_slam_toolbox.dir/src/experimental/slam_toolbox_map_and_localization.cpp.o\x1b[0m\n'}
[869.006804] (-) TimerEvent: {}
[869.108733] (-) TimerEvent: {}
[869.211412] (-) TimerEvent: {}
[869.314252] (-) TimerEvent: {}
[869.417147] (-) TimerEvent: {}
[869.520213] (-) TimerEvent: {}
[869.623087] (-) TimerEvent: {}
[869.726011] (-) TimerEvent: {}
[869.829787] (-) TimerEvent: {}
[869.933149] (-) TimerEvent: {}
[870.035972] (-) TimerEvent: {}
[870.139032] (-) TimerEvent: {}
[870.241814] (-) TimerEvent: {}
[870.343597] (-) TimerEvent: {}
[870.445371] (-) TimerEvent: {}
[870.547558] (-) TimerEvent: {}
[870.652464] (-) TimerEvent: {}
[870.755454] (-) TimerEvent: {}
[870.857178] (-) TimerEvent: {}
[870.958939] (-) TimerEvent: {}
[871.060679] (-) TimerEvent: {}
[871.162720] (-) TimerEvent: {}
[871.266719] (-) TimerEvent: {}
[871.368160] (-) TimerEvent: {}
[871.469782] (-) TimerEvent: {}
[871.571529] (-) TimerEvent: {}
[871.673376] (-) TimerEvent: {}
[871.775020] (-) TimerEvent: {}
[871.877082] (-) TimerEvent: {}
[871.979128] (-) TimerEvent: {}
[872.080917] (-) TimerEvent: {}
[872.182832] (-) TimerEvent: {}
[872.285639] (-) TimerEvent: {}
[872.388359] (-) TimerEvent: {}
[872.490789] (-) TimerEvent: {}
[872.592947] (-) TimerEvent: {}
[872.695718] (-) TimerEvent: {}
[872.797942] (-) TimerEvent: {}
[872.899772] (-) TimerEvent: {}
[873.001863] (-) TimerEvent: {}
[873.103698] (-) TimerEvent: {}
[873.205966] (-) TimerEvent: {}
[873.307905] (-) TimerEvent: {}
[873.408869] (-) TimerEvent: {}
[873.509976] (-) TimerEvent: {}
[873.611133] (-) TimerEvent: {}
[873.712439] (-) TimerEvent: {}
[873.814837] (-) TimerEvent: {}
[873.915926] (-) TimerEvent: {}
[874.018447] (-) TimerEvent: {}
[874.120015] (-) TimerEvent: {}
[874.221918] (-) TimerEvent: {}
[874.324039] (-) TimerEvent: {}
[874.425962] (-) TimerEvent: {}
[874.527828] (-) TimerEvent: {}
[874.629829] (-) TimerEvent: {}
[874.732004] (-) TimerEvent: {}
[874.833769] (-) TimerEvent: {}
[874.934688] (-) TimerEvent: {}
[875.035722] (-) TimerEvent: {}
[875.136842] (-) TimerEvent: {}
[875.238848] (-) TimerEvent: {}
[875.340313] (-) TimerEvent: {}
[875.442114] (-) TimerEvent: {}
[875.544930] (-) TimerEvent: {}
[875.647919] (-) TimerEvent: {}
[875.749643] (-) TimerEvent: {}
[875.852466] (-) TimerEvent: {}
[875.956190] (-) TimerEvent: {}
[876.063261] (-) TimerEvent: {}
[876.165199] (-) TimerEvent: {}
[876.266853] (-) TimerEvent: {}
[876.370232] (-) TimerEvent: {}
[876.471988] (-) TimerEvent: {}
[876.574038] (-) TimerEvent: {}
[876.678145] (-) TimerEvent: {}
[876.780050] (-) TimerEvent: {}
[876.885709] (-) TimerEvent: {}
[876.987453] (-) TimerEvent: {}
[877.092090] (-) TimerEvent: {}
[877.194955] (-) TimerEvent: {}
[877.297698] (-) TimerEvent: {}
[877.400510] (-) TimerEvent: {}
[877.503255] (-) TimerEvent: {}
[877.606150] (-) TimerEvent: {}
[877.711062] (-) TimerEvent: {}
[877.814024] (-) TimerEvent: {}
[877.916970] (-) TimerEvent: {}
[878.020194] (-) TimerEvent: {}
[878.123012] (-) TimerEvent: {}
[878.225840] (-) TimerEvent: {}
[878.328480] (-) TimerEvent: {}
[878.430141] (-) TimerEvent: {}
[878.531815] (-) TimerEvent: {}
[878.633425] (-) TimerEvent: {}
[878.735018] (-) TimerEvent: {}
[878.837005] (-) TimerEvent: {}
[878.939696] (-) TimerEvent: {}
[879.042126] (-) TimerEvent: {}
[879.143948] (-) TimerEvent: {}
[879.245763] (-) TimerEvent: {}
[879.347392] (-) TimerEvent: {}
[879.451478] (-) TimerEvent: {}
[879.554392] (-) TimerEvent: {}
[879.657709] (-) TimerEvent: {}
[879.760824] (-) TimerEvent: {}
[879.863928] (-) TimerEvent: {}
[879.967146] (-) TimerEvent: {}
[880.070266] (-) TimerEvent: {}
[880.173313] (-) TimerEvent: {}
[880.276389] (-) TimerEvent: {}
[880.379206] (-) TimerEvent: {}
[880.482376] (-) TimerEvent: {}
[880.585192] (-) TimerEvent: {}
[880.688212] (-) TimerEvent: {}
[880.791785] (-) TimerEvent: {}
[880.895782] (-) TimerEvent: {}
[880.997456] (-) TimerEvent: {}
[881.100241] (-) TimerEvent: {}
[881.203193] (-) TimerEvent: {}
[881.306132] (-) TimerEvent: {}
[881.408898] (-) TimerEvent: {}
[881.511831] (-) TimerEvent: {}
[881.614550] (-) TimerEvent: {}
[881.717225] (-) TimerEvent: {}
[881.819932] (-) TimerEvent: {}
[881.922679] (-) TimerEvent: {}
[882.025476] (-) TimerEvent: {}
[882.128349] (-) TimerEvent: {}
[882.231227] (-) TimerEvent: {}
[882.334118] (-) TimerEvent: {}
[882.437332] (-) TimerEvent: {}
[882.539981] (-) TimerEvent: {}
[882.641552] (-) TimerEvent: {}
[882.743313] (-) TimerEvent: {}
[882.845384] (-) TimerEvent: {}
[882.947344] (-) TimerEvent: {}
[883.048931] (-) TimerEvent: {}
[883.150609] (-) TimerEvent: {}
[883.252324] (-) TimerEvent: {}
[883.354150] (-) TimerEvent: {}
[883.456065] (-) TimerEvent: {}
[883.557930] (-) TimerEvent: {}
[883.660537] (-) TimerEvent: {}
[883.762189] (-) TimerEvent: {}
[883.866212] (-) TimerEvent: {}
[883.968810] (-) TimerEvent: {}
[884.072019] (-) TimerEvent: {}
[884.175117] (-) TimerEvent: {}
[884.278071] (-) TimerEvent: {}
[884.381400] (-) TimerEvent: {}
[884.484203] (-) TimerEvent: {}
[884.587037] (-) TimerEvent: {}
[884.690096] (-) TimerEvent: {}
[884.794206] (-) TimerEvent: {}
[884.897196] (-) TimerEvent: {}
[885.000405] (-) TimerEvent: {}
[885.103694] (-) TimerEvent: {}
[885.206625] (-) TimerEvent: {}
[885.309539] (-) TimerEvent: {}
[885.412619] (-) TimerEvent: {}
[885.515542] (-) TimerEvent: {}
[885.618705] (-) TimerEvent: {}
[885.724339] (-) TimerEvent: {}
[885.825997] (-) TimerEvent: {}
[885.927749] (-) TimerEvent: {}
[886.030866] (-) TimerEvent: {}
[886.134351] (-) TimerEvent: {}
[886.236020] (-) TimerEvent: {}
[886.339218] (-) TimerEvent: {}
[886.442965] (-) TimerEvent: {}
[886.546944] (-) TimerEvent: {}
[886.650426] (-) TimerEvent: {}
[886.754927] (-) TimerEvent: {}
[886.865540] (-) TimerEvent: {}
[886.967570] (-) TimerEvent: {}
[887.069531] (-) TimerEvent: {}
[887.171456] (-) TimerEvent: {}
[887.272488] (-) TimerEvent: {}
[887.373524] (-) TimerEvent: {}
[887.474641] (-) TimerEvent: {}
[887.576123] (-) TimerEvent: {}
[887.677352] (-) TimerEvent: {}
[887.780169] (-) TimerEvent: {}
[887.882920] (-) TimerEvent: {}
[887.985748] (-) TimerEvent: {}
[888.089312] (-) TimerEvent: {}
[888.192127] (-) TimerEvent: {}
[888.295344] (-) TimerEvent: {}
[888.398361] (-) TimerEvent: {}
[888.501366] (-) TimerEvent: {}
[888.604762] (-) TimerEvent: {}
[888.706502] (-) TimerEvent: {}
[888.810470] (-) TimerEvent: {}
[888.914490] (-) TimerEvent: {}
[889.016087] (-) TimerEvent: {}
[889.117811] (-) TimerEvent: {}
[889.219484] (-) TimerEvent: {}
[889.321337] (-) TimerEvent: {}
[889.424371] (-) TimerEvent: {}
[889.528625] (-) TimerEvent: {}
[889.632248] (-) TimerEvent: {}
[889.735572] (-) TimerEvent: {}
[889.837570] (-) TimerEvent: {}
[889.939513] (-) TimerEvent: {}
[890.041366] (-) TimerEvent: {}
[890.144894] (-) TimerEvent: {}
[890.247724] (-) TimerEvent: {}
[890.350878] (-) TimerEvent: {}
[890.454382] (-) TimerEvent: {}
[890.557759] (-) TimerEvent: {}
[890.661719] (-) TimerEvent: {}
[890.763896] (-) TimerEvent: {}
[890.865737] (-) TimerEvent: {}
[890.967545] (-) TimerEvent: {}
[891.068453] (-) TimerEvent: {}
[891.169519] (-) TimerEvent: {}
[891.270653] (-) TimerEvent: {}
[891.371566] (-) TimerEvent: {}
[891.472875] (-) TimerEvent: {}
[891.574174] (-) TimerEvent: {}
[891.675394] (-) TimerEvent: {}
[891.776631] (-) TimerEvent: {}
[891.882382] (-) TimerEvent: {}
[891.985015] (-) TimerEvent: {}
[892.087371] (-) TimerEvent: {}
[892.189903] (-) TimerEvent: {}
[892.291837] (-) TimerEvent: {}
[892.392957] (-) TimerEvent: {}
[892.494078] (-) TimerEvent: {}
[892.595200] (-) TimerEvent: {}
[892.696612] (-) TimerEvent: {}
[892.799143] (-) TimerEvent: {}
[892.900996] (-) TimerEvent: {}
[893.003009] (-) TimerEvent: {}
[893.104733] (-) TimerEvent: {}
[893.206307] (-) TimerEvent: {}
[893.308541] (-) TimerEvent: {}
[893.410115] (-) TimerEvent: {}
[893.511698] (-) TimerEvent: {}
[893.613881] (-) TimerEvent: {}
[893.716974] (-) TimerEvent: {}
[893.819091] (-) TimerEvent: {}
[893.920897] (-) TimerEvent: {}
[894.022705] (-) TimerEvent: {}
[894.124332] (-) TimerEvent: {}
[894.226365] (-) TimerEvent: {}
[894.328615] (-) TimerEvent: {}
[894.430617] (-) TimerEvent: {}
[894.532245] (-) TimerEvent: {}
[894.634317] (-) TimerEvent: {}
[894.736359] (-) TimerEvent: {}
[894.838224] (-) TimerEvent: {}
[894.939220] (-) TimerEvent: {}
[895.040480] (-) TimerEvent: {}
[895.141770] (-) TimerEvent: {}
[895.242962] (-) TimerEvent: {}
[895.344134] (-) TimerEvent: {}
[895.447374] (-) TimerEvent: {}
[895.549350] (-) TimerEvent: {}
[895.651041] (-) TimerEvent: {}
[895.752259] (-) TimerEvent: {}
[895.853444] (-) TimerEvent: {}
[895.954810] (-) TimerEvent: {}
[896.056074] (-) TimerEvent: {}
[896.157176] (-) TimerEvent: {}
[896.258356] (-) TimerEvent: {}
[896.359626] (-) TimerEvent: {}
[896.460847] (-) TimerEvent: {}
[896.561983] (-) TimerEvent: {}
[896.663282] (-) TimerEvent: {}
[896.764447] (-) TimerEvent: {}
[896.865675] (-) TimerEvent: {}
[896.966756] (-) TimerEvent: {}
[897.067896] (-) TimerEvent: {}
[897.169046] (-) TimerEvent: {}
[897.270226] (-) TimerEvent: {}
[897.371307] (-) TimerEvent: {}
[897.472547] (-) TimerEvent: {}
[897.573806] (-) TimerEvent: {}
[897.674924] (-) TimerEvent: {}
[897.776200] (-) TimerEvent: {}
[897.877307] (-) TimerEvent: {}
[897.978514] (-) TimerEvent: {}
[898.079612] (-) TimerEvent: {}
[898.180662] (-) TimerEvent: {}
[898.281743] (-) TimerEvent: {}
[898.382915] (-) TimerEvent: {}
[898.484007] (-) TimerEvent: {}
[898.585106] (-) TimerEvent: {}
[898.686300] (-) TimerEvent: {}
[898.787339] (-) TimerEvent: {}
[898.888421] (-) TimerEvent: {}
[898.989711] (-) TimerEvent: {}
[899.091448] (-) TimerEvent: {}
[899.193312] (-) TimerEvent: {}
[899.295245] (-) TimerEvent: {}
[899.396986] (-) TimerEvent: {}
[899.498889] (-) TimerEvent: {}
[899.600642] (-) TimerEvent: {}
[899.702867] (-) TimerEvent: {}
[899.804915] (-) TimerEvent: {}
[899.913666] (-) TimerEvent: {}
[900.016037] (-) TimerEvent: {}
[900.119283] (-) TimerEvent: {}
[900.221585] (-) TimerEvent: {}
[900.323671] (-) TimerEvent: {}
[900.424798] (-) TimerEvent: {}
[900.525921] (-) TimerEvent: {}
[900.627081] (-) TimerEvent: {}
[900.728373] (-) TimerEvent: {}
[900.829598] (-) TimerEvent: {}
[900.930680] (-) TimerEvent: {}
[901.031950] (-) TimerEvent: {}
[901.133160] (-) TimerEvent: {}
[901.234356] (-) TimerEvent: {}
[901.335495] (-) TimerEvent: {}
[901.436727] (-) TimerEvent: {}
[901.537729] (-) TimerEvent: {}
[901.639009] (-) TimerEvent: {}
[901.740120] (-) TimerEvent: {}
[901.841474] (-) TimerEvent: {}
[901.942608] (-) TimerEvent: {}
[902.043841] (-) TimerEvent: {}
[902.145116] (-) TimerEvent: {}
[902.246451] (-) TimerEvent: {}
[902.347658] (-) TimerEvent: {}
[902.448797] (-) TimerEvent: {}
[902.549889] (-) TimerEvent: {}
[902.650974] (-) TimerEvent: {}
[902.752122] (-) TimerEvent: {}
[902.853304] (-) TimerEvent: {}
[902.954606] (-) TimerEvent: {}
[903.055754] (-) TimerEvent: {}
[903.157122] (-) TimerEvent: {}
[903.258525] (-) TimerEvent: {}
[903.359848] (-) TimerEvent: {}
[903.461323] (-) TimerEvent: {}
[903.562554] (-) TimerEvent: {}
[903.663668] (-) TimerEvent: {}
[903.764755] (-) TimerEvent: {}
[903.866154] (-) TimerEvent: {}
[903.968418] (-) TimerEvent: {}
[904.071998] (-) TimerEvent: {}
[904.174412] (-) TimerEvent: {}
[904.276491] (-) TimerEvent: {}
[904.378671] (-) TimerEvent: {}
[904.480608] (-) TimerEvent: {}
[904.582945] (-) TimerEvent: {}
[904.684853] (-) TimerEvent: {}
[904.786978] (-) TimerEvent: {}
[904.889228] (-) TimerEvent: {}
[904.990149] (-) TimerEvent: {}
[905.091060] (-) TimerEvent: {}
[905.192143] (-) TimerEvent: {}
[905.293285] (-) TimerEvent: {}
[905.394195] (-) TimerEvent: {}
[905.495184] (-) TimerEvent: {}
[905.596129] (-) TimerEvent: {}
[905.696987] (-) TimerEvent: {}
[905.798086] (-) TimerEvent: {}
[905.899130] (-) TimerEvent: {}
[906.000413] (-) TimerEvent: {}
[906.101351] (-) TimerEvent: {}
[906.202307] (-) TimerEvent: {}
[906.303283] (-) TimerEvent: {}
[906.404215] (-) TimerEvent: {}
[906.505122] (-) TimerEvent: {}
[906.606090] (-) TimerEvent: {}
[906.707058] (-) TimerEvent: {}
[906.808041] (-) TimerEvent: {}
[906.909047] (-) TimerEvent: {}
[907.009970] (-) TimerEvent: {}
[907.110863] (-) TimerEvent: {}
[907.211892] (-) TimerEvent: {}
[907.313506] (-) TimerEvent: {}
[907.415163] (-) TimerEvent: {}
[907.516152] (-) TimerEvent: {}
[907.617156] (-) TimerEvent: {}
[907.717978] (-) TimerEvent: {}
[907.784306] (slam_toolbox) StdoutLine: {'line': b'[ 85%] \x1b[32m\x1b[1mLinking CXX executable merge_maps_kinematic\x1b[0m\n'}
[907.818228] (-) TimerEvent: {}
[907.920251] (-) TimerEvent: {}
[908.022136] (-) TimerEvent: {}
[908.124350] (-) TimerEvent: {}
[908.225388] (-) TimerEvent: {}
[908.326450] (-) TimerEvent: {}
[908.427573] (-) TimerEvent: {}
[908.528668] (-) TimerEvent: {}
[908.629855] (-) TimerEvent: {}
[908.730990] (-) TimerEvent: {}
[908.831996] (-) TimerEvent: {}
[908.933214] (-) TimerEvent: {}
[909.035068] (-) TimerEvent: {}
[909.136767] (-) TimerEvent: {}
[909.237850] (-) TimerEvent: {}
[909.339678] (-) TimerEvent: {}
[909.441463] (-) TimerEvent: {}
[909.543843] (-) TimerEvent: {}
[909.645632] (-) TimerEvent: {}
[909.747647] (-) TimerEvent: {}
[909.853281] (-) TimerEvent: {}
[909.962767] (-) TimerEvent: {}
[910.064671] (-) TimerEvent: {}
[910.172580] (-) TimerEvent: {}
[910.274593] (-) TimerEvent: {}
[910.376659] (-) TimerEvent: {}
[910.478545] (-) TimerEvent: {}
[910.582329] (-) TimerEvent: {}
[910.686523] (-) TimerEvent: {}
[910.789595] (-) TimerEvent: {}
[910.891647] (-) TimerEvent: {}
[910.996888] (-) TimerEvent: {}
[911.099014] (-) TimerEvent: {}
[911.201447] (-) TimerEvent: {}
[911.303393] (-) TimerEvent: {}
[911.405380] (-) TimerEvent: {}
[911.507245] (-) TimerEvent: {}
[911.609299] (-) TimerEvent: {}
[911.711256] (-) TimerEvent: {}
[911.813563] (-) TimerEvent: {}
[911.915472] (-) TimerEvent: {}
[912.017525] (-) TimerEvent: {}
[912.119439] (-) TimerEvent: {}
[912.221521] (-) TimerEvent: {}
[912.323682] (-) TimerEvent: {}
[912.425605] (-) TimerEvent: {}
[912.527579] (-) TimerEvent: {}
[912.629654] (-) TimerEvent: {}
[912.733725] (-) TimerEvent: {}
[912.835977] (-) TimerEvent: {}
[912.938113] (-) TimerEvent: {}
[913.040273] (-) TimerEvent: {}
[913.141903] (-) TimerEvent: {}
[913.243395] (-) TimerEvent: {}
[913.345060] (-) TimerEvent: {}
[913.446127] (-) TimerEvent: {}
[913.547117] (-) TimerEvent: {}
[913.648117] (-) TimerEvent: {}
[913.749255] (-) TimerEvent: {}
[913.850282] (-) TimerEvent: {}
[913.951137] (-) TimerEvent: {}
[914.052269] (-) TimerEvent: {}
[914.153142] (-) TimerEvent: {}
[914.254003] (-) TimerEvent: {}
[914.354882] (-) TimerEvent: {}
[914.455777] (-) TimerEvent: {}
[914.556587] (-) TimerEvent: {}
[914.657490] (-) TimerEvent: {}
[914.758599] (-) TimerEvent: {}
[914.859607] (-) TimerEvent: {}
[914.961219] (-) TimerEvent: {}
[914.965297] (slam_toolbox) StdoutLine: {'line': b'[ 85%] Built target merge_maps_kinematic\n'}
[915.061570] (-) TimerEvent: {}
[915.164904] (-) TimerEvent: {}
[915.267831] (-) TimerEvent: {}
[915.372762] (-) TimerEvent: {}
[915.475914] (-) TimerEvent: {}
[915.579070] (-) TimerEvent: {}
[915.680942] (-) TimerEvent: {}
[915.784306] (-) TimerEvent: {}
[915.892203] (-) TimerEvent: {}
[915.996090] (-) TimerEvent: {}
[916.097896] (-) TimerEvent: {}
[916.199677] (-) TimerEvent: {}
[916.301739] (-) TimerEvent: {}
[916.403569] (-) TimerEvent: {}
[916.505355] (-) TimerEvent: {}
[916.607243] (-) TimerEvent: {}
[916.710107] (-) TimerEvent: {}
[916.813003] (-) TimerEvent: {}
[916.916112] (-) TimerEvent: {}
[917.019169] (-) TimerEvent: {}
[917.122028] (-) TimerEvent: {}
[917.225270] (-) TimerEvent: {}
[917.299885] (slam_toolbox) StdoutLine: {'line': b'[ 85%] \x1b[32mBuilding C object CMakeFiles/slam_toolbox__rosidl_generator_py.dir/rosidl_generator_py/slam_toolbox/srv/_pause_s.c.o\x1b[0m\n'}
[917.325593] (-) TimerEvent: {}
[917.428548] (-) TimerEvent: {}
[917.531536] (-) TimerEvent: {}
[917.634699] (-) TimerEvent: {}
[917.736322] (-) TimerEvent: {}
[917.839378] (-) TimerEvent: {}
[917.942337] (-) TimerEvent: {}
[918.045309] (-) TimerEvent: {}
[918.155536] (-) TimerEvent: {}
[918.257480] (-) TimerEvent: {}
[918.359783] (-) TimerEvent: {}
[918.460832] (-) TimerEvent: {}
[918.561952] (-) TimerEvent: {}
[918.662917] (-) TimerEvent: {}
[918.764106] (-) TimerEvent: {}
[918.865116] (-) TimerEvent: {}
[918.966109] (-) TimerEvent: {}
[919.067221] (-) TimerEvent: {}
[919.168218] (-) TimerEvent: {}
[919.269213] (-) TimerEvent: {}
[919.370193] (-) TimerEvent: {}
[919.401269] (slam_toolbox) StdoutLine: {'line': b'[ 86%] \x1b[32mBuilding C object CMakeFiles/slam_toolbox__rosidl_generator_py.dir/rosidl_generator_py/slam_toolbox/srv/_clear_queue_s.c.o\x1b[0m\n'}
[919.470487] (-) TimerEvent: {}
[919.572424] (-) TimerEvent: {}
[919.673596] (-) TimerEvent: {}
[919.775132] (-) TimerEvent: {}
[919.876351] (-) TimerEvent: {}
[919.977838] (-) TimerEvent: {}
[920.079865] (-) TimerEvent: {}
[920.182050] (-) TimerEvent: {}
[920.283354] (-) TimerEvent: {}
[920.384510] (-) TimerEvent: {}
[920.485583] (-) TimerEvent: {}
[920.518504] (slam_toolbox) StdoutLine: {'line': b'[ 87%] \x1b[32mBuilding C object CMakeFiles/slam_toolbox__rosidl_generator_py.dir/rosidl_generator_py/slam_toolbox/srv/_toggle_interactive_s.c.o\x1b[0m\n'}
[920.585826] (-) TimerEvent: {}
[920.686766] (-) TimerEvent: {}
[920.787863] (-) TimerEvent: {}
[920.889057] (-) TimerEvent: {}
[920.990073] (-) TimerEvent: {}
[921.091817] (-) TimerEvent: {}
[921.192900] (-) TimerEvent: {}
[921.294167] (-) TimerEvent: {}
[921.395335] (-) TimerEvent: {}
[921.496427] (-) TimerEvent: {}
[921.511727] (slam_toolbox) StdoutLine: {'line': b'[ 87%] \x1b[32mBuilding C object CMakeFiles/slam_toolbox__rosidl_generator_py.dir/rosidl_generator_py/slam_toolbox/srv/_clear_s.c.o\x1b[0m\n'}
[921.596676] (-) TimerEvent: {}
[921.698307] (-) TimerEvent: {}
[921.799372] (-) TimerEvent: {}
[921.900443] (-) TimerEvent: {}
[922.001606] (-) TimerEvent: {}
[922.102739] (-) TimerEvent: {}
[922.203811] (-) TimerEvent: {}
[922.305273] (-) TimerEvent: {}
[922.406573] (-) TimerEvent: {}
[922.484031] (slam_toolbox) StdoutLine: {'line': b'[ 88%] \x1b[32mBuilding C object CMakeFiles/slam_toolbox__rosidl_generator_py.dir/rosidl_generator_py/slam_toolbox/srv/_save_map_s.c.o\x1b[0m\n'}
[922.506873] (-) TimerEvent: {}
[922.608874] (-) TimerEvent: {}
[922.711047] (-) TimerEvent: {}
[922.813227] (-) TimerEvent: {}
[922.915160] (-) TimerEvent: {}
[923.017228] (-) TimerEvent: {}
[923.119267] (-) TimerEvent: {}
[923.221210] (-) TimerEvent: {}
[923.323006] (-) TimerEvent: {}
[923.425139] (-) TimerEvent: {}
[923.527221] (-) TimerEvent: {}
[923.603666] (slam_toolbox) StdoutLine: {'line': b'[ 89%] \x1b[32mBuilding C object CMakeFiles/slam_toolbox__rosidl_generator_py.dir/rosidl_generator_py/slam_toolbox/srv/_loop_closure_s.c.o\x1b[0m\n'}
[923.627461] (-) TimerEvent: {}
[923.729466] (-) TimerEvent: {}
[923.831243] (-) TimerEvent: {}
[923.933132] (-) TimerEvent: {}
[924.034957] (-) TimerEvent: {}
[924.136681] (-) TimerEvent: {}
[924.238477] (-) TimerEvent: {}
[924.340153] (-) TimerEvent: {}
[924.441966] (-) TimerEvent: {}
[924.544106] (-) TimerEvent: {}
[924.646045] (-) TimerEvent: {}
[924.748152] (-) TimerEvent: {}
[924.768317] (slam_toolbox) StdoutLine: {'line': b'[ 90%] \x1b[32mBuilding C object CMakeFiles/slam_toolbox__rosidl_generator_py.dir/rosidl_generator_py/slam_toolbox/srv/_merge_maps_s.c.o\x1b[0m\n'}
[924.848344] (-) TimerEvent: {}
[924.949902] (-) TimerEvent: {}
[925.053078] (-) TimerEvent: {}
[925.154866] (-) TimerEvent: {}
[925.256752] (-) TimerEvent: {}
[925.358920] (-) TimerEvent: {}
[925.460999] (-) TimerEvent: {}
[925.562750] (-) TimerEvent: {}
[925.664545] (-) TimerEvent: {}
[925.766433] (-) TimerEvent: {}
[925.804395] (slam_toolbox) StdoutLine: {'line': b'[ 90%] \x1b[32mBuilding C object CMakeFiles/slam_toolbox__rosidl_generator_py.dir/rosidl_generator_py/slam_toolbox/srv/_add_submap_s.c.o\x1b[0m\n'}
[925.866720] (-) TimerEvent: {}
[925.968839] (-) TimerEvent: {}
[926.080644] (-) TimerEvent: {}
[926.182211] (-) TimerEvent: {}
[926.286453] (-) TimerEvent: {}
[926.388400] (-) TimerEvent: {}
[926.491163] (-) TimerEvent: {}
[926.593217] (-) TimerEvent: {}
[926.694924] (-) TimerEvent: {}
[926.796755] (-) TimerEvent: {}
[926.899150] (-) TimerEvent: {}
[927.000920] (-) TimerEvent: {}
[927.047242] (slam_toolbox) StdoutLine: {'line': b'[ 91%] \x1b[32mBuilding C object CMakeFiles/slam_toolbox__rosidl_generator_py.dir/rosidl_generator_py/slam_toolbox/srv/_deserialize_pose_graph_s.c.o\x1b[0m\n'}
[927.101248] (-) TimerEvent: {}
[927.203172] (-) TimerEvent: {}
[927.305007] (-) TimerEvent: {}
[927.406842] (-) TimerEvent: {}
[927.508529] (-) TimerEvent: {}
[927.610441] (-) TimerEvent: {}
[927.711532] (-) TimerEvent: {}
[927.812429] (-) TimerEvent: {}
[927.913451] (-) TimerEvent: {}
[928.015368] (-) TimerEvent: {}
[928.117110] (-) TimerEvent: {}
[928.218875] (-) TimerEvent: {}
[928.320697] (-) TimerEvent: {}
[928.422438] (-) TimerEvent: {}
[928.443187] (slam_toolbox) StdoutLine: {'line': b'[ 92%] \x1b[32mBuilding C object CMakeFiles/slam_toolbox__rosidl_generator_py.dir/rosidl_generator_py/slam_toolbox/srv/_serialize_pose_graph_s.c.o\x1b[0m\n'}
[928.522710] (-) TimerEvent: {}
[928.625052] (-) TimerEvent: {}
[928.725908] (-) TimerEvent: {}
[928.826778] (-) TimerEvent: {}
[928.927637] (-) TimerEvent: {}
[929.029470] (-) TimerEvent: {}
[929.131639] (-) TimerEvent: {}
[929.233498] (-) TimerEvent: {}
[929.335401] (-) TimerEvent: {}
[929.437269] (-) TimerEvent: {}
[929.539294] (-) TimerEvent: {}
[929.641170] (-) TimerEvent: {}
[929.675024] (slam_toolbox) StdoutLine: {'line': b'[ 92%] \x1b[32m\x1b[1mLinking C shared library rosidl_generator_py/slam_toolbox/libslam_toolbox__rosidl_generator_py.so\x1b[0m\n'}
[929.741251] (-) TimerEvent: {}
[929.842892] (-) TimerEvent: {}
[929.945174] (-) TimerEvent: {}
[930.047175] (-) TimerEvent: {}
[930.105443] (slam_toolbox) StdoutLine: {'line': b'[ 92%] Built target slam_toolbox__rosidl_generator_py\n'}
[930.147445] (-) TimerEvent: {}
[930.249399] (-) TimerEvent: {}
[930.350454] (-) TimerEvent: {}
[930.451434] (-) TimerEvent: {}
[930.552397] (-) TimerEvent: {}
[930.653365] (-) TimerEvent: {}
[930.754346] (-) TimerEvent: {}
[930.857324] (-) TimerEvent: {}
[930.958368] (-) TimerEvent: {}
[931.059466] (-) TimerEvent: {}
[931.175902] (-) TimerEvent: {}
[931.276923] (-) TimerEvent: {}
[931.378747] (-) TimerEvent: {}
[931.480896] (-) TimerEvent: {}
[931.582869] (-) TimerEvent: {}
[931.684691] (-) TimerEvent: {}
[931.785842] (-) TimerEvent: {}
[931.887521] (-) TimerEvent: {}
[931.990193] (-) TimerEvent: {}
[932.092121] (-) TimerEvent: {}
[932.194082] (-) TimerEvent: {}
[932.296159] (-) TimerEvent: {}
[932.398853] (-) TimerEvent: {}
[932.500756] (-) TimerEvent: {}
[932.602102] (-) TimerEvent: {}
[932.703961] (-) TimerEvent: {}
[932.805898] (-) TimerEvent: {}
[932.907766] (-) TimerEvent: {}
[933.009640] (-) TimerEvent: {}
[933.111510] (-) TimerEvent: {}
[933.213351] (-) TimerEvent: {}
[933.315245] (-) TimerEvent: {}
[933.417247] (-) TimerEvent: {}
[933.518998] (-) TimerEvent: {}
[933.620872] (-) TimerEvent: {}
[933.722972] (-) TimerEvent: {}
[933.823922] (-) TimerEvent: {}
[933.924855] (-) TimerEvent: {}
[934.026835] (-) TimerEvent: {}
[934.129072] (-) TimerEvent: {}
[934.230099] (-) TimerEvent: {}
[934.331572] (-) TimerEvent: {}
[934.432662] (-) TimerEvent: {}
[934.533870] (-) TimerEvent: {}
[934.636052] (-) TimerEvent: {}
[934.738021] (-) TimerEvent: {}
[934.839990] (-) TimerEvent: {}
[934.942650] (-) TimerEvent: {}
[935.044683] (-) TimerEvent: {}
[935.145849] (-) TimerEvent: {}
[935.246978] (-) TimerEvent: {}
[935.348035] (-) TimerEvent: {}
[935.449225] (-) TimerEvent: {}
[935.550310] (-) TimerEvent: {}
[935.651425] (-) TimerEvent: {}
[935.753170] (-) TimerEvent: {}
[935.854503] (-) TimerEvent: {}
[935.955389] (-) TimerEvent: {}
[936.056352] (-) TimerEvent: {}
[936.157340] (-) TimerEvent: {}
[936.258342] (-) TimerEvent: {}
[936.359344] (-) TimerEvent: {}
[936.460286] (-) TimerEvent: {}
[936.561236] (-) TimerEvent: {}
[936.662182] (-) TimerEvent: {}
[936.763753] (-) TimerEvent: {}
[936.865323] (-) TimerEvent: {}
[936.967153] (-) TimerEvent: {}
[937.068696] (-) TimerEvent: {}
[937.170361] (-) TimerEvent: {}
[937.272295] (-) TimerEvent: {}
[937.374157] (-) TimerEvent: {}
[937.475199] (-) TimerEvent: {}
[937.576288] (-) TimerEvent: {}
[937.677430] (-) TimerEvent: {}
[937.778552] (-) TimerEvent: {}
[937.880417] (-) TimerEvent: {}
[937.982344] (-) TimerEvent: {}
[938.084428] (-) TimerEvent: {}
[938.186240] (-) TimerEvent: {}
[938.288382] (-) TimerEvent: {}
[938.391579] (-) TimerEvent: {}
[938.493449] (-) TimerEvent: {}
[938.595388] (-) TimerEvent: {}
[938.697954] (-) TimerEvent: {}
[938.804527] (-) TimerEvent: {}
[938.905530] (-) TimerEvent: {}
[939.008228] (-) TimerEvent: {}
[939.110071] (-) TimerEvent: {}
[939.211173] (-) TimerEvent: {}
[939.312263] (-) TimerEvent: {}
[939.414191] (-) TimerEvent: {}
[939.516015] (-) TimerEvent: {}
[939.617965] (-) TimerEvent: {}
[939.720019] (-) TimerEvent: {}
[939.821128] (-) TimerEvent: {}
[939.923173] (-) TimerEvent: {}
[940.024937] (-) TimerEvent: {}
[940.126087] (-) TimerEvent: {}
[940.227218] (-) TimerEvent: {}
[940.328586] (-) TimerEvent: {}
[940.429790] (-) TimerEvent: {}
[940.530970] (-) TimerEvent: {}
[940.632141] (-) TimerEvent: {}
[940.734237] (-) TimerEvent: {}
[940.836388] (-) TimerEvent: {}
[940.938503] (-) TimerEvent: {}
[941.039483] (-) TimerEvent: {}
[941.141432] (-) TimerEvent: {}
[941.242866] (-) TimerEvent: {}
[941.343962] (-) TimerEvent: {}
[941.445975] (-) TimerEvent: {}
[941.547860] (-) TimerEvent: {}
[941.650088] (-) TimerEvent: {}
[941.752018] (-) TimerEvent: {}
[941.855108] (-) TimerEvent: {}
[941.957442] (-) TimerEvent: {}
[942.059674] (-) TimerEvent: {}
[942.161958] (-) TimerEvent: {}
[942.263897] (-) TimerEvent: {}
[942.366123] (-) TimerEvent: {}
[942.469305] (-) TimerEvent: {}
[942.571829] (-) TimerEvent: {}
[942.674623] (-) TimerEvent: {}
[942.776350] (-) TimerEvent: {}
[942.878152] (-) TimerEvent: {}
[942.980939] (-) TimerEvent: {}
[943.082952] (-) TimerEvent: {}
[943.184515] (-) TimerEvent: {}
[943.286295] (-) TimerEvent: {}
[943.387421] (-) TimerEvent: {}
[943.489212] (-) TimerEvent: {}
[943.591663] (-) TimerEvent: {}
[943.693311] (-) TimerEvent: {}
[943.795085] (-) TimerEvent: {}
[943.897146] (-) TimerEvent: {}
[944.000929] (-) TimerEvent: {}
[944.102636] (-) TimerEvent: {}
[944.203727] (-) TimerEvent: {}
[944.305231] (-) TimerEvent: {}
[944.406315] (-) TimerEvent: {}
[944.507424] (-) TimerEvent: {}
[944.608542] (-) TimerEvent: {}
[944.710661] (-) TimerEvent: {}
[944.811784] (-) TimerEvent: {}
[944.913719] (-) TimerEvent: {}
[945.015649] (-) TimerEvent: {}
[945.116718] (-) TimerEvent: {}
[945.218754] (-) TimerEvent: {}
[945.320679] (-) TimerEvent: {}
[945.421798] (-) TimerEvent: {}
[945.522964] (-) TimerEvent: {}
[945.624206] (-) TimerEvent: {}
[945.726274] (-) TimerEvent: {}
[945.827454] (-) TimerEvent: {}
[945.929619] (-) TimerEvent: {}
[946.031453] (-) TimerEvent: {}
[946.133280] (-) TimerEvent: {}
[946.234973] (-) TimerEvent: {}
[946.336702] (-) TimerEvent: {}
[946.438893] (-) TimerEvent: {}
[946.540397] (-) TimerEvent: {}
[946.642275] (-) TimerEvent: {}
[946.744166] (-) TimerEvent: {}
[946.846149] (-) TimerEvent: {}
[946.948293] (-) TimerEvent: {}
[947.050133] (-) TimerEvent: {}
[947.152507] (-) TimerEvent: {}
[947.255036] (-) TimerEvent: {}
[947.356890] (-) TimerEvent: {}
[947.458708] (-) TimerEvent: {}
[947.560827] (-) TimerEvent: {}
[947.663079] (-) TimerEvent: {}
[947.764049] (-) TimerEvent: {}
[947.864927] (-) TimerEvent: {}
[947.965750] (-) TimerEvent: {}
[948.066583] (-) TimerEvent: {}
[948.168559] (-) TimerEvent: {}
[948.271398] (-) TimerEvent: {}
[948.374136] (-) TimerEvent: {}
[948.388620] (slam_toolbox) StdoutLine: {'line': b'[ 93%] \x1b[32m\x1b[1mLinking CXX executable lifelong_slam_toolbox_node\x1b[0m\n'}
[948.474379] (-) TimerEvent: {}
[948.575345] (-) TimerEvent: {}
[948.676274] (-) TimerEvent: {}
[948.777512] (-) TimerEvent: {}
[948.878529] (-) TimerEvent: {}
[948.979503] (-) TimerEvent: {}
[949.080526] (-) TimerEvent: {}
[949.181627] (-) TimerEvent: {}
[949.283183] (-) TimerEvent: {}
[949.384856] (-) TimerEvent: {}
[949.487506] (-) TimerEvent: {}
[949.590259] (-) TimerEvent: {}
[949.691997] (-) TimerEvent: {}
[949.794275] (-) TimerEvent: {}
[949.895651] (-) TimerEvent: {}
[949.996996] (-) TimerEvent: {}
[950.098078] (-) TimerEvent: {}
[950.199137] (-) TimerEvent: {}
[950.300157] (-) TimerEvent: {}
[950.402594] (-) TimerEvent: {}
[950.506243] (-) TimerEvent: {}
[950.607401] (-) TimerEvent: {}
[950.709266] (-) TimerEvent: {}
[950.811260] (-) TimerEvent: {}
[950.912676] (-) TimerEvent: {}
[951.014359] (-) TimerEvent: {}
[951.116616] (-) TimerEvent: {}
[951.218977] (-) TimerEvent: {}
[951.319977] (-) TimerEvent: {}
[951.423127] (-) TimerEvent: {}
[951.527638] (-) TimerEvent: {}
[951.550752] (slam_toolbox) StdoutLine: {'line': b'[ 93%] Built target lifelong_slam_toolbox_node\n'}
[951.627997] (-) TimerEvent: {}
[951.730947] (-) TimerEvent: {}
[951.826654] (slam_toolbox) StdoutLine: {'line': b'[ 94%] \x1b[32mBuilding CXX object CMakeFiles/localization_slam_toolbox_node.dir/src/slam_toolbox_localization_node.cpp.o\x1b[0m\n'}
[951.831378] (-) TimerEvent: {}
[951.934327] (-) TimerEvent: {}
[952.037221] (-) TimerEvent: {}
[952.140401] (-) TimerEvent: {}
[952.243144] (-) TimerEvent: {}
[952.345890] (-) TimerEvent: {}
[952.448404] (-) TimerEvent: {}
[952.550857] (-) TimerEvent: {}
[952.652625] (-) TimerEvent: {}
[952.754485] (-) TimerEvent: {}
[952.857614] (-) TimerEvent: {}
[952.898777] (slam_toolbox) StdoutLine: {'line': b'[ 94%] \x1b[32m\x1b[1mLinking CXX executable sync_slam_toolbox_node\x1b[0m\n'}
[952.957985] (-) TimerEvent: {}
[953.061218] (-) TimerEvent: {}
[953.169742] (-) TimerEvent: {}
[953.272417] (-) TimerEvent: {}
[953.375711] (-) TimerEvent: {}
[953.524553] (-) TimerEvent: {}
[953.627114] (-) TimerEvent: {}
[953.728951] (-) TimerEvent: {}
[953.832658] (-) TimerEvent: {}
[953.936798] (-) TimerEvent: {}
[954.038755] (-) TimerEvent: {}
[954.141326] (-) TimerEvent: {}
[954.219117] (slam_toolbox) StdoutLine: {'line': b'[ 95%] \x1b[32mBuilding C object CMakeFiles/slam_toolbox__rosidl_typesupport_fastrtps_c__pyext.dir/rosidl_generator_py/slam_toolbox/_slam_toolbox_s.ep.rosidl_typesupport_fastrtps_c.c.o\x1b[0m\n'}
[954.241602] (-) TimerEvent: {}
[954.345402] (-) TimerEvent: {}
[954.448188] (-) TimerEvent: {}
[954.551054] (-) TimerEvent: {}
[954.652429] (-) TimerEvent: {}
[954.754841] (-) TimerEvent: {}
[954.857537] (-) TimerEvent: {}
[954.959640] (-) TimerEvent: {}
[955.061881] (-) TimerEvent: {}
[955.164258] (-) TimerEvent: {}
[955.265903] (-) TimerEvent: {}
[955.367013] (-) TimerEvent: {}
[955.469478] (-) TimerEvent: {}
[955.573532] (-) TimerEvent: {}
[955.675107] (-) TimerEvent: {}
[955.778209] (-) TimerEvent: {}
[955.879183] (-) TimerEvent: {}
[955.980432] (-) TimerEvent: {}
[956.081559] (-) TimerEvent: {}
[956.182805] (-) TimerEvent: {}
[956.284032] (-) TimerEvent: {}
[956.384927] (-) TimerEvent: {}
[956.486116] (-) TimerEvent: {}
[956.587274] (-) TimerEvent: {}
[956.688721] (-) TimerEvent: {}
[956.790198] (-) TimerEvent: {}
[956.891001] (slam_toolbox) StdoutLine: {'line': b'[ 95%] Built target sync_slam_toolbox_node\n'}
[956.892476] (-) TimerEvent: {}
[956.995165] (-) TimerEvent: {}
[957.098161] (-) TimerEvent: {}
[957.180884] (slam_toolbox) StdoutLine: {'line': b'[ 95%] \x1b[32mBuilding C object CMakeFiles/slam_toolbox__rosidl_typesupport_introspection_c__pyext.dir/rosidl_generator_py/slam_toolbox/_slam_toolbox_s.ep.rosidl_typesupport_introspection_c.c.o\x1b[0m\n'}
[957.198507] (-) TimerEvent: {}
[957.301391] (-) TimerEvent: {}
[957.403986] (-) TimerEvent: {}
[957.506566] (-) TimerEvent: {}
[957.609698] (-) TimerEvent: {}
[957.712342] (-) TimerEvent: {}
[957.814900] (-) TimerEvent: {}
[957.917508] (-) TimerEvent: {}
[958.020237] (-) TimerEvent: {}
[958.122858] (-) TimerEvent: {}
[958.225314] (-) TimerEvent: {}
[958.292832] (slam_toolbox) StdoutLine: {'line': b'[ 96%] \x1b[32m\x1b[1mLinking C shared library rosidl_generator_py/slam_toolbox/slam_toolbox_s__rosidl_typesupport_fastrtps_c.cpython-310-aarch64-linux-gnu.so\x1b[0m\n'}
[958.325632] (-) TimerEvent: {}
[958.427237] (-) TimerEvent: {}
[958.529775] (-) TimerEvent: {}
[958.632548] (-) TimerEvent: {}
[958.735186] (-) TimerEvent: {}
[958.837273] (-) TimerEvent: {}
[958.939205] (-) TimerEvent: {}
[959.040973] (-) TimerEvent: {}
[959.147200] (-) TimerEvent: {}
[959.250131] (-) TimerEvent: {}
[959.352834] (-) TimerEvent: {}
[959.456069] (-) TimerEvent: {}
[959.468529] (slam_toolbox) StdoutLine: {'line': b'[ 96%] Built target slam_toolbox__rosidl_typesupport_fastrtps_c__pyext\n'}
[959.556429] (-) TimerEvent: {}
[959.658021] (-) TimerEvent: {}
[959.760611] (slam_toolbox) StdoutLine: {'line': b'[ 97%] \x1b[32mBuilding C object CMakeFiles/slam_toolbox__rosidl_typesupport_c__pyext.dir/rosidl_generator_py/slam_toolbox/_slam_toolbox_s.ep.rosidl_typesupport_c.c.o\x1b[0m\n'}
[959.762104] (-) TimerEvent: {}
[959.864879] (-) TimerEvent: {}
[959.967606] (-) TimerEvent: {}
[960.069777] (-) TimerEvent: {}
[960.171498] (-) TimerEvent: {}
[960.273111] (-) TimerEvent: {}
[960.374789] (-) TimerEvent: {}
[960.476921] (-) TimerEvent: {}
[960.578483] (-) TimerEvent: {}
[960.681083] (-) TimerEvent: {}
[960.782021] (-) TimerEvent: {}
[960.883114] (-) TimerEvent: {}
[960.984193] (-) TimerEvent: {}
[961.085220] (-) TimerEvent: {}
[961.186131] (-) TimerEvent: {}
[961.262264] (slam_toolbox) StdoutLine: {'line': b'[ 98%] \x1b[32m\x1b[1mLinking C shared library rosidl_generator_py/slam_toolbox/slam_toolbox_s__rosidl_typesupport_introspection_c.cpython-310-aarch64-linux-gnu.so\x1b[0m\n'}
[961.286360] (-) TimerEvent: {}
[961.387498] (-) TimerEvent: {}
[961.489389] (-) TimerEvent: {}
[961.593753] (-) TimerEvent: {}
[961.695507] (-) TimerEvent: {}
[961.797448] (-) TimerEvent: {}
[961.901450] (-) TimerEvent: {}
[962.003791] (-) TimerEvent: {}
[962.105341] (-) TimerEvent: {}
[962.110247] (slam_toolbox) StdoutLine: {'line': b'[ 98%] Built target slam_toolbox__rosidl_typesupport_introspection_c__pyext\n'}
[962.205686] (-) TimerEvent: {}
[962.308487] (-) TimerEvent: {}
[962.411156] (-) TimerEvent: {}
[962.513384] (-) TimerEvent: {}
[962.614992] (-) TimerEvent: {}
[962.716840] (-) TimerEvent: {}
[962.819200] (-) TimerEvent: {}
[962.922086] (-) TimerEvent: {}
[963.025687] (-) TimerEvent: {}
[963.129770] (-) TimerEvent: {}
[963.232687] (-) TimerEvent: {}
[963.335866] (-) TimerEvent: {}
[963.439158] (-) TimerEvent: {}
[963.542175] (-) TimerEvent: {}
[963.632042] (slam_toolbox) StdoutLine: {'line': b'[ 98%] \x1b[32m\x1b[1mLinking C shared library rosidl_generator_py/slam_toolbox/slam_toolbox_s__rosidl_typesupport_c.cpython-310-aarch64-linux-gnu.so\x1b[0m\n'}
[963.642543] (-) TimerEvent: {}
[963.744142] (-) TimerEvent: {}
[963.847302] (-) TimerEvent: {}
[963.950369] (-) TimerEvent: {}
[964.065387] (-) TimerEvent: {}
[964.167940] (-) TimerEvent: {}
[964.283995] (-) TimerEvent: {}
[964.387001] (-) TimerEvent: {}
[964.461306] (slam_toolbox) StdoutLine: {'line': b'[ 98%] Built target slam_toolbox__rosidl_typesupport_c__pyext\n'}
[964.487367] (-) TimerEvent: {}
[964.590713] (-) TimerEvent: {}
[964.693357] (-) TimerEvent: {}
[964.794795] (-) TimerEvent: {}
[964.896649] (-) TimerEvent: {}
[964.997411] (-) TimerEvent: {}
[965.098177] (-) TimerEvent: {}
[965.199431] (-) TimerEvent: {}
[965.300198] (-) TimerEvent: {}
[965.401048] (-) TimerEvent: {}
[965.501844] (-) TimerEvent: {}
[965.602622] (-) TimerEvent: {}
[965.703468] (-) TimerEvent: {}
[965.804307] (-) TimerEvent: {}
[965.905166] (-) TimerEvent: {}
[966.005988] (-) TimerEvent: {}
[966.106847] (-) TimerEvent: {}
[966.207827] (-) TimerEvent: {}
[966.308677] (-) TimerEvent: {}
[966.409523] (-) TimerEvent: {}
[966.510342] (-) TimerEvent: {}
[966.611273] (-) TimerEvent: {}
[966.712121] (-) TimerEvent: {}
[966.812984] (-) TimerEvent: {}
[966.913985] (-) TimerEvent: {}
[967.015344] (-) TimerEvent: {}
[967.118147] (-) TimerEvent: {}
[967.219971] (-) TimerEvent: {}
[967.320953] (-) TimerEvent: {}
[967.421857] (-) TimerEvent: {}
[967.522841] (-) TimerEvent: {}
[967.623661] (-) TimerEvent: {}
[967.724583] (-) TimerEvent: {}
[967.826985] (-) TimerEvent: {}
[967.927976] (-) TimerEvent: {}
[968.028804] (-) TimerEvent: {}
[968.129649] (-) TimerEvent: {}
[968.230698] (-) TimerEvent: {}
[968.332060] (-) TimerEvent: {}
[968.432884] (-) TimerEvent: {}
[968.533759] (-) TimerEvent: {}
[968.634651] (-) TimerEvent: {}
[968.736417] (-) TimerEvent: {}
[968.838552] (-) TimerEvent: {}
[968.940598] (-) TimerEvent: {}
[969.042610] (-) TimerEvent: {}
[969.144256] (-) TimerEvent: {}
[969.245268] (-) TimerEvent: {}
[969.346374] (-) TimerEvent: {}
[969.447640] (-) TimerEvent: {}
[969.549435] (-) TimerEvent: {}
[969.650639] (-) TimerEvent: {}
[969.752592] (-) TimerEvent: {}
[969.853823] (-) TimerEvent: {}
[969.956082] (-) TimerEvent: {}
[970.056897] (-) TimerEvent: {}
[970.157726] (-) TimerEvent: {}
[970.258677] (-) TimerEvent: {}
[970.359887] (-) TimerEvent: {}
[970.460715] (-) TimerEvent: {}
[970.561564] (-) TimerEvent: {}
[970.662463] (-) TimerEvent: {}
[970.763334] (-) TimerEvent: {}
[970.864150] (-) TimerEvent: {}
[970.965195] (-) TimerEvent: {}
[971.066331] (-) TimerEvent: {}
[971.168134] (-) TimerEvent: {}
[971.269555] (-) TimerEvent: {}
[971.371071] (-) TimerEvent: {}
[971.472704] (-) TimerEvent: {}
[971.574305] (-) TimerEvent: {}
[971.677228] (-) TimerEvent: {}
[971.778754] (-) TimerEvent: {}
[971.880267] (-) TimerEvent: {}
[971.981977] (-) TimerEvent: {}
[972.083742] (-) TimerEvent: {}
[972.185541] (-) TimerEvent: {}
[972.287054] (-) TimerEvent: {}
[972.388771] (-) TimerEvent: {}
[972.489801] (-) TimerEvent: {}
[972.590918] (-) TimerEvent: {}
[972.691944] (-) TimerEvent: {}
[972.793234] (-) TimerEvent: {}
[972.894222] (-) TimerEvent: {}
[972.995173] (-) TimerEvent: {}
[973.096187] (-) TimerEvent: {}
[973.197221] (-) TimerEvent: {}
[973.298192] (-) TimerEvent: {}
[973.399081] (-) TimerEvent: {}
[973.500016] (-) TimerEvent: {}
[973.600936] (-) TimerEvent: {}
[973.702343] (-) TimerEvent: {}
[973.803951] (-) TimerEvent: {}
[973.905714] (-) TimerEvent: {}
[974.007351] (-) TimerEvent: {}
[974.108280] (-) TimerEvent: {}
[974.209223] (-) TimerEvent: {}
[974.310151] (-) TimerEvent: {}
[974.411045] (-) TimerEvent: {}
[974.512017] (-) TimerEvent: {}
[974.612952] (-) TimerEvent: {}
[974.714069] (-) TimerEvent: {}
[974.815193] (-) TimerEvent: {}
[974.916301] (-) TimerEvent: {}
[975.017217] (-) TimerEvent: {}
[975.118143] (-) TimerEvent: {}
[975.219113] (-) TimerEvent: {}
[975.320067] (-) TimerEvent: {}
[975.421111] (-) TimerEvent: {}
[975.522130] (-) TimerEvent: {}
[975.623129] (-) TimerEvent: {}
[975.724106] (-) TimerEvent: {}
[975.825141] (-) TimerEvent: {}
[975.926094] (-) TimerEvent: {}
[976.027069] (-) TimerEvent: {}
[976.128040] (-) TimerEvent: {}
[976.229055] (-) TimerEvent: {}
[976.330090] (-) TimerEvent: {}
[976.431386] (-) TimerEvent: {}
[976.532456] (-) TimerEvent: {}
[976.633451] (-) TimerEvent: {}
[976.734380] (-) TimerEvent: {}
[976.836787] (-) TimerEvent: {}
[976.937755] (-) TimerEvent: {}
[977.038880] (-) TimerEvent: {}
[977.139881] (-) TimerEvent: {}
[977.240822] (-) TimerEvent: {}
[977.341812] (-) TimerEvent: {}
[977.442801] (-) TimerEvent: {}
[977.543824] (-) TimerEvent: {}
[977.644711] (-) TimerEvent: {}
[977.745654] (-) TimerEvent: {}
[977.846745] (-) TimerEvent: {}
[977.947717] (-) TimerEvent: {}
[978.048672] (-) TimerEvent: {}
[978.149623] (-) TimerEvent: {}
[978.250580] (-) TimerEvent: {}
[978.351502] (-) TimerEvent: {}
[978.452896] (-) TimerEvent: {}
[978.553930] (-) TimerEvent: {}
[978.654925] (-) TimerEvent: {}
[978.755893] (-) TimerEvent: {}
[978.856857] (-) TimerEvent: {}
[978.957795] (-) TimerEvent: {}
[979.058736] (-) TimerEvent: {}
[979.159682] (-) TimerEvent: {}
[979.260678] (-) TimerEvent: {}
[979.361615] (-) TimerEvent: {}
[979.462575] (-) TimerEvent: {}
[979.563513] (-) TimerEvent: {}
[979.664537] (-) TimerEvent: {}
[979.765508] (-) TimerEvent: {}
[979.866458] (-) TimerEvent: {}
[979.967428] (-) TimerEvent: {}
[980.068496] (-) TimerEvent: {}
[980.169493] (-) TimerEvent: {}
[980.270493] (-) TimerEvent: {}
[980.371595] (-) TimerEvent: {}
[980.473069] (-) TimerEvent: {}
[980.574400] (-) TimerEvent: {}
[980.675338] (-) TimerEvent: {}
[980.776320] (-) TimerEvent: {}
[980.877293] (-) TimerEvent: {}
[980.978260] (-) TimerEvent: {}
[981.079224] (-) TimerEvent: {}
[981.180282] (-) TimerEvent: {}
[981.281329] (-) TimerEvent: {}
[981.382428] (-) TimerEvent: {}
[981.483411] (-) TimerEvent: {}
[981.584424] (-) TimerEvent: {}
[981.685674] (-) TimerEvent: {}
[981.786652] (-) TimerEvent: {}
[981.887796] (-) TimerEvent: {}
[981.988776] (-) TimerEvent: {}
[982.089762] (-) TimerEvent: {}
[982.190561] (-) TimerEvent: {}
[982.291553] (-) TimerEvent: {}
[982.392535] (-) TimerEvent: {}
[982.493693] (-) TimerEvent: {}
[982.594705] (-) TimerEvent: {}
[982.695868] (-) TimerEvent: {}
[982.797504] (-) TimerEvent: {}
[982.898462] (-) TimerEvent: {}
[982.999529] (-) TimerEvent: {}
[983.100542] (-) TimerEvent: {}
[983.201511] (-) TimerEvent: {}
[983.302554] (-) TimerEvent: {}
[983.403624] (-) TimerEvent: {}
[983.504733] (-) TimerEvent: {}
[983.605954] (-) TimerEvent: {}
[983.706955] (-) TimerEvent: {}
[983.807908] (-) TimerEvent: {}
[983.908887] (-) TimerEvent: {}
[984.009802] (-) TimerEvent: {}
[984.110628] (-) TimerEvent: {}
[984.211454] (-) TimerEvent: {}
[984.312254] (-) TimerEvent: {}
[984.413092] (-) TimerEvent: {}
[984.513994] (-) TimerEvent: {}
[984.614947] (-) TimerEvent: {}
[984.715956] (-) TimerEvent: {}
[984.816979] (-) TimerEvent: {}
[984.917950] (-) TimerEvent: {}
[985.018931] (-) TimerEvent: {}
[985.119878] (-) TimerEvent: {}
[985.220889] (-) TimerEvent: {}
[985.321885] (-) TimerEvent: {}
[985.422851] (-) TimerEvent: {}
[985.523748] (-) TimerEvent: {}
[985.624865] (-) TimerEvent: {}
[985.725902] (-) TimerEvent: {}
[985.826846] (-) TimerEvent: {}
[985.927807] (-) TimerEvent: {}
[986.028711] (-) TimerEvent: {}
[986.129644] (-) TimerEvent: {}
[986.230617] (-) TimerEvent: {}
[986.331603] (-) TimerEvent: {}
[986.432558] (-) TimerEvent: {}
[986.533510] (-) TimerEvent: {}
[986.634394] (-) TimerEvent: {}
[986.735639] (-) TimerEvent: {}
[986.836607] (-) TimerEvent: {}
[986.937522] (-) TimerEvent: {}
[987.038434] (-) TimerEvent: {}
[987.139344] (-) TimerEvent: {}
[987.240266] (-) TimerEvent: {}
[987.341241] (-) TimerEvent: {}
[987.442180] (-) TimerEvent: {}
[987.543092] (-) TimerEvent: {}
[987.644174] (-) TimerEvent: {}
[987.745280] (-) TimerEvent: {}
[987.846333] (-) TimerEvent: {}
[987.947321] (-) TimerEvent: {}
[988.048216] (-) TimerEvent: {}
[988.149204] (-) TimerEvent: {}
[988.250277] (-) TimerEvent: {}
[988.351202] (-) TimerEvent: {}
[988.452105] (-) TimerEvent: {}
[988.553148] (-) TimerEvent: {}
[988.654096] (-) TimerEvent: {}
[988.755026] (-) TimerEvent: {}
[988.855946] (-) TimerEvent: {}
[988.956944] (-) TimerEvent: {}
[989.058043] (-) TimerEvent: {}
[989.159062] (-) TimerEvent: {}
[989.260148] (-) TimerEvent: {}
[989.361143] (-) TimerEvent: {}
[989.462051] (-) TimerEvent: {}
[989.562945] (-) TimerEvent: {}
[989.663915] (-) TimerEvent: {}
[989.764891] (-) TimerEvent: {}
[989.865986] (-) TimerEvent: {}
[989.966955] (-) TimerEvent: {}
[990.068647] (-) TimerEvent: {}
[990.170401] (-) TimerEvent: {}
[990.271296] (-) TimerEvent: {}
[990.372772] (-) TimerEvent: {}
[990.474660] (-) TimerEvent: {}
[990.576374] (-) TimerEvent: {}
[990.678986] (-) TimerEvent: {}
[990.780549] (-) TimerEvent: {}
[990.882150] (-) TimerEvent: {}
[990.983712] (-) TimerEvent: {}
[991.085417] (-) TimerEvent: {}
[991.187082] (-) TimerEvent: {}
[991.288044] (-) TimerEvent: {}
[991.389381] (-) TimerEvent: {}
[991.490362] (-) TimerEvent: {}
[991.591687] (-) TimerEvent: {}
[991.693275] (-) TimerEvent: {}
[991.794765] (-) TimerEvent: {}
[991.896094] (-) TimerEvent: {}
[991.997386] (-) TimerEvent: {}
[992.098311] (-) TimerEvent: {}
[992.199252] (-) TimerEvent: {}
[992.300189] (-) TimerEvent: {}
[992.401143] (-) TimerEvent: {}
[992.502088] (-) TimerEvent: {}
[992.605383] (-) TimerEvent: {}
[992.706246] (-) TimerEvent: {}
[992.807024] (-) TimerEvent: {}
[992.907880] (-) TimerEvent: {}
[993.008759] (-) TimerEvent: {}
[993.109582] (-) TimerEvent: {}
[993.210348] (-) TimerEvent: {}
[993.311225] (-) TimerEvent: {}
[993.412141] (-) TimerEvent: {}
[993.513183] (-) TimerEvent: {}
[993.614238] (-) TimerEvent: {}
[993.715111] (-) TimerEvent: {}
[993.816965] (-) TimerEvent: {}
[993.917922] (-) TimerEvent: {}
[994.018830] (-) TimerEvent: {}
[994.119826] (-) TimerEvent: {}
[994.220758] (-) TimerEvent: {}
[994.321718] (-) TimerEvent: {}
[994.422831] (-) TimerEvent: {}
[994.523769] (-) TimerEvent: {}
[994.624684] (-) TimerEvent: {}
[994.726250] (-) TimerEvent: {}
[994.827798] (-) TimerEvent: {}
[994.928753] (-) TimerEvent: {}
[995.029744] (-) TimerEvent: {}
[995.130706] (-) TimerEvent: {}
[995.231645] (-) TimerEvent: {}
[995.332594] (-) TimerEvent: {}
[995.433533] (-) TimerEvent: {}
[995.534454] (-) TimerEvent: {}
[995.635364] (-) TimerEvent: {}
[995.736281] (-) TimerEvent: {}
[995.837223] (-) TimerEvent: {}
[995.938144] (-) TimerEvent: {}
[996.040798] (-) TimerEvent: {}
[996.141874] (-) TimerEvent: {}
[996.242862] (-) TimerEvent: {}
[996.343859] (-) TimerEvent: {}
[996.444777] (-) TimerEvent: {}
[996.545800] (-) TimerEvent: {}
[996.646791] (-) TimerEvent: {}
[996.747759] (-) TimerEvent: {}
[996.848774] (-) TimerEvent: {}
[996.949879] (-) TimerEvent: {}
[997.051040] (-) TimerEvent: {}
[997.152526] (-) TimerEvent: {}
[997.253599] (-) TimerEvent: {}
[997.354540] (-) TimerEvent: {}
[997.455535] (-) TimerEvent: {}
[997.556465] (-) TimerEvent: {}
[997.657545] (-) TimerEvent: {}
[997.758569] (-) TimerEvent: {}
[997.859607] (-) TimerEvent: {}
[997.960841] (-) TimerEvent: {}
[998.061930] (-) TimerEvent: {}
[998.162929] (-) TimerEvent: {}
[998.263900] (-) TimerEvent: {}
[998.364965] (-) TimerEvent: {}
[998.465943] (-) TimerEvent: {}
[998.566924] (-) TimerEvent: {}
[998.667912] (-) TimerEvent: {}
[998.768808] (-) TimerEvent: {}
[998.872170] (-) TimerEvent: {}
[998.973197] (-) TimerEvent: {}
[999.074382] (-) TimerEvent: {}
[999.175272] (-) TimerEvent: {}
[999.276186] (-) TimerEvent: {}
[999.377155] (-) TimerEvent: {}
[999.478104] (-) TimerEvent: {}
[999.579014] (-) TimerEvent: {}
[999.679954] (-) TimerEvent: {}
[999.781163] (-) TimerEvent: {}
[999.882238] (-) TimerEvent: {}
[999.983182] (-) TimerEvent: {}
[1000.084191] (-) TimerEvent: {}
[1000.185149] (-) TimerEvent: {}
[1000.286065] (-) TimerEvent: {}
[1000.387031] (-) TimerEvent: {}
[1000.488722] (-) TimerEvent: {}
[1000.589727] (-) TimerEvent: {}
[1000.690685] (-) TimerEvent: {}
[1000.791722] (-) TimerEvent: {}
[1000.892680] (-) TimerEvent: {}
[1000.994056] (-) TimerEvent: {}
[1001.095073] (-) TimerEvent: {}
[1001.196200] (-) TimerEvent: {}
[1001.297180] (-) TimerEvent: {}
[1001.398133] (-) TimerEvent: {}
[1001.499189] (-) TimerEvent: {}
[1001.600350] (-) TimerEvent: {}
[1001.701922] (-) TimerEvent: {}
[1001.802982] (-) TimerEvent: {}
[1001.904118] (-) TimerEvent: {}
[1002.005280] (-) TimerEvent: {}
[1002.106423] (-) TimerEvent: {}
[1002.207583] (-) TimerEvent: {}
[1002.308668] (-) TimerEvent: {}
[1002.409685] (-) TimerEvent: {}
[1002.510632] (-) TimerEvent: {}
[1002.611832] (-) TimerEvent: {}
[1002.712948] (-) TimerEvent: {}
[1002.813998] (-) TimerEvent: {}
[1002.914934] (-) TimerEvent: {}
[1003.015961] (-) TimerEvent: {}
[1003.116931] (-) TimerEvent: {}
[1003.217955] (-) TimerEvent: {}
[1003.319045] (-) TimerEvent: {}
[1003.420029] (-) TimerEvent: {}
[1003.520993] (-) TimerEvent: {}
[1003.622232] (-) TimerEvent: {}
[1003.723824] (-) TimerEvent: {}
[1003.825756] (-) TimerEvent: {}
[1003.927392] (-) TimerEvent: {}
[1004.028533] (-) TimerEvent: {}
[1004.129543] (-) TimerEvent: {}
[1004.230592] (-) TimerEvent: {}
[1004.331510] (-) TimerEvent: {}
[1004.432509] (-) TimerEvent: {}
[1004.533761] (-) TimerEvent: {}
[1004.634793] (-) TimerEvent: {}
[1004.736503] (-) TimerEvent: {}
[1004.838019] (-) TimerEvent: {}
[1004.939005] (-) TimerEvent: {}
[1005.040407] (-) TimerEvent: {}
[1005.141570] (-) TimerEvent: {}
[1005.242532] (-) TimerEvent: {}
[1005.343521] (-) TimerEvent: {}
[1005.444497] (-) TimerEvent: {}
[1005.545516] (-) TimerEvent: {}
[1005.646400] (-) TimerEvent: {}
[1005.747325] (-) TimerEvent: {}
[1005.848250] (-) TimerEvent: {}
[1005.949693] (-) TimerEvent: {}
[1006.050601] (-) TimerEvent: {}
[1006.151469] (-) TimerEvent: {}
[1006.253133] (-) TimerEvent: {}
[1006.355557] (-) TimerEvent: {}
[1006.457166] (-) TimerEvent: {}
[1006.558775] (-) TimerEvent: {}
[1006.661166] (-) TimerEvent: {}
[1006.763211] (-) TimerEvent: {}
[1006.865822] (-) TimerEvent: {}
[1006.967263] (-) TimerEvent: {}
[1007.069794] (-) TimerEvent: {}
[1007.171472] (-) TimerEvent: {}
[1007.272317] (-) TimerEvent: {}
[1007.373195] (-) TimerEvent: {}
[1007.473993] (-) TimerEvent: {}
[1007.574810] (-) TimerEvent: {}
[1007.675757] (-) TimerEvent: {}
[1007.777227] (-) TimerEvent: {}
[1007.878143] (-) TimerEvent: {}
[1007.978941] (-) TimerEvent: {}
[1008.079719] (-) TimerEvent: {}
[1008.180600] (-) TimerEvent: {}
[1008.281501] (-) TimerEvent: {}
[1008.382404] (-) TimerEvent: {}
[1008.483222] (-) TimerEvent: {}
[1008.584739] (-) TimerEvent: {}
[1008.685757] (-) TimerEvent: {}
[1008.786613] (-) TimerEvent: {}
[1008.887415] (-) TimerEvent: {}
[1008.988207] (-) TimerEvent: {}
[1009.089198] (-) TimerEvent: {}
[1009.190092] (-) TimerEvent: {}
[1009.290919] (-) TimerEvent: {}
[1009.391746] (-) TimerEvent: {}
[1009.492652] (-) TimerEvent: {}
[1009.593576] (-) TimerEvent: {}
[1009.694389] (-) TimerEvent: {}
[1009.795368] (-) TimerEvent: {}
[1009.896274] (-) TimerEvent: {}
[1009.997459] (-) TimerEvent: {}
[1010.098383] (-) TimerEvent: {}
[1010.199345] (-) TimerEvent: {}
[1010.300197] (-) TimerEvent: {}
[1010.400988] (-) TimerEvent: {}
[1010.501912] (-) TimerEvent: {}
[1010.602855] (-) TimerEvent: {}
[1010.703652] (-) TimerEvent: {}
[1010.804496] (-) TimerEvent: {}
[1010.905489] (-) TimerEvent: {}
[1011.006409] (-) TimerEvent: {}
[1011.107179] (-) TimerEvent: {}
[1011.208016] (-) TimerEvent: {}
[1011.308864] (-) TimerEvent: {}
[1011.409783] (-) TimerEvent: {}
[1011.510698] (-) TimerEvent: {}
[1011.611750] (-) TimerEvent: {}
[1011.712713] (-) TimerEvent: {}
[1011.813649] (-) TimerEvent: {}
[1011.914605] (-) TimerEvent: {}
[1012.015570] (-) TimerEvent: {}
[1012.116581] (-) TimerEvent: {}
[1012.217591] (-) TimerEvent: {}
[1012.318855] (-) TimerEvent: {}
[1012.419816] (-) TimerEvent: {}
[1012.520987] (-) TimerEvent: {}
[1012.622164] (-) TimerEvent: {}
[1012.723139] (-) TimerEvent: {}
[1012.824123] (-) TimerEvent: {}
[1012.925159] (-) TimerEvent: {}
[1013.026092] (-) TimerEvent: {}
[1013.127034] (-) TimerEvent: {}
[1013.228263] (-) TimerEvent: {}
[1013.329171] (-) TimerEvent: {}
[1013.429939] (-) TimerEvent: {}
[1013.530746] (-) TimerEvent: {}
[1013.631668] (-) TimerEvent: {}
[1013.733917] (-) TimerEvent: {}
[1013.834826] (-) TimerEvent: {}
[1013.935650] (-) TimerEvent: {}
[1014.036426] (-) TimerEvent: {}
[1014.137200] (-) TimerEvent: {}
[1014.237939] (-) TimerEvent: {}
[1014.338916] (-) TimerEvent: {}
[1014.440652] (-) TimerEvent: {}
[1014.541612] (-) TimerEvent: {}
[1014.631880] (slam_toolbox) StdoutLine: {'line': b'[ 99%] \x1b[32m\x1b[1mLinking CXX shared library libmap_and_localization_slam_toolbox.so\x1b[0m\n'}
[1014.641827] (-) TimerEvent: {}
[1014.743577] (-) TimerEvent: {}
[1014.845608] (-) TimerEvent: {}
[1014.946600] (-) TimerEvent: {}
[1015.047709] (-) TimerEvent: {}
[1015.148968] (-) TimerEvent: {}
[1015.250801] (-) TimerEvent: {}
[1015.352170] (-) TimerEvent: {}
[1015.453922] (-) TimerEvent: {}
[1015.555241] (-) TimerEvent: {}
[1015.656306] (-) TimerEvent: {}
[1015.757683] (-) TimerEvent: {}
[1015.859046] (-) TimerEvent: {}
[1015.960153] (-) TimerEvent: {}
[1016.061598] (-) TimerEvent: {}
[1016.162863] (-) TimerEvent: {}
[1016.264124] (-) TimerEvent: {}
[1016.365204] (-) TimerEvent: {}
[1016.466284] (-) TimerEvent: {}
[1016.568132] (-) TimerEvent: {}
[1016.669464] (-) TimerEvent: {}
[1016.770489] (-) TimerEvent: {}
[1016.871668] (-) TimerEvent: {}
[1016.973208] (-) TimerEvent: {}
[1017.074823] (-) TimerEvent: {}
[1017.176027] (-) TimerEvent: {}
[1017.277300] (-) TimerEvent: {}
[1017.378509] (-) TimerEvent: {}
[1017.480119] (-) TimerEvent: {}
[1017.581486] (-) TimerEvent: {}
[1017.682309] (-) TimerEvent: {}
[1017.783217] (-) TimerEvent: {}
[1017.884236] (-) TimerEvent: {}
[1017.985015] (-) TimerEvent: {}
[1018.086117] (-) TimerEvent: {}
[1018.188683] (-) TimerEvent: {}
[1018.293240] (-) TimerEvent: {}
[1018.395771] (-) TimerEvent: {}
[1018.498323] (-) TimerEvent: {}
[1018.601484] (-) TimerEvent: {}
[1018.703263] (-) TimerEvent: {}
[1018.736518] (slam_toolbox) StdoutLine: {'line': b'[ 99%] Built target map_and_localization_slam_toolbox\n'}
[1018.803641] (-) TimerEvent: {}
[1018.907377] (-) TimerEvent: {}
[1018.995936] (slam_toolbox) StdoutLine: {'line': b'[100%] \x1b[32mBuilding CXX object CMakeFiles/map_and_localization_slam_toolbox_node.dir/src/experimental/slam_toolbox_map_and_localization_node.cpp.o\x1b[0m\n'}
[1019.007682] (-) TimerEvent: {}
[1019.109892] (-) TimerEvent: {}
[1019.211272] (-) TimerEvent: {}
[1019.312649] (-) TimerEvent: {}
[1019.414071] (-) TimerEvent: {}
[1019.515581] (-) TimerEvent: {}
[1019.617013] (-) TimerEvent: {}
[1019.718735] (-) TimerEvent: {}
[1019.820546] (-) TimerEvent: {}
[1019.921943] (-) TimerEvent: {}
[1020.023344] (-) TimerEvent: {}
[1020.124779] (-) TimerEvent: {}
[1020.226400] (-) TimerEvent: {}
[1020.327760] (-) TimerEvent: {}
[1020.429190] (-) TimerEvent: {}
[1020.530556] (-) TimerEvent: {}
[1020.631948] (-) TimerEvent: {}
[1020.733399] (-) TimerEvent: {}
[1020.834796] (-) TimerEvent: {}
[1020.936196] (-) TimerEvent: {}
[1021.037646] (-) TimerEvent: {}
[1021.138989] (-) TimerEvent: {}
[1021.240302] (-) TimerEvent: {}
[1021.341717] (-) TimerEvent: {}
[1021.442938] (-) TimerEvent: {}
[1021.543682] (-) TimerEvent: {}
[1021.644404] (-) TimerEvent: {}
[1021.745513] (-) TimerEvent: {}
[1021.846398] (-) TimerEvent: {}
[1021.947114] (-) TimerEvent: {}
[1022.047878] (-) TimerEvent: {}
[1022.148645] (-) TimerEvent: {}
[1022.249427] (-) TimerEvent: {}
[1022.350243] (-) TimerEvent: {}
[1022.450958] (-) TimerEvent: {}
[1022.551700] (-) TimerEvent: {}
[1022.652458] (-) TimerEvent: {}
[1022.753222] (-) TimerEvent: {}
[1022.853985] (-) TimerEvent: {}
[1022.954702] (-) TimerEvent: {}
[1023.055476] (-) TimerEvent: {}
[1023.156243] (-) TimerEvent: {}
[1023.257084] (-) TimerEvent: {}
[1023.357826] (-) TimerEvent: {}
[1023.458536] (-) TimerEvent: {}
[1023.559273] (-) TimerEvent: {}
[1023.660253] (-) TimerEvent: {}
[1023.761392] (-) TimerEvent: {}
[1023.862236] (-) TimerEvent: {}
[1023.962963] (-) TimerEvent: {}
[1024.063860] (-) TimerEvent: {}
[1024.164626] (-) TimerEvent: {}
[1024.265428] (-) TimerEvent: {}
[1024.366168] (-) TimerEvent: {}
[1024.466964] (-) TimerEvent: {}
[1024.567692] (-) TimerEvent: {}
[1024.668541] (-) TimerEvent: {}
[1024.769465] (-) TimerEvent: {}
[1024.870540] (-) TimerEvent: {}
[1024.971303] (-) TimerEvent: {}
[1025.072013] (-) TimerEvent: {}
[1025.172838] (-) TimerEvent: {}
[1025.273798] (-) TimerEvent: {}
[1025.374526] (-) TimerEvent: {}
[1025.475332] (-) TimerEvent: {}
[1025.576347] (-) TimerEvent: {}
[1025.677860] (-) TimerEvent: {}
[1025.780957] (-) TimerEvent: {}
[1025.881896] (-) TimerEvent: {}
[1025.982773] (-) TimerEvent: {}
[1026.083479] (-) TimerEvent: {}
[1026.184172] (-) TimerEvent: {}
[1026.284890] (-) TimerEvent: {}
[1026.329160] (slam_toolbox) StdoutLine: {'line': b'[100%] \x1b[32m\x1b[1mLinking CXX executable localization_slam_toolbox_node\x1b[0m\n'}
[1026.385093] (-) TimerEvent: {}
[1026.485824] (-) TimerEvent: {}
[1026.586977] (-) TimerEvent: {}
[1026.688437] (-) TimerEvent: {}
[1026.789382] (-) TimerEvent: {}
[1026.890436] (-) TimerEvent: {}
[1026.991462] (-) TimerEvent: {}
[1027.092624] (-) TimerEvent: {}
[1027.194219] (-) TimerEvent: {}
[1027.295611] (-) TimerEvent: {}
[1027.396667] (-) TimerEvent: {}
[1027.498003] (-) TimerEvent: {}
[1027.599041] (-) TimerEvent: {}
[1027.700750] (-) TimerEvent: {}
[1027.801766] (-) TimerEvent: {}
[1027.903094] (-) TimerEvent: {}
[1028.003996] (-) TimerEvent: {}
[1028.105446] (-) TimerEvent: {}
[1028.206338] (-) TimerEvent: {}
[1028.307224] (-) TimerEvent: {}
[1028.408052] (-) TimerEvent: {}
[1028.508799] (-) TimerEvent: {}
[1028.609692] (-) TimerEvent: {}
[1028.710841] (-) TimerEvent: {}
[1028.812599] (-) TimerEvent: {}
[1028.914982] (-) TimerEvent: {}
[1029.017392] (-) TimerEvent: {}
[1029.051173] (slam_toolbox) StdoutLine: {'line': b'[100%] Built target localization_slam_toolbox_node\n'}
[1029.117682] (-) TimerEvent: {}
[1029.218922] (-) TimerEvent: {}
[1029.320183] (-) TimerEvent: {}
[1029.421492] (-) TimerEvent: {}
[1029.522731] (-) TimerEvent: {}
[1029.624023] (-) TimerEvent: {}
[1029.725438] (-) TimerEvent: {}
[1029.826951] (-) TimerEvent: {}
[1029.928250] (-) TimerEvent: {}
[1030.029766] (-) TimerEvent: {}
[1030.131019] (-) TimerEvent: {}
[1030.232291] (-) TimerEvent: {}
[1030.333594] (-) TimerEvent: {}
[1030.434804] (-) TimerEvent: {}
[1030.536054] (-) TimerEvent: {}
[1030.637318] (-) TimerEvent: {}
[1030.738546] (-) TimerEvent: {}
[1030.839800] (-) TimerEvent: {}
[1030.941012] (-) TimerEvent: {}
[1031.042328] (-) TimerEvent: {}
[1031.143701] (-) TimerEvent: {}
[1031.244906] (-) TimerEvent: {}
[1031.346174] (-) TimerEvent: {}
[1031.447446] (-) TimerEvent: {}
[1031.548936] (-) TimerEvent: {}
[1031.650288] (-) TimerEvent: {}
[1031.752153] (-) TimerEvent: {}
[1031.853363] (-) TimerEvent: {}
[1031.954592] (-) TimerEvent: {}
[1032.055732] (-) TimerEvent: {}
[1032.156385] (-) TimerEvent: {}
[1032.257237] (-) TimerEvent: {}
[1032.358160] (-) TimerEvent: {}
[1032.458980] (-) TimerEvent: {}
[1032.559635] (-) TimerEvent: {}
[1032.660348] (-) TimerEvent: {}
[1032.761398] (-) TimerEvent: {}
[1032.862212] (-) TimerEvent: {}
[1032.963297] (-) TimerEvent: {}
[1033.064231] (-) TimerEvent: {}
[1033.165197] (-) TimerEvent: {}
[1033.266036] (-) TimerEvent: {}
[1033.366853] (-) TimerEvent: {}
[1033.467730] (-) TimerEvent: {}
[1033.568600] (-) TimerEvent: {}
[1033.669530] (-) TimerEvent: {}
[1033.770295] (-) TimerEvent: {}
[1033.870958] (-) TimerEvent: {}
[1033.971608] (-) TimerEvent: {}
[1034.072436] (-) TimerEvent: {}
[1034.173167] (-) TimerEvent: {}
[1034.273952] (-) TimerEvent: {}
[1034.374594] (-) TimerEvent: {}
[1034.475533] (-) TimerEvent: {}
[1034.576316] (-) TimerEvent: {}
[1034.676962] (-) TimerEvent: {}
[1034.777642] (-) TimerEvent: {}
[1034.878495] (-) TimerEvent: {}
[1034.979359] (-) TimerEvent: {}
[1035.080405] (-) TimerEvent: {}
[1035.181203] (-) TimerEvent: {}
[1035.281969] (-) TimerEvent: {}
[1035.382745] (-) TimerEvent: {}
[1035.483479] (-) TimerEvent: {}
[1035.584200] (-) TimerEvent: {}
[1035.684926] (-) TimerEvent: {}
[1035.785727] (-) TimerEvent: {}
[1035.886476] (-) TimerEvent: {}
[1035.987233] (-) TimerEvent: {}
[1036.087985] (-) TimerEvent: {}
[1036.188861] (-) TimerEvent: {}
[1036.289704] (-) TimerEvent: {}
[1036.390432] (-) TimerEvent: {}
[1036.491208] (-) TimerEvent: {}
[1036.591964] (-) TimerEvent: {}
[1036.692710] (-) TimerEvent: {}
[1036.793503] (-) TimerEvent: {}
[1036.894984] (-) TimerEvent: {}
[1036.995807] (-) TimerEvent: {}
[1037.096555] (-) TimerEvent: {}
[1037.197295] (-) TimerEvent: {}
[1037.298016] (-) TimerEvent: {}
[1037.398950] (-) TimerEvent: {}
[1037.499759] (-) TimerEvent: {}
[1037.600469] (-) TimerEvent: {}
[1037.701309] (-) TimerEvent: {}
[1037.802144] (-) TimerEvent: {}
[1037.903017] (-) TimerEvent: {}
[1038.003846] (-) TimerEvent: {}
[1038.104634] (-) TimerEvent: {}
[1038.205468] (-) TimerEvent: {}
[1038.306216] (-) TimerEvent: {}
[1038.407037] (-) TimerEvent: {}
[1038.507770] (-) TimerEvent: {}
[1038.614772] (-) TimerEvent: {}
[1038.715797] (-) TimerEvent: {}
[1038.816632] (-) TimerEvent: {}
[1038.917411] (-) TimerEvent: {}
[1039.018154] (-) TimerEvent: {}
[1039.119078] (-) TimerEvent: {}
[1039.220113] (-) TimerEvent: {}
[1039.320832] (-) TimerEvent: {}
[1039.421617] (-) TimerEvent: {}
[1039.522372] (-) TimerEvent: {}
[1039.623197] (-) TimerEvent: {}
[1039.723939] (-) TimerEvent: {}
[1039.824826] (-) TimerEvent: {}
[1039.925871] (-) TimerEvent: {}
[1040.026730] (-) TimerEvent: {}
[1040.127468] (-) TimerEvent: {}
[1040.228218] (-) TimerEvent: {}
[1040.328993] (-) TimerEvent: {}
[1040.429733] (-) TimerEvent: {}
[1040.530487] (-) TimerEvent: {}
[1040.631242] (-) TimerEvent: {}
[1040.731975] (-) TimerEvent: {}
[1040.832743] (-) TimerEvent: {}
[1040.933577] (-) TimerEvent: {}
[1041.034302] (-) TimerEvent: {}
[1041.135083] (-) TimerEvent: {}
[1041.235847] (-) TimerEvent: {}
[1041.336568] (-) TimerEvent: {}
[1041.437311] (-) TimerEvent: {}
[1041.538039] (-) TimerEvent: {}
[1041.638796] (-) TimerEvent: {}
[1041.739581] (-) TimerEvent: {}
[1041.840301] (-) TimerEvent: {}
[1041.941474] (-) TimerEvent: {}
[1042.042210] (-) TimerEvent: {}
[1042.142994] (-) TimerEvent: {}
[1042.243699] (-) TimerEvent: {}
[1042.344408] (-) TimerEvent: {}
[1042.445201] (-) TimerEvent: {}
[1042.546039] (-) TimerEvent: {}
[1042.646766] (-) TimerEvent: {}
[1042.747629] (-) TimerEvent: {}
[1042.848352] (-) TimerEvent: {}
[1042.949103] (-) TimerEvent: {}
[1043.049840] (-) TimerEvent: {}
[1043.150578] (-) TimerEvent: {}
[1043.251455] (-) TimerEvent: {}
[1043.352313] (-) TimerEvent: {}
[1043.453094] (-) TimerEvent: {}
[1043.553815] (-) TimerEvent: {}
[1043.654555] (-) TimerEvent: {}
[1043.755379] (-) TimerEvent: {}
[1043.856137] (-) TimerEvent: {}
[1043.956952] (-) TimerEvent: {}
[1044.057729] (-) TimerEvent: {}
[1044.158471] (-) TimerEvent: {}
[1044.259217] (-) TimerEvent: {}
[1044.359990] (-) TimerEvent: {}
[1044.460753] (-) TimerEvent: {}
[1044.561532] (-) TimerEvent: {}
[1044.662240] (-) TimerEvent: {}
[1044.762985] (-) TimerEvent: {}
[1044.863997] (-) TimerEvent: {}
[1044.964757] (-) TimerEvent: {}
[1045.065622] (-) TimerEvent: {}
[1045.166381] (-) TimerEvent: {}
[1045.267143] (-) TimerEvent: {}
[1045.367971] (-) TimerEvent: {}
[1045.468706] (-) TimerEvent: {}
[1045.569466] (-) TimerEvent: {}
[1045.670196] (-) TimerEvent: {}
[1045.770934] (-) TimerEvent: {}
[1045.871724] (-) TimerEvent: {}
[1045.972484] (-) TimerEvent: {}
[1046.073428] (-) TimerEvent: {}
[1046.174165] (-) TimerEvent: {}
[1046.274893] (-) TimerEvent: {}
[1046.375692] (-) TimerEvent: {}
[1046.476433] (-) TimerEvent: {}
[1046.577226] (-) TimerEvent: {}
[1046.677936] (-) TimerEvent: {}
[1046.778662] (-) TimerEvent: {}
[1046.879424] (-) TimerEvent: {}
[1046.980199] (-) TimerEvent: {}
[1047.080937] (-) TimerEvent: {}
[1047.181711] (-) TimerEvent: {}
[1047.282444] (-) TimerEvent: {}
[1047.383195] (-) TimerEvent: {}
[1047.483926] (-) TimerEvent: {}
[1047.584694] (-) TimerEvent: {}
[1047.685450] (-) TimerEvent: {}
[1047.786177] (-) TimerEvent: {}
[1047.886946] (-) TimerEvent: {}
[1047.987680] (-) TimerEvent: {}
[1048.088517] (-) TimerEvent: {}
[1048.189288] (-) TimerEvent: {}
[1048.290022] (-) TimerEvent: {}
[1048.390777] (-) TimerEvent: {}
[1048.491502] (-) TimerEvent: {}
[1048.592325] (-) TimerEvent: {}
[1048.693240] (-) TimerEvent: {}
[1048.794143] (-) TimerEvent: {}
[1048.894860] (-) TimerEvent: {}
[1048.995579] (-) TimerEvent: {}
[1049.096284] (-) TimerEvent: {}
[1049.197062] (-) TimerEvent: {}
[1049.297769] (-) TimerEvent: {}
[1049.398470] (-) TimerEvent: {}
[1049.499357] (-) TimerEvent: {}
[1049.600102] (-) TimerEvent: {}
[1049.700882] (-) TimerEvent: {}
[1049.801662] (-) TimerEvent: {}
[1049.902374] (-) TimerEvent: {}
[1050.003086] (-) TimerEvent: {}
[1050.103790] (-) TimerEvent: {}
[1050.204520] (-) TimerEvent: {}
[1050.305317] (-) TimerEvent: {}
[1050.406014] (-) TimerEvent: {}
[1050.506725] (-) TimerEvent: {}
[1050.607446] (-) TimerEvent: {}
[1050.708160] (-) TimerEvent: {}
[1050.808930] (-) TimerEvent: {}
[1050.909742] (-) TimerEvent: {}
[1051.010453] (-) TimerEvent: {}
[1051.111190] (-) TimerEvent: {}
[1051.211986] (-) TimerEvent: {}
[1051.312788] (-) TimerEvent: {}
[1051.413591] (-) TimerEvent: {}
[1051.514307] (-) TimerEvent: {}
[1051.615029] (-) TimerEvent: {}
[1051.715781] (-) TimerEvent: {}
[1051.816759] (-) TimerEvent: {}
[1051.917592] (-) TimerEvent: {}
[1052.018300] (-) TimerEvent: {}
[1052.119018] (-) TimerEvent: {}
[1052.219742] (-) TimerEvent: {}
[1052.320490] (-) TimerEvent: {}
[1052.421185] (-) TimerEvent: {}
[1052.521938] (-) TimerEvent: {}
[1052.622642] (-) TimerEvent: {}
[1052.723392] (-) TimerEvent: {}
[1052.824154] (-) TimerEvent: {}
[1052.924956] (-) TimerEvent: {}
[1053.025731] (-) TimerEvent: {}
[1053.126432] (-) TimerEvent: {}
[1053.227180] (-) TimerEvent: {}
[1053.327959] (-) TimerEvent: {}
[1053.428699] (-) TimerEvent: {}
[1053.529454] (-) TimerEvent: {}
[1053.630218] (-) TimerEvent: {}
[1053.730995] (-) TimerEvent: {}
[1053.831768] (-) TimerEvent: {}
[1053.932509] (-) TimerEvent: {}
[1054.033223] (-) TimerEvent: {}
[1054.133951] (-) TimerEvent: {}
[1054.234733] (-) TimerEvent: {}
[1054.335480] (-) TimerEvent: {}
[1054.436247] (-) TimerEvent: {}
[1054.536979] (-) TimerEvent: {}
[1054.637761] (-) TimerEvent: {}
[1054.738554] (-) TimerEvent: {}
[1054.839316] (-) TimerEvent: {}
[1054.940048] (-) TimerEvent: {}
[1055.040765] (-) TimerEvent: {}
[1055.141538] (-) TimerEvent: {}
[1055.242255] (-) TimerEvent: {}
[1055.343012] (-) TimerEvent: {}
[1055.443758] (-) TimerEvent: {}
[1055.544506] (-) TimerEvent: {}
[1055.645230] (-) TimerEvent: {}
[1055.745952] (-) TimerEvent: {}
[1055.846681] (-) TimerEvent: {}
[1055.947466] (-) TimerEvent: {}
[1056.048241] (-) TimerEvent: {}
[1056.148955] (-) TimerEvent: {}
[1056.249715] (-) TimerEvent: {}
[1056.350499] (-) TimerEvent: {}
[1056.451281] (-) TimerEvent: {}
[1056.552030] (-) TimerEvent: {}
[1056.652727] (-) TimerEvent: {}
[1056.753475] (-) TimerEvent: {}
[1056.854194] (-) TimerEvent: {}
[1056.954911] (-) TimerEvent: {}
[1057.055675] (-) TimerEvent: {}
[1057.156409] (-) TimerEvent: {}
[1057.257205] (-) TimerEvent: {}
[1057.357925] (-) TimerEvent: {}
[1057.458633] (-) TimerEvent: {}
[1057.559349] (-) TimerEvent: {}
[1057.660116] (-) TimerEvent: {}
[1057.760841] (-) TimerEvent: {}
[1057.861581] (-) TimerEvent: {}
[1057.962583] (-) TimerEvent: {}
[1058.063306] (-) TimerEvent: {}
[1058.164067] (-) TimerEvent: {}
[1058.264775] (-) TimerEvent: {}
[1058.365543] (-) TimerEvent: {}
[1058.466252] (-) TimerEvent: {}
[1058.566962] (-) TimerEvent: {}
[1058.667742] (-) TimerEvent: {}
[1058.768572] (-) TimerEvent: {}
[1058.869386] (-) TimerEvent: {}
[1058.970116] (-) TimerEvent: {}
[1059.070850] (-) TimerEvent: {}
[1059.171591] (-) TimerEvent: {}
[1059.272330] (-) TimerEvent: {}
[1059.373013] (-) TimerEvent: {}
[1059.473750] (-) TimerEvent: {}
[1059.574504] (-) TimerEvent: {}
[1059.675290] (-) TimerEvent: {}
[1059.776076] (-) TimerEvent: {}
[1059.876953] (-) TimerEvent: {}
[1059.977810] (-) TimerEvent: {}
[1060.078579] (-) TimerEvent: {}
[1060.179346] (-) TimerEvent: {}
[1060.280086] (-) TimerEvent: {}
[1060.380892] (-) TimerEvent: {}
[1060.481644] (-) TimerEvent: {}
[1060.582366] (-) TimerEvent: {}
[1060.683094] (-) TimerEvent: {}
[1060.783804] (-) TimerEvent: {}
[1060.884607] (-) TimerEvent: {}
[1060.985369] (-) TimerEvent: {}
[1061.086074] (-) TimerEvent: {}
[1061.186826] (-) TimerEvent: {}
[1061.287555] (-) TimerEvent: {}
[1061.388271] (-) TimerEvent: {}
[1061.489209] (-) TimerEvent: {}
[1061.589943] (-) TimerEvent: {}
[1061.690704] (-) TimerEvent: {}
[1061.791553] (-) TimerEvent: {}
[1061.892279] (-) TimerEvent: {}
[1061.993112] (-) TimerEvent: {}
[1062.093851] (-) TimerEvent: {}
[1062.194582] (-) TimerEvent: {}
[1062.295345] (-) TimerEvent: {}
[1062.396100] (-) TimerEvent: {}
[1062.496851] (-) TimerEvent: {}
[1062.597680] (-) TimerEvent: {}
[1062.698404] (-) TimerEvent: {}
[1062.799146] (-) TimerEvent: {}
[1062.899933] (-) TimerEvent: {}
[1063.000737] (-) TimerEvent: {}
[1063.101556] (-) TimerEvent: {}
[1063.202331] (-) TimerEvent: {}
[1063.303102] (-) TimerEvent: {}
[1063.403982] (-) TimerEvent: {}
[1063.505204] (-) TimerEvent: {}
[1063.605938] (-) TimerEvent: {}
[1063.706937] (-) TimerEvent: {}
[1063.807931] (-) TimerEvent: {}
[1063.908749] (-) TimerEvent: {}
[1064.009519] (-) TimerEvent: {}
[1064.110242] (-) TimerEvent: {}
[1064.210991] (-) TimerEvent: {}
[1064.311963] (-) TimerEvent: {}
[1064.413010] (-) TimerEvent: {}
[1064.513806] (-) TimerEvent: {}
[1064.614557] (-) TimerEvent: {}
[1064.715283] (-) TimerEvent: {}
[1064.816211] (-) TimerEvent: {}
[1064.916992] (-) TimerEvent: {}
[1065.017741] (-) TimerEvent: {}
[1065.118451] (-) TimerEvent: {}
[1065.219168] (-) TimerEvent: {}
[1065.319886] (-) TimerEvent: {}
[1065.420646] (-) TimerEvent: {}
[1065.521389] (-) TimerEvent: {}
[1065.622080] (-) TimerEvent: {}
[1065.722795] (-) TimerEvent: {}
[1065.823539] (-) TimerEvent: {}
[1065.924268] (-) TimerEvent: {}
[1066.024995] (-) TimerEvent: {}
[1066.125796] (-) TimerEvent: {}
[1066.226602] (-) TimerEvent: {}
[1066.327331] (-) TimerEvent: {}
[1066.428041] (-) TimerEvent: {}
[1066.528895] (-) TimerEvent: {}
[1066.629707] (-) TimerEvent: {}
[1066.730415] (-) TimerEvent: {}
[1066.831125] (-) TimerEvent: {}
[1066.931880] (-) TimerEvent: {}
[1067.032592] (-) TimerEvent: {}
[1067.133408] (-) TimerEvent: {}
[1067.234114] (-) TimerEvent: {}
[1067.334830] (-) TimerEvent: {}
[1067.435546] (-) TimerEvent: {}
[1067.536284] (-) TimerEvent: {}
[1067.637088] (-) TimerEvent: {}
[1067.737858] (-) TimerEvent: {}
[1067.838574] (-) TimerEvent: {}
[1067.939372] (-) TimerEvent: {}
[1068.040112] (-) TimerEvent: {}
[1068.140904] (-) TimerEvent: {}
[1068.241957] (-) TimerEvent: {}
[1068.342886] (-) TimerEvent: {}
[1068.443792] (-) TimerEvent: {}
[1068.544532] (-) TimerEvent: {}
[1068.645295] (-) TimerEvent: {}
[1068.746146] (-) TimerEvent: {}
[1068.846907] (-) TimerEvent: {}
[1068.947658] (-) TimerEvent: {}
[1069.048412] (-) TimerEvent: {}
[1069.149151] (-) TimerEvent: {}
[1069.249908] (-) TimerEvent: {}
[1069.350627] (-) TimerEvent: {}
[1069.451386] (-) TimerEvent: {}
[1069.552108] (-) TimerEvent: {}
[1069.652830] (-) TimerEvent: {}
[1069.753604] (-) TimerEvent: {}
[1069.854474] (-) TimerEvent: {}
[1069.955208] (-) TimerEvent: {}
[1070.055969] (-) TimerEvent: {}
[1070.156671] (-) TimerEvent: {}
[1070.257435] (-) TimerEvent: {}
[1070.358175] (-) TimerEvent: {}
[1070.458885] (-) TimerEvent: {}
[1070.559609] (-) TimerEvent: {}
[1070.660316] (-) TimerEvent: {}
[1070.761090] (-) TimerEvent: {}
[1070.861802] (-) TimerEvent: {}
[1070.962577] (-) TimerEvent: {}
[1071.063299] (-) TimerEvent: {}
[1071.164073] (-) TimerEvent: {}
[1071.264784] (-) TimerEvent: {}
[1071.365542] (-) TimerEvent: {}
[1071.466240] (-) TimerEvent: {}
[1071.566979] (-) TimerEvent: {}
[1071.667715] (-) TimerEvent: {}
[1071.768459] (-) TimerEvent: {}
[1071.869198] (-) TimerEvent: {}
[1071.969898] (-) TimerEvent: {}
[1072.070610] (-) TimerEvent: {}
[1072.171339] (-) TimerEvent: {}
[1072.272066] (-) TimerEvent: {}
[1072.372812] (-) TimerEvent: {}
[1072.473588] (-) TimerEvent: {}
[1072.574394] (-) TimerEvent: {}
[1072.675119] (-) TimerEvent: {}
[1072.775912] (-) TimerEvent: {}
[1072.876687] (-) TimerEvent: {}
[1072.977427] (-) TimerEvent: {}
[1073.078149] (-) TimerEvent: {}
[1073.178917] (-) TimerEvent: {}
[1073.279701] (-) TimerEvent: {}
[1073.380409] (-) TimerEvent: {}
[1073.481215] (-) TimerEvent: {}
[1073.581920] (-) TimerEvent: {}
[1073.682639] (-) TimerEvent: {}
[1073.783614] (-) TimerEvent: {}
[1073.884327] (-) TimerEvent: {}
[1073.985100] (-) TimerEvent: {}
[1074.085912] (-) TimerEvent: {}
[1074.186630] (-) TimerEvent: {}
[1074.287354] (-) TimerEvent: {}
[1074.388094] (-) TimerEvent: {}
[1074.488841] (-) TimerEvent: {}
[1074.589574] (-) TimerEvent: {}
[1074.690265] (-) TimerEvent: {}
[1074.791010] (-) TimerEvent: {}
[1074.891758] (-) TimerEvent: {}
[1074.992586] (-) TimerEvent: {}
[1075.093301] (-) TimerEvent: {}
[1075.194026] (-) TimerEvent: {}
[1075.294761] (-) TimerEvent: {}
[1075.395606] (-) TimerEvent: {}
[1075.496371] (-) TimerEvent: {}
[1075.597180] (-) TimerEvent: {}
[1075.697878] (-) TimerEvent: {}
[1075.798656] (-) TimerEvent: {}
[1075.899386] (-) TimerEvent: {}
[1076.000140] (-) TimerEvent: {}
[1076.100921] (-) TimerEvent: {}
[1076.201661] (-) TimerEvent: {}
[1076.302408] (-) TimerEvent: {}
[1076.403128] (-) TimerEvent: {}
[1076.503830] (-) TimerEvent: {}
[1076.604633] (-) TimerEvent: {}
[1076.705485] (-) TimerEvent: {}
[1076.806162] (-) TimerEvent: {}
[1076.906897] (-) TimerEvent: {}
[1077.007611] (-) TimerEvent: {}
[1077.108272] (-) TimerEvent: {}
[1077.209278] (-) TimerEvent: {}
[1077.309959] (-) TimerEvent: {}
[1077.410687] (-) TimerEvent: {}
[1077.511381] (-) TimerEvent: {}
[1077.612140] (-) TimerEvent: {}
[1077.713185] (-) TimerEvent: {}
[1077.753880] (slam_toolbox) StdoutLine: {'line': b'[100%] \x1b[32m\x1b[1mLinking CXX executable map_and_localization_slam_toolbox_node\x1b[0m\n'}
[1077.813381] (-) TimerEvent: {}
[1077.914062] (-) TimerEvent: {}
[1078.015051] (-) TimerEvent: {}
[1078.116071] (-) TimerEvent: {}
[1078.217192] (-) TimerEvent: {}
[1078.318093] (-) TimerEvent: {}
[1078.418842] (-) TimerEvent: {}
[1078.519658] (-) TimerEvent: {}
[1078.621059] (-) TimerEvent: {}
[1078.722004] (-) TimerEvent: {}
[1078.823182] (-) TimerEvent: {}
[1078.924423] (-) TimerEvent: {}
[1079.025367] (-) TimerEvent: {}
[1079.126576] (-) TimerEvent: {}
[1079.227782] (-) TimerEvent: {}
[1079.329105] (-) TimerEvent: {}
[1079.430242] (-) TimerEvent: {}
[1079.531143] (-) TimerEvent: {}
[1079.631981] (-) TimerEvent: {}
[1079.732835] (-) TimerEvent: {}
[1079.833963] (-) TimerEvent: {}
[1079.934851] (-) TimerEvent: {}
[1080.035622] (-) TimerEvent: {}
[1080.136414] (-) TimerEvent: {}
[1080.210239] (slam_toolbox) StdoutLine: {'line': b'[100%] Built target map_and_localization_slam_toolbox_node\n'}
[1080.236705] (-) TimerEvent: {}
[1080.273844] (slam_toolbox) CommandEnded: {'returncode': 0}
[1080.279416] (slam_toolbox) JobProgress: {'identifier': 'slam_toolbox', 'progress': 'install'}
[1080.285124] (slam_toolbox) Command: {'cmd': ['/usr/bin/cmake', '--install', '/home/ubuntu/spas_ws/build/slam_toolbox'], 'cwd': '/home/ubuntu/spas_ws/build/slam_toolbox', 'env': OrderedDict([('PYTHON_BASIC_REPL', '1'), ('LESSOPEN', '| /usr/bin/lesspipe %s'), ('USER', 'ubuntu'), ('SSH_CLIENT', '192.168.236.158 64914 22'), ('XDG_SESSION_TYPE', 'tty'), ('GIT_ASKPASS', '/home/ubuntu/.vscode-server/cli/servers/Stable-0958016b2af9f09bb4257e0df4a95e2f90590f9f/server/extensions/git/dist/askpass.sh'), ('SHLVL', '1'), ('LD_LIBRARY_PATH', '/opt/ros/humble/opt/rviz_ogre_vendor/lib:/opt/ros/humble/lib/aarch64-linux-gnu:/opt/ros/humble/lib'), ('BROWSER', '/home/ubuntu/.vscode-server/cli/servers/Stable-0958016b2af9f09bb4257e0df4a95e2f90590f9f/server/bin/helpers/browser.sh'), ('MOTD_SHOWN', 'pam'), ('HOME', '/home/ubuntu'), ('OLDPWD', '/home/ubuntu/spas_ws/src'), ('TERM_PROGRAM_VERSION', '1.120.0'), ('VSCODE_IPC_HOOK_CLI', '/run/user/1000/vscode-ipc-4c52080f-8f54-4af6-b1c5-04354886fdd5.sock'), ('ROS_PYTHON_VERSION', '3'), ('VSCODE_GIT_ASKPASS_MAIN', '/home/ubuntu/.vscode-server/cli/servers/Stable-0958016b2af9f09bb4257e0df4a95e2f90590f9f/server/extensions/git/dist/askpass-main.js'), ('VSCODE_GIT_ASKPASS_NODE', '/home/ubuntu/.vscode-server/cli/servers/Stable-0958016b2af9f09bb4257e0df4a95e2f90590f9f/server/node'), ('PYDEVD_DISABLE_FILE_VALIDATION', '1'), ('BUNDLED_DEBUGPY_PATH', '/home/ubuntu/.vscode-server/extensions/ms-python.debugpy-2026.6.0/bundled/libs/debugpy'), ('VSCODE_PYTHON_AUTOACTIVATE_GUARD', '1'), ('DBUS_SESSION_BUS_ADDRESS', 'unix:path=/run/user/1000/bus'), ('COLORTERM', 'truecolor'), ('ROS_DISTRO', 'humble'), ('LOGNAME', 'ubuntu'), ('_', '/usr/bin/colcon'), ('ROS_VERSION', '2'), ('XDG_SESSION_CLASS', 'user'), ('TERM', 'xterm-256color'), ('XDG_SESSION_ID', '1'), ('ROS_LOCALHOST_ONLY', '0'), ('PATH', '/opt/ros/humble/bin:/home/ubuntu/.vscode-server/data/User/globalStorage/github.copilot-chat/debugCommand:/home/ubuntu/.vscode-server/data/User/globalStorage/github.copilot-chat/copilotCli:/home/ubuntu/.vscode-server/cli/servers/Stable-0958016b2af9f09bb4257e0df4a95e2f90590f9f/server/bin/remote-cli:/usr/local/sbin:/usr/local/bin:/usr/sbin:/usr/bin:/sbin:/bin:/usr/games:/usr/local/games:/snap/bin:/home/ubuntu/.vscode-server/extensions/ms-python.debugpy-2026.6.0/bundled/scripts/noConfigScripts:/usr/local/bin'), ('XDG_RUNTIME_DIR', '/run/user/1000'), ('VSCODE_DEBUGPY_ADAPTER_ENDPOINTS', '/home/ubuntu/.vscode-server/extensions/ms-python.debugpy-2026.6.0/.noConfigDebugAdapterEndpoints/endpoint-00d0b5565ef995a9.txt'), ('LANG', 'en_US.UTF-8'), ('PYTHONSTARTUP', '/home/ubuntu/.vscode-server/data/User/workspaceStorage/f3bef80f69d224608c509b83f13a955a/ms-python.python/pythonrc.py'), ('LS_COLORS', 'rs=0:di=01;34:ln=01;36:mh=00:pi=40;33:so=01;35:do=01;35:bd=40;33;01:cd=40;33;01:or=40;31;01:mi=00:su=37;41:sg=30;43:ca=30;41:tw=30;42:ow=34;42:st=37;44:ex=01;32:*.tar=01;31:*.tgz=01;31:*.arc=01;31:*.arj=01;31:*.taz=01;31:*.lha=01;31:*.lz4=01;31:*.lzh=01;31:*.lzma=01;31:*.tlz=01;31:*.txz=01;31:*.tzo=01;31:*.t7z=01;31:*.zip=01;31:*.z=01;31:*.dz=01;31:*.gz=01;31:*.lrz=01;31:*.lz=01;31:*.lzo=01;31:*.xz=01;31:*.zst=01;31:*.tzst=01;31:*.bz2=01;31:*.bz=01;31:*.tbz=01;31:*.tbz2=01;31:*.tz=01;31:*.deb=01;31:*.rpm=01;31:*.jar=01;31:*.war=01;31:*.ear=01;31:*.sar=01;31:*.rar=01;31:*.alz=01;31:*.ace=01;31:*.zoo=01;31:*.cpio=01;31:*.7z=01;31:*.rz=01;31:*.cab=01;31:*.wim=01;31:*.swm=01;31:*.dwm=01;31:*.esd=01;31:*.jpg=01;35:*.jpeg=01;35:*.mjpg=01;35:*.mjpeg=01;35:*.gif=01;35:*.bmp=01;35:*.pbm=01;35:*.pgm=01;35:*.ppm=01;35:*.tga=01;35:*.xbm=01;35:*.xpm=01;35:*.tif=01;35:*.tiff=01;35:*.png=01;35:*.svg=01;35:*.svgz=01;35:*.mng=01;35:*.pcx=01;35:*.mov=01;35:*.mpg=01;35:*.mpeg=01;35:*.m2v=01;35:*.mkv=01;35:*.webm=01;35:*.webp=01;35:*.ogm=01;35:*.mp4=01;35:*.m4v=01;35:*.mp4v=01;35:*.vob=01;35:*.qt=01;35:*.nuv=01;35:*.wmv=01;35:*.asf=01;35:*.rm=01;35:*.rmvb=01;35:*.flc=01;35:*.avi=01;35:*.fli=01;35:*.flv=01;35:*.gl=01;35:*.dl=01;35:*.xcf=01;35:*.xwd=01;35:*.yuv=01;35:*.cgm=01;35:*.emf=01;35:*.ogv=01;35:*.ogx=01;35:*.aac=00;36:*.au=00;36:*.flac=00;36:*.m4a=00;36:*.mid=00;36:*.midi=00;36:*.mka=00;36:*.mp3=00;36:*.mpc=00;36:*.ogg=00;36:*.ra=00;36:*.wav=00;36:*.oga=00;36:*.opus=00;36:*.spx=00;36:*.xspf=00;36:'), ('VSCODE_GIT_IPC_HANDLE', '/run/user/1000/vscode-git-a9f1ef9bc6.sock'), ('TERM_PROGRAM', 'vscode'), ('ROS_DOMAIN_ID', '1'), ('AMENT_PREFIX_PATH', '/opt/ros/humble'), ('SHELL', '/bin/bash'), ('LESSCLOSE', '/usr/bin/lesspipe %s %s'), ('VSCODE_GIT_ASKPASS_EXTRA_ARGS', ''), ('PWD', '/home/ubuntu/spas_ws/build/slam_toolbox'), ('LC_ALL', 'en_US.UTF-8'), ('SSH_CONNECTION', '192.168.236.158 64914 192.168.236.18 22'), ('PYTHONPATH', '/opt/ros/humble/lib/python3.10/site-packages:/opt/ros/humble/local/lib/python3.10/dist-packages:/usr/local/lib/python3/dist-packages'), ('COLCON', '1'), ('CMAKE_PREFIX_PATH', '/opt/ros/humble')]), 'shell': False}
[1080.333274] (slam_toolbox) StdoutLine: {'line': b'-- Install configuration: "Release"\n'}
[1080.336860] (-) TimerEvent: {}
[1080.339669] (slam_toolbox) StdoutLine: {'line': b'-- Execute custom install script\n'}
[1080.346381] (slam_toolbox) StdoutLine: {'line': b'-- Symlinking: /home/ubuntu/spas_ws/install/slam_toolbox/include//karto_sdk/Karto.h\n'}
[1080.381104] (slam_toolbox) StdoutLine: {'line': b'-- Symlinking: /home/ubuntu/spas_ws/install/slam_toolbox/include//karto_sdk/Macros.h\n'}
[1080.415967] (slam_toolbox) StdoutLine: {'line': b'-- Symlinking: /home/ubuntu/spas_ws/install/slam_toolbox/include//karto_sdk/Mapper.h\n'}
[1080.437101] (-) TimerEvent: {}
[1080.447929] (slam_toolbox) StdoutLine: {'line': b'-- Symlinking: /home/ubuntu/spas_ws/install/slam_toolbox/include//karto_sdk/Math.h\n'}
[1080.480839] (slam_toolbox) StdoutLine: {'line': b'-- Symlinking: /home/ubuntu/spas_ws/install/slam_toolbox/include//karto_sdk/Types.h\n'}
[1080.515466] (slam_toolbox) StdoutLine: {'line': b'-- Symlinking: /home/ubuntu/spas_ws/install/slam_toolbox/include//karto_sdk/nanoflann.hpp\n'}
[1080.537247] (-) TimerEvent: {}
[1080.550559] (slam_toolbox) StdoutLine: {'line': b'-- Symlinking: /home/ubuntu/spas_ws/install/slam_toolbox/include//karto_sdk/nanoflann_adaptors.h\n'}
[1080.584873] (slam_toolbox) StdoutLine: {'line': b'-- Symlinking: /home/ubuntu/spas_ws/install/slam_toolbox/share/ament_index/resource_index/rosidl_interfaces/slam_toolbox\n'}
[1080.623863] (slam_toolbox) StdoutLine: {'line': b'-- Symlinking: /home/ubuntu/spas_ws/install/slam_toolbox/include/slam_toolbox/slam_toolbox/msg/rosidl_generator_c__visibility_control.h\n'}
[1080.637440] (-) TimerEvent: {}
[1080.659213] (slam_toolbox) StdoutLine: {'line': b'-- Symlinking: /home/ubuntu/spas_ws/install/slam_toolbox/include/slam_toolbox/slam_toolbox/srv/add_submap.h\n'}
[1080.692389] (slam_toolbox) StdoutLine: {'line': b'-- Symlinking: /home/ubuntu/spas_ws/install/slam_toolbox/include/slam_toolbox/slam_toolbox/srv/clear.h\n'}
[1080.725893] (slam_toolbox) StdoutLine: {'line': b'-- Symlinking: /home/ubuntu/spas_ws/install/slam_toolbox/include/slam_toolbox/slam_toolbox/srv/clear_queue.h\n'}
[1080.737611] (-) TimerEvent: {}
[1080.758593] (slam_toolbox) StdoutLine: {'line': b'-- Symlinking: /home/ubuntu/spas_ws/install/slam_toolbox/include/slam_toolbox/slam_toolbox/srv/deserialize_pose_graph.h\n'}
[1080.792410] (slam_toolbox) StdoutLine: {'line': b'-- Symlinking: /home/ubuntu/spas_ws/install/slam_toolbox/include/slam_toolbox/slam_toolbox/srv/detail/add_submap__functions.h\n'}
[1080.825823] (slam_toolbox) StdoutLine: {'line': b'-- Symlinking: /home/ubuntu/spas_ws/install/slam_toolbox/include/slam_toolbox/slam_toolbox/srv/detail/add_submap__struct.h\n'}
[1080.837781] (-) TimerEvent: {}
[1080.858417] (slam_toolbox) StdoutLine: {'line': b'-- Symlinking: /home/ubuntu/spas_ws/install/slam_toolbox/include/slam_toolbox/slam_toolbox/srv/detail/add_submap__type_support.h\n'}
[1080.891567] (slam_toolbox) StdoutLine: {'line': b'-- Symlinking: /home/ubuntu/spas_ws/install/slam_toolbox/include/slam_toolbox/slam_toolbox/srv/detail/clear__functions.h\n'}
[1080.924997] (slam_toolbox) StdoutLine: {'line': b'-- Symlinking: /home/ubuntu/spas_ws/install/slam_toolbox/include/slam_toolbox/slam_toolbox/srv/detail/clear__struct.h\n'}
[1080.937959] (-) TimerEvent: {}
[1080.957452] (slam_toolbox) StdoutLine: {'line': b'-- Symlinking: /home/ubuntu/spas_ws/install/slam_toolbox/include/slam_toolbox/slam_toolbox/srv/detail/clear__type_support.h\n'}
[1080.990065] (slam_toolbox) StdoutLine: {'line': b'-- Symlinking: /home/ubuntu/spas_ws/install/slam_toolbox/include/slam_toolbox/slam_toolbox/srv/detail/clear_queue__functions.h\n'}
[1081.022768] (slam_toolbox) StdoutLine: {'line': b'-- Symlinking: /home/ubuntu/spas_ws/install/slam_toolbox/include/slam_toolbox/slam_toolbox/srv/detail/clear_queue__struct.h\n'}
[1081.038233] (-) TimerEvent: {}
[1081.057210] (slam_toolbox) StdoutLine: {'line': b'-- Symlinking: /home/ubuntu/spas_ws/install/slam_toolbox/include/slam_toolbox/slam_toolbox/srv/detail/clear_queue__type_support.h\n'}
[1081.089939] (slam_toolbox) StdoutLine: {'line': b'-- Symlinking: /home/ubuntu/spas_ws/install/slam_toolbox/include/slam_toolbox/slam_toolbox/srv/detail/deserialize_pose_graph__functions.h\n'}
[1081.124515] (slam_toolbox) StdoutLine: {'line': b'-- Symlinking: /home/ubuntu/spas_ws/install/slam_toolbox/include/slam_toolbox/slam_toolbox/srv/detail/deserialize_pose_graph__struct.h\n'}
[1081.138432] (-) TimerEvent: {}
[1081.157539] (slam_toolbox) StdoutLine: {'line': b'-- Symlinking: /home/ubuntu/spas_ws/install/slam_toolbox/include/slam_toolbox/slam_toolbox/srv/detail/deserialize_pose_graph__type_support.h\n'}
[1081.189843] (slam_toolbox) StdoutLine: {'line': b'-- Symlinking: /home/ubuntu/spas_ws/install/slam_toolbox/include/slam_toolbox/slam_toolbox/srv/detail/loop_closure__functions.h\n'}
[1081.222648] (slam_toolbox) StdoutLine: {'line': b'-- Symlinking: /home/ubuntu/spas_ws/install/slam_toolbox/include/slam_toolbox/slam_toolbox/srv/detail/loop_closure__struct.h\n'}
[1081.238718] (-) TimerEvent: {}
[1081.256900] (slam_toolbox) StdoutLine: {'line': b'-- Symlinking: /home/ubuntu/spas_ws/install/slam_toolbox/include/slam_toolbox/slam_toolbox/srv/detail/loop_closure__type_support.h\n'}
[1081.288994] (slam_toolbox) StdoutLine: {'line': b'-- Symlinking: /home/ubuntu/spas_ws/install/slam_toolbox/include/slam_toolbox/slam_toolbox/srv/detail/merge_maps__functions.h\n'}
[1081.321711] (slam_toolbox) StdoutLine: {'line': b'-- Symlinking: /home/ubuntu/spas_ws/install/slam_toolbox/include/slam_toolbox/slam_toolbox/srv/detail/merge_maps__struct.h\n'}
[1081.338907] (-) TimerEvent: {}
[1081.354461] (slam_toolbox) StdoutLine: {'line': b'-- Symlinking: /home/ubuntu/spas_ws/install/slam_toolbox/include/slam_toolbox/slam_toolbox/srv/detail/merge_maps__type_support.h\n'}
[1081.386485] (slam_toolbox) StdoutLine: {'line': b'-- Symlinking: /home/ubuntu/spas_ws/install/slam_toolbox/include/slam_toolbox/slam_toolbox/srv/detail/pause__functions.h\n'}
[1081.419540] (slam_toolbox) StdoutLine: {'line': b'-- Symlinking: /home/ubuntu/spas_ws/install/slam_toolbox/include/slam_toolbox/slam_toolbox/srv/detail/pause__struct.h\n'}
[1081.439123] (-) TimerEvent: {}
[1081.453178] (slam_toolbox) StdoutLine: {'line': b'-- Symlinking: /home/ubuntu/spas_ws/install/slam_toolbox/include/slam_toolbox/slam_toolbox/srv/detail/pause__type_support.h\n'}
[1081.485974] (slam_toolbox) StdoutLine: {'line': b'-- Symlinking: /home/ubuntu/spas_ws/install/slam_toolbox/include/slam_toolbox/slam_toolbox/srv/detail/save_map__functions.h\n'}
[1081.518272] (slam_toolbox) StdoutLine: {'line': b'-- Symlinking: /home/ubuntu/spas_ws/install/slam_toolbox/include/slam_toolbox/slam_toolbox/srv/detail/save_map__struct.h\n'}
[1081.539407] (-) TimerEvent: {}
[1081.551612] (slam_toolbox) StdoutLine: {'line': b'-- Symlinking: /home/ubuntu/spas_ws/install/slam_toolbox/include/slam_toolbox/slam_toolbox/srv/detail/save_map__type_support.h\n'}
[1081.585274] (slam_toolbox) StdoutLine: {'line': b'-- Symlinking: /home/ubuntu/spas_ws/install/slam_toolbox/include/slam_toolbox/slam_toolbox/srv/detail/serialize_pose_graph__functions.h\n'}
[1081.617751] (slam_toolbox) StdoutLine: {'line': b'-- Symlinking: /home/ubuntu/spas_ws/install/slam_toolbox/include/slam_toolbox/slam_toolbox/srv/detail/serialize_pose_graph__struct.h\n'}
[1081.639668] (-) TimerEvent: {}
[1081.652044] (slam_toolbox) StdoutLine: {'line': b'-- Symlinking: /home/ubuntu/spas_ws/install/slam_toolbox/include/slam_toolbox/slam_toolbox/srv/detail/serialize_pose_graph__type_support.h\n'}
[1081.684571] (slam_toolbox) StdoutLine: {'line': b'-- Symlinking: /home/ubuntu/spas_ws/install/slam_toolbox/include/slam_toolbox/slam_toolbox/srv/detail/toggle_interactive__functions.h\n'}
[1081.717583] (slam_toolbox) StdoutLine: {'line': b'-- Symlinking: /home/ubuntu/spas_ws/install/slam_toolbox/include/slam_toolbox/slam_toolbox/srv/detail/toggle_interactive__struct.h\n'}
[1081.739956] (-) TimerEvent: {}
[1081.751610] (slam_toolbox) StdoutLine: {'line': b'-- Symlinking: /home/ubuntu/spas_ws/install/slam_toolbox/include/slam_toolbox/slam_toolbox/srv/detail/toggle_interactive__type_support.h\n'}
[1081.784256] (slam_toolbox) StdoutLine: {'line': b'-- Symlinking: /home/ubuntu/spas_ws/install/slam_toolbox/include/slam_toolbox/slam_toolbox/srv/loop_closure.h\n'}
[1081.815062] (slam_toolbox) StdoutLine: {'line': b'-- Symlinking: /home/ubuntu/spas_ws/install/slam_toolbox/include/slam_toolbox/slam_toolbox/srv/merge_maps.h\n'}
[1081.840153] (-) TimerEvent: {}
[1081.847004] (slam_toolbox) StdoutLine: {'line': b'-- Symlinking: /home/ubuntu/spas_ws/install/slam_toolbox/include/slam_toolbox/slam_toolbox/srv/pause.h\n'}
[1081.881144] (slam_toolbox) StdoutLine: {'line': b'-- Symlinking: /home/ubuntu/spas_ws/install/slam_toolbox/include/slam_toolbox/slam_toolbox/srv/save_map.h\n'}
[1081.914143] (slam_toolbox) StdoutLine: {'line': b'-- Symlinking: /home/ubuntu/spas_ws/install/slam_toolbox/include/slam_toolbox/slam_toolbox/srv/serialize_pose_graph.h\n'}
[1081.940338] (-) TimerEvent: {}
[1081.946851] (slam_toolbox) StdoutLine: {'line': b'-- Symlinking: /home/ubuntu/spas_ws/install/slam_toolbox/include/slam_toolbox/slam_toolbox/srv/toggle_interactive.h\n'}
[1082.040589] (-) TimerEvent: {}
[1082.141719] (-) TimerEvent: {}
[1082.243096] (-) TimerEvent: {}
[1082.270626] (slam_toolbox) StdoutLine: {'line': b'-- Symlinking: /home/ubuntu/spas_ws/install/slam_toolbox/share/slam_toolbox/environment/library_path.sh\n'}
[1082.308573] (slam_toolbox) StdoutLine: {'line': b'-- Symlinking: /home/ubuntu/spas_ws/install/slam_toolbox/share/slam_toolbox/environment/library_path.dsv\n'}
[1082.343318] (-) TimerEvent: {}
[1082.347257] (slam_toolbox) StdoutLine: {'line': b'-- Symlinking: /home/ubuntu/spas_ws/install/slam_toolbox/include/slam_toolbox/slam_toolbox/msg/rosidl_typesupport_fastrtps_c__visibility_control.h\n'}
[1082.382555] (slam_toolbox) StdoutLine: {'line': b'-- Symlinking: /home/ubuntu/spas_ws/install/slam_toolbox/include/slam_toolbox/slam_toolbox/srv/detail/add_submap__rosidl_typesupport_fastrtps_c.h\n'}
[1082.416223] (slam_toolbox) StdoutLine: {'line': b'-- Symlinking: /home/ubuntu/spas_ws/install/slam_toolbox/include/slam_toolbox/slam_toolbox/srv/detail/clear__rosidl_typesupport_fastrtps_c.h\n'}
[1082.443517] (-) TimerEvent: {}
[1082.449497] (slam_toolbox) StdoutLine: {'line': b'-- Symlinking: /home/ubuntu/spas_ws/install/slam_toolbox/include/slam_toolbox/slam_toolbox/srv/detail/clear_queue__rosidl_typesupport_fastrtps_c.h\n'}
[1082.481376] (slam_toolbox) StdoutLine: {'line': b'-- Symlinking: /home/ubuntu/spas_ws/install/slam_toolbox/include/slam_toolbox/slam_toolbox/srv/detail/deserialize_pose_graph__rosidl_typesupport_fastrtps_c.h\n'}
[1082.514522] (slam_toolbox) StdoutLine: {'line': b'-- Symlinking: /home/ubuntu/spas_ws/install/slam_toolbox/include/slam_toolbox/slam_toolbox/srv/detail/loop_closure__rosidl_typesupport_fastrtps_c.h\n'}
[1082.543750] (-) TimerEvent: {}
[1082.548034] (slam_toolbox) StdoutLine: {'line': b'-- Symlinking: /home/ubuntu/spas_ws/install/slam_toolbox/include/slam_toolbox/slam_toolbox/srv/detail/merge_maps__rosidl_typesupport_fastrtps_c.h\n'}
[1082.581608] (slam_toolbox) StdoutLine: {'line': b'-- Symlinking: /home/ubuntu/spas_ws/install/slam_toolbox/include/slam_toolbox/slam_toolbox/srv/detail/pause__rosidl_typesupport_fastrtps_c.h\n'}
[1082.613943] (slam_toolbox) StdoutLine: {'line': b'-- Symlinking: /home/ubuntu/spas_ws/install/slam_toolbox/include/slam_toolbox/slam_toolbox/srv/detail/save_map__rosidl_typesupport_fastrtps_c.h\n'}
[1082.643992] (-) TimerEvent: {}
[1082.647642] (slam_toolbox) StdoutLine: {'line': b'-- Symlinking: /home/ubuntu/spas_ws/install/slam_toolbox/include/slam_toolbox/slam_toolbox/srv/detail/serialize_pose_graph__rosidl_typesupport_fastrtps_c.h\n'}
[1082.680511] (slam_toolbox) StdoutLine: {'line': b'-- Symlinking: /home/ubuntu/spas_ws/install/slam_toolbox/include/slam_toolbox/slam_toolbox/srv/detail/toggle_interactive__rosidl_typesupport_fastrtps_c.h\n'}
[1082.718849] (slam_toolbox) StdoutLine: {'line': b'-- Symlinking: /home/ubuntu/spas_ws/install/slam_toolbox/include/slam_toolbox/slam_toolbox/msg/rosidl_generator_cpp__visibility_control.hpp\n'}
[1082.744170] (-) TimerEvent: {}
[1082.753045] (slam_toolbox) StdoutLine: {'line': b'-- Symlinking: /home/ubuntu/spas_ws/install/slam_toolbox/include/slam_toolbox/slam_toolbox/srv/add_submap.hpp\n'}
[1082.785878] (slam_toolbox) StdoutLine: {'line': b'-- Symlinking: /home/ubuntu/spas_ws/install/slam_toolbox/include/slam_toolbox/slam_toolbox/srv/clear.hpp\n'}
[1082.819441] (slam_toolbox) StdoutLine: {'line': b'-- Symlinking: /home/ubuntu/spas_ws/install/slam_toolbox/include/slam_toolbox/slam_toolbox/srv/clear_queue.hpp\n'}
[1082.844354] (-) TimerEvent: {}
[1082.852378] (slam_toolbox) StdoutLine: {'line': b'-- Symlinking: /home/ubuntu/spas_ws/install/slam_toolbox/include/slam_toolbox/slam_toolbox/srv/deserialize_pose_graph.hpp\n'}
[1082.886319] (slam_toolbox) StdoutLine: {'line': b'-- Symlinking: /home/ubuntu/spas_ws/install/slam_toolbox/include/slam_toolbox/slam_toolbox/srv/detail/add_submap__builder.hpp\n'}
[1082.918375] (slam_toolbox) StdoutLine: {'line': b'-- Symlinking: /home/ubuntu/spas_ws/install/slam_toolbox/include/slam_toolbox/slam_toolbox/srv/detail/add_submap__struct.hpp\n'}
[1082.945344] (-) TimerEvent: {}
[1082.952154] (slam_toolbox) StdoutLine: {'line': b'-- Symlinking: /home/ubuntu/spas_ws/install/slam_toolbox/include/slam_toolbox/slam_toolbox/srv/detail/add_submap__traits.hpp\n'}
[1082.985755] (slam_toolbox) StdoutLine: {'line': b'-- Symlinking: /home/ubuntu/spas_ws/install/slam_toolbox/include/slam_toolbox/slam_toolbox/srv/detail/add_submap__type_support.hpp\n'}
[1083.018148] (slam_toolbox) StdoutLine: {'line': b'-- Symlinking: /home/ubuntu/spas_ws/install/slam_toolbox/include/slam_toolbox/slam_toolbox/srv/detail/clear__builder.hpp\n'}
[1083.045518] (-) TimerEvent: {}
[1083.053000] (slam_toolbox) StdoutLine: {'line': b'-- Symlinking: /home/ubuntu/spas_ws/install/slam_toolbox/include/slam_toolbox/slam_toolbox/srv/detail/clear__struct.hpp\n'}
[1083.084174] (slam_toolbox) StdoutLine: {'line': b'-- Symlinking: /home/ubuntu/spas_ws/install/slam_toolbox/include/slam_toolbox/slam_toolbox/srv/detail/clear__traits.hpp\n'}
[1083.116176] (slam_toolbox) StdoutLine: {'line': b'-- Symlinking: /home/ubuntu/spas_ws/install/slam_toolbox/include/slam_toolbox/slam_toolbox/srv/detail/clear__type_support.hpp\n'}
[1083.145710] (-) TimerEvent: {}
[1083.150124] (slam_toolbox) StdoutLine: {'line': b'-- Symlinking: /home/ubuntu/spas_ws/install/slam_toolbox/include/slam_toolbox/slam_toolbox/srv/detail/clear_queue__builder.hpp\n'}
[1083.182621] (slam_toolbox) StdoutLine: {'line': b'-- Symlinking: /home/ubuntu/spas_ws/install/slam_toolbox/include/slam_toolbox/slam_toolbox/srv/detail/clear_queue__struct.hpp\n'}
[1083.215603] (slam_toolbox) StdoutLine: {'line': b'-- Symlinking: /home/ubuntu/spas_ws/install/slam_toolbox/include/slam_toolbox/slam_toolbox/srv/detail/clear_queue__traits.hpp\n'}
[1083.245916] (-) TimerEvent: {}
[1083.248864] (slam_toolbox) StdoutLine: {'line': b'-- Symlinking: /home/ubuntu/spas_ws/install/slam_toolbox/include/slam_toolbox/slam_toolbox/srv/detail/clear_queue__type_support.hpp\n'}
[1083.282538] (slam_toolbox) StdoutLine: {'line': b'-- Symlinking: /home/ubuntu/spas_ws/install/slam_toolbox/include/slam_toolbox/slam_toolbox/srv/detail/deserialize_pose_graph__builder.hpp\n'}
[1083.315877] (slam_toolbox) StdoutLine: {'line': b'-- Symlinking: /home/ubuntu/spas_ws/install/slam_toolbox/include/slam_toolbox/slam_toolbox/srv/detail/deserialize_pose_graph__struct.hpp\n'}
[1083.346125] (-) TimerEvent: {}
[1083.348543] (slam_toolbox) StdoutLine: {'line': b'-- Symlinking: /home/ubuntu/spas_ws/install/slam_toolbox/include/slam_toolbox/slam_toolbox/srv/detail/deserialize_pose_graph__traits.hpp\n'}
[1083.380447] (slam_toolbox) StdoutLine: {'line': b'-- Symlinking: /home/ubuntu/spas_ws/install/slam_toolbox/include/slam_toolbox/slam_toolbox/srv/detail/deserialize_pose_graph__type_support.hpp\n'}
[1083.414213] (slam_toolbox) StdoutLine: {'line': b'-- Symlinking: /home/ubuntu/spas_ws/install/slam_toolbox/include/slam_toolbox/slam_toolbox/srv/detail/loop_closure__builder.hpp\n'}
[1083.446431] (-) TimerEvent: {}
[1083.447070] (slam_toolbox) StdoutLine: {'line': b'-- Symlinking: /home/ubuntu/spas_ws/install/slam_toolbox/include/slam_toolbox/slam_toolbox/srv/detail/loop_closure__struct.hpp\n'}
[1083.479803] (slam_toolbox) StdoutLine: {'line': b'-- Symlinking: /home/ubuntu/spas_ws/install/slam_toolbox/include/slam_toolbox/slam_toolbox/srv/detail/loop_closure__traits.hpp\n'}
[1083.512284] (slam_toolbox) StdoutLine: {'line': b'-- Symlinking: /home/ubuntu/spas_ws/install/slam_toolbox/include/slam_toolbox/slam_toolbox/srv/detail/loop_closure__type_support.hpp\n'}
[1083.545181] (slam_toolbox) StdoutLine: {'line': b'-- Symlinking: /home/ubuntu/spas_ws/install/slam_toolbox/include/slam_toolbox/slam_toolbox/srv/detail/merge_maps__builder.hpp\n'}
[1083.546542] (-) TimerEvent: {}
[1083.579594] (slam_toolbox) StdoutLine: {'line': b'-- Symlinking: /home/ubuntu/spas_ws/install/slam_toolbox/include/slam_toolbox/slam_toolbox/srv/detail/merge_maps__struct.hpp\n'}
[1083.616228] (slam_toolbox) StdoutLine: {'line': b'-- Symlinking: /home/ubuntu/spas_ws/install/slam_toolbox/include/slam_toolbox/slam_toolbox/srv/detail/merge_maps__traits.hpp\n'}
[1083.646781] (-) TimerEvent: {}
[1083.649541] (slam_toolbox) StdoutLine: {'line': b'-- Symlinking: /home/ubuntu/spas_ws/install/slam_toolbox/include/slam_toolbox/slam_toolbox/srv/detail/merge_maps__type_support.hpp\n'}
[1083.684891] (slam_toolbox) StdoutLine: {'line': b'-- Symlinking: /home/ubuntu/spas_ws/install/slam_toolbox/include/slam_toolbox/slam_toolbox/srv/detail/pause__builder.hpp\n'}
[1083.717451] (slam_toolbox) StdoutLine: {'line': b'-- Symlinking: /home/ubuntu/spas_ws/install/slam_toolbox/include/slam_toolbox/slam_toolbox/srv/detail/pause__struct.hpp\n'}
[1083.746985] (-) TimerEvent: {}
[1083.750148] (slam_toolbox) StdoutLine: {'line': b'-- Symlinking: /home/ubuntu/spas_ws/install/slam_toolbox/include/slam_toolbox/slam_toolbox/srv/detail/pause__traits.hpp\n'}
[1083.783639] (slam_toolbox) StdoutLine: {'line': b'-- Symlinking: /home/ubuntu/spas_ws/install/slam_toolbox/include/slam_toolbox/slam_toolbox/srv/detail/pause__type_support.hpp\n'}
[1083.816389] (slam_toolbox) StdoutLine: {'line': b'-- Symlinking: /home/ubuntu/spas_ws/install/slam_toolbox/include/slam_toolbox/slam_toolbox/srv/detail/save_map__builder.hpp\n'}
[1083.847215] (-) TimerEvent: {}
[1083.849495] (slam_toolbox) StdoutLine: {'line': b'-- Symlinking: /home/ubuntu/spas_ws/install/slam_toolbox/include/slam_toolbox/slam_toolbox/srv/detail/save_map__struct.hpp\n'}
[1083.883297] (slam_toolbox) StdoutLine: {'line': b'-- Symlinking: /home/ubuntu/spas_ws/install/slam_toolbox/include/slam_toolbox/slam_toolbox/srv/detail/save_map__traits.hpp\n'}
[1083.915718] (slam_toolbox) StdoutLine: {'line': b'-- Symlinking: /home/ubuntu/spas_ws/install/slam_toolbox/include/slam_toolbox/slam_toolbox/srv/detail/save_map__type_support.hpp\n'}
[1083.947468] (-) TimerEvent: {}
[1083.949370] (slam_toolbox) StdoutLine: {'line': b'-- Symlinking: /home/ubuntu/spas_ws/install/slam_toolbox/include/slam_toolbox/slam_toolbox/srv/detail/serialize_pose_graph__builder.hpp\n'}
[1083.982681] (slam_toolbox) StdoutLine: {'line': b'-- Symlinking: /home/ubuntu/spas_ws/install/slam_toolbox/include/slam_toolbox/slam_toolbox/srv/detail/serialize_pose_graph__struct.hpp\n'}
[1084.016038] (slam_toolbox) StdoutLine: {'line': b'-- Symlinking: /home/ubuntu/spas_ws/install/slam_toolbox/include/slam_toolbox/slam_toolbox/srv/detail/serialize_pose_graph__traits.hpp\n'}
[1084.047648] (-) TimerEvent: {}
[1084.049148] (slam_toolbox) StdoutLine: {'line': b'-- Symlinking: /home/ubuntu/spas_ws/install/slam_toolbox/include/slam_toolbox/slam_toolbox/srv/detail/serialize_pose_graph__type_support.hpp\n'}
[1084.082482] (slam_toolbox) StdoutLine: {'line': b'-- Symlinking: /home/ubuntu/spas_ws/install/slam_toolbox/include/slam_toolbox/slam_toolbox/srv/detail/toggle_interactive__builder.hpp\n'}
[1084.115313] (slam_toolbox) StdoutLine: {'line': b'-- Symlinking: /home/ubuntu/spas_ws/install/slam_toolbox/include/slam_toolbox/slam_toolbox/srv/detail/toggle_interactive__struct.hpp\n'}
[1084.147623] (slam_toolbox) StdoutLine: {'line': b'-- Symlinking: /home/ubuntu/spas_ws/install/slam_toolbox/include/slam_toolbox/slam_toolbox/srv/detail/toggle_interactive__traits.hpp\n'}
[1084.148168] (-) TimerEvent: {}
[1084.181712] (slam_toolbox) StdoutLine: {'line': b'-- Symlinking: /home/ubuntu/spas_ws/install/slam_toolbox/include/slam_toolbox/slam_toolbox/srv/detail/toggle_interactive__type_support.hpp\n'}
[1084.214307] (slam_toolbox) StdoutLine: {'line': b'-- Symlinking: /home/ubuntu/spas_ws/install/slam_toolbox/include/slam_toolbox/slam_toolbox/srv/loop_closure.hpp\n'}
[1084.247083] (slam_toolbox) StdoutLine: {'line': b'-- Symlinking: /home/ubuntu/spas_ws/install/slam_toolbox/include/slam_toolbox/slam_toolbox/srv/merge_maps.hpp\n'}
[1084.248308] (-) TimerEvent: {}
[1084.280123] (slam_toolbox) StdoutLine: {'line': b'-- Symlinking: /home/ubuntu/spas_ws/install/slam_toolbox/include/slam_toolbox/slam_toolbox/srv/pause.hpp\n'}
[1084.313205] (slam_toolbox) StdoutLine: {'line': b'-- Symlinking: /home/ubuntu/spas_ws/install/slam_toolbox/include/slam_toolbox/slam_toolbox/srv/save_map.hpp\n'}
[1084.346214] (slam_toolbox) StdoutLine: {'line': b'-- Symlinking: /home/ubuntu/spas_ws/install/slam_toolbox/include/slam_toolbox/slam_toolbox/srv/serialize_pose_graph.hpp\n'}
[1084.348440] (-) TimerEvent: {}
[1084.380911] (slam_toolbox) StdoutLine: {'line': b'-- Symlinking: /home/ubuntu/spas_ws/install/slam_toolbox/include/slam_toolbox/slam_toolbox/srv/toggle_interactive.hpp\n'}
[1084.418601] (slam_toolbox) StdoutLine: {'line': b'-- Symlinking: /home/ubuntu/spas_ws/install/slam_toolbox/include/slam_toolbox/slam_toolbox/msg/rosidl_typesupport_fastrtps_cpp__visibility_control.h\n'}
[1084.448705] (-) TimerEvent: {}
[1084.453322] (slam_toolbox) StdoutLine: {'line': b'-- Symlinking: /home/ubuntu/spas_ws/install/slam_toolbox/include/slam_toolbox/slam_toolbox/srv/detail/add_submap__rosidl_typesupport_fastrtps_cpp.hpp\n'}
[1084.486667] (slam_toolbox) StdoutLine: {'line': b'-- Symlinking: /home/ubuntu/spas_ws/install/slam_toolbox/include/slam_toolbox/slam_toolbox/srv/detail/clear__rosidl_typesupport_fastrtps_cpp.hpp\n'}
[1084.519998] (slam_toolbox) StdoutLine: {'line': b'-- Symlinking: /home/ubuntu/spas_ws/install/slam_toolbox/include/slam_toolbox/slam_toolbox/srv/detail/clear_queue__rosidl_typesupport_fastrtps_cpp.hpp\n'}
[1084.548954] (-) TimerEvent: {}
[1084.554355] (slam_toolbox) StdoutLine: {'line': b'-- Symlinking: /home/ubuntu/spas_ws/install/slam_toolbox/include/slam_toolbox/slam_toolbox/srv/detail/deserialize_pose_graph__rosidl_typesupport_fastrtps_cpp.hpp\n'}
[1084.588021] (slam_toolbox) StdoutLine: {'line': b'-- Symlinking: /home/ubuntu/spas_ws/install/slam_toolbox/include/slam_toolbox/slam_toolbox/srv/detail/loop_closure__rosidl_typesupport_fastrtps_cpp.hpp\n'}
[1084.620981] (slam_toolbox) StdoutLine: {'line': b'-- Symlinking: /home/ubuntu/spas_ws/install/slam_toolbox/include/slam_toolbox/slam_toolbox/srv/detail/merge_maps__rosidl_typesupport_fastrtps_cpp.hpp\n'}
[1084.649188] (-) TimerEvent: {}
[1084.654462] (slam_toolbox) StdoutLine: {'line': b'-- Symlinking: /home/ubuntu/spas_ws/install/slam_toolbox/include/slam_toolbox/slam_toolbox/srv/detail/pause__rosidl_typesupport_fastrtps_cpp.hpp\n'}
[1084.690326] (slam_toolbox) StdoutLine: {'line': b'-- Symlinking: /home/ubuntu/spas_ws/install/slam_toolbox/include/slam_toolbox/slam_toolbox/srv/detail/save_map__rosidl_typesupport_fastrtps_cpp.hpp\n'}
[1084.723978] (slam_toolbox) StdoutLine: {'line': b'-- Symlinking: /home/ubuntu/spas_ws/install/slam_toolbox/include/slam_toolbox/slam_toolbox/srv/detail/serialize_pose_graph__rosidl_typesupport_fastrtps_cpp.hpp\n'}
[1084.749381] (-) TimerEvent: {}
[1084.757303] (slam_toolbox) StdoutLine: {'line': b'-- Symlinking: /home/ubuntu/spas_ws/install/slam_toolbox/include/slam_toolbox/slam_toolbox/srv/detail/toggle_interactive__rosidl_typesupport_fastrtps_cpp.hpp\n'}
[1084.793557] (slam_toolbox) StdoutLine: {'line': b'-- Symlinking: /home/ubuntu/spas_ws/install/slam_toolbox/include/slam_toolbox/slam_toolbox/msg/rosidl_typesupport_introspection_c__visibility_control.h\n'}
[1084.827616] (slam_toolbox) StdoutLine: {'line': b'-- Symlinking: /home/ubuntu/spas_ws/install/slam_toolbox/include/slam_toolbox/slam_toolbox/srv/detail/add_submap__rosidl_typesupport_introspection_c.h\n'}
[1084.849575] (-) TimerEvent: {}
[1084.861051] (slam_toolbox) StdoutLine: {'line': b'-- Symlinking: /home/ubuntu/spas_ws/install/slam_toolbox/include/slam_toolbox/slam_toolbox/srv/detail/clear__rosidl_typesupport_introspection_c.h\n'}
[1084.893865] (slam_toolbox) StdoutLine: {'line': b'-- Symlinking: /home/ubuntu/spas_ws/install/slam_toolbox/include/slam_toolbox/slam_toolbox/srv/detail/clear_queue__rosidl_typesupport_introspection_c.h\n'}
[1084.928047] (slam_toolbox) StdoutLine: {'line': b'-- Symlinking: /home/ubuntu/spas_ws/install/slam_toolbox/include/slam_toolbox/slam_toolbox/srv/detail/deserialize_pose_graph__rosidl_typesupport_introspection_c.h\n'}
[1084.949778] (-) TimerEvent: {}
[1084.961794] (slam_toolbox) StdoutLine: {'line': b'-- Symlinking: /home/ubuntu/spas_ws/install/slam_toolbox/include/slam_toolbox/slam_toolbox/srv/detail/loop_closure__rosidl_typesupport_introspection_c.h\n'}
[1084.994278] (slam_toolbox) StdoutLine: {'line': b'-- Symlinking: /home/ubuntu/spas_ws/install/slam_toolbox/include/slam_toolbox/slam_toolbox/srv/detail/merge_maps__rosidl_typesupport_introspection_c.h\n'}
[1085.027440] (slam_toolbox) StdoutLine: {'line': b'-- Symlinking: /home/ubuntu/spas_ws/install/slam_toolbox/include/slam_toolbox/slam_toolbox/srv/detail/pause__rosidl_typesupport_introspection_c.h\n'}
[1085.049971] (-) TimerEvent: {}
[1085.060156] (slam_toolbox) StdoutLine: {'line': b'-- Symlinking: /home/ubuntu/spas_ws/install/slam_toolbox/include/slam_toolbox/slam_toolbox/srv/detail/save_map__rosidl_typesupport_introspection_c.h\n'}
[1085.092977] (slam_toolbox) StdoutLine: {'line': b'-- Symlinking: /home/ubuntu/spas_ws/install/slam_toolbox/include/slam_toolbox/slam_toolbox/srv/detail/serialize_pose_graph__rosidl_typesupport_introspection_c.h\n'}
[1085.126561] (slam_toolbox) StdoutLine: {'line': b'-- Symlinking: /home/ubuntu/spas_ws/install/slam_toolbox/include/slam_toolbox/slam_toolbox/srv/detail/toggle_interactive__rosidl_typesupport_introspection_c.h\n'}
[1085.150177] (-) TimerEvent: {}
[1085.162930] (slam_toolbox) StdoutLine: {'line': b'-- Symlinking: /home/ubuntu/spas_ws/install/slam_toolbox/include/slam_toolbox/slam_toolbox/srv/detail/add_submap__rosidl_typesupport_introspection_cpp.hpp\n'}
[1085.198938] (slam_toolbox) StdoutLine: {'line': b'-- Symlinking: /home/ubuntu/spas_ws/install/slam_toolbox/include/slam_toolbox/slam_toolbox/srv/detail/clear__rosidl_typesupport_introspection_cpp.hpp\n'}
[1085.231730] (slam_toolbox) StdoutLine: {'line': b'-- Symlinking: /home/ubuntu/spas_ws/install/slam_toolbox/include/slam_toolbox/slam_toolbox/srv/detail/clear_queue__rosidl_typesupport_introspection_cpp.hpp\n'}
[1085.250368] (-) TimerEvent: {}
[1085.264858] (slam_toolbox) StdoutLine: {'line': b'-- Symlinking: /home/ubuntu/spas_ws/install/slam_toolbox/include/slam_toolbox/slam_toolbox/srv/detail/deserialize_pose_graph__rosidl_typesupport_introspection_cpp.hpp\n'}
[1085.297336] (slam_toolbox) StdoutLine: {'line': b'-- Symlinking: /home/ubuntu/spas_ws/install/slam_toolbox/include/slam_toolbox/slam_toolbox/srv/detail/loop_closure__rosidl_typesupport_introspection_cpp.hpp\n'}
[1085.328752] (slam_toolbox) StdoutLine: {'line': b'-- Symlinking: /home/ubuntu/spas_ws/install/slam_toolbox/include/slam_toolbox/slam_toolbox/srv/detail/merge_maps__rosidl_typesupport_introspection_cpp.hpp\n'}
[1085.350637] (-) TimerEvent: {}
[1085.362599] (slam_toolbox) StdoutLine: {'line': b'-- Symlinking: /home/ubuntu/spas_ws/install/slam_toolbox/include/slam_toolbox/slam_toolbox/srv/detail/pause__rosidl_typesupport_introspection_cpp.hpp\n'}
[1085.396380] (slam_toolbox) StdoutLine: {'line': b'-- Symlinking: /home/ubuntu/spas_ws/install/slam_toolbox/include/slam_toolbox/slam_toolbox/srv/detail/save_map__rosidl_typesupport_introspection_cpp.hpp\n'}
[1085.429298] (slam_toolbox) StdoutLine: {'line': b'-- Symlinking: /home/ubuntu/spas_ws/install/slam_toolbox/include/slam_toolbox/slam_toolbox/srv/detail/serialize_pose_graph__rosidl_typesupport_introspection_cpp.hpp\n'}
[1085.450852] (-) TimerEvent: {}
[1085.462622] (slam_toolbox) StdoutLine: {'line': b'-- Symlinking: /home/ubuntu/spas_ws/install/slam_toolbox/include/slam_toolbox/slam_toolbox/srv/detail/toggle_interactive__rosidl_typesupport_introspection_cpp.hpp\n'}
[1085.495636] (slam_toolbox) StdoutLine: {'line': b'-- Symlinking: /home/ubuntu/spas_ws/install/slam_toolbox/share/slam_toolbox/environment/pythonpath.sh\n'}
[1085.530907] (slam_toolbox) StdoutLine: {'line': b'-- Symlinking: /home/ubuntu/spas_ws/install/slam_toolbox/share/slam_toolbox/environment/pythonpath.dsv\n'}
[1085.551129] (-) TimerEvent: {}
[1085.565632] (slam_toolbox) StdoutLine: {'line': b'-- Symlinking: /home/ubuntu/spas_ws/install/slam_toolbox/local/lib/python3.10/dist-packages/slam_toolbox-2.6.10-py3.10.egg-info/PKG-INFO\n'}
[1085.599141] (slam_toolbox) StdoutLine: {'line': b'-- Symlinking: /home/ubuntu/spas_ws/install/slam_toolbox/local/lib/python3.10/dist-packages/slam_toolbox-2.6.10-py3.10.egg-info/SOURCES.txt\n'}
[1085.631681] (slam_toolbox) StdoutLine: {'line': b'-- Symlinking: /home/ubuntu/spas_ws/install/slam_toolbox/local/lib/python3.10/dist-packages/slam_toolbox-2.6.10-py3.10.egg-info/dependency_links.txt\n'}
[1085.651299] (-) TimerEvent: {}
[1085.664980] (slam_toolbox) StdoutLine: {'line': b'-- Symlinking: /home/ubuntu/spas_ws/install/slam_toolbox/local/lib/python3.10/dist-packages/slam_toolbox-2.6.10-py3.10.egg-info/top_level.txt\n'}
[1085.706952] (slam_toolbox) StdoutLine: {'line': b'-- Symlinking: /home/ubuntu/spas_ws/install/slam_toolbox/local/lib/python3.10/dist-packages/slam_toolbox/__init__.py\n'}
[1085.742367] (slam_toolbox) StdoutLine: {'line': b'-- Symlinking: /home/ubuntu/spas_ws/install/slam_toolbox/local/lib/python3.10/dist-packages/slam_toolbox/_slam_toolbox_s.ep.rosidl_typesupport_c.c\n'}
[1085.751493] (-) TimerEvent: {}
[1085.775868] (slam_toolbox) StdoutLine: {'line': b'-- Symlinking: /home/ubuntu/spas_ws/install/slam_toolbox/local/lib/python3.10/dist-packages/slam_toolbox/_slam_toolbox_s.ep.rosidl_typesupport_fastrtps_c.c\n'}
[1085.808846] (slam_toolbox) StdoutLine: {'line': b'-- Symlinking: /home/ubuntu/spas_ws/install/slam_toolbox/local/lib/python3.10/dist-packages/slam_toolbox/_slam_toolbox_s.ep.rosidl_typesupport_introspection_c.c\n'}
[1085.841355] (slam_toolbox) StdoutLine: {'line': b'-- Symlinking: /home/ubuntu/spas_ws/install/slam_toolbox/local/lib/python3.10/dist-packages/slam_toolbox/libslam_toolbox__rosidl_generator_py.so\n'}
[1085.851749] (-) TimerEvent: {}
[1085.874946] (slam_toolbox) StdoutLine: {'line': b'-- Symlinking: /home/ubuntu/spas_ws/install/slam_toolbox/local/lib/python3.10/dist-packages/slam_toolbox/slam_toolbox_s__rosidl_typesupport_c.cpython-310-aarch64-linux-gnu.so\n'}
[1085.907233] (slam_toolbox) StdoutLine: {'line': b'-- Symlinking: /home/ubuntu/spas_ws/install/slam_toolbox/local/lib/python3.10/dist-packages/slam_toolbox/slam_toolbox_s__rosidl_typesupport_fastrtps_c.cpython-310-aarch64-linux-gnu.so\n'}
[1085.940501] (slam_toolbox) StdoutLine: {'line': b'-- Symlinking: /home/ubuntu/spas_ws/install/slam_toolbox/local/lib/python3.10/dist-packages/slam_toolbox/slam_toolbox_s__rosidl_typesupport_introspection_c.cpython-310-aarch64-linux-gnu.so\n'}
[1085.952004] (-) TimerEvent: {}
[1085.975027] (slam_toolbox) StdoutLine: {'line': b'-- Symlinking: /home/ubuntu/spas_ws/install/slam_toolbox/local/lib/python3.10/dist-packages/slam_toolbox/srv/__init__.py\n'}
[1086.008481] (slam_toolbox) StdoutLine: {'line': b'-- Symlinking: /home/ubuntu/spas_ws/install/slam_toolbox/local/lib/python3.10/dist-packages/slam_toolbox/srv/_add_submap.py\n'}
[1086.041201] (slam_toolbox) StdoutLine: {'line': b'-- Symlinking: /home/ubuntu/spas_ws/install/slam_toolbox/local/lib/python3.10/dist-packages/slam_toolbox/srv/_add_submap_s.c\n'}
[1086.052190] (-) TimerEvent: {}
[1086.073840] (slam_toolbox) StdoutLine: {'line': b'-- Symlinking: /home/ubuntu/spas_ws/install/slam_toolbox/local/lib/python3.10/dist-packages/slam_toolbox/srv/_clear.py\n'}
[1086.106154] (slam_toolbox) StdoutLine: {'line': b'-- Symlinking: /home/ubuntu/spas_ws/install/slam_toolbox/local/lib/python3.10/dist-packages/slam_toolbox/srv/_clear_queue.py\n'}
[1086.138143] (slam_toolbox) StdoutLine: {'line': b'-- Symlinking: /home/ubuntu/spas_ws/install/slam_toolbox/local/lib/python3.10/dist-packages/slam_toolbox/srv/_clear_queue_s.c\n'}
[1086.152368] (-) TimerEvent: {}
[1086.171774] (slam_toolbox) StdoutLine: {'line': b'-- Symlinking: /home/ubuntu/spas_ws/install/slam_toolbox/local/lib/python3.10/dist-packages/slam_toolbox/srv/_clear_s.c\n'}
[1086.205458] (slam_toolbox) StdoutLine: {'line': b'-- Symlinking: /home/ubuntu/spas_ws/install/slam_toolbox/local/lib/python3.10/dist-packages/slam_toolbox/srv/_deserialize_pose_graph.py\n'}
[1086.237740] (slam_toolbox) StdoutLine: {'line': b'-- Symlinking: /home/ubuntu/spas_ws/install/slam_toolbox/local/lib/python3.10/dist-packages/slam_toolbox/srv/_deserialize_pose_graph_s.c\n'}
[1086.252719] (-) TimerEvent: {}
[1086.270495] (slam_toolbox) StdoutLine: {'line': b'-- Symlinking: /home/ubuntu/spas_ws/install/slam_toolbox/local/lib/python3.10/dist-packages/slam_toolbox/srv/_loop_closure.py\n'}
[1086.303798] (slam_toolbox) StdoutLine: {'line': b'-- Symlinking: /home/ubuntu/spas_ws/install/slam_toolbox/local/lib/python3.10/dist-packages/slam_toolbox/srv/_loop_closure_s.c\n'}
[1086.336236] (slam_toolbox) StdoutLine: {'line': b'-- Symlinking: /home/ubuntu/spas_ws/install/slam_toolbox/local/lib/python3.10/dist-packages/slam_toolbox/srv/_merge_maps.py\n'}
[1086.352914] (-) TimerEvent: {}
[1086.369177] (slam_toolbox) StdoutLine: {'line': b'-- Symlinking: /home/ubuntu/spas_ws/install/slam_toolbox/local/lib/python3.10/dist-packages/slam_toolbox/srv/_merge_maps_s.c\n'}
[1086.401529] (slam_toolbox) StdoutLine: {'line': b'-- Symlinking: /home/ubuntu/spas_ws/install/slam_toolbox/local/lib/python3.10/dist-packages/slam_toolbox/srv/_pause.py\n'}
[1086.434116] (slam_toolbox) StdoutLine: {'line': b'-- Symlinking: /home/ubuntu/spas_ws/install/slam_toolbox/local/lib/python3.10/dist-packages/slam_toolbox/srv/_pause_s.c\n'}
[1086.453143] (-) TimerEvent: {}
[1086.499246] (slam_toolbox) StdoutLine: {'line': b'-- Symlinking: /home/ubuntu/spas_ws/install/slam_toolbox/local/lib/python3.10/dist-packages/slam_toolbox/srv/_save_map.py\n'}
[1086.533512] (slam_toolbox) StdoutLine: {'line': b'-- Symlinking: /home/ubuntu/spas_ws/install/slam_toolbox/local/lib/python3.10/dist-packages/slam_toolbox/srv/_save_map_s.c\n'}
[1086.553342] (-) TimerEvent: {}
[1086.566355] (slam_toolbox) StdoutLine: {'line': b'-- Symlinking: /home/ubuntu/spas_ws/install/slam_toolbox/local/lib/python3.10/dist-packages/slam_toolbox/srv/_serialize_pose_graph.py\n'}
[1086.599138] (slam_toolbox) StdoutLine: {'line': b'-- Symlinking: /home/ubuntu/spas_ws/install/slam_toolbox/local/lib/python3.10/dist-packages/slam_toolbox/srv/_serialize_pose_graph_s.c\n'}
[1086.631686] (slam_toolbox) StdoutLine: {'line': b'-- Symlinking: /home/ubuntu/spas_ws/install/slam_toolbox/local/lib/python3.10/dist-packages/slam_toolbox/srv/_toggle_interactive.py\n'}
[1086.653524] (-) TimerEvent: {}
[1086.664578] (slam_toolbox) StdoutLine: {'line': b'-- Symlinking: /home/ubuntu/spas_ws/install/slam_toolbox/local/lib/python3.10/dist-packages/slam_toolbox/srv/_toggle_interactive_s.c\n'}
[1086.700095] (slam_toolbox) StdoutLine: {'line': b'-- Up-to-date symlink: /home/ubuntu/spas_ws/install/slam_toolbox/local/lib/python3.10/dist-packages/slam_toolbox/slam_toolbox_s__rosidl_typesupport_fastrtps_c.cpython-310-aarch64-linux-gnu.so\n'}
[1086.704993] (slam_toolbox) StdoutLine: {'line': b'-- Up-to-date symlink: /home/ubuntu/spas_ws/install/slam_toolbox/local/lib/python3.10/dist-packages/slam_toolbox/slam_toolbox_s__rosidl_typesupport_introspection_c.cpython-310-aarch64-linux-gnu.so\n'}
[1086.707574] (slam_toolbox) StdoutLine: {'line': b'-- Up-to-date symlink: /home/ubuntu/spas_ws/install/slam_toolbox/local/lib/python3.10/dist-packages/slam_toolbox/slam_toolbox_s__rosidl_typesupport_c.cpython-310-aarch64-linux-gnu.so\n'}
[1086.708992] (slam_toolbox) StdoutLine: {'line': b'-- Symlinking: /home/ubuntu/spas_ws/install/slam_toolbox/share/ament_index/resource_index/rust_packages/slam_toolbox\n'}
[1086.747036] (slam_toolbox) StdoutLine: {'line': b'-- Symlinking: /home/ubuntu/spas_ws/install/slam_toolbox/share/slam_toolbox/rust/Cargo.toml\n'}
[1086.753692] (-) TimerEvent: {}
[1086.780177] (slam_toolbox) StdoutLine: {'line': b'-- Symlinking: /home/ubuntu/spas_ws/install/slam_toolbox/share/slam_toolbox/rust/build.rs\n'}
[1086.812983] (slam_toolbox) StdoutLine: {'line': b'-- Symlinking: /home/ubuntu/spas_ws/install/slam_toolbox/share/slam_toolbox/rust/src/lib.rs\n'}
[1086.846479] (slam_toolbox) StdoutLine: {'line': b'-- Symlinking: /home/ubuntu/spas_ws/install/slam_toolbox/share/slam_toolbox/rust/src/srv.rs\n'}
[1086.853860] (-) TimerEvent: {}
[1086.879960] (slam_toolbox) StdoutLine: {'line': b'-- Symlinking: /home/ubuntu/spas_ws/install/slam_toolbox/share/slam_toolbox/rust/src/srv/rmw.rs\n'}
[1086.913122] (slam_toolbox) StdoutLine: {'line': b'-- Symlinking: /home/ubuntu/spas_ws/install/slam_toolbox/share/slam_toolbox/srv/Pause.idl\n'}
[1086.945808] (slam_toolbox) StdoutLine: {'line': b'-- Symlinking: /home/ubuntu/spas_ws/install/slam_toolbox/share/slam_toolbox/srv/ClearQueue.idl\n'}
[1086.954070] (-) TimerEvent: {}
[1086.979586] (slam_toolbox) StdoutLine: {'line': b'-- Symlinking: /home/ubuntu/spas_ws/install/slam_toolbox/share/slam_toolbox/srv/ToggleInteractive.idl\n'}
[1087.012602] (slam_toolbox) StdoutLine: {'line': b'-- Symlinking: /home/ubuntu/spas_ws/install/slam_toolbox/share/slam_toolbox/srv/Clear.idl\n'}
[1087.044934] (slam_toolbox) StdoutLine: {'line': b'-- Symlinking: /home/ubuntu/spas_ws/install/slam_toolbox/share/slam_toolbox/srv/SaveMap.idl\n'}
[1087.054207] (-) TimerEvent: {}
[1087.077971] (slam_toolbox) StdoutLine: {'line': b'-- Symlinking: /home/ubuntu/spas_ws/install/slam_toolbox/share/slam_toolbox/srv/LoopClosure.idl\n'}
[1087.112219] (slam_toolbox) StdoutLine: {'line': b'-- Symlinking: /home/ubuntu/spas_ws/install/slam_toolbox/share/slam_toolbox/srv/MergeMaps.idl\n'}
[1087.145453] (slam_toolbox) StdoutLine: {'line': b'-- Symlinking: /home/ubuntu/spas_ws/install/slam_toolbox/share/slam_toolbox/srv/AddSubmap.idl\n'}
[1087.154457] (-) TimerEvent: {}
[1087.178699] (slam_toolbox) StdoutLine: {'line': b'-- Symlinking: /home/ubuntu/spas_ws/install/slam_toolbox/share/slam_toolbox/srv/DeserializePoseGraph.idl\n'}
[1087.212265] (slam_toolbox) StdoutLine: {'line': b'-- Symlinking: /home/ubuntu/spas_ws/install/slam_toolbox/share/slam_toolbox/srv/SerializePoseGraph.idl\n'}
[1087.244999] (slam_toolbox) StdoutLine: {'line': b'-- Symlinking: /home/ubuntu/spas_ws/install/slam_toolbox/share/slam_toolbox/srv/Pause.srv\n'}
[1087.254639] (-) TimerEvent: {}
[1087.277827] (slam_toolbox) StdoutLine: {'line': b'-- Symlinking: /home/ubuntu/spas_ws/install/slam_toolbox/share/slam_toolbox/srv/Pause_Request.msg\n'}
[1087.311102] (slam_toolbox) StdoutLine: {'line': b'-- Symlinking: /home/ubuntu/spas_ws/install/slam_toolbox/share/slam_toolbox/srv/Pause_Response.msg\n'}
[1087.343625] (slam_toolbox) StdoutLine: {'line': b'-- Symlinking: /home/ubuntu/spas_ws/install/slam_toolbox/share/slam_toolbox/srv/ClearQueue.srv\n'}
[1087.354822] (-) TimerEvent: {}
[1087.379484] (slam_toolbox) StdoutLine: {'line': b'-- Symlinking: /home/ubuntu/spas_ws/install/slam_toolbox/share/slam_toolbox/srv/ClearQueue_Request.msg\n'}
[1087.413417] (slam_toolbox) StdoutLine: {'line': b'-- Symlinking: /home/ubuntu/spas_ws/install/slam_toolbox/share/slam_toolbox/srv/ClearQueue_Response.msg\n'}
[1087.445852] (slam_toolbox) StdoutLine: {'line': b'-- Symlinking: /home/ubuntu/spas_ws/install/slam_toolbox/share/slam_toolbox/srv/ToggleInteractive.srv\n'}
[1087.455007] (-) TimerEvent: {}
[1087.479047] (slam_toolbox) StdoutLine: {'line': b'-- Symlinking: /home/ubuntu/spas_ws/install/slam_toolbox/share/slam_toolbox/srv/ToggleInteractive_Request.msg\n'}
[1087.512345] (slam_toolbox) StdoutLine: {'line': b'-- Symlinking: /home/ubuntu/spas_ws/install/slam_toolbox/share/slam_toolbox/srv/ToggleInteractive_Response.msg\n'}
[1087.545250] (slam_toolbox) StdoutLine: {'line': b'-- Symlinking: /home/ubuntu/spas_ws/install/slam_toolbox/share/slam_toolbox/srv/Clear.srv\n'}
[1087.555192] (-) TimerEvent: {}
[1087.579827] (slam_toolbox) StdoutLine: {'line': b'-- Symlinking: /home/ubuntu/spas_ws/install/slam_toolbox/share/slam_toolbox/srv/Clear_Request.msg\n'}
[1087.614310] (slam_toolbox) StdoutLine: {'line': b'-- Symlinking: /home/ubuntu/spas_ws/install/slam_toolbox/share/slam_toolbox/srv/Clear_Response.msg\n'}
[1087.647531] (slam_toolbox) StdoutLine: {'line': b'-- Symlinking: /home/ubuntu/spas_ws/install/slam_toolbox/share/slam_toolbox/srv/SaveMap.srv\n'}
[1087.655440] (-) TimerEvent: {}
[1087.682091] (slam_toolbox) StdoutLine: {'line': b'-- Symlinking: /home/ubuntu/spas_ws/install/slam_toolbox/share/slam_toolbox/srv/SaveMap_Request.msg\n'}
[1087.715477] (slam_toolbox) StdoutLine: {'line': b'-- Symlinking: /home/ubuntu/spas_ws/install/slam_toolbox/share/slam_toolbox/srv/SaveMap_Response.msg\n'}
[1087.749525] (slam_toolbox) StdoutLine: {'line': b'-- Symlinking: /home/ubuntu/spas_ws/install/slam_toolbox/share/slam_toolbox/srv/LoopClosure.srv\n'}
[1087.755631] (-) TimerEvent: {}
[1087.782905] (slam_toolbox) StdoutLine: {'line': b'-- Symlinking: /home/ubuntu/spas_ws/install/slam_toolbox/share/slam_toolbox/srv/LoopClosure_Request.msg\n'}
[1087.816741] (slam_toolbox) StdoutLine: {'line': b'-- Symlinking: /home/ubuntu/spas_ws/install/slam_toolbox/share/slam_toolbox/srv/LoopClosure_Response.msg\n'}
[1087.850256] (slam_toolbox) StdoutLine: {'line': b'-- Symlinking: /home/ubuntu/spas_ws/install/slam_toolbox/share/slam_toolbox/srv/MergeMaps.srv\n'}
[1087.855796] (-) TimerEvent: {}
[1087.883737] (slam_toolbox) StdoutLine: {'line': b'-- Symlinking: /home/ubuntu/spas_ws/install/slam_toolbox/share/slam_toolbox/srv/MergeMaps_Request.msg\n'}
[1087.918525] (slam_toolbox) StdoutLine: {'line': b'-- Symlinking: /home/ubuntu/spas_ws/install/slam_toolbox/share/slam_toolbox/srv/MergeMaps_Response.msg\n'}
[1087.951553] (slam_toolbox) StdoutLine: {'line': b'-- Symlinking: /home/ubuntu/spas_ws/install/slam_toolbox/share/slam_toolbox/srv/AddSubmap.srv\n'}
[1087.956063] (-) TimerEvent: {}
[1087.986192] (slam_toolbox) StdoutLine: {'line': b'-- Symlinking: /home/ubuntu/spas_ws/install/slam_toolbox/share/slam_toolbox/srv/AddSubmap_Request.msg\n'}
[1088.019577] (slam_toolbox) StdoutLine: {'line': b'-- Symlinking: /home/ubuntu/spas_ws/install/slam_toolbox/share/slam_toolbox/srv/AddSubmap_Response.msg\n'}
[1088.053593] (slam_toolbox) StdoutLine: {'line': b'-- Symlinking: /home/ubuntu/spas_ws/install/slam_toolbox/share/slam_toolbox/srv/DeserializePoseGraph.srv\n'}
[1088.056214] (-) TimerEvent: {}
[1088.086830] (slam_toolbox) StdoutLine: {'line': b'-- Symlinking: /home/ubuntu/spas_ws/install/slam_toolbox/share/slam_toolbox/srv/DeserializePoseGraph_Request.msg\n'}
[1088.120921] (slam_toolbox) StdoutLine: {'line': b'-- Symlinking: /home/ubuntu/spas_ws/install/slam_toolbox/share/slam_toolbox/srv/DeserializePoseGraph_Response.msg\n'}
[1088.154492] (slam_toolbox) StdoutLine: {'line': b'-- Symlinking: /home/ubuntu/spas_ws/install/slam_toolbox/share/slam_toolbox/srv/SerializePoseGraph.srv\n'}
[1088.156341] (-) TimerEvent: {}
[1088.187665] (slam_toolbox) StdoutLine: {'line': b'-- Symlinking: /home/ubuntu/spas_ws/install/slam_toolbox/share/slam_toolbox/srv/SerializePoseGraph_Request.msg\n'}
[1088.221682] (slam_toolbox) StdoutLine: {'line': b'-- Symlinking: /home/ubuntu/spas_ws/install/slam_toolbox/share/slam_toolbox/srv/SerializePoseGraph_Response.msg\n'}
[1088.254629] (slam_toolbox) StdoutLine: {'line': b'-- Symlinking: /home/ubuntu/spas_ws/install/slam_toolbox/share/slam_toolbox//rviz_plugins.xml\n'}
[1088.256499] (-) TimerEvent: {}
[1088.288813] (slam_toolbox) StdoutLine: {'line': b'-- Symlinking: /home/ubuntu/spas_ws/install/slam_toolbox/share/slam_toolbox//solver_plugins.xml\n'}
[1088.324257] (slam_toolbox) StdoutLine: {'line': b'-- Symlinking: /home/ubuntu/spas_ws/install/slam_toolbox/lib/slam_toolbox/async_slam_toolbox_node\n'}
[1088.356740] (-) TimerEvent: {}
[1088.358533] (slam_toolbox) StdoutLine: {'line': b'-- Symlinking: /home/ubuntu/spas_ws/install/slam_toolbox/lib/slam_toolbox/sync_slam_toolbox_node\n'}
[1088.394156] (slam_toolbox) StdoutLine: {'line': b'-- Symlinking: /home/ubuntu/spas_ws/install/slam_toolbox/lib/slam_toolbox/localization_slam_toolbox_node\n'}
[1088.429468] (slam_toolbox) StdoutLine: {'line': b'-- Symlinking: /home/ubuntu/spas_ws/install/slam_toolbox/lib/slam_toolbox/map_and_localization_slam_toolbox_node\n'}
[1088.456943] (-) TimerEvent: {}
[1088.462218] (slam_toolbox) StdoutLine: {'line': b'-- Symlinking: /home/ubuntu/spas_ws/install/slam_toolbox/lib/slam_toolbox/merge_maps_kinematic\n'}
[1088.495145] (slam_toolbox) StdoutLine: {'line': b'-- Symlinking: /home/ubuntu/spas_ws/install/slam_toolbox/lib/libtoolbox_common.so\n'}
[1088.528422] (slam_toolbox) StdoutLine: {'line': b'-- Symlinking: /home/ubuntu/spas_ws/install/slam_toolbox/lib/libSlamToolboxPlugin.so\n'}
[1088.557348] (-) TimerEvent: {}
[1088.560548] (slam_toolbox) StdoutLine: {'line': b'-- Symlinking: /home/ubuntu/spas_ws/install/slam_toolbox/lib/libceres_solver_plugin.so\n'}
[1088.596681] (slam_toolbox) StdoutLine: {'line': b'-- Symlinking: /home/ubuntu/spas_ws/install/slam_toolbox/lib/libasync_slam_toolbox.so\n'}
[1088.631612] (slam_toolbox) StdoutLine: {'line': b'-- Symlinking: /home/ubuntu/spas_ws/install/slam_toolbox/lib/libsync_slam_toolbox.so\n'}
[1088.657547] (-) TimerEvent: {}
[1088.666645] (slam_toolbox) StdoutLine: {'line': b'-- Symlinking: /home/ubuntu/spas_ws/install/slam_toolbox/lib/liblocalization_slam_toolbox.so\n'}
[1088.700680] (slam_toolbox) StdoutLine: {'line': b'-- Symlinking: /home/ubuntu/spas_ws/install/slam_toolbox/lib/liblifelong_slam_toolbox.so\n'}
[1088.733162] (slam_toolbox) StdoutLine: {'line': b'-- Symlinking: /home/ubuntu/spas_ws/install/slam_toolbox/lib/libmap_and_localization_slam_toolbox.so\n'}
[1088.757749] (-) TimerEvent: {}
[1088.768351] (slam_toolbox) StdoutLine: {'line': b'-- Symlinking: /home/ubuntu/spas_ws/install/slam_toolbox/lib/libkartoSlamToolbox.so\n'}
[1088.804381] (slam_toolbox) StdoutLine: {'line': b'-- Symlinking: /home/ubuntu/spas_ws/install/slam_toolbox/include/slam_toolbox/experimental/slam_toolbox_lifelong.hpp\n'}
[1088.838611] (slam_toolbox) StdoutLine: {'line': b'-- Symlinking: /home/ubuntu/spas_ws/install/slam_toolbox/include/slam_toolbox/experimental/slam_toolbox_map_and_localization.hpp\n'}
[1088.857940] (-) TimerEvent: {}
[1088.871794] (slam_toolbox) StdoutLine: {'line': b'-- Symlinking: /home/ubuntu/spas_ws/install/slam_toolbox/include/slam_toolbox/get_pose_helper.hpp\n'}
[1088.903827] (slam_toolbox) StdoutLine: {'line': b'-- Symlinking: /home/ubuntu/spas_ws/install/slam_toolbox/include/slam_toolbox/laser_utils.hpp\n'}
[1088.937980] (slam_toolbox) StdoutLine: {'line': b'-- Symlinking: /home/ubuntu/spas_ws/install/slam_toolbox/include/slam_toolbox/loop_closure_assistant.hpp\n'}
[1088.958196] (-) TimerEvent: {}
[1088.970575] (slam_toolbox) StdoutLine: {'line': b'-- Symlinking: /home/ubuntu/spas_ws/install/slam_toolbox/include/slam_toolbox/map_saver.hpp\n'}
[1089.003653] (slam_toolbox) StdoutLine: {'line': b'-- Symlinking: /home/ubuntu/spas_ws/install/slam_toolbox/include/slam_toolbox/merge_maps_kinematic.hpp\n'}
[1089.037521] (slam_toolbox) StdoutLine: {'line': b'-- Symlinking: /home/ubuntu/spas_ws/install/slam_toolbox/include/slam_toolbox/serialization.hpp\n'}
[1089.058467] (-) TimerEvent: {}
[1089.070661] (slam_toolbox) StdoutLine: {'line': b'-- Symlinking: /home/ubuntu/spas_ws/install/slam_toolbox/include/slam_toolbox/slam_mapper.hpp\n'}
[1089.103827] (slam_toolbox) StdoutLine: {'line': b'-- Symlinking: /home/ubuntu/spas_ws/install/slam_toolbox/include/slam_toolbox/slam_toolbox_async.hpp\n'}
[1089.136154] (slam_toolbox) StdoutLine: {'line': b'-- Symlinking: /home/ubuntu/spas_ws/install/slam_toolbox/include/slam_toolbox/slam_toolbox_common.hpp\n'}
[1089.158690] (-) TimerEvent: {}
[1089.170635] (slam_toolbox) StdoutLine: {'line': b'-- Symlinking: /home/ubuntu/spas_ws/install/slam_toolbox/include/slam_toolbox/slam_toolbox_localization.hpp\n'}
[1089.203021] (slam_toolbox) StdoutLine: {'line': b'-- Symlinking: /home/ubuntu/spas_ws/install/slam_toolbox/include/slam_toolbox/slam_toolbox_sync.hpp\n'}
[1089.236009] (slam_toolbox) StdoutLine: {'line': b'-- Symlinking: /home/ubuntu/spas_ws/install/slam_toolbox/include/slam_toolbox/snap_utils.hpp\n'}
[1089.258995] (-) TimerEvent: {}
[1089.269246] (slam_toolbox) StdoutLine: {'line': b'-- Symlinking: /home/ubuntu/spas_ws/install/slam_toolbox/include/slam_toolbox/toolbox_msgs.hpp\n'}
[1089.302635] (slam_toolbox) StdoutLine: {'line': b'-- Symlinking: /home/ubuntu/spas_ws/install/slam_toolbox/include/slam_toolbox/toolbox_types.hpp\n'}
[1089.334675] (slam_toolbox) StdoutLine: {'line': b'-- Symlinking: /home/ubuntu/spas_ws/install/slam_toolbox/include/slam_toolbox/visualization_utils.hpp\n'}
[1089.359239] (-) TimerEvent: {}
[1089.369895] (slam_toolbox) StdoutLine: {'line': b'-- Symlinking: /home/ubuntu/spas_ws/install/slam_toolbox/share/slam_toolbox/launch/localization_launch.py\n'}
[1089.406417] (slam_toolbox) StdoutLine: {'line': b'-- Symlinking: /home/ubuntu/spas_ws/install/slam_toolbox/share/slam_toolbox/launch/merge_maps_kinematic_launch.py\n'}
[1089.439096] (slam_toolbox) StdoutLine: {'line': b'-- Symlinking: /home/ubuntu/spas_ws/install/slam_toolbox/share/slam_toolbox/launch/offline_launch.py\n'}
[1089.459564] (-) TimerEvent: {}
[1089.472273] (slam_toolbox) StdoutLine: {'line': b'-- Symlinking: /home/ubuntu/spas_ws/install/slam_toolbox/share/slam_toolbox/launch/online_async_launch.py\n'}
[1089.505348] (slam_toolbox) StdoutLine: {'line': b'-- Symlinking: /home/ubuntu/spas_ws/install/slam_toolbox/share/slam_toolbox/launch/online_sync_launch.py\n'}
[1089.539725] (slam_toolbox) StdoutLine: {'line': b'-- Symlinking: /home/ubuntu/spas_ws/install/slam_toolbox/share/slam_toolbox/config/mapper_params_lifelong.yaml\n'}
[1089.559858] (-) TimerEvent: {}
[1089.573274] (slam_toolbox) StdoutLine: {'line': b'-- Symlinking: /home/ubuntu/spas_ws/install/slam_toolbox/share/slam_toolbox/config/mapper_params_localization.yaml\n'}
[1089.606228] (slam_toolbox) StdoutLine: {'line': b'-- Symlinking: /home/ubuntu/spas_ws/install/slam_toolbox/share/slam_toolbox/config/mapper_params_offline.yaml\n'}
[1089.638638] (slam_toolbox) StdoutLine: {'line': b'-- Symlinking: /home/ubuntu/spas_ws/install/slam_toolbox/share/slam_toolbox/config/mapper_params_online_async.yaml\n'}
[1089.660171] (-) TimerEvent: {}
[1089.672184] (slam_toolbox) StdoutLine: {'line': b'-- Symlinking: /home/ubuntu/spas_ws/install/slam_toolbox/share/slam_toolbox/config/mapper_params_online_sync.yaml\n'}
[1089.707066] (slam_toolbox) StdoutLine: {'line': b'-- Symlinking: /home/ubuntu/spas_ws/install/slam_toolbox/share/slam_toolbox/config/slam_toolbox_default.rviz\n'}
[1089.740411] (slam_toolbox) StdoutLine: {'line': b'-- Symlinking: /home/ubuntu/spas_ws/install/slam_toolbox/share/solver_plugins.xml\n'}
[1089.760360] (-) TimerEvent: {}
[1089.775485] (slam_toolbox) StdoutLine: {'line': b'-- Symlinking: /home/ubuntu/spas_ws/install/slam_toolbox/share/rviz_plugins.xml\n'}
[1089.808437] (slam_toolbox) StdoutLine: {'line': b'-- Symlinking: /home/ubuntu/spas_ws/install/slam_toolbox/share/ament_index/resource_index/package_run_dependencies/slam_toolbox\n'}
[1089.842083] (slam_toolbox) StdoutLine: {'line': b'-- Symlinking: /home/ubuntu/spas_ws/install/slam_toolbox/share/ament_index/resource_index/parent_prefix_path/slam_toolbox\n'}
[1089.860575] (-) TimerEvent: {}
[1089.876370] (slam_toolbox) StdoutLine: {'line': b'-- Symlinking: /home/ubuntu/spas_ws/install/slam_toolbox/share/slam_toolbox/environment/ament_prefix_path.sh\n'}
[1089.910663] (slam_toolbox) StdoutLine: {'line': b'-- Symlinking: /home/ubuntu/spas_ws/install/slam_toolbox/share/slam_toolbox/environment/ament_prefix_path.dsv\n'}
[1089.954040] (slam_toolbox) StdoutLine: {'line': b'-- Symlinking: /home/ubuntu/spas_ws/install/slam_toolbox/share/slam_toolbox/environment/path.sh\n'}
[1089.960863] (-) TimerEvent: {}
[1089.992877] (slam_toolbox) StdoutLine: {'line': b'-- Symlinking: /home/ubuntu/spas_ws/install/slam_toolbox/share/slam_toolbox/environment/path.dsv\n'}
[1090.030504] (slam_toolbox) StdoutLine: {'line': b'-- Symlinking: /home/ubuntu/spas_ws/install/slam_toolbox/share/slam_toolbox/local_setup.bash\n'}
[1090.061248] (-) TimerEvent: {}
[1090.070736] (slam_toolbox) StdoutLine: {'line': b'-- Symlinking: /home/ubuntu/spas_ws/install/slam_toolbox/share/slam_toolbox/local_setup.sh\n'}
[1090.109688] (slam_toolbox) StdoutLine: {'line': b'-- Symlinking: /home/ubuntu/spas_ws/install/slam_toolbox/share/slam_toolbox/local_setup.zsh\n'}
[1090.145658] (slam_toolbox) StdoutLine: {'line': b'-- Symlinking: /home/ubuntu/spas_ws/install/slam_toolbox/share/slam_toolbox/local_setup.dsv\n'}
[1090.161431] (-) TimerEvent: {}
[1090.195629] (slam_toolbox) StdoutLine: {'line': b'-- Symlinking: /home/ubuntu/spas_ws/install/slam_toolbox/share/slam_toolbox/package.dsv\n'}
[1090.233211] (slam_toolbox) StdoutLine: {'line': b'-- Symlinking: /home/ubuntu/spas_ws/install/slam_toolbox/share/ament_index/resource_index/packages/slam_toolbox\n'}
[1090.261664] (-) TimerEvent: {}
[1090.269997] (slam_toolbox) StdoutLine: {'line': b'-- Symlinking: /home/ubuntu/spas_ws/install/slam_toolbox/share/ament_index/resource_index/rclcpp_components/slam_toolbox\n'}
[1090.310827] (slam_toolbox) StdoutLine: {'line': b'-- Symlinking: /home/ubuntu/spas_ws/install/slam_toolbox/share/ament_index/resource_index/rviz_common__pluginlib__plugin/slam_toolbox\n'}
[1090.344042] (slam_toolbox) StdoutLine: {'line': b'-- Symlinking: /home/ubuntu/spas_ws/install/slam_toolbox/share/ament_index/resource_index/slam_toolbox__pluginlib__plugin/slam_toolbox\n'}
[1090.361893] (-) TimerEvent: {}
[1090.381323] (slam_toolbox) StdoutLine: {'line': b'-- Symlinking: /home/ubuntu/spas_ws/install/slam_toolbox/share/slam_toolbox/cmake/rosidl_cmake-extras.cmake\n'}
[1090.415454] (slam_toolbox) StdoutLine: {'line': b'-- Symlinking: /home/ubuntu/spas_ws/install/slam_toolbox/share/slam_toolbox/cmake/ament_cmake_export_dependencies-extras.cmake\n'}
[1090.449684] (slam_toolbox) StdoutLine: {'line': b'-- Symlinking: /home/ubuntu/spas_ws/install/slam_toolbox/share/slam_toolbox/cmake/ament_cmake_export_include_directories-extras.cmake\n'}
[1090.462196] (-) TimerEvent: {}
[1090.489756] (slam_toolbox) StdoutLine: {'line': b'-- Symlinking: /home/ubuntu/spas_ws/install/slam_toolbox/share/slam_toolbox/cmake/ament_cmake_export_libraries-extras.cmake\n'}
[1090.524587] (slam_toolbox) StdoutLine: {'line': b'-- Symlinking: /home/ubuntu/spas_ws/install/slam_toolbox/share/slam_toolbox/cmake/ament_cmake_export_targets-extras.cmake\n'}
[1090.558501] (slam_toolbox) StdoutLine: {'line': b'-- Symlinking: /home/ubuntu/spas_ws/install/slam_toolbox/share/slam_toolbox/cmake/rosidl_cmake_export_typesupport_targets-extras.cmake\n'}
[1090.562375] (-) TimerEvent: {}
[1090.595444] (slam_toolbox) StdoutLine: {'line': b'-- Symlinking: /home/ubuntu/spas_ws/install/slam_toolbox/share/slam_toolbox/cmake/rosidl_cmake_export_typesupport_libraries-extras.cmake\n'}
[1090.629851] (slam_toolbox) StdoutLine: {'line': b'-- Symlinking: /home/ubuntu/spas_ws/install/slam_toolbox/share/slam_toolbox/cmake/slam_toolboxConfig.cmake\n'}
[1090.662722] (-) TimerEvent: {}
[1090.684277] (slam_toolbox) StdoutLine: {'line': b'-- Symlinking: /home/ubuntu/spas_ws/install/slam_toolbox/share/slam_toolbox/cmake/slam_toolboxConfig-version.cmake\n'}
[1090.763057] (-) TimerEvent: {}
[1090.778704] (slam_toolbox) StdoutLine: {'line': b'-- Symlinking: /home/ubuntu/spas_ws/install/slam_toolbox/share/slam_toolbox/package.xml\n'}
[1090.863374] (-) TimerEvent: {}
[1090.888572] (slam_toolbox) StdoutLine: {'line': b'-- Installing: /home/ubuntu/spas_ws/install/slam_toolbox/lib/libslam_toolbox__rosidl_generator_c.so\n'}
[1090.900476] (slam_toolbox) StdoutLine: {'line': b'-- Set runtime path of "/home/ubuntu/spas_ws/install/slam_toolbox/lib/libslam_toolbox__rosidl_generator_c.so" to ""\n'}
[1090.902373] (slam_toolbox) StdoutLine: {'line': b'-- Installing: /home/ubuntu/spas_ws/install/slam_toolbox/lib/libslam_toolbox__rosidl_typesupport_fastrtps_c.so\n'}
[1090.920469] (slam_toolbox) StdoutLine: {'line': b'-- Set runtime path of "/home/ubuntu/spas_ws/install/slam_toolbox/lib/libslam_toolbox__rosidl_typesupport_fastrtps_c.so" to ""\n'}
[1090.922073] (slam_toolbox) StdoutLine: {'line': b'-- Installing: /home/ubuntu/spas_ws/install/slam_toolbox/lib/libslam_toolbox__rosidl_typesupport_fastrtps_cpp.so\n'}
[1090.942265] (slam_toolbox) StdoutLine: {'line': b'-- Set runtime path of "/home/ubuntu/spas_ws/install/slam_toolbox/lib/libslam_toolbox__rosidl_typesupport_fastrtps_cpp.so" to ""\n'}
[1090.945445] (slam_toolbox) StdoutLine: {'line': b'-- Installing: /home/ubuntu/spas_ws/install/slam_toolbox/lib/libslam_toolbox__rosidl_typesupport_introspection_c.so\n'}
[1090.956776] (slam_toolbox) StdoutLine: {'line': b'-- Set runtime path of "/home/ubuntu/spas_ws/install/slam_toolbox/lib/libslam_toolbox__rosidl_typesupport_introspection_c.so" to ""\n'}
[1090.958615] (slam_toolbox) StdoutLine: {'line': b'-- Installing: /home/ubuntu/spas_ws/install/slam_toolbox/lib/libslam_toolbox__rosidl_typesupport_c.so\n'}
[1090.964205] (-) TimerEvent: {}
[1090.967922] (slam_toolbox) StdoutLine: {'line': b'-- Set runtime path of "/home/ubuntu/spas_ws/install/slam_toolbox/lib/libslam_toolbox__rosidl_typesupport_c.so" to ""\n'}
[1090.969731] (slam_toolbox) StdoutLine: {'line': b'-- Installing: /home/ubuntu/spas_ws/install/slam_toolbox/lib/libslam_toolbox__rosidl_typesupport_introspection_cpp.so\n'}
[1090.983948] (slam_toolbox) StdoutLine: {'line': b'-- Set runtime path of "/home/ubuntu/spas_ws/install/slam_toolbox/lib/libslam_toolbox__rosidl_typesupport_introspection_cpp.so" to ""\n'}
[1090.986291] (slam_toolbox) StdoutLine: {'line': b'-- Installing: /home/ubuntu/spas_ws/install/slam_toolbox/lib/libslam_toolbox__rosidl_typesupport_cpp.so\n'}
[1090.995686] (slam_toolbox) StdoutLine: {'line': b'-- Set runtime path of "/home/ubuntu/spas_ws/install/slam_toolbox/lib/libslam_toolbox__rosidl_typesupport_cpp.so" to ""\n'}
[1091.064599] (-) TimerEvent: {}
[1091.166147] (-) TimerEvent: {}
[1091.267529] (-) TimerEvent: {}
[1091.368923] (-) TimerEvent: {}
[1091.470391] (-) TimerEvent: {}
[1091.590296] (-) TimerEvent: {}
[1091.648032] (slam_toolbox) StdoutLine: {'line': b"Listing '/home/ubuntu/spas_ws/install/slam_toolbox/local/lib/python3.10/dist-packages/slam_toolbox'...\n"}
[1091.650204] (slam_toolbox) StdoutLine: {'line': b"Compiling '/home/ubuntu/spas_ws/install/slam_toolbox/local/lib/python3.10/dist-packages/slam_toolbox/__init__.py'...\n"}
[1091.652053] (slam_toolbox) StdoutLine: {'line': b"Listing '/home/ubuntu/spas_ws/install/slam_toolbox/local/lib/python3.10/dist-packages/slam_toolbox/srv'...\n"}
[1091.654078] (slam_toolbox) StdoutLine: {'line': b"Compiling '/home/ubuntu/spas_ws/install/slam_toolbox/local/lib/python3.10/dist-packages/slam_toolbox/srv/__init__.py'...\n"}
[1091.655799] (slam_toolbox) StdoutLine: {'line': b"Compiling '/home/ubuntu/spas_ws/install/slam_toolbox/local/lib/python3.10/dist-packages/slam_toolbox/srv/_add_submap.py'...\n"}
[1091.661118] (slam_toolbox) StdoutLine: {'line': b"Compiling '/home/ubuntu/spas_ws/install/slam_toolbox/local/lib/python3.10/dist-packages/slam_toolbox/srv/_clear.py'...\n"}
[1091.663398] (slam_toolbox) StdoutLine: {'line': b"Compiling '/home/ubuntu/spas_ws/install/slam_toolbox/local/lib/python3.10/dist-packages/slam_toolbox/srv/_clear_queue.py'...\n"}
[1091.665398] (slam_toolbox) StdoutLine: {'line': b"Compiling '/home/ubuntu/spas_ws/install/slam_toolbox/local/lib/python3.10/dist-packages/slam_toolbox/srv/_deserialize_pose_graph.py'...\n"}
[1091.667230] (slam_toolbox) StdoutLine: {'line': b"Compiling '/home/ubuntu/spas_ws/install/slam_toolbox/local/lib/python3.10/dist-packages/slam_toolbox/srv/_loop_closure.py'...\n"}
[1091.669139] (slam_toolbox) StdoutLine: {'line': b"Compiling '/home/ubuntu/spas_ws/install/slam_toolbox/local/lib/python3.10/dist-packages/slam_toolbox/srv/_merge_maps.py'...\n"}
[1091.670880] (slam_toolbox) StdoutLine: {'line': b"Compiling '/home/ubuntu/spas_ws/install/slam_toolbox/local/lib/python3.10/dist-packages/slam_toolbox/srv/_pause.py'...\n"}
[1091.672443] (slam_toolbox) StdoutLine: {'line': b"Compiling '/home/ubuntu/spas_ws/install/slam_toolbox/local/lib/python3.10/dist-packages/slam_toolbox/srv/_save_map.py'...\n"}
[1091.674478] (slam_toolbox) StdoutLine: {'line': b"Compiling '/home/ubuntu/spas_ws/install/slam_toolbox/local/lib/python3.10/dist-packages/slam_toolbox/srv/_serialize_pose_graph.py'...\n"}
[1091.675944] (slam_toolbox) StdoutLine: {'line': b"Compiling '/home/ubuntu/spas_ws/install/slam_toolbox/local/lib/python3.10/dist-packages/slam_toolbox/srv/_toggle_interactive.py'...\n"}
[1091.690686] (-) TimerEvent: {}
[1091.706508] (slam_toolbox) StdoutLine: {'line': b'-- Installing: /home/ubuntu/spas_ws/install/slam_toolbox/lib/libslam_toolbox__rosidl_generator_py.so\n'}
[1091.715760] (slam_toolbox) StdoutLine: {'line': b'-- Set runtime path of "/home/ubuntu/spas_ws/install/slam_toolbox/lib/libslam_toolbox__rosidl_generator_py.so" to ""\n'}
[1091.718444] (slam_toolbox) StdoutLine: {'line': b'-- Installing: /home/ubuntu/spas_ws/install/slam_toolbox/share/slam_toolbox/cmake/export_slam_toolbox__rosidl_generator_cExport.cmake\n'}
[1091.726875] (slam_toolbox) StdoutLine: {'line': b'-- Installing: /home/ubuntu/spas_ws/install/slam_toolbox/share/slam_toolbox/cmake/export_slam_toolbox__rosidl_generator_cExport-release.cmake\n'}
[1091.736538] (slam_toolbox) StdoutLine: {'line': b'-- Installing: /home/ubuntu/spas_ws/install/slam_toolbox/share/slam_toolbox/cmake/export_slam_toolbox__rosidl_typesupport_fastrtps_cExport.cmake\n'}
[1091.746908] (slam_toolbox) StdoutLine: {'line': b'-- Installing: /home/ubuntu/spas_ws/install/slam_toolbox/share/slam_toolbox/cmake/export_slam_toolbox__rosidl_typesupport_fastrtps_cExport-release.cmake\n'}
[1091.755386] (slam_toolbox) StdoutLine: {'line': b'-- Installing: /home/ubuntu/spas_ws/install/slam_toolbox/share/slam_toolbox/cmake/export_slam_toolbox__rosidl_generator_cppExport.cmake\n'}
[1091.762130] (slam_toolbox) StdoutLine: {'line': b'-- Installing: /home/ubuntu/spas_ws/install/slam_toolbox/share/slam_toolbox/cmake/export_slam_toolbox__rosidl_typesupport_fastrtps_cppExport.cmake\n'}
[1091.769490] (slam_toolbox) StdoutLine: {'line': b'-- Installing: /home/ubuntu/spas_ws/install/slam_toolbox/share/slam_toolbox/cmake/export_slam_toolbox__rosidl_typesupport_fastrtps_cppExport-release.cmake\n'}
[1091.776286] (slam_toolbox) StdoutLine: {'line': b'-- Installing: /home/ubuntu/spas_ws/install/slam_toolbox/share/slam_toolbox/cmake/slam_toolbox__rosidl_typesupport_introspection_cExport.cmake\n'}
[1091.784504] (slam_toolbox) StdoutLine: {'line': b'-- Installing: /home/ubuntu/spas_ws/install/slam_toolbox/share/slam_toolbox/cmake/slam_toolbox__rosidl_typesupport_introspection_cExport-release.cmake\n'}
[1091.791047] (-) TimerEvent: {}
[1091.792456] (slam_toolbox) StdoutLine: {'line': b'-- Installing: /home/ubuntu/spas_ws/install/slam_toolbox/share/slam_toolbox/cmake/slam_toolbox__rosidl_typesupport_cExport.cmake\n'}
[1091.798266] (slam_toolbox) StdoutLine: {'line': b'-- Installing: /home/ubuntu/spas_ws/install/slam_toolbox/share/slam_toolbox/cmake/slam_toolbox__rosidl_typesupport_cExport-release.cmake\n'}
[1091.805514] (slam_toolbox) StdoutLine: {'line': b'-- Installing: /home/ubuntu/spas_ws/install/slam_toolbox/share/slam_toolbox/cmake/slam_toolbox__rosidl_typesupport_introspection_cppExport.cmake\n'}
[1091.811909] (slam_toolbox) StdoutLine: {'line': b'-- Installing: /home/ubuntu/spas_ws/install/slam_toolbox/share/slam_toolbox/cmake/slam_toolbox__rosidl_typesupport_introspection_cppExport-release.cmake\n'}
[1091.818856] (slam_toolbox) StdoutLine: {'line': b'-- Installing: /home/ubuntu/spas_ws/install/slam_toolbox/share/slam_toolbox/cmake/slam_toolbox__rosidl_typesupport_cppExport.cmake\n'}
[1091.824424] (slam_toolbox) StdoutLine: {'line': b'-- Installing: /home/ubuntu/spas_ws/install/slam_toolbox/share/slam_toolbox/cmake/slam_toolbox__rosidl_typesupport_cppExport-release.cmake\n'}
[1091.830504] (slam_toolbox) StdoutLine: {'line': b'-- Installing: /home/ubuntu/spas_ws/install/slam_toolbox/share/slam_toolbox/cmake/export_slam_toolbox__rosidl_generator_pyExport.cmake\n'}
[1091.837420] (slam_toolbox) StdoutLine: {'line': b'-- Installing: /home/ubuntu/spas_ws/install/slam_toolbox/share/slam_toolbox/cmake/export_slam_toolbox__rosidl_generator_pyExport-release.cmake\n'}
[1091.842913] (slam_toolbox) StdoutLine: {'line': b'-- Installing: /home/ubuntu/spas_ws/install/slam_toolbox/share/slam_toolbox/cmake/SlamToolboxPluginExport.cmake\n'}
[1091.848914] (slam_toolbox) StdoutLine: {'line': b'-- Installing: /home/ubuntu/spas_ws/install/slam_toolbox/share/slam_toolbox/cmake/SlamToolboxPluginExport-release.cmake\n'}
[1091.874540] (slam_toolbox) CommandEnded: {'returncode': 0}
[1091.891306] (-) TimerEvent: {}
[1091.995108] (-) TimerEvent: {}
[1092.097870] (-) TimerEvent: {}
[1092.193774] (slam_toolbox) JobEnded: {'identifier': 'slam_toolbox', 'rc': 0}
[1092.201604] (-) TimerEvent: {}
[1092.203923] (-) EventReactorShutdown: {}
