[0.000000] (-) TimerEvent: {}
[0.001348] (slam_toolbox) JobQueued: {'identifier': 'slam_toolbox', 'dependencies': OrderedDict()}
[0.001574] (sllidar_ros2) JobQueued: {'identifier': 'sllidar_ros2', 'dependencies': OrderedDict()}
[0.001847] (spas_control) JobQueued: {'identifier': 'spas_control', 'dependencies': OrderedDict()}
[0.001999] (spas_perception) JobQueued: {'identifier': 'spas_perception', 'dependencies': OrderedDict()}
[0.002091] (spas_planning) JobQueued: {'identifier': 'spas_planning', 'dependencies': OrderedDict()}
[0.002168] (spas_bringup) JobQueued: {'identifier': 'spas_bringup', 'dependencies': OrderedDict([('slam_toolbox', '/home/ubuntu/spas_ws/install/slam_toolbox'), ('sllidar_ros2', '/home/ubuntu/spas_ws/install/sllidar_ros2'), ('spas_control', '/home/ubuntu/spas_ws/install/spas_control'), ('spas_perception', '/home/ubuntu/spas_ws/install/spas_perception'), ('spas_planning', '/home/ubuntu/spas_ws/install/spas_planning')])}
[0.002331] (slam_toolbox) JobStarted: {'identifier': 'slam_toolbox'}
[0.038220] (sllidar_ros2) JobStarted: {'identifier': 'sllidar_ros2'}
[0.064980] (spas_control) JobStarted: {'identifier': 'spas_control'}
[0.097961] (-) TimerEvent: {}
[0.101794] (spas_perception) JobStarted: {'identifier': 'spas_perception'}
[0.141103] (slam_toolbox) JobProgress: {'identifier': 'slam_toolbox', 'progress': 'cmake'}
[0.147241] (slam_toolbox) JobProgress: {'identifier': 'slam_toolbox', 'progress': 'build'}
[0.151214] (slam_toolbox) Command: {'cmd': ['/usr/bin/cmake', '--build', '/home/ubuntu/spas_ws/build/slam_toolbox', '--', '-j4', '-l4'], 'cwd': '/home/ubuntu/spas_ws/build/slam_toolbox', 'env': OrderedDict([('PYTHON_BASIC_REPL', '1'), ('LESSOPEN', '| /usr/bin/lesspipe %s'), ('USER', 'ubuntu'), ('SSH_CLIENT', '192.168.57.146 51130 22'), ('XDG_SESSION_TYPE', 'tty'), ('GIT_ASKPASS', '/home/ubuntu/.vscode-server/cli/servers/Stable-8761a5560cfd65fdd19ce7e2bd18dab5c0a4d84e/server/extensions/git/dist/askpass.sh'), ('SHLVL', '1'), ('LD_LIBRARY_PATH', '/home/ubuntu/spas_ws/install/slam_toolbox/lib:/opt/ros/humble/opt/rviz_ogre_vendor/lib:/opt/ros/humble/lib/aarch64-linux-gnu:/opt/ros/humble/lib'), ('BROWSER', '/home/ubuntu/.vscode-server/cli/servers/Stable-8761a5560cfd65fdd19ce7e2bd18dab5c0a4d84e/server/bin/helpers/browser.sh'), ('MOTD_SHOWN', 'pam'), ('HOME', '/home/ubuntu'), ('OLDPWD', '/home/ubuntu'), ('TERM_PROGRAM_VERSION', '1.122.1'), ('VSCODE_IPC_HOOK_CLI', '/run/user/1000/vscode-ipc-cb0d5506-bb9e-4971-a92b-eed190fc42e1.sock'), ('ROS_PYTHON_VERSION', '3'), ('VSCODE_GIT_ASKPASS_MAIN', '/home/ubuntu/.vscode-server/cli/servers/Stable-8761a5560cfd65fdd19ce7e2bd18dab5c0a4d84e/server/extensions/git/dist/askpass-main.js'), ('VSCODE_GIT_ASKPASS_NODE', '/home/ubuntu/.vscode-server/cli/servers/Stable-8761a5560cfd65fdd19ce7e2bd18dab5c0a4d84e/server/node'), ('PYDEVD_DISABLE_FILE_VALIDATION', '1'), ('BUNDLED_DEBUGPY_PATH', '/home/ubuntu/.vscode-server/extensions/ms-python.debugpy-2026.6.0/bundled/libs/debugpy'), ('VSCODE_PYTHON_AUTOACTIVATE_GUARD', '1'), ('DBUS_SESSION_BUS_ADDRESS', 'unix:path=/run/user/1000/bus'), ('COLORTERM', 'truecolor'), ('COLCON_PREFIX_PATH', '/home/ubuntu/spas_ws/install'), ('ROS_DISTRO', 'humble'), ('LOGNAME', 'ubuntu'), ('_', '/usr/bin/colcon'), ('ROS_VERSION', '2'), ('XDG_SESSION_CLASS', 'user'), ('TERM', 'xterm-256color'), ('XDG_SESSION_ID', '1'), ('ROS_LOCALHOST_ONLY', '0'), ('PATH', '/home/ubuntu/.vscode-server/cli/servers/Stable-8761a5560cfd65fdd19ce7e2bd18dab5c0a4d84e/server/bin/remote-cli:/home/ubuntu/.local/bin:/opt/ros/humble/bin:/usr/local/sbin:/usr/local/bin:/usr/sbin:/usr/bin:/sbin:/bin:/usr/games:/usr/local/games:/snap/bin:/usr/local/bin:/home/ubuntu/.vscode-server/extensions/ms-python.debugpy-2026.6.0/bundled/scripts/noConfigScripts:/usr/local/bin'), ('XDG_RUNTIME_DIR', '/run/user/1000'), ('VSCODE_DEBUGPY_ADAPTER_ENDPOINTS', '/home/ubuntu/.vscode-server/extensions/ms-python.debugpy-2026.6.0/.noConfigDebugAdapterEndpoints/endpoint-1ba2707a56f8ef83.txt'), ('LANG', 'en_US.UTF-8'), ('PYTHONSTARTUP', '/home/ubuntu/.vscode-server/data/User/workspaceStorage/e032697359c870186215dbcd294e7172/ms-python.python/pythonrc.py'), ('LS_COLORS', 'rs=0:di=01;34:ln=01;36:mh=00:pi=40;33:so=01;35:do=01;35:bd=40;33;01:cd=40;33;01:or=40;31;01:mi=00:su=37;41:sg=30;43:ca=30;41:tw=30;42:ow=34;42:st=37;44:ex=01;32:*.tar=01;31:*.tgz=01;31:*.arc=01;31:*.arj=01;31:*.taz=01;31:*.lha=01;31:*.lz4=01;31:*.lzh=01;31:*.lzma=01;31:*.tlz=01;31:*.txz=01;31:*.tzo=01;31:*.t7z=01;31:*.zip=01;31:*.z=01;31:*.dz=01;31:*.gz=01;31:*.lrz=01;31:*.lz=01;31:*.lzo=01;31:*.xz=01;31:*.zst=01;31:*.tzst=01;31:*.bz2=01;31:*.bz=01;31:*.tbz=01;31:*.tbz2=01;31:*.tz=01;31:*.deb=01;31:*.rpm=01;31:*.jar=01;31:*.war=01;31:*.ear=01;31:*.sar=01;31:*.rar=01;31:*.alz=01;31:*.ace=01;31:*.zoo=01;31:*.cpio=01;31:*.7z=01;31:*.rz=01;31:*.cab=01;31:*.wim=01;31:*.swm=01;31:*.dwm=01;31:*.esd=01;31:*.jpg=01;35:*.jpeg=01;35:*.mjpg=01;35:*.mjpeg=01;35:*.gif=01;35:*.bmp=01;35:*.pbm=01;35:*.pgm=01;35:*.ppm=01;35:*.tga=01;35:*.xbm=01;35:*.xpm=01;35:*.tif=01;35:*.tiff=01;35:*.png=01;35:*.svg=01;35:*.svgz=01;35:*.mng=01;35:*.pcx=01;35:*.mov=01;35:*.mpg=01;35:*.mpeg=01;35:*.m2v=01;35:*.mkv=01;35:*.webm=01;35:*.webp=01;35:*.ogm=01;35:*.mp4=01;35:*.m4v=01;35:*.mp4v=01;35:*.vob=01;35:*.qt=01;35:*.nuv=01;35:*.wmv=01;35:*.asf=01;35:*.rm=01;35:*.rmvb=01;35:*.flc=01;35:*.avi=01;35:*.fli=01;35:*.flv=01;35:*.gl=01;35:*.dl=01;35:*.xcf=01;35:*.xwd=01;35:*.yuv=01;35:*.cgm=01;35:*.emf=01;35:*.ogv=01;35:*.ogx=01;35:*.aac=00;36:*.au=00;36:*.flac=00;36:*.m4a=00;36:*.mid=00;36:*.midi=00;36:*.mka=00;36:*.mp3=00;36:*.mpc=00;36:*.ogg=00;36:*.ra=00;36:*.wav=00;36:*.oga=00;36:*.opus=00;36:*.spx=00;36:*.xspf=00;36:'), ('VSCODE_GIT_IPC_HANDLE', '/run/user/1000/vscode-git-c858e614bc.sock'), ('TERM_PROGRAM', 'vscode'), ('ROS_DOMAIN_ID', '1'), ('AMENT_PREFIX_PATH', '/home/ubuntu/spas_ws/install/spas_planning:/home/ubuntu/spas_ws/install/spas_perception:/home/ubuntu/spas_ws/install/spas_control:/home/ubuntu/spas_ws/install/spas_bringup:/home/ubuntu/spas_ws/install/sllidar_ros2:/home/ubuntu/spas_ws/install/slam_toolbox:/opt/ros/humble'), ('SHELL', '/bin/bash'), ('LESSCLOSE', '/usr/bin/lesspipe %s %s'), ('VSCODE_GIT_ASKPASS_EXTRA_ARGS', ''), ('PWD', '/home/ubuntu/spas_ws/build/slam_toolbox'), ('LC_ALL', 'en_US.UTF-8'), ('SSH_CONNECTION', '192.168.57.146 51130 192.168.57.18 22'), ('XDG_DATA_DIRS', '/usr/share/gnome:/usr/local/share:/usr/share:/var/lib/snapd/desktop'), ('PYTHONPATH', '/home/ubuntu/spas_ws/build/spas_planning:/home/ubuntu/spas_ws/install/spas_planning/lib/python3.10/site-packages:/home/ubuntu/spas_ws/build/spas_perception:/home/ubuntu/spas_ws/install/spas_perception/lib/python3.10/site-packages:/home/ubuntu/spas_ws/build/spas_control:/home/ubuntu/spas_ws/install/spas_control/lib/python3.10/site-packages:/home/ubuntu/spas_ws/install/slam_toolbox/local/lib/python3.10/dist-packages:/opt/ros/humble/lib/python3.10/site-packages:/opt/ros/humble/local/lib/python3.10/dist-packages:/usr/local/lib/python3/dist-packages:/usr/local/lib/python3/dist-packages'), ('COLCON', '1'), ('CMAKE_PREFIX_PATH', '/home/ubuntu/spas_ws/install/spas_bringup:/home/ubuntu/spas_ws/install/sllidar_ros2:/home/ubuntu/spas_ws/install/slam_toolbox:/home/ubuntu/spas_ws/install/spas_planning:/home/ubuntu/spas_ws/install/spas_perception:/home/ubuntu/spas_ws/install/spas_control:/opt/ros/humble')]), 'shell': False}
[0.165775] (sllidar_ros2) JobProgress: {'identifier': 'sllidar_ros2', 'progress': 'cmake'}
[0.169466] (sllidar_ros2) JobProgress: {'identifier': 'sllidar_ros2', 'progress': 'build'}
[0.170700] (sllidar_ros2) Command: {'cmd': ['/usr/bin/cmake', '--build', '/home/ubuntu/spas_ws/build/sllidar_ros2', '--', '-j4', '-l4'], 'cwd': '/home/ubuntu/spas_ws/build/sllidar_ros2', 'env': OrderedDict([('PYTHON_BASIC_REPL', '1'), ('LESSOPEN', '| /usr/bin/lesspipe %s'), ('USER', 'ubuntu'), ('SSH_CLIENT', '192.168.57.146 51130 22'), ('XDG_SESSION_TYPE', 'tty'), ('GIT_ASKPASS', '/home/ubuntu/.vscode-server/cli/servers/Stable-8761a5560cfd65fdd19ce7e2bd18dab5c0a4d84e/server/extensions/git/dist/askpass.sh'), ('SHLVL', '1'), ('LD_LIBRARY_PATH', '/home/ubuntu/spas_ws/install/slam_toolbox/lib:/opt/ros/humble/opt/rviz_ogre_vendor/lib:/opt/ros/humble/lib/aarch64-linux-gnu:/opt/ros/humble/lib'), ('BROWSER', '/home/ubuntu/.vscode-server/cli/servers/Stable-8761a5560cfd65fdd19ce7e2bd18dab5c0a4d84e/server/bin/helpers/browser.sh'), ('MOTD_SHOWN', 'pam'), ('HOME', '/home/ubuntu'), ('OLDPWD', '/home/ubuntu'), ('TERM_PROGRAM_VERSION', '1.122.1'), ('VSCODE_IPC_HOOK_CLI', '/run/user/1000/vscode-ipc-cb0d5506-bb9e-4971-a92b-eed190fc42e1.sock'), ('ROS_PYTHON_VERSION', '3'), ('VSCODE_GIT_ASKPASS_MAIN', '/home/ubuntu/.vscode-server/cli/servers/Stable-8761a5560cfd65fdd19ce7e2bd18dab5c0a4d84e/server/extensions/git/dist/askpass-main.js'), ('VSCODE_GIT_ASKPASS_NODE', '/home/ubuntu/.vscode-server/cli/servers/Stable-8761a5560cfd65fdd19ce7e2bd18dab5c0a4d84e/server/node'), ('PYDEVD_DISABLE_FILE_VALIDATION', '1'), ('BUNDLED_DEBUGPY_PATH', '/home/ubuntu/.vscode-server/extensions/ms-python.debugpy-2026.6.0/bundled/libs/debugpy'), ('VSCODE_PYTHON_AUTOACTIVATE_GUARD', '1'), ('DBUS_SESSION_BUS_ADDRESS', 'unix:path=/run/user/1000/bus'), ('COLORTERM', 'truecolor'), ('COLCON_PREFIX_PATH', '/home/ubuntu/spas_ws/install'), ('ROS_DISTRO', 'humble'), ('LOGNAME', 'ubuntu'), ('_', '/usr/bin/colcon'), ('ROS_VERSION', '2'), ('XDG_SESSION_CLASS', 'user'), ('TERM', 'xterm-256color'), ('XDG_SESSION_ID', '1'), ('ROS_LOCALHOST_ONLY', '0'), ('PATH', '/home/ubuntu/.vscode-server/cli/servers/Stable-8761a5560cfd65fdd19ce7e2bd18dab5c0a4d84e/server/bin/remote-cli:/home/ubuntu/.local/bin:/opt/ros/humble/bin:/usr/local/sbin:/usr/local/bin:/usr/sbin:/usr/bin:/sbin:/bin:/usr/games:/usr/local/games:/snap/bin:/usr/local/bin:/home/ubuntu/.vscode-server/extensions/ms-python.debugpy-2026.6.0/bundled/scripts/noConfigScripts:/usr/local/bin'), ('XDG_RUNTIME_DIR', '/run/user/1000'), ('VSCODE_DEBUGPY_ADAPTER_ENDPOINTS', '/home/ubuntu/.vscode-server/extensions/ms-python.debugpy-2026.6.0/.noConfigDebugAdapterEndpoints/endpoint-1ba2707a56f8ef83.txt'), ('LANG', 'en_US.UTF-8'), ('PYTHONSTARTUP', '/home/ubuntu/.vscode-server/data/User/workspaceStorage/e032697359c870186215dbcd294e7172/ms-python.python/pythonrc.py'), ('LS_COLORS', 'rs=0:di=01;34:ln=01;36:mh=00:pi=40;33:so=01;35:do=01;35:bd=40;33;01:cd=40;33;01:or=40;31;01:mi=00:su=37;41:sg=30;43:ca=30;41:tw=30;42:ow=34;42:st=37;44:ex=01;32:*.tar=01;31:*.tgz=01;31:*.arc=01;31:*.arj=01;31:*.taz=01;31:*.lha=01;31:*.lz4=01;31:*.lzh=01;31:*.lzma=01;31:*.tlz=01;31:*.txz=01;31:*.tzo=01;31:*.t7z=01;31:*.zip=01;31:*.z=01;31:*.dz=01;31:*.gz=01;31:*.lrz=01;31:*.lz=01;31:*.lzo=01;31:*.xz=01;31:*.zst=01;31:*.tzst=01;31:*.bz2=01;31:*.bz=01;31:*.tbz=01;31:*.tbz2=01;31:*.tz=01;31:*.deb=01;31:*.rpm=01;31:*.jar=01;31:*.war=01;31:*.ear=01;31:*.sar=01;31:*.rar=01;31:*.alz=01;31:*.ace=01;31:*.zoo=01;31:*.cpio=01;31:*.7z=01;31:*.rz=01;31:*.cab=01;31:*.wim=01;31:*.swm=01;31:*.dwm=01;31:*.esd=01;31:*.jpg=01;35:*.jpeg=01;35:*.mjpg=01;35:*.mjpeg=01;35:*.gif=01;35:*.bmp=01;35:*.pbm=01;35:*.pgm=01;35:*.ppm=01;35:*.tga=01;35:*.xbm=01;35:*.xpm=01;35:*.tif=01;35:*.tiff=01;35:*.png=01;35:*.svg=01;35:*.svgz=01;35:*.mng=01;35:*.pcx=01;35:*.mov=01;35:*.mpg=01;35:*.mpeg=01;35:*.m2v=01;35:*.mkv=01;35:*.webm=01;35:*.webp=01;35:*.ogm=01;35:*.mp4=01;35:*.m4v=01;35:*.mp4v=01;35:*.vob=01;35:*.qt=01;35:*.nuv=01;35:*.wmv=01;35:*.asf=01;35:*.rm=01;35:*.rmvb=01;35:*.flc=01;35:*.avi=01;35:*.fli=01;35:*.flv=01;35:*.gl=01;35:*.dl=01;35:*.xcf=01;35:*.xwd=01;35:*.yuv=01;35:*.cgm=01;35:*.emf=01;35:*.ogv=01;35:*.ogx=01;35:*.aac=00;36:*.au=00;36:*.flac=00;36:*.m4a=00;36:*.mid=00;36:*.midi=00;36:*.mka=00;36:*.mp3=00;36:*.mpc=00;36:*.ogg=00;36:*.ra=00;36:*.wav=00;36:*.oga=00;36:*.opus=00;36:*.spx=00;36:*.xspf=00;36:'), ('VSCODE_GIT_IPC_HANDLE', '/run/user/1000/vscode-git-c858e614bc.sock'), ('TERM_PROGRAM', 'vscode'), ('ROS_DOMAIN_ID', '1'), ('AMENT_PREFIX_PATH', '/home/ubuntu/spas_ws/install/spas_planning:/home/ubuntu/spas_ws/install/spas_perception:/home/ubuntu/spas_ws/install/spas_control:/home/ubuntu/spas_ws/install/spas_bringup:/home/ubuntu/spas_ws/install/sllidar_ros2:/home/ubuntu/spas_ws/install/slam_toolbox:/opt/ros/humble'), ('SHELL', '/bin/bash'), ('LESSCLOSE', '/usr/bin/lesspipe %s %s'), ('VSCODE_GIT_ASKPASS_EXTRA_ARGS', ''), ('PWD', '/home/ubuntu/spas_ws/build/sllidar_ros2'), ('LC_ALL', 'en_US.UTF-8'), ('SSH_CONNECTION', '192.168.57.146 51130 192.168.57.18 22'), ('XDG_DATA_DIRS', '/usr/share/gnome:/usr/local/share:/usr/share:/var/lib/snapd/desktop'), ('PYTHONPATH', '/home/ubuntu/spas_ws/build/spas_planning:/home/ubuntu/spas_ws/install/spas_planning/lib/python3.10/site-packages:/home/ubuntu/spas_ws/build/spas_perception:/home/ubuntu/spas_ws/install/spas_perception/lib/python3.10/site-packages:/home/ubuntu/spas_ws/build/spas_control:/home/ubuntu/spas_ws/install/spas_control/lib/python3.10/site-packages:/home/ubuntu/spas_ws/install/slam_toolbox/local/lib/python3.10/dist-packages:/opt/ros/humble/lib/python3.10/site-packages:/opt/ros/humble/local/lib/python3.10/dist-packages:/usr/local/lib/python3/dist-packages:/usr/local/lib/python3/dist-packages'), ('COLCON', '1'), ('CMAKE_PREFIX_PATH', '/home/ubuntu/spas_ws/install/spas_bringup:/home/ubuntu/spas_ws/install/sllidar_ros2:/home/ubuntu/spas_ws/install/slam_toolbox:/home/ubuntu/spas_ws/install/spas_planning:/home/ubuntu/spas_ws/install/spas_perception:/home/ubuntu/spas_ws/install/spas_control:/opt/ros/humble')]), 'shell': False}
[0.198190] (-) TimerEvent: {}
[0.299049] (-) TimerEvent: {}
[0.399967] (-) TimerEvent: {}
[0.501717] (-) TimerEvent: {}
[0.603342] (-) TimerEvent: {}
[0.704341] (-) TimerEvent: {}
[0.805207] (-) TimerEvent: {}
[0.906017] (-) TimerEvent: {}
[1.007018] (-) TimerEvent: {}
[1.107932] (-) TimerEvent: {}
[1.209833] (-) TimerEvent: {}
[1.311941] (-) TimerEvent: {}
[1.413925] (-) TimerEvent: {}
[1.515975] (-) TimerEvent: {}
[1.617292] (-) TimerEvent: {}
[1.719115] (-) TimerEvent: {}
[1.820604] (-) TimerEvent: {}
[1.921391] (-) TimerEvent: {}
[2.023246] (-) TimerEvent: {}
[2.125429] (-) TimerEvent: {}
[2.228028] (-) TimerEvent: {}
[2.330941] (-) TimerEvent: {}
[2.432729] (-) TimerEvent: {}
[2.534189] (slam_toolbox) StdoutLine: {'line': b'[  0%] Built target slam_toolbox__cpp\n'}
[2.535361] (-) TimerEvent: {}
[2.536081] (slam_toolbox) StdoutLine: {'line': b'[  0%] Built target slam_toolbox__rs\n'}
[2.536850] (slam_toolbox) StdoutLine: {'line': b'[  9%] Built target slam_toolbox__rosidl_generator_c\n'}
[2.537559] (slam_toolbox) StdoutLine: {'line': b'[  9%] Built target ament_cmake_python_symlink_slam_toolbox\n'}
[2.538095] (slam_toolbox) StdoutLine: {'line': b'[ 17%] Built target slam_toolbox__rosidl_typesupport_fastrtps_c\n'}
[2.538567] (slam_toolbox) StdoutLine: {'line': b'[ 25%] Built target slam_toolbox__rosidl_typesupport_fastrtps_cpp\n'}
[2.539068] (slam_toolbox) StdoutLine: {'line': b'[ 27%] Built target kartoSlamToolbox\n'}
[2.539720] (slam_toolbox) StdoutLine: {'line': b'[ 36%] Built target slam_toolbox__rosidl_typesupport_introspection_c\n'}
[2.545266] (slam_toolbox) StdoutLine: {'line': b'[ 45%] Built target slam_toolbox__rosidl_typesupport_c\n'}
[2.546020] (slam_toolbox) StdoutLine: {'line': b'[ 54%] Built target slam_toolbox__rosidl_typesupport_introspection_cpp\n'}
[2.546568] (slam_toolbox) StdoutLine: {'line': b'[ 63%] Built target slam_toolbox__rosidl_typesupport_cpp\n'}
[2.547099] (slam_toolbox) StdoutLine: {'line': b'[ 63%] Built target slam_toolbox\n'}
[2.547622] (slam_toolbox) StdoutLine: {'line': b'[ 65%] Built target SlamToolboxPlugin\n'}
[2.548124] (slam_toolbox) StdoutLine: {'line': b'[ 67%] Built target ceres_solver_plugin\n'}
[2.548746] (slam_toolbox) StdoutLine: {'line': b'[ 72%] Built target toolbox_common\n'}
[2.549298] (slam_toolbox) StdoutLine: {'line': b'[ 73%] Built target slam_toolbox__py\n'}
[2.549874] (slam_toolbox) StdoutLine: {'line': b'[ 75%] Built target async_slam_toolbox\n'}
[2.550576] (slam_toolbox) StdoutLine: {'line': b'[ 76%] Built target localization_slam_toolbox\n'}
[2.551216] (slam_toolbox) StdoutLine: {'line': b'[ 78%] Built target sync_slam_toolbox\n'}
[2.556825] (slam_toolbox) StdoutLine: {'line': b'[ 80%] Built target merge_maps_kinematic\n'}
[2.557357] (slam_toolbox) StdoutLine: {'line': b'[ 81%] Built target lifelong_slam_toolbox\n'}
[2.557836] (slam_toolbox) StdoutLine: {'line': b'[ 88%] Built target slam_toolbox__rosidl_generator_py\n'}
[2.558687] (slam_toolbox) StdoutLine: {'line': b'[ 89%] Built target sync_slam_toolbox_node\n'}
[2.559180] (slam_toolbox) StdoutLine: {'line': b'[ 90%] Built target async_slam_toolbox_node\n'}
[2.559760] (slam_toolbox) StdoutLine: {'line': b'[ 91%] Built target localization_slam_toolbox_node\n'}
[2.560521] (sllidar_ros2) StdoutLine: {'line': b'[ 10%] Built target sllidar_client\n'}
[2.561230] (sllidar_ros2) StdoutLine: {'line': b'[100%] Built target sllidar_node\n'}
[2.582803] (sllidar_ros2) CommandEnded: {'returncode': 0}
[2.584276] (sllidar_ros2) JobProgress: {'identifier': 'sllidar_ros2', 'progress': 'install'}
[2.628890] (sllidar_ros2) Command: {'cmd': ['/usr/bin/cmake', '--install', '/home/ubuntu/spas_ws/build/sllidar_ros2'], 'cwd': '/home/ubuntu/spas_ws/build/sllidar_ros2', 'env': OrderedDict([('PYTHON_BASIC_REPL', '1'), ('LESSOPEN', '| /usr/bin/lesspipe %s'), ('USER', 'ubuntu'), ('SSH_CLIENT', '192.168.57.146 51130 22'), ('XDG_SESSION_TYPE', 'tty'), ('GIT_ASKPASS', '/home/ubuntu/.vscode-server/cli/servers/Stable-8761a5560cfd65fdd19ce7e2bd18dab5c0a4d84e/server/extensions/git/dist/askpass.sh'), ('SHLVL', '1'), ('LD_LIBRARY_PATH', '/home/ubuntu/spas_ws/install/slam_toolbox/lib:/opt/ros/humble/opt/rviz_ogre_vendor/lib:/opt/ros/humble/lib/aarch64-linux-gnu:/opt/ros/humble/lib'), ('BROWSER', '/home/ubuntu/.vscode-server/cli/servers/Stable-8761a5560cfd65fdd19ce7e2bd18dab5c0a4d84e/server/bin/helpers/browser.sh'), ('MOTD_SHOWN', 'pam'), ('HOME', '/home/ubuntu'), ('OLDPWD', '/home/ubuntu'), ('TERM_PROGRAM_VERSION', '1.122.1'), ('VSCODE_IPC_HOOK_CLI', '/run/user/1000/vscode-ipc-cb0d5506-bb9e-4971-a92b-eed190fc42e1.sock'), ('ROS_PYTHON_VERSION', '3'), ('VSCODE_GIT_ASKPASS_MAIN', '/home/ubuntu/.vscode-server/cli/servers/Stable-8761a5560cfd65fdd19ce7e2bd18dab5c0a4d84e/server/extensions/git/dist/askpass-main.js'), ('VSCODE_GIT_ASKPASS_NODE', '/home/ubuntu/.vscode-server/cli/servers/Stable-8761a5560cfd65fdd19ce7e2bd18dab5c0a4d84e/server/node'), ('PYDEVD_DISABLE_FILE_VALIDATION', '1'), ('BUNDLED_DEBUGPY_PATH', '/home/ubuntu/.vscode-server/extensions/ms-python.debugpy-2026.6.0/bundled/libs/debugpy'), ('VSCODE_PYTHON_AUTOACTIVATE_GUARD', '1'), ('DBUS_SESSION_BUS_ADDRESS', 'unix:path=/run/user/1000/bus'), ('COLORTERM', 'truecolor'), ('COLCON_PREFIX_PATH', '/home/ubuntu/spas_ws/install'), ('ROS_DISTRO', 'humble'), ('LOGNAME', 'ubuntu'), ('_', '/usr/bin/colcon'), ('ROS_VERSION', '2'), ('XDG_SESSION_CLASS', 'user'), ('TERM', 'xterm-256color'), ('XDG_SESSION_ID', '1'), ('ROS_LOCALHOST_ONLY', '0'), ('PATH', '/home/ubuntu/.vscode-server/cli/servers/Stable-8761a5560cfd65fdd19ce7e2bd18dab5c0a4d84e/server/bin/remote-cli:/home/ubuntu/.local/bin:/opt/ros/humble/bin:/usr/local/sbin:/usr/local/bin:/usr/sbin:/usr/bin:/sbin:/bin:/usr/games:/usr/local/games:/snap/bin:/usr/local/bin:/home/ubuntu/.vscode-server/extensions/ms-python.debugpy-2026.6.0/bundled/scripts/noConfigScripts:/usr/local/bin'), ('XDG_RUNTIME_DIR', '/run/user/1000'), ('VSCODE_DEBUGPY_ADAPTER_ENDPOINTS', '/home/ubuntu/.vscode-server/extensions/ms-python.debugpy-2026.6.0/.noConfigDebugAdapterEndpoints/endpoint-1ba2707a56f8ef83.txt'), ('LANG', 'en_US.UTF-8'), ('PYTHONSTARTUP', '/home/ubuntu/.vscode-server/data/User/workspaceStorage/e032697359c870186215dbcd294e7172/ms-python.python/pythonrc.py'), ('LS_COLORS', 'rs=0:di=01;34:ln=01;36:mh=00:pi=40;33:so=01;35:do=01;35:bd=40;33;01:cd=40;33;01:or=40;31;01:mi=00:su=37;41:sg=30;43:ca=30;41:tw=30;42:ow=34;42:st=37;44:ex=01;32:*.tar=01;31:*.tgz=01;31:*.arc=01;31:*.arj=01;31:*.taz=01;31:*.lha=01;31:*.lz4=01;31:*.lzh=01;31:*.lzma=01;31:*.tlz=01;31:*.txz=01;31:*.tzo=01;31:*.t7z=01;31:*.zip=01;31:*.z=01;31:*.dz=01;31:*.gz=01;31:*.lrz=01;31:*.lz=01;31:*.lzo=01;31:*.xz=01;31:*.zst=01;31:*.tzst=01;31:*.bz2=01;31:*.bz=01;31:*.tbz=01;31:*.tbz2=01;31:*.tz=01;31:*.deb=01;31:*.rpm=01;31:*.jar=01;31:*.war=01;31:*.ear=01;31:*.sar=01;31:*.rar=01;31:*.alz=01;31:*.ace=01;31:*.zoo=01;31:*.cpio=01;31:*.7z=01;31:*.rz=01;31:*.cab=01;31:*.wim=01;31:*.swm=01;31:*.dwm=01;31:*.esd=01;31:*.jpg=01;35:*.jpeg=01;35:*.mjpg=01;35:*.mjpeg=01;35:*.gif=01;35:*.bmp=01;35:*.pbm=01;35:*.pgm=01;35:*.ppm=01;35:*.tga=01;35:*.xbm=01;35:*.xpm=01;35:*.tif=01;35:*.tiff=01;35:*.png=01;35:*.svg=01;35:*.svgz=01;35:*.mng=01;35:*.pcx=01;35:*.mov=01;35:*.mpg=01;35:*.mpeg=01;35:*.m2v=01;35:*.mkv=01;35:*.webm=01;35:*.webp=01;35:*.ogm=01;35:*.mp4=01;35:*.m4v=01;35:*.mp4v=01;35:*.vob=01;35:*.qt=01;35:*.nuv=01;35:*.wmv=01;35:*.asf=01;35:*.rm=01;35:*.rmvb=01;35:*.flc=01;35:*.avi=01;35:*.fli=01;35:*.flv=01;35:*.gl=01;35:*.dl=01;35:*.xcf=01;35:*.xwd=01;35:*.yuv=01;35:*.cgm=01;35:*.emf=01;35:*.ogv=01;35:*.ogx=01;35:*.aac=00;36:*.au=00;36:*.flac=00;36:*.m4a=00;36:*.mid=00;36:*.midi=00;36:*.mka=00;36:*.mp3=00;36:*.mpc=00;36:*.ogg=00;36:*.ra=00;36:*.wav=00;36:*.oga=00;36:*.opus=00;36:*.spx=00;36:*.xspf=00;36:'), ('VSCODE_GIT_IPC_HANDLE', '/run/user/1000/vscode-git-c858e614bc.sock'), ('TERM_PROGRAM', 'vscode'), ('ROS_DOMAIN_ID', '1'), ('AMENT_PREFIX_PATH', '/home/ubuntu/spas_ws/install/spas_planning:/home/ubuntu/spas_ws/install/spas_perception:/home/ubuntu/spas_ws/install/spas_control:/home/ubuntu/spas_ws/install/spas_bringup:/home/ubuntu/spas_ws/install/sllidar_ros2:/home/ubuntu/spas_ws/install/slam_toolbox:/opt/ros/humble'), ('SHELL', '/bin/bash'), ('LESSCLOSE', '/usr/bin/lesspipe %s %s'), ('VSCODE_GIT_ASKPASS_EXTRA_ARGS', ''), ('PWD', '/home/ubuntu/spas_ws/build/sllidar_ros2'), ('LC_ALL', 'en_US.UTF-8'), ('SSH_CONNECTION', '192.168.57.146 51130 192.168.57.18 22'), ('XDG_DATA_DIRS', '/usr/share/gnome:/usr/local/share:/usr/share:/var/lib/snapd/desktop'), ('PYTHONPATH', '/home/ubuntu/spas_ws/build/spas_planning:/home/ubuntu/spas_ws/install/spas_planning/lib/python3.10/site-packages:/home/ubuntu/spas_ws/build/spas_perception:/home/ubuntu/spas_ws/install/spas_perception/lib/python3.10/site-packages:/home/ubuntu/spas_ws/build/spas_control:/home/ubuntu/spas_ws/install/spas_control/lib/python3.10/site-packages:/home/ubuntu/spas_ws/install/slam_toolbox/local/lib/python3.10/dist-packages:/opt/ros/humble/lib/python3.10/site-packages:/opt/ros/humble/local/lib/python3.10/dist-packages:/usr/local/lib/python3/dist-packages:/usr/local/lib/python3/dist-packages'), ('COLCON', '1'), ('CMAKE_PREFIX_PATH', '/home/ubuntu/spas_ws/install/spas_bringup:/home/ubuntu/spas_ws/install/sllidar_ros2:/home/ubuntu/spas_ws/install/slam_toolbox:/home/ubuntu/spas_ws/install/spas_planning:/home/ubuntu/spas_ws/install/spas_perception:/home/ubuntu/spas_ws/install/spas_control:/opt/ros/humble')]), 'shell': False}
[2.636414] (-) TimerEvent: {}
[2.689504] (slam_toolbox) StdoutLine: {'line': b'[ 93%] Built target lifelong_slam_toolbox_node\n'}
[2.726236] (slam_toolbox) StdoutLine: {'line': b'[ 95%] Built target map_and_localization_slam_toolbox\n'}
[2.733150] (slam_toolbox) StdoutLine: {'line': b'[ 97%] Built target slam_toolbox__rosidl_typesupport_fastrtps_c__pyext\n'}
[2.736573] (-) TimerEvent: {}
[2.838360] (-) TimerEvent: {}
[2.908107] (slam_toolbox) StdoutLine: {'line': b'[ 98%] Built target slam_toolbox__rosidl_typesupport_c__pyext\n'}
[2.938571] (-) TimerEvent: {}
[2.943781] (slam_toolbox) StdoutLine: {'line': b'[ 99%] Built target slam_toolbox__rosidl_typesupport_introspection_c__pyext\n'}
[3.038780] (-) TimerEvent: {}
[3.043253] (slam_toolbox) StdoutLine: {'line': b'[100%] Built target map_and_localization_slam_toolbox_node\n'}
[3.139014] (-) TimerEvent: {}
[3.239884] (-) TimerEvent: {}
[3.340280] (slam_toolbox) StdoutLine: {'line': b'running egg_info\n'}
[3.340871] (-) TimerEvent: {}
[3.342910] (slam_toolbox) StdoutLine: {'line': b'writing slam_toolbox.egg-info/PKG-INFO\n'}
[3.343999] (slam_toolbox) StdoutLine: {'line': b'writing dependency_links to slam_toolbox.egg-info/dependency_links.txt\n'}
[3.345079] (slam_toolbox) StdoutLine: {'line': b'writing top-level names to slam_toolbox.egg-info/top_level.txt\n'}
[3.357118] (slam_toolbox) StdoutLine: {'line': b"reading manifest file 'slam_toolbox.egg-info/SOURCES.txt'\n"}
[3.361262] (slam_toolbox) StdoutLine: {'line': b"writing manifest file 'slam_toolbox.egg-info/SOURCES.txt'\n"}
[3.441238] (-) TimerEvent: {}
[3.503989] (slam_toolbox) StdoutLine: {'line': b'[100%] Built target ament_cmake_python_build_slam_toolbox_egg\n'}
[3.541396] (-) TimerEvent: {}
[3.642107] (-) TimerEvent: {}
[3.742808] (-) TimerEvent: {}
[3.843457] (-) TimerEvent: {}
[3.944160] (-) TimerEvent: {}
[4.044861] (-) TimerEvent: {}
[4.145588] (-) TimerEvent: {}
[4.246589] (-) TimerEvent: {}
[4.347360] (-) TimerEvent: {}
[4.377282] (sllidar_ros2) StdoutLine: {'line': b'-- Install configuration: ""\n'}
[4.379122] (sllidar_ros2) StdoutLine: {'line': b'-- Execute custom install script\n'}
[4.379749] (sllidar_ros2) StdoutLine: {'line': b'-- Up-to-date symlink: /home/ubuntu/spas_ws/install/sllidar_ros2/share/sllidar_ros2/launch/sllidar_a1_launch.py\n'}
[4.380232] (sllidar_ros2) StdoutLine: {'line': b'-- Up-to-date symlink: /home/ubuntu/spas_ws/install/sllidar_ros2/share/sllidar_ros2/launch/sllidar_a2m12_launch .py\n'}
[4.381101] (sllidar_ros2) StdoutLine: {'line': b'-- Up-to-date symlink: /home/ubuntu/spas_ws/install/sllidar_ros2/share/sllidar_ros2/launch/sllidar_a2m7_launch.py\n'}
[4.382892] (sllidar_ros2) StdoutLine: {'line': b'-- Up-to-date symlink: /home/ubuntu/spas_ws/install/sllidar_ros2/share/sllidar_ros2/launch/sllidar_a2m8_launch.py\n'}
[4.384059] (sllidar_ros2) StdoutLine: {'line': b'-- Up-to-date symlink: /home/ubuntu/spas_ws/install/sllidar_ros2/share/sllidar_ros2/launch/sllidar_a3_launch.py\n'}
[4.388084] (sllidar_ros2) StdoutLine: {'line': b'-- Up-to-date symlink: /home/ubuntu/spas_ws/install/sllidar_ros2/share/sllidar_ros2/launch/sllidar_c1_launch.py\n'}
[4.389614] (sllidar_ros2) StdoutLine: {'line': b'-- Up-to-date symlink: /home/ubuntu/spas_ws/install/sllidar_ros2/share/sllidar_ros2/launch/sllidar_s1_launch.py\n'}
[4.391963] (sllidar_ros2) StdoutLine: {'line': b'-- Up-to-date symlink: /home/ubuntu/spas_ws/install/sllidar_ros2/share/sllidar_ros2/launch/sllidar_s1_tcp_launch.py\n'}
[4.394479] (sllidar_ros2) StdoutLine: {'line': b'-- Up-to-date symlink: /home/ubuntu/spas_ws/install/sllidar_ros2/share/sllidar_ros2/launch/sllidar_s2_launch.py\n'}
[4.397487] (sllidar_ros2) StdoutLine: {'line': b'-- Up-to-date symlink: /home/ubuntu/spas_ws/install/sllidar_ros2/share/sllidar_ros2/launch/sllidar_s2e_launch.py\n'}
[4.400016] (sllidar_ros2) StdoutLine: {'line': b'-- Up-to-date symlink: /home/ubuntu/spas_ws/install/sllidar_ros2/share/sllidar_ros2/launch/sllidar_s3_launch.py\n'}
[4.400866] (sllidar_ros2) StdoutLine: {'line': b'-- Up-to-date symlink: /home/ubuntu/spas_ws/install/sllidar_ros2/share/sllidar_ros2/launch/sllidar_t1_launch.py\n'}
[4.401534] (sllidar_ros2) StdoutLine: {'line': b'-- Up-to-date symlink: /home/ubuntu/spas_ws/install/sllidar_ros2/share/sllidar_ros2/launch/view_sllidar_a1_launch.py\n'}
[4.402125] (sllidar_ros2) StdoutLine: {'line': b'-- Up-to-date symlink: /home/ubuntu/spas_ws/install/sllidar_ros2/share/sllidar_ros2/launch/view_sllidar_a2m12_launch.py\n'}
[4.403238] (sllidar_ros2) StdoutLine: {'line': b'-- Up-to-date symlink: /home/ubuntu/spas_ws/install/sllidar_ros2/share/sllidar_ros2/launch/view_sllidar_a2m7_launch.py\n'}
[4.403779] (sllidar_ros2) StdoutLine: {'line': b'-- Up-to-date symlink: /home/ubuntu/spas_ws/install/sllidar_ros2/share/sllidar_ros2/launch/view_sllidar_a2m8_launch.py\n'}
[4.405088] (sllidar_ros2) StdoutLine: {'line': b'-- Up-to-date symlink: /home/ubuntu/spas_ws/install/sllidar_ros2/share/sllidar_ros2/launch/view_sllidar_a3_launch.py\n'}
[4.405878] (sllidar_ros2) StdoutLine: {'line': b'-- Up-to-date symlink: /home/ubuntu/spas_ws/install/sllidar_ros2/share/sllidar_ros2/launch/view_sllidar_c1_launch.py\n'}
[4.407026] (sllidar_ros2) StdoutLine: {'line': b'-- Up-to-date symlink: /home/ubuntu/spas_ws/install/sllidar_ros2/share/sllidar_ros2/launch/view_sllidar_s1_launch.py\n'}
[4.407695] (sllidar_ros2) StdoutLine: {'line': b'-- Up-to-date symlink: /home/ubuntu/spas_ws/install/sllidar_ros2/share/sllidar_ros2/launch/view_sllidar_s1_tcp_launch.py\n'}
[4.408356] (sllidar_ros2) StdoutLine: {'line': b'-- Up-to-date symlink: /home/ubuntu/spas_ws/install/sllidar_ros2/share/sllidar_ros2/launch/view_sllidar_s2_launch.py\n'}
[4.409043] (sllidar_ros2) StdoutLine: {'line': b'-- Up-to-date symlink: /home/ubuntu/spas_ws/install/sllidar_ros2/share/sllidar_ros2/launch/view_sllidar_s2e_launch.py\n'}
[4.409594] (sllidar_ros2) StdoutLine: {'line': b'-- Up-to-date symlink: /home/ubuntu/spas_ws/install/sllidar_ros2/share/sllidar_ros2/launch/view_sllidar_s3_launch.py\n'}
[4.410248] (sllidar_ros2) StdoutLine: {'line': b'-- Up-to-date symlink: /home/ubuntu/spas_ws/install/sllidar_ros2/share/sllidar_ros2/launch/view_sllidar_t1_launch.py\n'}
[4.410748] (sllidar_ros2) StdoutLine: {'line': b'-- Up-to-date symlink: /home/ubuntu/spas_ws/install/sllidar_ros2/share/sllidar_ros2/rviz/sllidar_ros2.rviz\n'}
[4.411092] (sllidar_ros2) StdoutLine: {'line': b'-- Up-to-date symlink: /home/ubuntu/spas_ws/install/sllidar_ros2/lib/sllidar_ros2/sllidar_node\n'}
[4.411808] (sllidar_ros2) StdoutLine: {'line': b'-- Up-to-date symlink: /home/ubuntu/spas_ws/install/sllidar_ros2/lib/sllidar_ros2/sllidar_client\n'}
[4.412319] (sllidar_ros2) StdoutLine: {'line': b'-- Up-to-date symlink: /home/ubuntu/spas_ws/install/sllidar_ros2/share/ament_index/resource_index/package_run_dependencies/sllidar_ros2\n'}
[4.412982] (sllidar_ros2) StdoutLine: {'line': b'-- Up-to-date symlink: /home/ubuntu/spas_ws/install/sllidar_ros2/share/ament_index/resource_index/parent_prefix_path/sllidar_ros2\n'}
[4.413402] (sllidar_ros2) StdoutLine: {'line': b'-- Up-to-date symlink: /home/ubuntu/spas_ws/install/sllidar_ros2/share/sllidar_ros2/environment/ament_prefix_path.sh\n'}
[4.413748] (sllidar_ros2) StdoutLine: {'line': b'-- Up-to-date symlink: /home/ubuntu/spas_ws/install/sllidar_ros2/share/sllidar_ros2/environment/ament_prefix_path.dsv\n'}
[4.414380] (sllidar_ros2) StdoutLine: {'line': b'-- Up-to-date symlink: /home/ubuntu/spas_ws/install/sllidar_ros2/share/sllidar_ros2/environment/path.sh\n'}
[4.414919] (sllidar_ros2) StdoutLine: {'line': b'-- Up-to-date symlink: /home/ubuntu/spas_ws/install/sllidar_ros2/share/sllidar_ros2/environment/path.dsv\n'}
[4.415249] (sllidar_ros2) StdoutLine: {'line': b'-- Up-to-date symlink: /home/ubuntu/spas_ws/install/sllidar_ros2/share/sllidar_ros2/local_setup.bash\n'}
[4.415873] (sllidar_ros2) StdoutLine: {'line': b'-- Up-to-date symlink: /home/ubuntu/spas_ws/install/sllidar_ros2/share/sllidar_ros2/local_setup.sh\n'}
[4.416858] (sllidar_ros2) StdoutLine: {'line': b'-- Up-to-date symlink: /home/ubuntu/spas_ws/install/sllidar_ros2/share/sllidar_ros2/local_setup.zsh\n'}
[4.417442] (sllidar_ros2) StdoutLine: {'line': b'-- Up-to-date symlink: /home/ubuntu/spas_ws/install/sllidar_ros2/share/sllidar_ros2/local_setup.dsv\n'}
[4.418128] (sllidar_ros2) StdoutLine: {'line': b'-- Symlinking: /home/ubuntu/spas_ws/install/sllidar_ros2/share/sllidar_ros2/package.dsv\n'}
[4.418785] (sllidar_ros2) StdoutLine: {'line': b'-- Up-to-date symlink: /home/ubuntu/spas_ws/install/sllidar_ros2/share/ament_index/resource_index/packages/sllidar_ros2\n'}
[4.419329] (sllidar_ros2) StdoutLine: {'line': b'-- Up-to-date symlink: /home/ubuntu/spas_ws/install/sllidar_ros2/share/sllidar_ros2/cmake/ament_cmake_export_dependencies-extras.cmake\n'}
[4.420314] (sllidar_ros2) StdoutLine: {'line': b'-- Up-to-date symlink: /home/ubuntu/spas_ws/install/sllidar_ros2/share/sllidar_ros2/cmake/ament_cmake_export_include_directories-extras.cmake\n'}
[4.420959] (sllidar_ros2) StdoutLine: {'line': b'-- Up-to-date symlink: /home/ubuntu/spas_ws/install/sllidar_ros2/share/sllidar_ros2/cmake/sllidar_ros2Config.cmake\n'}
[4.422180] (sllidar_ros2) StdoutLine: {'line': b'-- Up-to-date symlink: /home/ubuntu/spas_ws/install/sllidar_ros2/share/sllidar_ros2/cmake/sllidar_ros2Config-version.cmake\n'}
[4.422569] (sllidar_ros2) StdoutLine: {'line': b'-- Up-to-date symlink: /home/ubuntu/spas_ws/install/sllidar_ros2/share/sllidar_ros2/package.xml\n'}
[4.423485] (sllidar_ros2) CommandEnded: {'returncode': 0}
[4.448306] (-) TimerEvent: {}
[4.510551] (sllidar_ros2) JobEnded: {'identifier': 'sllidar_ros2', 'rc': 0}
[4.512521] (slam_toolbox) CommandEnded: {'returncode': 0}
[4.514586] (slam_toolbox) JobProgress: {'identifier': 'slam_toolbox', 'progress': 'install'}
[4.516507] (slam_toolbox) Command: {'cmd': ['/usr/bin/cmake', '--install', '/home/ubuntu/spas_ws/build/slam_toolbox'], 'cwd': '/home/ubuntu/spas_ws/build/slam_toolbox', 'env': OrderedDict([('PYTHON_BASIC_REPL', '1'), ('LESSOPEN', '| /usr/bin/lesspipe %s'), ('USER', 'ubuntu'), ('SSH_CLIENT', '192.168.57.146 51130 22'), ('XDG_SESSION_TYPE', 'tty'), ('GIT_ASKPASS', '/home/ubuntu/.vscode-server/cli/servers/Stable-8761a5560cfd65fdd19ce7e2bd18dab5c0a4d84e/server/extensions/git/dist/askpass.sh'), ('SHLVL', '1'), ('LD_LIBRARY_PATH', '/home/ubuntu/spas_ws/install/slam_toolbox/lib:/opt/ros/humble/opt/rviz_ogre_vendor/lib:/opt/ros/humble/lib/aarch64-linux-gnu:/opt/ros/humble/lib'), ('BROWSER', '/home/ubuntu/.vscode-server/cli/servers/Stable-8761a5560cfd65fdd19ce7e2bd18dab5c0a4d84e/server/bin/helpers/browser.sh'), ('MOTD_SHOWN', 'pam'), ('HOME', '/home/ubuntu'), ('OLDPWD', '/home/ubuntu'), ('TERM_PROGRAM_VERSION', '1.122.1'), ('VSCODE_IPC_HOOK_CLI', '/run/user/1000/vscode-ipc-cb0d5506-bb9e-4971-a92b-eed190fc42e1.sock'), ('ROS_PYTHON_VERSION', '3'), ('VSCODE_GIT_ASKPASS_MAIN', '/home/ubuntu/.vscode-server/cli/servers/Stable-8761a5560cfd65fdd19ce7e2bd18dab5c0a4d84e/server/extensions/git/dist/askpass-main.js'), ('VSCODE_GIT_ASKPASS_NODE', '/home/ubuntu/.vscode-server/cli/servers/Stable-8761a5560cfd65fdd19ce7e2bd18dab5c0a4d84e/server/node'), ('PYDEVD_DISABLE_FILE_VALIDATION', '1'), ('BUNDLED_DEBUGPY_PATH', '/home/ubuntu/.vscode-server/extensions/ms-python.debugpy-2026.6.0/bundled/libs/debugpy'), ('VSCODE_PYTHON_AUTOACTIVATE_GUARD', '1'), ('DBUS_SESSION_BUS_ADDRESS', 'unix:path=/run/user/1000/bus'), ('COLORTERM', 'truecolor'), ('COLCON_PREFIX_PATH', '/home/ubuntu/spas_ws/install'), ('ROS_DISTRO', 'humble'), ('LOGNAME', 'ubuntu'), ('_', '/usr/bin/colcon'), ('ROS_VERSION', '2'), ('XDG_SESSION_CLASS', 'user'), ('TERM', 'xterm-256color'), ('XDG_SESSION_ID', '1'), ('ROS_LOCALHOST_ONLY', '0'), ('PATH', '/home/ubuntu/.vscode-server/cli/servers/Stable-8761a5560cfd65fdd19ce7e2bd18dab5c0a4d84e/server/bin/remote-cli:/home/ubuntu/.local/bin:/opt/ros/humble/bin:/usr/local/sbin:/usr/local/bin:/usr/sbin:/usr/bin:/sbin:/bin:/usr/games:/usr/local/games:/snap/bin:/usr/local/bin:/home/ubuntu/.vscode-server/extensions/ms-python.debugpy-2026.6.0/bundled/scripts/noConfigScripts:/usr/local/bin'), ('XDG_RUNTIME_DIR', '/run/user/1000'), ('VSCODE_DEBUGPY_ADAPTER_ENDPOINTS', '/home/ubuntu/.vscode-server/extensions/ms-python.debugpy-2026.6.0/.noConfigDebugAdapterEndpoints/endpoint-1ba2707a56f8ef83.txt'), ('LANG', 'en_US.UTF-8'), ('PYTHONSTARTUP', '/home/ubuntu/.vscode-server/data/User/workspaceStorage/e032697359c870186215dbcd294e7172/ms-python.python/pythonrc.py'), ('LS_COLORS', 'rs=0:di=01;34:ln=01;36:mh=00:pi=40;33:so=01;35:do=01;35:bd=40;33;01:cd=40;33;01:or=40;31;01:mi=00:su=37;41:sg=30;43:ca=30;41:tw=30;42:ow=34;42:st=37;44:ex=01;32:*.tar=01;31:*.tgz=01;31:*.arc=01;31:*.arj=01;31:*.taz=01;31:*.lha=01;31:*.lz4=01;31:*.lzh=01;31:*.lzma=01;31:*.tlz=01;31:*.txz=01;31:*.tzo=01;31:*.t7z=01;31:*.zip=01;31:*.z=01;31:*.dz=01;31:*.gz=01;31:*.lrz=01;31:*.lz=01;31:*.lzo=01;31:*.xz=01;31:*.zst=01;31:*.tzst=01;31:*.bz2=01;31:*.bz=01;31:*.tbz=01;31:*.tbz2=01;31:*.tz=01;31:*.deb=01;31:*.rpm=01;31:*.jar=01;31:*.war=01;31:*.ear=01;31:*.sar=01;31:*.rar=01;31:*.alz=01;31:*.ace=01;31:*.zoo=01;31:*.cpio=01;31:*.7z=01;31:*.rz=01;31:*.cab=01;31:*.wim=01;31:*.swm=01;31:*.dwm=01;31:*.esd=01;31:*.jpg=01;35:*.jpeg=01;35:*.mjpg=01;35:*.mjpeg=01;35:*.gif=01;35:*.bmp=01;35:*.pbm=01;35:*.pgm=01;35:*.ppm=01;35:*.tga=01;35:*.xbm=01;35:*.xpm=01;35:*.tif=01;35:*.tiff=01;35:*.png=01;35:*.svg=01;35:*.svgz=01;35:*.mng=01;35:*.pcx=01;35:*.mov=01;35:*.mpg=01;35:*.mpeg=01;35:*.m2v=01;35:*.mkv=01;35:*.webm=01;35:*.webp=01;35:*.ogm=01;35:*.mp4=01;35:*.m4v=01;35:*.mp4v=01;35:*.vob=01;35:*.qt=01;35:*.nuv=01;35:*.wmv=01;35:*.asf=01;35:*.rm=01;35:*.rmvb=01;35:*.flc=01;35:*.avi=01;35:*.fli=01;35:*.flv=01;35:*.gl=01;35:*.dl=01;35:*.xcf=01;35:*.xwd=01;35:*.yuv=01;35:*.cgm=01;35:*.emf=01;35:*.ogv=01;35:*.ogx=01;35:*.aac=00;36:*.au=00;36:*.flac=00;36:*.m4a=00;36:*.mid=00;36:*.midi=00;36:*.mka=00;36:*.mp3=00;36:*.mpc=00;36:*.ogg=00;36:*.ra=00;36:*.wav=00;36:*.oga=00;36:*.opus=00;36:*.spx=00;36:*.xspf=00;36:'), ('VSCODE_GIT_IPC_HANDLE', '/run/user/1000/vscode-git-c858e614bc.sock'), ('TERM_PROGRAM', 'vscode'), ('ROS_DOMAIN_ID', '1'), ('AMENT_PREFIX_PATH', '/home/ubuntu/spas_ws/install/spas_planning:/home/ubuntu/spas_ws/install/spas_perception:/home/ubuntu/spas_ws/install/spas_control:/home/ubuntu/spas_ws/install/spas_bringup:/home/ubuntu/spas_ws/install/sllidar_ros2:/home/ubuntu/spas_ws/install/slam_toolbox:/opt/ros/humble'), ('SHELL', '/bin/bash'), ('LESSCLOSE', '/usr/bin/lesspipe %s %s'), ('VSCODE_GIT_ASKPASS_EXTRA_ARGS', ''), ('PWD', '/home/ubuntu/spas_ws/build/slam_toolbox'), ('LC_ALL', 'en_US.UTF-8'), ('SSH_CONNECTION', '192.168.57.146 51130 192.168.57.18 22'), ('XDG_DATA_DIRS', '/usr/share/gnome:/usr/local/share:/usr/share:/var/lib/snapd/desktop'), ('PYTHONPATH', '/home/ubuntu/spas_ws/build/spas_planning:/home/ubuntu/spas_ws/install/spas_planning/lib/python3.10/site-packages:/home/ubuntu/spas_ws/build/spas_perception:/home/ubuntu/spas_ws/install/spas_perception/lib/python3.10/site-packages:/home/ubuntu/spas_ws/build/spas_control:/home/ubuntu/spas_ws/install/spas_control/lib/python3.10/site-packages:/home/ubuntu/spas_ws/install/slam_toolbox/local/lib/python3.10/dist-packages:/opt/ros/humble/lib/python3.10/site-packages:/opt/ros/humble/local/lib/python3.10/dist-packages:/usr/local/lib/python3/dist-packages:/usr/local/lib/python3/dist-packages'), ('COLCON', '1'), ('CMAKE_PREFIX_PATH', '/home/ubuntu/spas_ws/install/spas_bringup:/home/ubuntu/spas_ws/install/sllidar_ros2:/home/ubuntu/spas_ws/install/slam_toolbox:/home/ubuntu/spas_ws/install/spas_planning:/home/ubuntu/spas_ws/install/spas_perception:/home/ubuntu/spas_ws/install/spas_control:/opt/ros/humble')]), 'shell': False}
[4.526253] (spas_planning) JobStarted: {'identifier': 'spas_planning'}
[4.548504] (-) TimerEvent: {}
[4.570804] (slam_toolbox) StdoutLine: {'line': b'-- Install configuration: "Release"\n'}
[4.572105] (slam_toolbox) StdoutLine: {'line': b'-- Execute custom install script\n'}
[4.574498] (slam_toolbox) StdoutLine: {'line': b'-- Up-to-date symlink: /home/ubuntu/spas_ws/install/slam_toolbox/include//karto_sdk/Karto.h\n'}
[4.575601] (slam_toolbox) StdoutLine: {'line': b'-- Up-to-date symlink: /home/ubuntu/spas_ws/install/slam_toolbox/include//karto_sdk/Macros.h\n'}
[4.577636] (slam_toolbox) StdoutLine: {'line': b'-- Up-to-date symlink: /home/ubuntu/spas_ws/install/slam_toolbox/include//karto_sdk/Mapper.h\n'}
[4.578909] (slam_toolbox) StdoutLine: {'line': b'-- Up-to-date symlink: /home/ubuntu/spas_ws/install/slam_toolbox/include//karto_sdk/Math.h\n'}
[4.582338] (slam_toolbox) StdoutLine: {'line': b'-- Up-to-date symlink: /home/ubuntu/spas_ws/install/slam_toolbox/include//karto_sdk/Types.h\n'}
[4.582854] (slam_toolbox) StdoutLine: {'line': b'-- Up-to-date symlink: /home/ubuntu/spas_ws/install/slam_toolbox/include//karto_sdk/nanoflann.hpp\n'}
[4.583229] (slam_toolbox) StdoutLine: {'line': b'-- Up-to-date symlink: /home/ubuntu/spas_ws/install/slam_toolbox/include//karto_sdk/nanoflann_adaptors.h\n'}
[4.583551] (slam_toolbox) StdoutLine: {'line': b'-- Up-to-date symlink: /home/ubuntu/spas_ws/install/slam_toolbox/share/ament_index/resource_index/rosidl_interfaces/slam_toolbox\n'}
[4.585215] (slam_toolbox) StdoutLine: {'line': b'-- Up-to-date symlink: /home/ubuntu/spas_ws/install/slam_toolbox/include/slam_toolbox/slam_toolbox/msg/rosidl_generator_c__visibility_control.h\n'}
[4.586712] (slam_toolbox) StdoutLine: {'line': b'-- Up-to-date symlink: /home/ubuntu/spas_ws/install/slam_toolbox/include/slam_toolbox/slam_toolbox/srv/add_submap.h\n'}
[4.588112] (slam_toolbox) StdoutLine: {'line': b'-- Up-to-date symlink: /home/ubuntu/spas_ws/install/slam_toolbox/include/slam_toolbox/slam_toolbox/srv/clear.h\n'}
[4.589419] (slam_toolbox) StdoutLine: {'line': b'-- Up-to-date symlink: /home/ubuntu/spas_ws/install/slam_toolbox/include/slam_toolbox/slam_toolbox/srv/clear_queue.h\n'}
[4.590846] (slam_toolbox) StdoutLine: {'line': b'-- Up-to-date symlink: /home/ubuntu/spas_ws/install/slam_toolbox/include/slam_toolbox/slam_toolbox/srv/deserialize_pose_graph.h\n'}
[4.593397] (slam_toolbox) StdoutLine: {'line': b'-- Up-to-date symlink: /home/ubuntu/spas_ws/install/slam_toolbox/include/slam_toolbox/slam_toolbox/srv/detail/add_submap__functions.h\n'}
[4.595371] (slam_toolbox) StdoutLine: {'line': b'-- Up-to-date symlink: /home/ubuntu/spas_ws/install/slam_toolbox/include/slam_toolbox/slam_toolbox/srv/detail/add_submap__struct.h\n'}
[4.596599] (slam_toolbox) StdoutLine: {'line': b'-- Up-to-date symlink: /home/ubuntu/spas_ws/install/slam_toolbox/include/slam_toolbox/slam_toolbox/srv/detail/add_submap__type_support.h\n'}
[4.597940] (slam_toolbox) StdoutLine: {'line': b'-- Up-to-date symlink: /home/ubuntu/spas_ws/install/slam_toolbox/include/slam_toolbox/slam_toolbox/srv/detail/clear__functions.h\n'}
[4.599230] (slam_toolbox) StdoutLine: {'line': b'-- Up-to-date symlink: /home/ubuntu/spas_ws/install/slam_toolbox/include/slam_toolbox/slam_toolbox/srv/detail/clear__struct.h\n'}
[4.600568] (slam_toolbox) StdoutLine: {'line': b'-- Up-to-date symlink: /home/ubuntu/spas_ws/install/slam_toolbox/include/slam_toolbox/slam_toolbox/srv/detail/clear__type_support.h\n'}
[4.608202] (slam_toolbox) StdoutLine: {'line': b'-- Up-to-date symlink: /home/ubuntu/spas_ws/install/slam_toolbox/include/slam_toolbox/slam_toolbox/srv/detail/clear_queue__functions.h\n'}
[4.614203] (slam_toolbox) StdoutLine: {'line': b'-- Up-to-date symlink: /home/ubuntu/spas_ws/install/slam_toolbox/include/slam_toolbox/slam_toolbox/srv/detail/clear_queue__struct.h\n'}
[4.615093] (slam_toolbox) StdoutLine: {'line': b'-- Up-to-date symlink: /home/ubuntu/spas_ws/install/slam_toolbox/include/slam_toolbox/slam_toolbox/srv/detail/clear_queue__type_support.h\n'}
[4.615906] (slam_toolbox) StdoutLine: {'line': b'-- Up-to-date symlink: /home/ubuntu/spas_ws/install/slam_toolbox/include/slam_toolbox/slam_toolbox/srv/detail/deserialize_pose_graph__functions.h\n'}
[4.616797] (slam_toolbox) StdoutLine: {'line': b'-- Up-to-date symlink: /home/ubuntu/spas_ws/install/slam_toolbox/include/slam_toolbox/slam_toolbox/srv/detail/deserialize_pose_graph__struct.h\n'}
[4.617451] (slam_toolbox) StdoutLine: {'line': b'-- Up-to-date symlink: /home/ubuntu/spas_ws/install/slam_toolbox/include/slam_toolbox/slam_toolbox/srv/detail/deserialize_pose_graph__type_support.h\n'}
[4.618781] (slam_toolbox) StdoutLine: {'line': b'-- Up-to-date symlink: /home/ubuntu/spas_ws/install/slam_toolbox/include/slam_toolbox/slam_toolbox/srv/detail/loop_closure__functions.h\n'}
[4.621175] (slam_toolbox) StdoutLine: {'line': b'-- Up-to-date symlink: /home/ubuntu/spas_ws/install/slam_toolbox/include/slam_toolbox/slam_toolbox/srv/detail/loop_closure__struct.h\n'}
[4.623924] (slam_toolbox) StdoutLine: {'line': b'-- Up-to-date symlink: /home/ubuntu/spas_ws/install/slam_toolbox/include/slam_toolbox/slam_toolbox/srv/detail/loop_closure__type_support.h\n'}
[4.626505] (slam_toolbox) StdoutLine: {'line': b'-- Up-to-date symlink: /home/ubuntu/spas_ws/install/slam_toolbox/include/slam_toolbox/slam_toolbox/srv/detail/merge_maps__functions.h\n'}
[4.629084] (slam_toolbox) StdoutLine: {'line': b'-- Up-to-date symlink: /home/ubuntu/spas_ws/install/slam_toolbox/include/slam_toolbox/slam_toolbox/srv/detail/merge_maps__struct.h\n'}
[4.631779] (slam_toolbox) StdoutLine: {'line': b'-- Up-to-date symlink: /home/ubuntu/spas_ws/install/slam_toolbox/include/slam_toolbox/slam_toolbox/srv/detail/merge_maps__type_support.h\n'}
[4.634440] (slam_toolbox) StdoutLine: {'line': b'-- Up-to-date symlink: /home/ubuntu/spas_ws/install/slam_toolbox/include/slam_toolbox/slam_toolbox/srv/detail/pause__functions.h\n'}
[4.637325] (slam_toolbox) StdoutLine: {'line': b'-- Up-to-date symlink: /home/ubuntu/spas_ws/install/slam_toolbox/include/slam_toolbox/slam_toolbox/srv/detail/pause__struct.h\n'}
[4.639680] (slam_toolbox) StdoutLine: {'line': b'-- Up-to-date symlink: /home/ubuntu/spas_ws/install/slam_toolbox/include/slam_toolbox/slam_toolbox/srv/detail/pause__type_support.h\n'}
[4.642054] (slam_toolbox) StdoutLine: {'line': b'-- Up-to-date symlink: /home/ubuntu/spas_ws/install/slam_toolbox/include/slam_toolbox/slam_toolbox/srv/detail/save_map__functions.h\n'}
[4.644488] (slam_toolbox) StdoutLine: {'line': b'-- Up-to-date symlink: /home/ubuntu/spas_ws/install/slam_toolbox/include/slam_toolbox/slam_toolbox/srv/detail/save_map__struct.h\n'}
[4.647838] (slam_toolbox) StdoutLine: {'line': b'-- Up-to-date symlink: /home/ubuntu/spas_ws/install/slam_toolbox/include/slam_toolbox/slam_toolbox/srv/detail/save_map__type_support.h\n'}
[4.648672] (-) TimerEvent: {}
[4.651835] (slam_toolbox) StdoutLine: {'line': b'-- Up-to-date symlink: /home/ubuntu/spas_ws/install/slam_toolbox/include/slam_toolbox/slam_toolbox/srv/detail/serialize_pose_graph__functions.h\n'}
[4.654470] (slam_toolbox) StdoutLine: {'line': b'-- Up-to-date symlink: /home/ubuntu/spas_ws/install/slam_toolbox/include/slam_toolbox/slam_toolbox/srv/detail/serialize_pose_graph__struct.h\n'}
[4.658908] (slam_toolbox) StdoutLine: {'line': b'-- Up-to-date symlink: /home/ubuntu/spas_ws/install/slam_toolbox/include/slam_toolbox/slam_toolbox/srv/detail/serialize_pose_graph__type_support.h\n'}
[4.662414] (slam_toolbox) StdoutLine: {'line': b'-- Up-to-date symlink: /home/ubuntu/spas_ws/install/slam_toolbox/include/slam_toolbox/slam_toolbox/srv/detail/toggle_interactive__functions.h\n'}
[4.664980] (slam_toolbox) StdoutLine: {'line': b'-- Up-to-date symlink: /home/ubuntu/spas_ws/install/slam_toolbox/include/slam_toolbox/slam_toolbox/srv/detail/toggle_interactive__struct.h\n'}
[4.667358] (slam_toolbox) StdoutLine: {'line': b'-- Up-to-date symlink: /home/ubuntu/spas_ws/install/slam_toolbox/include/slam_toolbox/slam_toolbox/srv/detail/toggle_interactive__type_support.h\n'}
[4.669891] (slam_toolbox) StdoutLine: {'line': b'-- Up-to-date symlink: /home/ubuntu/spas_ws/install/slam_toolbox/include/slam_toolbox/slam_toolbox/srv/loop_closure.h\n'}
[4.672381] (slam_toolbox) StdoutLine: {'line': b'-- Up-to-date symlink: /home/ubuntu/spas_ws/install/slam_toolbox/include/slam_toolbox/slam_toolbox/srv/merge_maps.h\n'}
[4.674984] (slam_toolbox) StdoutLine: {'line': b'-- Up-to-date symlink: /home/ubuntu/spas_ws/install/slam_toolbox/include/slam_toolbox/slam_toolbox/srv/pause.h\n'}
[4.677320] (slam_toolbox) StdoutLine: {'line': b'-- Up-to-date symlink: /home/ubuntu/spas_ws/install/slam_toolbox/include/slam_toolbox/slam_toolbox/srv/save_map.h\n'}
[4.679697] (slam_toolbox) StdoutLine: {'line': b'-- Up-to-date symlink: /home/ubuntu/spas_ws/install/slam_toolbox/include/slam_toolbox/slam_toolbox/srv/serialize_pose_graph.h\n'}
[4.682102] (slam_toolbox) StdoutLine: {'line': b'-- Up-to-date symlink: /home/ubuntu/spas_ws/install/slam_toolbox/include/slam_toolbox/slam_toolbox/srv/toggle_interactive.h\n'}
[4.685272] (slam_toolbox) StdoutLine: {'line': b'-- Up-to-date symlink: /home/ubuntu/spas_ws/install/slam_toolbox/share/slam_toolbox/environment/library_path.sh\n'}
[4.687787] (slam_toolbox) StdoutLine: {'line': b'-- Up-to-date symlink: /home/ubuntu/spas_ws/install/slam_toolbox/share/slam_toolbox/environment/library_path.dsv\n'}
[4.695498] (slam_toolbox) StdoutLine: {'line': b'-- Up-to-date symlink: /home/ubuntu/spas_ws/install/slam_toolbox/include/slam_toolbox/slam_toolbox/msg/rosidl_typesupport_fastrtps_c__visibility_control.h\n'}
[4.698043] (slam_toolbox) StdoutLine: {'line': b'-- Up-to-date symlink: /home/ubuntu/spas_ws/install/slam_toolbox/include/slam_toolbox/slam_toolbox/srv/detail/add_submap__rosidl_typesupport_fastrtps_c.h\n'}
[4.700441] (slam_toolbox) StdoutLine: {'line': b'-- Up-to-date symlink: /home/ubuntu/spas_ws/install/slam_toolbox/include/slam_toolbox/slam_toolbox/srv/detail/clear__rosidl_typesupport_fastrtps_c.h\n'}
[4.704649] (slam_toolbox) StdoutLine: {'line': b'-- Up-to-date symlink: /home/ubuntu/spas_ws/install/slam_toolbox/include/slam_toolbox/slam_toolbox/srv/detail/clear_queue__rosidl_typesupport_fastrtps_c.h\n'}
[4.707922] (slam_toolbox) StdoutLine: {'line': b'-- Up-to-date symlink: /home/ubuntu/spas_ws/install/slam_toolbox/include/slam_toolbox/slam_toolbox/srv/detail/deserialize_pose_graph__rosidl_typesupport_fastrtps_c.h\n'}
[4.710313] (slam_toolbox) StdoutLine: {'line': b'-- Up-to-date symlink: /home/ubuntu/spas_ws/install/slam_toolbox/include/slam_toolbox/slam_toolbox/srv/detail/loop_closure__rosidl_typesupport_fastrtps_c.h\n'}
[4.713253] (slam_toolbox) StdoutLine: {'line': b'-- Up-to-date symlink: /home/ubuntu/spas_ws/install/slam_toolbox/include/slam_toolbox/slam_toolbox/srv/detail/merge_maps__rosidl_typesupport_fastrtps_c.h\n'}
[4.715876] (slam_toolbox) StdoutLine: {'line': b'-- Up-to-date symlink: /home/ubuntu/spas_ws/install/slam_toolbox/include/slam_toolbox/slam_toolbox/srv/detail/pause__rosidl_typesupport_fastrtps_c.h\n'}
[4.720540] (slam_toolbox) StdoutLine: {'line': b'-- Up-to-date symlink: /home/ubuntu/spas_ws/install/slam_toolbox/include/slam_toolbox/slam_toolbox/srv/detail/save_map__rosidl_typesupport_fastrtps_c.h\n'}
[4.722867] (slam_toolbox) StdoutLine: {'line': b'-- Up-to-date symlink: /home/ubuntu/spas_ws/install/slam_toolbox/include/slam_toolbox/slam_toolbox/srv/detail/serialize_pose_graph__rosidl_typesupport_fastrtps_c.h\n'}
[4.725438] (slam_toolbox) StdoutLine: {'line': b'-- Up-to-date symlink: /home/ubuntu/spas_ws/install/slam_toolbox/include/slam_toolbox/slam_toolbox/srv/detail/toggle_interactive__rosidl_typesupport_fastrtps_c.h\n'}
[4.733370] (slam_toolbox) StdoutLine: {'line': b'-- Up-to-date symlink: /home/ubuntu/spas_ws/install/slam_toolbox/include/slam_toolbox/slam_toolbox/msg/rosidl_generator_cpp__visibility_control.hpp\n'}
[4.735856] (slam_toolbox) StdoutLine: {'line': b'-- Up-to-date symlink: /home/ubuntu/spas_ws/install/slam_toolbox/include/slam_toolbox/slam_toolbox/srv/add_submap.hpp\n'}
[4.738359] (slam_toolbox) StdoutLine: {'line': b'-- Up-to-date symlink: /home/ubuntu/spas_ws/install/slam_toolbox/include/slam_toolbox/slam_toolbox/srv/clear.hpp\n'}
[4.742018] (slam_toolbox) StdoutLine: {'line': b'-- Up-to-date symlink: /home/ubuntu/spas_ws/install/slam_toolbox/include/slam_toolbox/slam_toolbox/srv/clear_queue.hpp\n'}
[4.745085] (slam_toolbox) StdoutLine: {'line': b'-- Up-to-date symlink: /home/ubuntu/spas_ws/install/slam_toolbox/include/slam_toolbox/slam_toolbox/srv/deserialize_pose_graph.hpp\n'}
[4.747783] (slam_toolbox) StdoutLine: {'line': b'-- Up-to-date symlink: /home/ubuntu/spas_ws/install/slam_toolbox/include/slam_toolbox/slam_toolbox/srv/detail/add_submap__builder.hpp\n'}
[4.748855] (-) TimerEvent: {}
[4.752365] (slam_toolbox) StdoutLine: {'line': b'-- Up-to-date symlink: /home/ubuntu/spas_ws/install/slam_toolbox/include/slam_toolbox/slam_toolbox/srv/detail/add_submap__struct.hpp\n'}
[4.755768] (slam_toolbox) StdoutLine: {'line': b'-- Up-to-date symlink: /home/ubuntu/spas_ws/install/slam_toolbox/include/slam_toolbox/slam_toolbox/srv/detail/add_submap__traits.hpp\n'}
[4.758269] (slam_toolbox) StdoutLine: {'line': b'-- Up-to-date symlink: /home/ubuntu/spas_ws/install/slam_toolbox/include/slam_toolbox/slam_toolbox/srv/detail/add_submap__type_support.hpp\n'}
[4.760744] (slam_toolbox) StdoutLine: {'line': b'-- Up-to-date symlink: /home/ubuntu/spas_ws/install/slam_toolbox/include/slam_toolbox/slam_toolbox/srv/detail/clear__builder.hpp\n'}
[4.763147] (slam_toolbox) StdoutLine: {'line': b'-- Up-to-date symlink: /home/ubuntu/spas_ws/install/slam_toolbox/include/slam_toolbox/slam_toolbox/srv/detail/clear__struct.hpp\n'}
[4.765788] (slam_toolbox) StdoutLine: {'line': b'-- Up-to-date symlink: /home/ubuntu/spas_ws/install/slam_toolbox/include/slam_toolbox/slam_toolbox/srv/detail/clear__traits.hpp\n'}
[4.768400] (slam_toolbox) StdoutLine: {'line': b'-- Up-to-date symlink: /home/ubuntu/spas_ws/install/slam_toolbox/include/slam_toolbox/slam_toolbox/srv/detail/clear__type_support.hpp\n'}
[4.770745] (slam_toolbox) StdoutLine: {'line': b'-- Up-to-date symlink: /home/ubuntu/spas_ws/install/slam_toolbox/include/slam_toolbox/slam_toolbox/srv/detail/clear_queue__builder.hpp\n'}
[4.773280] (slam_toolbox) StdoutLine: {'line': b'-- Up-to-date symlink: /home/ubuntu/spas_ws/install/slam_toolbox/include/slam_toolbox/slam_toolbox/srv/detail/clear_queue__struct.hpp\n'}
[4.775672] (slam_toolbox) StdoutLine: {'line': b'-- Up-to-date symlink: /home/ubuntu/spas_ws/install/slam_toolbox/include/slam_toolbox/slam_toolbox/srv/detail/clear_queue__traits.hpp\n'}
[4.777990] (slam_toolbox) StdoutLine: {'line': b'-- Up-to-date symlink: /home/ubuntu/spas_ws/install/slam_toolbox/include/slam_toolbox/slam_toolbox/srv/detail/clear_queue__type_support.hpp\n'}
[4.780621] (slam_toolbox) StdoutLine: {'line': b'-- Up-to-date symlink: /home/ubuntu/spas_ws/install/slam_toolbox/include/slam_toolbox/slam_toolbox/srv/detail/deserialize_pose_graph__builder.hpp\n'}
[4.783237] (slam_toolbox) StdoutLine: {'line': b'-- Up-to-date symlink: /home/ubuntu/spas_ws/install/slam_toolbox/include/slam_toolbox/slam_toolbox/srv/detail/deserialize_pose_graph__struct.hpp\n'}
[4.786005] (slam_toolbox) StdoutLine: {'line': b'-- Up-to-date symlink: /home/ubuntu/spas_ws/install/slam_toolbox/include/slam_toolbox/slam_toolbox/srv/detail/deserialize_pose_graph__traits.hpp\n'}
[4.788436] (slam_toolbox) StdoutLine: {'line': b'-- Up-to-date symlink: /home/ubuntu/spas_ws/install/slam_toolbox/include/slam_toolbox/slam_toolbox/srv/detail/deserialize_pose_graph__type_support.hpp\n'}
[4.790664] (slam_toolbox) StdoutLine: {'line': b'-- Up-to-date symlink: /home/ubuntu/spas_ws/install/slam_toolbox/include/slam_toolbox/slam_toolbox/srv/detail/loop_closure__builder.hpp\n'}
[4.793420] (slam_toolbox) StdoutLine: {'line': b'-- Up-to-date symlink: /home/ubuntu/spas_ws/install/slam_toolbox/include/slam_toolbox/slam_toolbox/srv/detail/loop_closure__struct.hpp\n'}
[4.795855] (slam_toolbox) StdoutLine: {'line': b'-- Up-to-date symlink: /home/ubuntu/spas_ws/install/slam_toolbox/include/slam_toolbox/slam_toolbox/srv/detail/loop_closure__traits.hpp\n'}
[4.798718] (slam_toolbox) StdoutLine: {'line': b'-- Up-to-date symlink: /home/ubuntu/spas_ws/install/slam_toolbox/include/slam_toolbox/slam_toolbox/srv/detail/loop_closure__type_support.hpp\n'}
[4.801046] (slam_toolbox) StdoutLine: {'line': b'-- Up-to-date symlink: /home/ubuntu/spas_ws/install/slam_toolbox/include/slam_toolbox/slam_toolbox/srv/detail/merge_maps__builder.hpp\n'}
[4.803253] (slam_toolbox) StdoutLine: {'line': b'-- Up-to-date symlink: /home/ubuntu/spas_ws/install/slam_toolbox/include/slam_toolbox/slam_toolbox/srv/detail/merge_maps__struct.hpp\n'}
[4.805491] (slam_toolbox) StdoutLine: {'line': b'-- Up-to-date symlink: /home/ubuntu/spas_ws/install/slam_toolbox/include/slam_toolbox/slam_toolbox/srv/detail/merge_maps__traits.hpp\n'}
[4.808050] (slam_toolbox) StdoutLine: {'line': b'-- Up-to-date symlink: /home/ubuntu/spas_ws/install/slam_toolbox/include/slam_toolbox/slam_toolbox/srv/detail/merge_maps__type_support.hpp\n'}
[4.810494] (slam_toolbox) StdoutLine: {'line': b'-- Up-to-date symlink: /home/ubuntu/spas_ws/install/slam_toolbox/include/slam_toolbox/slam_toolbox/srv/detail/pause__builder.hpp\n'}
[4.813071] (slam_toolbox) StdoutLine: {'line': b'-- Up-to-date symlink: /home/ubuntu/spas_ws/install/slam_toolbox/include/slam_toolbox/slam_toolbox/srv/detail/pause__struct.hpp\n'}
[4.815378] (slam_toolbox) StdoutLine: {'line': b'-- Up-to-date symlink: /home/ubuntu/spas_ws/install/slam_toolbox/include/slam_toolbox/slam_toolbox/srv/detail/pause__traits.hpp\n'}
[4.817853] (slam_toolbox) StdoutLine: {'line': b'-- Up-to-date symlink: /home/ubuntu/spas_ws/install/slam_toolbox/include/slam_toolbox/slam_toolbox/srv/detail/pause__type_support.hpp\n'}
[4.819206] (slam_toolbox) StdoutLine: {'line': b'-- Up-to-date symlink: /home/ubuntu/spas_ws/install/slam_toolbox/include/slam_toolbox/slam_toolbox/srv/detail/save_map__builder.hpp\n'}
[4.820438] (slam_toolbox) StdoutLine: {'line': b'-- Up-to-date symlink: /home/ubuntu/spas_ws/install/slam_toolbox/include/slam_toolbox/slam_toolbox/srv/detail/save_map__struct.hpp\n'}
[4.821552] (slam_toolbox) StdoutLine: {'line': b'-- Up-to-date symlink: /home/ubuntu/spas_ws/install/slam_toolbox/include/slam_toolbox/slam_toolbox/srv/detail/save_map__traits.hpp\n'}
[4.822687] (slam_toolbox) StdoutLine: {'line': b'-- Up-to-date symlink: /home/ubuntu/spas_ws/install/slam_toolbox/include/slam_toolbox/slam_toolbox/srv/detail/save_map__type_support.hpp\n'}
[4.823809] (slam_toolbox) StdoutLine: {'line': b'-- Up-to-date symlink: /home/ubuntu/spas_ws/install/slam_toolbox/include/slam_toolbox/slam_toolbox/srv/detail/serialize_pose_graph__builder.hpp\n'}
[4.825147] (slam_toolbox) StdoutLine: {'line': b'-- Up-to-date symlink: /home/ubuntu/spas_ws/install/slam_toolbox/include/slam_toolbox/slam_toolbox/srv/detail/serialize_pose_graph__struct.hpp\n'}
[4.826292] (slam_toolbox) StdoutLine: {'line': b'-- Up-to-date symlink: /home/ubuntu/spas_ws/install/slam_toolbox/include/slam_toolbox/slam_toolbox/srv/detail/serialize_pose_graph__traits.hpp\n'}
[4.827458] (slam_toolbox) StdoutLine: {'line': b'-- Up-to-date symlink: /home/ubuntu/spas_ws/install/slam_toolbox/include/slam_toolbox/slam_toolbox/srv/detail/serialize_pose_graph__type_support.hpp\n'}
[4.828649] (slam_toolbox) StdoutLine: {'line': b'-- Up-to-date symlink: /home/ubuntu/spas_ws/install/slam_toolbox/include/slam_toolbox/slam_toolbox/srv/detail/toggle_interactive__builder.hpp\n'}
[4.829949] (slam_toolbox) StdoutLine: {'line': b'-- Up-to-date symlink: /home/ubuntu/spas_ws/install/slam_toolbox/include/slam_toolbox/slam_toolbox/srv/detail/toggle_interactive__struct.hpp\n'}
[4.831349] (slam_toolbox) StdoutLine: {'line': b'-- Up-to-date symlink: /home/ubuntu/spas_ws/install/slam_toolbox/include/slam_toolbox/slam_toolbox/srv/detail/toggle_interactive__traits.hpp\n'}
[4.838152] (slam_toolbox) StdoutLine: {'line': b'-- Up-to-date symlink: /home/ubuntu/spas_ws/install/slam_toolbox/include/slam_toolbox/slam_toolbox/srv/detail/toggle_interactive__type_support.hpp\n'}
[4.839293] (slam_toolbox) StdoutLine: {'line': b'-- Up-to-date symlink: /home/ubuntu/spas_ws/install/slam_toolbox/include/slam_toolbox/slam_toolbox/srv/loop_closure.hpp\n'}
[4.840317] (slam_toolbox) StdoutLine: {'line': b'-- Up-to-date symlink: /home/ubuntu/spas_ws/install/slam_toolbox/include/slam_toolbox/slam_toolbox/srv/merge_maps.hpp\n'}
[4.841531] (slam_toolbox) StdoutLine: {'line': b'-- Up-to-date symlink: /home/ubuntu/spas_ws/install/slam_toolbox/include/slam_toolbox/slam_toolbox/srv/pause.hpp\n'}
[4.842678] (slam_toolbox) StdoutLine: {'line': b'-- Up-to-date symlink: /home/ubuntu/spas_ws/install/slam_toolbox/include/slam_toolbox/slam_toolbox/srv/save_map.hpp\n'}
[4.843742] (slam_toolbox) StdoutLine: {'line': b'-- Up-to-date symlink: /home/ubuntu/spas_ws/install/slam_toolbox/include/slam_toolbox/slam_toolbox/srv/serialize_pose_graph.hpp\n'}
[4.845051] (slam_toolbox) StdoutLine: {'line': b'-- Up-to-date symlink: /home/ubuntu/spas_ws/install/slam_toolbox/include/slam_toolbox/slam_toolbox/srv/toggle_interactive.hpp\n'}
[4.849138] (-) TimerEvent: {}
[4.852772] (slam_toolbox) StdoutLine: {'line': b'-- Up-to-date symlink: /home/ubuntu/spas_ws/install/slam_toolbox/include/slam_toolbox/slam_toolbox/msg/rosidl_typesupport_fastrtps_cpp__visibility_control.h\n'}
[4.854006] (slam_toolbox) StdoutLine: {'line': b'-- Up-to-date symlink: /home/ubuntu/spas_ws/install/slam_toolbox/include/slam_toolbox/slam_toolbox/srv/detail/add_submap__rosidl_typesupport_fastrtps_cpp.hpp\n'}
[4.857371] (slam_toolbox) StdoutLine: {'line': b'-- Up-to-date symlink: /home/ubuntu/spas_ws/install/slam_toolbox/include/slam_toolbox/slam_toolbox/srv/detail/clear__rosidl_typesupport_fastrtps_cpp.hpp\n'}
[4.857971] (slam_toolbox) StdoutLine: {'line': b'-- Up-to-date symlink: /home/ubuntu/spas_ws/install/slam_toolbox/include/slam_toolbox/slam_toolbox/srv/detail/clear_queue__rosidl_typesupport_fastrtps_cpp.hpp\n'}
[4.858789] (slam_toolbox) StdoutLine: {'line': b'-- Up-to-date symlink: /home/ubuntu/spas_ws/install/slam_toolbox/include/slam_toolbox/slam_toolbox/srv/detail/deserialize_pose_graph__rosidl_typesupport_fastrtps_cpp.hpp\n'}
[4.859564] (slam_toolbox) StdoutLine: {'line': b'-- Up-to-date symlink: /home/ubuntu/spas_ws/install/slam_toolbox/include/slam_toolbox/slam_toolbox/srv/detail/loop_closure__rosidl_typesupport_fastrtps_cpp.hpp\n'}
[4.866613] (slam_toolbox) StdoutLine: {'line': b'-- Up-to-date symlink: /home/ubuntu/spas_ws/install/slam_toolbox/include/slam_toolbox/slam_toolbox/srv/detail/merge_maps__rosidl_typesupport_fastrtps_cpp.hpp\n'}
[4.868310] (slam_toolbox) StdoutLine: {'line': b'-- Up-to-date symlink: /home/ubuntu/spas_ws/install/slam_toolbox/include/slam_toolbox/slam_toolbox/srv/detail/pause__rosidl_typesupport_fastrtps_cpp.hpp\n'}
[4.868848] (slam_toolbox) StdoutLine: {'line': b'-- Up-to-date symlink: /home/ubuntu/spas_ws/install/slam_toolbox/include/slam_toolbox/slam_toolbox/srv/detail/save_map__rosidl_typesupport_fastrtps_cpp.hpp\n'}
[4.869370] (slam_toolbox) StdoutLine: {'line': b'-- Up-to-date symlink: /home/ubuntu/spas_ws/install/slam_toolbox/include/slam_toolbox/slam_toolbox/srv/detail/serialize_pose_graph__rosidl_typesupport_fastrtps_cpp.hpp\n'}
[4.869975] (slam_toolbox) StdoutLine: {'line': b'-- Up-to-date symlink: /home/ubuntu/spas_ws/install/slam_toolbox/include/slam_toolbox/slam_toolbox/srv/detail/toggle_interactive__rosidl_typesupport_fastrtps_cpp.hpp\n'}
[4.874656] (slam_toolbox) StdoutLine: {'line': b'-- Up-to-date symlink: /home/ubuntu/spas_ws/install/slam_toolbox/include/slam_toolbox/slam_toolbox/msg/rosidl_typesupport_introspection_c__visibility_control.h\n'}
[4.875764] (slam_toolbox) StdoutLine: {'line': b'-- Up-to-date symlink: /home/ubuntu/spas_ws/install/slam_toolbox/include/slam_toolbox/slam_toolbox/srv/detail/add_submap__rosidl_typesupport_introspection_c.h\n'}
[4.876745] (slam_toolbox) StdoutLine: {'line': b'-- Up-to-date symlink: /home/ubuntu/spas_ws/install/slam_toolbox/include/slam_toolbox/slam_toolbox/srv/detail/clear__rosidl_typesupport_introspection_c.h\n'}
[4.879068] (slam_toolbox) StdoutLine: {'line': b'-- Up-to-date symlink: /home/ubuntu/spas_ws/install/slam_toolbox/include/slam_toolbox/slam_toolbox/srv/detail/clear_queue__rosidl_typesupport_introspection_c.h\n'}
[4.881893] (slam_toolbox) StdoutLine: {'line': b'-- Up-to-date symlink: /home/ubuntu/spas_ws/install/slam_toolbox/include/slam_toolbox/slam_toolbox/srv/detail/deserialize_pose_graph__rosidl_typesupport_introspection_c.h\n'}
[4.884493] (slam_toolbox) StdoutLine: {'line': b'-- Up-to-date symlink: /home/ubuntu/spas_ws/install/slam_toolbox/include/slam_toolbox/slam_toolbox/srv/detail/loop_closure__rosidl_typesupport_introspection_c.h\n'}
[4.887243] (slam_toolbox) StdoutLine: {'line': b'-- Up-to-date symlink: /home/ubuntu/spas_ws/install/slam_toolbox/include/slam_toolbox/slam_toolbox/srv/detail/merge_maps__rosidl_typesupport_introspection_c.h\n'}
[4.889943] (slam_toolbox) StdoutLine: {'line': b'-- Up-to-date symlink: /home/ubuntu/spas_ws/install/slam_toolbox/include/slam_toolbox/slam_toolbox/srv/detail/pause__rosidl_typesupport_introspection_c.h\n'}
[4.892539] (slam_toolbox) StdoutLine: {'line': b'-- Up-to-date symlink: /home/ubuntu/spas_ws/install/slam_toolbox/include/slam_toolbox/slam_toolbox/srv/detail/save_map__rosidl_typesupport_introspection_c.h\n'}
[4.894980] (slam_toolbox) StdoutLine: {'line': b'-- Up-to-date symlink: /home/ubuntu/spas_ws/install/slam_toolbox/include/slam_toolbox/slam_toolbox/srv/detail/serialize_pose_graph__rosidl_typesupport_introspection_c.h\n'}
[4.897434] (slam_toolbox) StdoutLine: {'line': b'-- Up-to-date symlink: /home/ubuntu/spas_ws/install/slam_toolbox/include/slam_toolbox/slam_toolbox/srv/detail/toggle_interactive__rosidl_typesupport_introspection_c.h\n'}
[4.904464] (slam_toolbox) StdoutLine: {'line': b'-- Up-to-date symlink: /home/ubuntu/spas_ws/install/slam_toolbox/include/slam_toolbox/slam_toolbox/srv/detail/add_submap__rosidl_typesupport_introspection_cpp.hpp\n'}
[4.907100] (slam_toolbox) StdoutLine: {'line': b'-- Up-to-date symlink: /home/ubuntu/spas_ws/install/slam_toolbox/include/slam_toolbox/slam_toolbox/srv/detail/clear__rosidl_typesupport_introspection_cpp.hpp\n'}
[4.910261] (slam_toolbox) StdoutLine: {'line': b'-- Up-to-date symlink: /home/ubuntu/spas_ws/install/slam_toolbox/include/slam_toolbox/slam_toolbox/srv/detail/clear_queue__rosidl_typesupport_introspection_cpp.hpp\n'}
[4.912801] (slam_toolbox) StdoutLine: {'line': b'-- Up-to-date symlink: /home/ubuntu/spas_ws/install/slam_toolbox/include/slam_toolbox/slam_toolbox/srv/detail/deserialize_pose_graph__rosidl_typesupport_introspection_cpp.hpp\n'}
[4.915334] (slam_toolbox) StdoutLine: {'line': b'-- Up-to-date symlink: /home/ubuntu/spas_ws/install/slam_toolbox/include/slam_toolbox/slam_toolbox/srv/detail/loop_closure__rosidl_typesupport_introspection_cpp.hpp\n'}
[4.917882] (slam_toolbox) StdoutLine: {'line': b'-- Up-to-date symlink: /home/ubuntu/spas_ws/install/slam_toolbox/include/slam_toolbox/slam_toolbox/srv/detail/merge_maps__rosidl_typesupport_introspection_cpp.hpp\n'}
[4.920789] (slam_toolbox) StdoutLine: {'line': b'-- Up-to-date symlink: /home/ubuntu/spas_ws/install/slam_toolbox/include/slam_toolbox/slam_toolbox/srv/detail/pause__rosidl_typesupport_introspection_cpp.hpp\n'}
[4.923612] (slam_toolbox) StdoutLine: {'line': b'-- Up-to-date symlink: /home/ubuntu/spas_ws/install/slam_toolbox/include/slam_toolbox/slam_toolbox/srv/detail/save_map__rosidl_typesupport_introspection_cpp.hpp\n'}
[4.926172] (slam_toolbox) StdoutLine: {'line': b'-- Up-to-date symlink: /home/ubuntu/spas_ws/install/slam_toolbox/include/slam_toolbox/slam_toolbox/srv/detail/serialize_pose_graph__rosidl_typesupport_introspection_cpp.hpp\n'}
[4.928636] (slam_toolbox) StdoutLine: {'line': b'-- Up-to-date symlink: /home/ubuntu/spas_ws/install/slam_toolbox/include/slam_toolbox/slam_toolbox/srv/detail/toggle_interactive__rosidl_typesupport_introspection_cpp.hpp\n'}
[4.931269] (slam_toolbox) StdoutLine: {'line': b'-- Up-to-date symlink: /home/ubuntu/spas_ws/install/slam_toolbox/share/slam_toolbox/environment/pythonpath.sh\n'}
[4.933797] (slam_toolbox) StdoutLine: {'line': b'-- Up-to-date symlink: /home/ubuntu/spas_ws/install/slam_toolbox/share/slam_toolbox/environment/pythonpath.dsv\n'}
[4.937709] (slam_toolbox) StdoutLine: {'line': b'-- Up-to-date symlink: /home/ubuntu/spas_ws/install/slam_toolbox/local/lib/python3.10/dist-packages/slam_toolbox-2.6.10-py3.10.egg-info/PKG-INFO\n'}
[4.940652] (slam_toolbox) StdoutLine: {'line': b'-- Up-to-date symlink: /home/ubuntu/spas_ws/install/slam_toolbox/local/lib/python3.10/dist-packages/slam_toolbox-2.6.10-py3.10.egg-info/SOURCES.txt\n'}
[4.943202] (slam_toolbox) StdoutLine: {'line': b'-- Up-to-date symlink: /home/ubuntu/spas_ws/install/slam_toolbox/local/lib/python3.10/dist-packages/slam_toolbox-2.6.10-py3.10.egg-info/dependency_links.txt\n'}
[4.945732] (slam_toolbox) StdoutLine: {'line': b'-- Up-to-date symlink: /home/ubuntu/spas_ws/install/slam_toolbox/local/lib/python3.10/dist-packages/slam_toolbox-2.6.10-py3.10.egg-info/top_level.txt\n'}
[4.949323] (-) TimerEvent: {}
[4.962368] (slam_toolbox) StdoutLine: {'line': b'-- Up-to-date symlink: /home/ubuntu/spas_ws/install/slam_toolbox/local/lib/python3.10/dist-packages/slam_toolbox/__init__.py\n'}
[4.966134] (slam_toolbox) StdoutLine: {'line': b'-- Up-to-date symlink: /home/ubuntu/spas_ws/install/slam_toolbox/local/lib/python3.10/dist-packages/slam_toolbox/_slam_toolbox_s.ep.rosidl_typesupport_c.c\n'}
[4.968610] (slam_toolbox) StdoutLine: {'line': b'-- Up-to-date symlink: /home/ubuntu/spas_ws/install/slam_toolbox/local/lib/python3.10/dist-packages/slam_toolbox/_slam_toolbox_s.ep.rosidl_typesupport_fastrtps_c.c\n'}
[4.971187] (slam_toolbox) StdoutLine: {'line': b'-- Up-to-date symlink: /home/ubuntu/spas_ws/install/slam_toolbox/local/lib/python3.10/dist-packages/slam_toolbox/_slam_toolbox_s.ep.rosidl_typesupport_introspection_c.c\n'}
[4.974324] (slam_toolbox) StdoutLine: {'line': b'-- Up-to-date symlink: /home/ubuntu/spas_ws/install/slam_toolbox/local/lib/python3.10/dist-packages/slam_toolbox/libslam_toolbox__rosidl_generator_py.so\n'}
[4.977902] (slam_toolbox) StdoutLine: {'line': b'-- Up-to-date symlink: /home/ubuntu/spas_ws/install/slam_toolbox/local/lib/python3.10/dist-packages/slam_toolbox/slam_toolbox_s__rosidl_typesupport_c.cpython-310-aarch64-linux-gnu.so\n'}
[4.981273] (slam_toolbox) StdoutLine: {'line': b'-- Up-to-date symlink: /home/ubuntu/spas_ws/install/slam_toolbox/local/lib/python3.10/dist-packages/slam_toolbox/slam_toolbox_s__rosidl_typesupport_fastrtps_c.cpython-310-aarch64-linux-gnu.so\n'}
[4.983682] (slam_toolbox) StdoutLine: {'line': b'-- Up-to-date symlink: /home/ubuntu/spas_ws/install/slam_toolbox/local/lib/python3.10/dist-packages/slam_toolbox/slam_toolbox_s__rosidl_typesupport_introspection_c.cpython-310-aarch64-linux-gnu.so\n'}
[4.986080] (slam_toolbox) StdoutLine: {'line': b'-- Up-to-date symlink: /home/ubuntu/spas_ws/install/slam_toolbox/local/lib/python3.10/dist-packages/slam_toolbox/srv/__init__.py\n'}
[4.988920] (slam_toolbox) StdoutLine: {'line': b'-- Up-to-date symlink: /home/ubuntu/spas_ws/install/slam_toolbox/local/lib/python3.10/dist-packages/slam_toolbox/srv/_add_submap.py\n'}
[4.991226] (slam_toolbox) StdoutLine: {'line': b'-- Up-to-date symlink: /home/ubuntu/spas_ws/install/slam_toolbox/local/lib/python3.10/dist-packages/slam_toolbox/srv/_add_submap_s.c\n'}
[4.994085] (slam_toolbox) StdoutLine: {'line': b'-- Up-to-date symlink: /home/ubuntu/spas_ws/install/slam_toolbox/local/lib/python3.10/dist-packages/slam_toolbox/srv/_clear.py\n'}
[4.996601] (slam_toolbox) StdoutLine: {'line': b'-- Up-to-date symlink: /home/ubuntu/spas_ws/install/slam_toolbox/local/lib/python3.10/dist-packages/slam_toolbox/srv/_clear_queue.py\n'}
[4.998917] (slam_toolbox) StdoutLine: {'line': b'-- Up-to-date symlink: /home/ubuntu/spas_ws/install/slam_toolbox/local/lib/python3.10/dist-packages/slam_toolbox/srv/_clear_queue_s.c\n'}
[5.002292] (slam_toolbox) StdoutLine: {'line': b'-- Up-to-date symlink: /home/ubuntu/spas_ws/install/slam_toolbox/local/lib/python3.10/dist-packages/slam_toolbox/srv/_clear_s.c\n'}
[5.005270] (slam_toolbox) StdoutLine: {'line': b'-- Up-to-date symlink: /home/ubuntu/spas_ws/install/slam_toolbox/local/lib/python3.10/dist-packages/slam_toolbox/srv/_deserialize_pose_graph.py\n'}
[5.007596] (slam_toolbox) StdoutLine: {'line': b'-- Up-to-date symlink: /home/ubuntu/spas_ws/install/slam_toolbox/local/lib/python3.10/dist-packages/slam_toolbox/srv/_deserialize_pose_graph_s.c\n'}
[5.010071] (slam_toolbox) StdoutLine: {'line': b'-- Up-to-date symlink: /home/ubuntu/spas_ws/install/slam_toolbox/local/lib/python3.10/dist-packages/slam_toolbox/srv/_loop_closure.py\n'}
[5.012862] (slam_toolbox) StdoutLine: {'line': b'-- Up-to-date symlink: /home/ubuntu/spas_ws/install/slam_toolbox/local/lib/python3.10/dist-packages/slam_toolbox/srv/_loop_closure_s.c\n'}
[5.015310] (slam_toolbox) StdoutLine: {'line': b'-- Up-to-date symlink: /home/ubuntu/spas_ws/install/slam_toolbox/local/lib/python3.10/dist-packages/slam_toolbox/srv/_merge_maps.py\n'}
[5.017679] (slam_toolbox) StdoutLine: {'line': b'-- Up-to-date symlink: /home/ubuntu/spas_ws/install/slam_toolbox/local/lib/python3.10/dist-packages/slam_toolbox/srv/_merge_maps_s.c\n'}
[5.020222] (slam_toolbox) StdoutLine: {'line': b'-- Up-to-date symlink: /home/ubuntu/spas_ws/install/slam_toolbox/local/lib/python3.10/dist-packages/slam_toolbox/srv/_pause.py\n'}
[5.022362] (slam_toolbox) StdoutLine: {'line': b'-- Up-to-date symlink: /home/ubuntu/spas_ws/install/slam_toolbox/local/lib/python3.10/dist-packages/slam_toolbox/srv/_pause_s.c\n'}
[5.024705] (slam_toolbox) StdoutLine: {'line': b'-- Up-to-date symlink: /home/ubuntu/spas_ws/install/slam_toolbox/local/lib/python3.10/dist-packages/slam_toolbox/srv/_save_map.py\n'}
[5.027002] (slam_toolbox) StdoutLine: {'line': b'-- Up-to-date symlink: /home/ubuntu/spas_ws/install/slam_toolbox/local/lib/python3.10/dist-packages/slam_toolbox/srv/_save_map_s.c\n'}
[5.029218] (slam_toolbox) StdoutLine: {'line': b'-- Up-to-date symlink: /home/ubuntu/spas_ws/install/slam_toolbox/local/lib/python3.10/dist-packages/slam_toolbox/srv/_serialize_pose_graph.py\n'}
[5.031699] (slam_toolbox) StdoutLine: {'line': b'-- Up-to-date symlink: /home/ubuntu/spas_ws/install/slam_toolbox/local/lib/python3.10/dist-packages/slam_toolbox/srv/_serialize_pose_graph_s.c\n'}
[5.034054] (slam_toolbox) StdoutLine: {'line': b'-- Up-to-date symlink: /home/ubuntu/spas_ws/install/slam_toolbox/local/lib/python3.10/dist-packages/slam_toolbox/srv/_toggle_interactive.py\n'}
[5.036388] (slam_toolbox) StdoutLine: {'line': b'-- Up-to-date symlink: /home/ubuntu/spas_ws/install/slam_toolbox/local/lib/python3.10/dist-packages/slam_toolbox/srv/_toggle_interactive_s.c\n'}
[5.039807] (slam_toolbox) StdoutLine: {'line': b'-- Up-to-date symlink: /home/ubuntu/spas_ws/install/slam_toolbox/local/lib/python3.10/dist-packages/slam_toolbox/slam_toolbox_s__rosidl_typesupport_fastrtps_c.cpython-310-aarch64-linux-gnu.so\n'}
[5.048444] (slam_toolbox) StdoutLine: {'line': b'-- Up-to-date symlink: /home/ubuntu/spas_ws/install/slam_toolbox/local/lib/python3.10/dist-packages/slam_toolbox/slam_toolbox_s__rosidl_typesupport_introspection_c.cpython-310-aarch64-linux-gnu.so\n'}
[5.049517] (-) TimerEvent: {}
[5.053660] (slam_toolbox) StdoutLine: {'line': b'-- Up-to-date symlink: /home/ubuntu/spas_ws/install/slam_toolbox/local/lib/python3.10/dist-packages/slam_toolbox/slam_toolbox_s__rosidl_typesupport_c.cpython-310-aarch64-linux-gnu.so\n'}
[5.057843] (slam_toolbox) StdoutLine: {'line': b'-- Up-to-date symlink: /home/ubuntu/spas_ws/install/slam_toolbox/share/ament_index/resource_index/rust_packages/slam_toolbox\n'}
[5.063150] (slam_toolbox) StdoutLine: {'line': b'-- Up-to-date symlink: /home/ubuntu/spas_ws/install/slam_toolbox/share/slam_toolbox/rust/Cargo.toml\n'}
[5.065383] (slam_toolbox) StdoutLine: {'line': b'-- Up-to-date symlink: /home/ubuntu/spas_ws/install/slam_toolbox/share/slam_toolbox/rust/build.rs\n'}
[5.067661] (slam_toolbox) StdoutLine: {'line': b'-- Up-to-date symlink: /home/ubuntu/spas_ws/install/slam_toolbox/share/slam_toolbox/rust/src/lib.rs\n'}
[5.070284] (slam_toolbox) StdoutLine: {'line': b'-- Up-to-date symlink: /home/ubuntu/spas_ws/install/slam_toolbox/share/slam_toolbox/rust/src/srv.rs\n'}
[5.072744] (slam_toolbox) StdoutLine: {'line': b'-- Up-to-date symlink: /home/ubuntu/spas_ws/install/slam_toolbox/share/slam_toolbox/rust/src/srv/rmw.rs\n'}
[5.075556] (slam_toolbox) StdoutLine: {'line': b'-- Up-to-date symlink: /home/ubuntu/spas_ws/install/slam_toolbox/share/slam_toolbox/srv/Pause.idl\n'}
[5.078369] (slam_toolbox) StdoutLine: {'line': b'-- Up-to-date symlink: /home/ubuntu/spas_ws/install/slam_toolbox/share/slam_toolbox/srv/ClearQueue.idl\n'}
[5.080892] (slam_toolbox) StdoutLine: {'line': b'-- Up-to-date symlink: /home/ubuntu/spas_ws/install/slam_toolbox/share/slam_toolbox/srv/ToggleInteractive.idl\n'}
[5.083382] (slam_toolbox) StdoutLine: {'line': b'-- Up-to-date symlink: /home/ubuntu/spas_ws/install/slam_toolbox/share/slam_toolbox/srv/Clear.idl\n'}
[5.086072] (slam_toolbox) StdoutLine: {'line': b'-- Up-to-date symlink: /home/ubuntu/spas_ws/install/slam_toolbox/share/slam_toolbox/srv/SaveMap.idl\n'}
[5.088688] (slam_toolbox) StdoutLine: {'line': b'-- Up-to-date symlink: /home/ubuntu/spas_ws/install/slam_toolbox/share/slam_toolbox/srv/LoopClosure.idl\n'}
[5.091329] (slam_toolbox) StdoutLine: {'line': b'-- Up-to-date symlink: /home/ubuntu/spas_ws/install/slam_toolbox/share/slam_toolbox/srv/MergeMaps.idl\n'}
[5.093952] (slam_toolbox) StdoutLine: {'line': b'-- Up-to-date symlink: /home/ubuntu/spas_ws/install/slam_toolbox/share/slam_toolbox/srv/AddSubmap.idl\n'}
[5.096535] (slam_toolbox) StdoutLine: {'line': b'-- Up-to-date symlink: /home/ubuntu/spas_ws/install/slam_toolbox/share/slam_toolbox/srv/DeserializePoseGraph.idl\n'}
[5.101943] (slam_toolbox) StdoutLine: {'line': b'-- Up-to-date symlink: /home/ubuntu/spas_ws/install/slam_toolbox/share/slam_toolbox/srv/SerializePoseGraph.idl\n'}
[5.105286] (slam_toolbox) StdoutLine: {'line': b'-- Up-to-date symlink: /home/ubuntu/spas_ws/install/slam_toolbox/share/slam_toolbox/srv/Pause.srv\n'}
[5.107897] (slam_toolbox) StdoutLine: {'line': b'-- Up-to-date symlink: /home/ubuntu/spas_ws/install/slam_toolbox/share/slam_toolbox/srv/Pause_Request.msg\n'}
[5.110945] (slam_toolbox) StdoutLine: {'line': b'-- Up-to-date symlink: /home/ubuntu/spas_ws/install/slam_toolbox/share/slam_toolbox/srv/Pause_Response.msg\n'}
[5.113491] (slam_toolbox) StdoutLine: {'line': b'-- Up-to-date symlink: /home/ubuntu/spas_ws/install/slam_toolbox/share/slam_toolbox/srv/ClearQueue.srv\n'}
[5.115907] (slam_toolbox) StdoutLine: {'line': b'-- Up-to-date symlink: /home/ubuntu/spas_ws/install/slam_toolbox/share/slam_toolbox/srv/ClearQueue_Request.msg\n'}
[5.118191] (slam_toolbox) StdoutLine: {'line': b'-- Up-to-date symlink: /home/ubuntu/spas_ws/install/slam_toolbox/share/slam_toolbox/srv/ClearQueue_Response.msg\n'}
[5.120635] (slam_toolbox) StdoutLine: {'line': b'-- Up-to-date symlink: /home/ubuntu/spas_ws/install/slam_toolbox/share/slam_toolbox/srv/ToggleInteractive.srv\n'}
[5.122875] (slam_toolbox) StdoutLine: {'line': b'-- Up-to-date symlink: /home/ubuntu/spas_ws/install/slam_toolbox/share/slam_toolbox/srv/ToggleInteractive_Request.msg\n'}
[5.125344] (slam_toolbox) StdoutLine: {'line': b'-- Up-to-date symlink: /home/ubuntu/spas_ws/install/slam_toolbox/share/slam_toolbox/srv/ToggleInteractive_Response.msg\n'}
[5.127683] (slam_toolbox) StdoutLine: {'line': b'-- Up-to-date symlink: /home/ubuntu/spas_ws/install/slam_toolbox/share/slam_toolbox/srv/Clear.srv\n'}
[5.130007] (slam_toolbox) StdoutLine: {'line': b'-- Up-to-date symlink: /home/ubuntu/spas_ws/install/slam_toolbox/share/slam_toolbox/srv/Clear_Request.msg\n'}
[5.132304] (slam_toolbox) StdoutLine: {'line': b'-- Up-to-date symlink: /home/ubuntu/spas_ws/install/slam_toolbox/share/slam_toolbox/srv/Clear_Response.msg\n'}
[5.134714] (slam_toolbox) StdoutLine: {'line': b'-- Up-to-date symlink: /home/ubuntu/spas_ws/install/slam_toolbox/share/slam_toolbox/srv/SaveMap.srv\n'}
[5.137393] (slam_toolbox) StdoutLine: {'line': b'-- Up-to-date symlink: /home/ubuntu/spas_ws/install/slam_toolbox/share/slam_toolbox/srv/SaveMap_Request.msg\n'}
[5.139951] (slam_toolbox) StdoutLine: {'line': b'-- Up-to-date symlink: /home/ubuntu/spas_ws/install/slam_toolbox/share/slam_toolbox/srv/SaveMap_Response.msg\n'}
[5.143538] (slam_toolbox) StdoutLine: {'line': b'-- Up-to-date symlink: /home/ubuntu/spas_ws/install/slam_toolbox/share/slam_toolbox/srv/LoopClosure.srv\n'}
[5.146495] (slam_toolbox) StdoutLine: {'line': b'-- Up-to-date symlink: /home/ubuntu/spas_ws/install/slam_toolbox/share/slam_toolbox/srv/LoopClosure_Request.msg\n'}
[5.149993] (slam_toolbox) StdoutLine: {'line': b'-- Up-to-date symlink: /home/ubuntu/spas_ws/install/slam_toolbox/share/slam_toolbox/srv/LoopClosure_Response.msg\n'}
[5.151267] (-) TimerEvent: {}
[5.154685] (slam_toolbox) StdoutLine: {'line': b'-- Up-to-date symlink: /home/ubuntu/spas_ws/install/slam_toolbox/share/slam_toolbox/srv/MergeMaps.srv\n'}
[5.156945] (slam_toolbox) StdoutLine: {'line': b'-- Up-to-date symlink: /home/ubuntu/spas_ws/install/slam_toolbox/share/slam_toolbox/srv/MergeMaps_Request.msg\n'}
[5.162570] (slam_toolbox) StdoutLine: {'line': b'-- Up-to-date symlink: /home/ubuntu/spas_ws/install/slam_toolbox/share/slam_toolbox/srv/MergeMaps_Response.msg\n'}
[5.166289] (slam_toolbox) StdoutLine: {'line': b'-- Up-to-date symlink: /home/ubuntu/spas_ws/install/slam_toolbox/share/slam_toolbox/srv/AddSubmap.srv\n'}
[5.168764] (slam_toolbox) StdoutLine: {'line': b'-- Up-to-date symlink: /home/ubuntu/spas_ws/install/slam_toolbox/share/slam_toolbox/srv/AddSubmap_Request.msg\n'}
[5.171175] (slam_toolbox) StdoutLine: {'line': b'-- Up-to-date symlink: /home/ubuntu/spas_ws/install/slam_toolbox/share/slam_toolbox/srv/AddSubmap_Response.msg\n'}
[5.173387] (slam_toolbox) StdoutLine: {'line': b'-- Up-to-date symlink: /home/ubuntu/spas_ws/install/slam_toolbox/share/slam_toolbox/srv/DeserializePoseGraph.srv\n'}
[5.175726] (slam_toolbox) StdoutLine: {'line': b'-- Up-to-date symlink: /home/ubuntu/spas_ws/install/slam_toolbox/share/slam_toolbox/srv/DeserializePoseGraph_Request.msg\n'}
[5.178083] (slam_toolbox) StdoutLine: {'line': b'-- Up-to-date symlink: /home/ubuntu/spas_ws/install/slam_toolbox/share/slam_toolbox/srv/DeserializePoseGraph_Response.msg\n'}
[5.180896] (slam_toolbox) StdoutLine: {'line': b'-- Up-to-date symlink: /home/ubuntu/spas_ws/install/slam_toolbox/share/slam_toolbox/srv/SerializePoseGraph.srv\n'}
[5.183321] (slam_toolbox) StdoutLine: {'line': b'-- Up-to-date symlink: /home/ubuntu/spas_ws/install/slam_toolbox/share/slam_toolbox/srv/SerializePoseGraph_Request.msg\n'}
[5.185709] (slam_toolbox) StdoutLine: {'line': b'-- Up-to-date symlink: /home/ubuntu/spas_ws/install/slam_toolbox/share/slam_toolbox/srv/SerializePoseGraph_Response.msg\n'}
[5.188293] (slam_toolbox) StdoutLine: {'line': b'-- Up-to-date symlink: /home/ubuntu/spas_ws/install/slam_toolbox/share/slam_toolbox//rviz_plugins.xml\n'}
[5.190632] (slam_toolbox) StdoutLine: {'line': b'-- Up-to-date symlink: /home/ubuntu/spas_ws/install/slam_toolbox/share/slam_toolbox//solver_plugins.xml\n'}
[5.193765] (slam_toolbox) StdoutLine: {'line': b'-- Up-to-date symlink: /home/ubuntu/spas_ws/install/slam_toolbox/lib/slam_toolbox/async_slam_toolbox_node\n'}
[5.195895] (slam_toolbox) StdoutLine: {'line': b'-- Up-to-date symlink: /home/ubuntu/spas_ws/install/slam_toolbox/lib/slam_toolbox/sync_slam_toolbox_node\n'}
[5.198468] (slam_toolbox) StdoutLine: {'line': b'-- Up-to-date symlink: /home/ubuntu/spas_ws/install/slam_toolbox/lib/slam_toolbox/localization_slam_toolbox_node\n'}
[5.200668] (slam_toolbox) StdoutLine: {'line': b'-- Up-to-date symlink: /home/ubuntu/spas_ws/install/slam_toolbox/lib/slam_toolbox/map_and_localization_slam_toolbox_node\n'}
[5.202834] (slam_toolbox) StdoutLine: {'line': b'-- Up-to-date symlink: /home/ubuntu/spas_ws/install/slam_toolbox/lib/slam_toolbox/merge_maps_kinematic\n'}
[5.205019] (slam_toolbox) StdoutLine: {'line': b'-- Up-to-date symlink: /home/ubuntu/spas_ws/install/slam_toolbox/lib/libtoolbox_common.so\n'}
[5.207114] (slam_toolbox) StdoutLine: {'line': b'-- Up-to-date symlink: /home/ubuntu/spas_ws/install/slam_toolbox/lib/libSlamToolboxPlugin.so\n'}
[5.209328] (slam_toolbox) StdoutLine: {'line': b'-- Up-to-date symlink: /home/ubuntu/spas_ws/install/slam_toolbox/lib/libceres_solver_plugin.so\n'}
[5.211587] (slam_toolbox) StdoutLine: {'line': b'-- Up-to-date symlink: /home/ubuntu/spas_ws/install/slam_toolbox/lib/libasync_slam_toolbox.so\n'}
[5.213708] (slam_toolbox) StdoutLine: {'line': b'-- Up-to-date symlink: /home/ubuntu/spas_ws/install/slam_toolbox/lib/libsync_slam_toolbox.so\n'}
[5.215800] (slam_toolbox) StdoutLine: {'line': b'-- Up-to-date symlink: /home/ubuntu/spas_ws/install/slam_toolbox/lib/liblocalization_slam_toolbox.so\n'}
[5.218112] (slam_toolbox) StdoutLine: {'line': b'-- Up-to-date symlink: /home/ubuntu/spas_ws/install/slam_toolbox/lib/liblifelong_slam_toolbox.so\n'}
[5.220322] (slam_toolbox) StdoutLine: {'line': b'-- Up-to-date symlink: /home/ubuntu/spas_ws/install/slam_toolbox/lib/libmap_and_localization_slam_toolbox.so\n'}
[5.222691] (slam_toolbox) StdoutLine: {'line': b'-- Up-to-date symlink: /home/ubuntu/spas_ws/install/slam_toolbox/lib/libkartoSlamToolbox.so\n'}
[5.227408] (slam_toolbox) StdoutLine: {'line': b'-- Up-to-date symlink: /home/ubuntu/spas_ws/install/slam_toolbox/include/slam_toolbox/experimental/slam_toolbox_lifelong.hpp\n'}
[5.229661] (slam_toolbox) StdoutLine: {'line': b'-- Up-to-date symlink: /home/ubuntu/spas_ws/install/slam_toolbox/include/slam_toolbox/experimental/slam_toolbox_map_and_localization.hpp\n'}
[5.231768] (slam_toolbox) StdoutLine: {'line': b'-- Up-to-date symlink: /home/ubuntu/spas_ws/install/slam_toolbox/include/slam_toolbox/get_pose_helper.hpp\n'}
[5.234017] (slam_toolbox) StdoutLine: {'line': b'-- Up-to-date symlink: /home/ubuntu/spas_ws/install/slam_toolbox/include/slam_toolbox/laser_utils.hpp\n'}
[5.236070] (slam_toolbox) StdoutLine: {'line': b'-- Up-to-date symlink: /home/ubuntu/spas_ws/install/slam_toolbox/include/slam_toolbox/loop_closure_assistant.hpp\n'}
[5.238056] (slam_toolbox) StdoutLine: {'line': b'-- Up-to-date symlink: /home/ubuntu/spas_ws/install/slam_toolbox/include/slam_toolbox/map_saver.hpp\n'}
[5.244888] (slam_toolbox) StdoutLine: {'line': b'-- Up-to-date symlink: /home/ubuntu/spas_ws/install/slam_toolbox/include/slam_toolbox/merge_maps_kinematic.hpp\n'}
[5.246986] (slam_toolbox) StdoutLine: {'line': b'-- Up-to-date symlink: /home/ubuntu/spas_ws/install/slam_toolbox/include/slam_toolbox/serialization.hpp\n'}
[5.249313] (slam_toolbox) StdoutLine: {'line': b'-- Up-to-date symlink: /home/ubuntu/spas_ws/install/slam_toolbox/include/slam_toolbox/slam_mapper.hpp\n'}
[5.251365] (slam_toolbox) StdoutLine: {'line': b'-- Up-to-date symlink: /home/ubuntu/spas_ws/install/slam_toolbox/include/slam_toolbox/slam_toolbox_async.hpp\n'}
[5.252007] (-) TimerEvent: {}
[5.255022] (slam_toolbox) StdoutLine: {'line': b'-- Up-to-date symlink: /home/ubuntu/spas_ws/install/slam_toolbox/include/slam_toolbox/slam_toolbox_common.hpp\n'}
[5.257227] (slam_toolbox) StdoutLine: {'line': b'-- Up-to-date symlink: /home/ubuntu/spas_ws/install/slam_toolbox/include/slam_toolbox/slam_toolbox_localization.hpp\n'}
[5.261522] (slam_toolbox) StdoutLine: {'line': b'-- Up-to-date symlink: /home/ubuntu/spas_ws/install/slam_toolbox/include/slam_toolbox/slam_toolbox_sync.hpp\n'}
[5.263423] (slam_toolbox) StdoutLine: {'line': b'-- Up-to-date symlink: /home/ubuntu/spas_ws/install/slam_toolbox/include/slam_toolbox/snap_utils.hpp\n'}
[5.265453] (slam_toolbox) StdoutLine: {'line': b'-- Up-to-date symlink: /home/ubuntu/spas_ws/install/slam_toolbox/include/slam_toolbox/toolbox_msgs.hpp\n'}
[5.267560] (slam_toolbox) StdoutLine: {'line': b'-- Up-to-date symlink: /home/ubuntu/spas_ws/install/slam_toolbox/include/slam_toolbox/toolbox_types.hpp\n'}
[5.269660] (slam_toolbox) StdoutLine: {'line': b'-- Up-to-date symlink: /home/ubuntu/spas_ws/install/slam_toolbox/include/slam_toolbox/visualization_utils.hpp\n'}
[5.273577] (slam_toolbox) StdoutLine: {'line': b'-- Up-to-date symlink: /home/ubuntu/spas_ws/install/slam_toolbox/share/slam_toolbox/launch/localization_launch.py\n'}
[5.275506] (slam_toolbox) StdoutLine: {'line': b'-- Up-to-date symlink: /home/ubuntu/spas_ws/install/slam_toolbox/share/slam_toolbox/launch/merge_maps_kinematic_launch.py\n'}
[5.277570] (slam_toolbox) StdoutLine: {'line': b'-- Up-to-date symlink: /home/ubuntu/spas_ws/install/slam_toolbox/share/slam_toolbox/launch/offline_launch.py\n'}
[5.279554] (slam_toolbox) StdoutLine: {'line': b'-- Up-to-date symlink: /home/ubuntu/spas_ws/install/slam_toolbox/share/slam_toolbox/launch/online_async_launch.py\n'}
[5.281659] (slam_toolbox) StdoutLine: {'line': b'-- Up-to-date symlink: /home/ubuntu/spas_ws/install/slam_toolbox/share/slam_toolbox/launch/online_sync_launch.py\n'}
[5.285009] (slam_toolbox) StdoutLine: {'line': b'-- Up-to-date symlink: /home/ubuntu/spas_ws/install/slam_toolbox/share/slam_toolbox/config/mapper_params_lifelong.yaml\n'}
[5.287178] (slam_toolbox) StdoutLine: {'line': b'-- Up-to-date symlink: /home/ubuntu/spas_ws/install/slam_toolbox/share/slam_toolbox/config/mapper_params_localization.yaml\n'}
[5.289545] (slam_toolbox) StdoutLine: {'line': b'-- Up-to-date symlink: /home/ubuntu/spas_ws/install/slam_toolbox/share/slam_toolbox/config/mapper_params_offline.yaml\n'}
[5.291643] (slam_toolbox) StdoutLine: {'line': b'-- Up-to-date symlink: /home/ubuntu/spas_ws/install/slam_toolbox/share/slam_toolbox/config/mapper_params_online_async.yaml\n'}
[5.293555] (slam_toolbox) StdoutLine: {'line': b'-- Up-to-date symlink: /home/ubuntu/spas_ws/install/slam_toolbox/share/slam_toolbox/config/mapper_params_online_sync.yaml\n'}
[5.295485] (slam_toolbox) StdoutLine: {'line': b'-- Up-to-date symlink: /home/ubuntu/spas_ws/install/slam_toolbox/share/slam_toolbox/config/slam_toolbox_default.rviz\n'}
[5.297817] (slam_toolbox) StdoutLine: {'line': b'-- Up-to-date symlink: /home/ubuntu/spas_ws/install/slam_toolbox/share/solver_plugins.xml\n'}
[5.299746] (slam_toolbox) StdoutLine: {'line': b'-- Up-to-date symlink: /home/ubuntu/spas_ws/install/slam_toolbox/share/rviz_plugins.xml\n'}
[5.302252] (slam_toolbox) StdoutLine: {'line': b'-- Up-to-date symlink: /home/ubuntu/spas_ws/install/slam_toolbox/share/ament_index/resource_index/package_run_dependencies/slam_toolbox\n'}
[5.305091] (slam_toolbox) StdoutLine: {'line': b'-- Up-to-date symlink: /home/ubuntu/spas_ws/install/slam_toolbox/share/ament_index/resource_index/parent_prefix_path/slam_toolbox\n'}
[5.307894] (slam_toolbox) StdoutLine: {'line': b'-- Up-to-date symlink: /home/ubuntu/spas_ws/install/slam_toolbox/share/slam_toolbox/environment/ament_prefix_path.sh\n'}
[5.311042] (slam_toolbox) StdoutLine: {'line': b'-- Up-to-date symlink: /home/ubuntu/spas_ws/install/slam_toolbox/share/slam_toolbox/environment/ament_prefix_path.dsv\n'}
[5.313960] (slam_toolbox) StdoutLine: {'line': b'-- Up-to-date symlink: /home/ubuntu/spas_ws/install/slam_toolbox/share/slam_toolbox/environment/path.sh\n'}
[5.316341] (slam_toolbox) StdoutLine: {'line': b'-- Up-to-date symlink: /home/ubuntu/spas_ws/install/slam_toolbox/share/slam_toolbox/environment/path.dsv\n'}
[5.318924] (slam_toolbox) StdoutLine: {'line': b'-- Up-to-date symlink: /home/ubuntu/spas_ws/install/slam_toolbox/share/slam_toolbox/local_setup.bash\n'}
[5.321475] (slam_toolbox) StdoutLine: {'line': b'-- Up-to-date symlink: /home/ubuntu/spas_ws/install/slam_toolbox/share/slam_toolbox/local_setup.sh\n'}
[5.323776] (slam_toolbox) StdoutLine: {'line': b'-- Up-to-date symlink: /home/ubuntu/spas_ws/install/slam_toolbox/share/slam_toolbox/local_setup.zsh\n'}
[5.326100] (slam_toolbox) StdoutLine: {'line': b'-- Up-to-date symlink: /home/ubuntu/spas_ws/install/slam_toolbox/share/slam_toolbox/local_setup.dsv\n'}
[5.328078] (slam_toolbox) StdoutLine: {'line': b'-- Symlinking: /home/ubuntu/spas_ws/install/slam_toolbox/share/slam_toolbox/package.dsv\n'}
[5.352270] (-) TimerEvent: {}
[5.378518] (slam_toolbox) StdoutLine: {'line': b'-- Up-to-date symlink: /home/ubuntu/spas_ws/install/slam_toolbox/share/ament_index/resource_index/packages/slam_toolbox\n'}
[5.381109] (slam_toolbox) StdoutLine: {'line': b'-- Up-to-date symlink: /home/ubuntu/spas_ws/install/slam_toolbox/share/ament_index/resource_index/rclcpp_components/slam_toolbox\n'}
[5.383716] (slam_toolbox) StdoutLine: {'line': b'-- Up-to-date symlink: /home/ubuntu/spas_ws/install/slam_toolbox/share/ament_index/resource_index/rviz_common__pluginlib__plugin/slam_toolbox\n'}
[5.386395] (slam_toolbox) StdoutLine: {'line': b'-- Up-to-date symlink: /home/ubuntu/spas_ws/install/slam_toolbox/share/ament_index/resource_index/slam_toolbox__pluginlib__plugin/slam_toolbox\n'}
[5.388910] (slam_toolbox) StdoutLine: {'line': b'-- Up-to-date symlink: /home/ubuntu/spas_ws/install/slam_toolbox/share/slam_toolbox/cmake/rosidl_cmake-extras.cmake\n'}
[5.391476] (slam_toolbox) StdoutLine: {'line': b'-- Up-to-date symlink: /home/ubuntu/spas_ws/install/slam_toolbox/share/slam_toolbox/cmake/ament_cmake_export_dependencies-extras.cmake\n'}
[5.394581] (slam_toolbox) StdoutLine: {'line': b'-- Up-to-date symlink: /home/ubuntu/spas_ws/install/slam_toolbox/share/slam_toolbox/cmake/ament_cmake_export_include_directories-extras.cmake\n'}
[5.397354] (slam_toolbox) StdoutLine: {'line': b'-- Up-to-date symlink: /home/ubuntu/spas_ws/install/slam_toolbox/share/slam_toolbox/cmake/ament_cmake_export_libraries-extras.cmake\n'}
[5.399870] (slam_toolbox) StdoutLine: {'line': b'-- Up-to-date symlink: /home/ubuntu/spas_ws/install/slam_toolbox/share/slam_toolbox/cmake/ament_cmake_export_targets-extras.cmake\n'}
[5.402326] (slam_toolbox) StdoutLine: {'line': b'-- Up-to-date symlink: /home/ubuntu/spas_ws/install/slam_toolbox/share/slam_toolbox/cmake/rosidl_cmake_export_typesupport_targets-extras.cmake\n'}
[5.404832] (slam_toolbox) StdoutLine: {'line': b'-- Up-to-date symlink: /home/ubuntu/spas_ws/install/slam_toolbox/share/slam_toolbox/cmake/rosidl_cmake_export_typesupport_libraries-extras.cmake\n'}
[5.407017] (slam_toolbox) StdoutLine: {'line': b'-- Up-to-date symlink: /home/ubuntu/spas_ws/install/slam_toolbox/share/slam_toolbox/cmake/slam_toolboxConfig.cmake\n'}
[5.409093] (slam_toolbox) StdoutLine: {'line': b'-- Up-to-date symlink: /home/ubuntu/spas_ws/install/slam_toolbox/share/slam_toolbox/cmake/slam_toolboxConfig-version.cmake\n'}
[5.411237] (slam_toolbox) StdoutLine: {'line': b'-- Up-to-date symlink: /home/ubuntu/spas_ws/install/slam_toolbox/share/slam_toolbox/package.xml\n'}
[5.414358] (slam_toolbox) StdoutLine: {'line': b'-- Up-to-date: /home/ubuntu/spas_ws/install/slam_toolbox/lib/libslam_toolbox__rosidl_generator_c.so\n'}
[5.418045] (slam_toolbox) StdoutLine: {'line': b'-- Up-to-date: /home/ubuntu/spas_ws/install/slam_toolbox/lib/libslam_toolbox__rosidl_typesupport_fastrtps_c.so\n'}
[5.421742] (slam_toolbox) StdoutLine: {'line': b'-- Up-to-date: /home/ubuntu/spas_ws/install/slam_toolbox/lib/libslam_toolbox__rosidl_typesupport_fastrtps_cpp.so\n'}
[5.425388] (slam_toolbox) StdoutLine: {'line': b'-- Up-to-date: /home/ubuntu/spas_ws/install/slam_toolbox/lib/libslam_toolbox__rosidl_typesupport_introspection_c.so\n'}
[5.428916] (slam_toolbox) StdoutLine: {'line': b'-- Up-to-date: /home/ubuntu/spas_ws/install/slam_toolbox/lib/libslam_toolbox__rosidl_typesupport_c.so\n'}
[5.432437] (slam_toolbox) StdoutLine: {'line': b'-- Up-to-date: /home/ubuntu/spas_ws/install/slam_toolbox/lib/libslam_toolbox__rosidl_typesupport_introspection_cpp.so\n'}
[5.435959] (slam_toolbox) StdoutLine: {'line': b'-- Up-to-date: /home/ubuntu/spas_ws/install/slam_toolbox/lib/libslam_toolbox__rosidl_typesupport_cpp.so\n'}
[5.452559] (-) TimerEvent: {}
[5.555126] (-) TimerEvent: {}
[5.663211] (-) TimerEvent: {}
[5.682745] (slam_toolbox) StdoutLine: {'line': b"Listing '/home/ubuntu/spas_ws/install/slam_toolbox/local/lib/python3.10/dist-packages/slam_toolbox'...\n"}
[5.683806] (slam_toolbox) StdoutLine: {'line': b"Listing '/home/ubuntu/spas_ws/install/slam_toolbox/local/lib/python3.10/dist-packages/slam_toolbox/srv'...\n"}
[5.727523] (slam_toolbox) StdoutLine: {'line': b'-- Up-to-date: /home/ubuntu/spas_ws/install/slam_toolbox/lib/libslam_toolbox__rosidl_generator_py.so\n'}
[5.731051] (slam_toolbox) StdoutLine: {'line': b'-- Up-to-date: /home/ubuntu/spas_ws/install/slam_toolbox/share/slam_toolbox/cmake/export_slam_toolbox__rosidl_generator_cExport.cmake\n'}
[5.732765] (slam_toolbox) StdoutLine: {'line': b'-- Up-to-date: /home/ubuntu/spas_ws/install/slam_toolbox/share/slam_toolbox/cmake/export_slam_toolbox__rosidl_generator_cExport-release.cmake\n'}
[5.734844] (slam_toolbox) StdoutLine: {'line': b'-- Up-to-date: /home/ubuntu/spas_ws/install/slam_toolbox/share/slam_toolbox/cmake/export_slam_toolbox__rosidl_typesupport_fastrtps_cExport.cmake\n'}
[5.736476] (slam_toolbox) StdoutLine: {'line': b'-- Up-to-date: /home/ubuntu/spas_ws/install/slam_toolbox/share/slam_toolbox/cmake/export_slam_toolbox__rosidl_typesupport_fastrtps_cExport-release.cmake\n'}
[5.738566] (slam_toolbox) StdoutLine: {'line': b'-- Up-to-date: /home/ubuntu/spas_ws/install/slam_toolbox/share/slam_toolbox/cmake/export_slam_toolbox__rosidl_generator_cppExport.cmake\n'}
[5.740582] (slam_toolbox) StdoutLine: {'line': b'-- Up-to-date: /home/ubuntu/spas_ws/install/slam_toolbox/share/slam_toolbox/cmake/export_slam_toolbox__rosidl_typesupport_fastrtps_cppExport.cmake\n'}
[5.742231] (slam_toolbox) StdoutLine: {'line': b'-- Up-to-date: /home/ubuntu/spas_ws/install/slam_toolbox/share/slam_toolbox/cmake/export_slam_toolbox__rosidl_typesupport_fastrtps_cppExport-release.cmake\n'}
[5.744288] (slam_toolbox) StdoutLine: {'line': b'-- Up-to-date: /home/ubuntu/spas_ws/install/slam_toolbox/share/slam_toolbox/cmake/slam_toolbox__rosidl_typesupport_introspection_cExport.cmake\n'}
[5.745936] (slam_toolbox) StdoutLine: {'line': b'-- Up-to-date: /home/ubuntu/spas_ws/install/slam_toolbox/share/slam_toolbox/cmake/slam_toolbox__rosidl_typesupport_introspection_cExport-release.cmake\n'}
[5.748086] (slam_toolbox) StdoutLine: {'line': b'-- Up-to-date: /home/ubuntu/spas_ws/install/slam_toolbox/share/slam_toolbox/cmake/slam_toolbox__rosidl_typesupport_cExport.cmake\n'}
[5.750235] (slam_toolbox) StdoutLine: {'line': b'-- Up-to-date: /home/ubuntu/spas_ws/install/slam_toolbox/share/slam_toolbox/cmake/slam_toolbox__rosidl_typesupport_cExport-release.cmake\n'}
[5.752473] (slam_toolbox) StdoutLine: {'line': b'-- Up-to-date: /home/ubuntu/spas_ws/install/slam_toolbox/share/slam_toolbox/cmake/slam_toolbox__rosidl_typesupport_introspection_cppExport.cmake\n'}
[5.754111] (slam_toolbox) StdoutLine: {'line': b'-- Up-to-date: /home/ubuntu/spas_ws/install/slam_toolbox/share/slam_toolbox/cmake/slam_toolbox__rosidl_typesupport_introspection_cppExport-release.cmake\n'}
[5.756199] (slam_toolbox) StdoutLine: {'line': b'-- Up-to-date: /home/ubuntu/spas_ws/install/slam_toolbox/share/slam_toolbox/cmake/slam_toolbox__rosidl_typesupport_cppExport.cmake\n'}
[5.758486] (slam_toolbox) StdoutLine: {'line': b'-- Up-to-date: /home/ubuntu/spas_ws/install/slam_toolbox/share/slam_toolbox/cmake/slam_toolbox__rosidl_typesupport_cppExport-release.cmake\n'}
[5.760626] (slam_toolbox) StdoutLine: {'line': b'-- Up-to-date: /home/ubuntu/spas_ws/install/slam_toolbox/share/slam_toolbox/cmake/export_slam_toolbox__rosidl_generator_pyExport.cmake\n'}
[5.762280] (slam_toolbox) StdoutLine: {'line': b'-- Up-to-date: /home/ubuntu/spas_ws/install/slam_toolbox/share/slam_toolbox/cmake/export_slam_toolbox__rosidl_generator_pyExport-release.cmake\n'}
[5.763356] (-) TimerEvent: {}
[5.765782] (slam_toolbox) StdoutLine: {'line': b'-- Up-to-date: /home/ubuntu/spas_ws/install/slam_toolbox/share/slam_toolbox/cmake/SlamToolboxPluginExport.cmake\n'}
[5.767311] (slam_toolbox) StdoutLine: {'line': b'-- Up-to-date: /home/ubuntu/spas_ws/install/slam_toolbox/share/slam_toolbox/cmake/SlamToolboxPluginExport-release.cmake\n'}
[5.866715] (-) TimerEvent: {}
[5.969216] (-) TimerEvent: {}
[6.070138] (-) TimerEvent: {}
[6.171104] (-) TimerEvent: {}
[6.272842] (-) TimerEvent: {}
[6.374966] (-) TimerEvent: {}
[6.476058] (-) TimerEvent: {}
[6.578530] (-) TimerEvent: {}
[6.688027] (-) TimerEvent: {}
[6.750474] (slam_toolbox) CommandEnded: {'returncode': 0}
[6.788510] (-) TimerEvent: {}
[6.863557] (slam_toolbox) JobEnded: {'identifier': 'slam_toolbox', 'rc': 0}
[6.888681] (-) TimerEvent: {}
[6.989936] (-) TimerEvent: {}
[7.093072] (-) TimerEvent: {}
[7.199564] (spas_control) Command: {'cmd': ['/usr/bin/python3', '-W', 'ignore:setup.py install is deprecated', '-W', 'ignore:easy_install command is deprecated', 'setup.py', 'develop', '--editable', '--build-directory', '/home/ubuntu/spas_ws/build/spas_control/build', '--no-deps', 'symlink_data'], 'cwd': '/home/ubuntu/spas_ws/build/spas_control', 'env': {'PYTHON_BASIC_REPL': '1', 'LESSOPEN': '| /usr/bin/lesspipe %s', 'USER': 'ubuntu', 'SSH_CLIENT': '192.168.57.146 51130 22', 'XDG_SESSION_TYPE': 'tty', 'GIT_ASKPASS': '/home/ubuntu/.vscode-server/cli/servers/Stable-8761a5560cfd65fdd19ce7e2bd18dab5c0a4d84e/server/extensions/git/dist/askpass.sh', 'SHLVL': '1', 'LD_LIBRARY_PATH': '/home/ubuntu/spas_ws/install/slam_toolbox/lib:/opt/ros/humble/opt/rviz_ogre_vendor/lib:/opt/ros/humble/lib/aarch64-linux-gnu:/opt/ros/humble/lib', 'BROWSER': '/home/ubuntu/.vscode-server/cli/servers/Stable-8761a5560cfd65fdd19ce7e2bd18dab5c0a4d84e/server/bin/helpers/browser.sh', 'MOTD_SHOWN': 'pam', 'HOME': '/home/ubuntu', 'OLDPWD': '/home/ubuntu', 'TERM_PROGRAM_VERSION': '1.122.1', 'VSCODE_IPC_HOOK_CLI': '/run/user/1000/vscode-ipc-cb0d5506-bb9e-4971-a92b-eed190fc42e1.sock', 'ROS_PYTHON_VERSION': '3', 'VSCODE_GIT_ASKPASS_MAIN': '/home/ubuntu/.vscode-server/cli/servers/Stable-8761a5560cfd65fdd19ce7e2bd18dab5c0a4d84e/server/extensions/git/dist/askpass-main.js', 'VSCODE_GIT_ASKPASS_NODE': '/home/ubuntu/.vscode-server/cli/servers/Stable-8761a5560cfd65fdd19ce7e2bd18dab5c0a4d84e/server/node', 'PYDEVD_DISABLE_FILE_VALIDATION': '1', 'BUNDLED_DEBUGPY_PATH': '/home/ubuntu/.vscode-server/extensions/ms-python.debugpy-2026.6.0/bundled/libs/debugpy', 'VSCODE_PYTHON_AUTOACTIVATE_GUARD': '1', 'DBUS_SESSION_BUS_ADDRESS': 'unix:path=/run/user/1000/bus', 'COLORTERM': 'truecolor', 'COLCON_PREFIX_PATH': '/home/ubuntu/spas_ws/install', 'ROS_DISTRO': 'humble', 'LOGNAME': 'ubuntu', '_': '/usr/bin/colcon', 'ROS_VERSION': '2', 'XDG_SESSION_CLASS': 'user', 'TERM': 'xterm-256color', 'XDG_SESSION_ID': '1', 'ROS_LOCALHOST_ONLY': '0', 'PATH': '/home/ubuntu/.vscode-server/cli/servers/Stable-8761a5560cfd65fdd19ce7e2bd18dab5c0a4d84e/server/bin/remote-cli:/home/ubuntu/.local/bin:/opt/ros/humble/bin:/usr/local/sbin:/usr/local/bin:/usr/sbin:/usr/bin:/sbin:/bin:/usr/games:/usr/local/games:/snap/bin:/usr/local/bin:/home/ubuntu/.vscode-server/extensions/ms-python.debugpy-2026.6.0/bundled/scripts/noConfigScripts:/usr/local/bin', 'XDG_RUNTIME_DIR': '/run/user/1000', 'VSCODE_DEBUGPY_ADAPTER_ENDPOINTS': '/home/ubuntu/.vscode-server/extensions/ms-python.debugpy-2026.6.0/.noConfigDebugAdapterEndpoints/endpoint-1ba2707a56f8ef83.txt', 'LANG': 'en_US.UTF-8', 'PYTHONSTARTUP': '/home/ubuntu/.vscode-server/data/User/workspaceStorage/e032697359c870186215dbcd294e7172/ms-python.python/pythonrc.py', 'LS_COLORS': 'rs=0:di=01;34:ln=01;36:mh=00:pi=40;33:so=01;35:do=01;35:bd=40;33;01:cd=40;33;01:or=40;31;01:mi=00:su=37;41:sg=30;43:ca=30;41:tw=30;42:ow=34;42:st=37;44:ex=01;32:*.tar=01;31:*.tgz=01;31:*.arc=01;31:*.arj=01;31:*.taz=01;31:*.lha=01;31:*.lz4=01;31:*.lzh=01;31:*.lzma=01;31:*.tlz=01;31:*.txz=01;31:*.tzo=01;31:*.t7z=01;31:*.zip=01;31:*.z=01;31:*.dz=01;31:*.gz=01;31:*.lrz=01;31:*.lz=01;31:*.lzo=01;31:*.xz=01;31:*.zst=01;31:*.tzst=01;31:*.bz2=01;31:*.bz=01;31:*.tbz=01;31:*.tbz2=01;31:*.tz=01;31:*.deb=01;31:*.rpm=01;31:*.jar=01;31:*.war=01;31:*.ear=01;31:*.sar=01;31:*.rar=01;31:*.alz=01;31:*.ace=01;31:*.zoo=01;31:*.cpio=01;31:*.7z=01;31:*.rz=01;31:*.cab=01;31:*.wim=01;31:*.swm=01;31:*.dwm=01;31:*.esd=01;31:*.jpg=01;35:*.jpeg=01;35:*.mjpg=01;35:*.mjpeg=01;35:*.gif=01;35:*.bmp=01;35:*.pbm=01;35:*.pgm=01;35:*.ppm=01;35:*.tga=01;35:*.xbm=01;35:*.xpm=01;35:*.tif=01;35:*.tiff=01;35:*.png=01;35:*.svg=01;35:*.svgz=01;35:*.mng=01;35:*.pcx=01;35:*.mov=01;35:*.mpg=01;35:*.mpeg=01;35:*.m2v=01;35:*.mkv=01;35:*.webm=01;35:*.webp=01;35:*.ogm=01;35:*.mp4=01;35:*.m4v=01;35:*.mp4v=01;35:*.vob=01;35:*.qt=01;35:*.nuv=01;35:*.wmv=01;35:*.asf=01;35:*.rm=01;35:*.rmvb=01;35:*.flc=01;35:*.avi=01;35:*.fli=01;35:*.flv=01;35:*.gl=01;35:*.dl=01;35:*.xcf=01;35:*.xwd=01;35:*.yuv=01;35:*.cgm=01;35:*.emf=01;35:*.ogv=01;35:*.ogx=01;35:*.aac=00;36:*.au=00;36:*.flac=00;36:*.m4a=00;36:*.mid=00;36:*.midi=00;36:*.mka=00;36:*.mp3=00;36:*.mpc=00;36:*.ogg=00;36:*.ra=00;36:*.wav=00;36:*.oga=00;36:*.opus=00;36:*.spx=00;36:*.xspf=00;36:', 'VSCODE_GIT_IPC_HANDLE': '/run/user/1000/vscode-git-c858e614bc.sock', 'TERM_PROGRAM': 'vscode', 'ROS_DOMAIN_ID': '1', 'AMENT_PREFIX_PATH': '/home/ubuntu/spas_ws/install/spas_planning:/home/ubuntu/spas_ws/install/spas_perception:/home/ubuntu/spas_ws/install/spas_control:/home/ubuntu/spas_ws/install/spas_bringup:/home/ubuntu/spas_ws/install/sllidar_ros2:/home/ubuntu/spas_ws/install/slam_toolbox:/opt/ros/humble', 'SHELL': '/bin/bash', 'LESSCLOSE': '/usr/bin/lesspipe %s %s', 'VSCODE_GIT_ASKPASS_EXTRA_ARGS': '', 'PWD': '/home/ubuntu/spas_ws/build/spas_control', 'LC_ALL': 'en_US.UTF-8', 'SSH_CONNECTION': '192.168.57.146 51130 192.168.57.18 22', 'XDG_DATA_DIRS': '/usr/share/gnome:/usr/local/share:/usr/share:/var/lib/snapd/desktop', 'PYTHONPATH': '/home/ubuntu/spas_ws/build/spas_control/prefix_override:/usr/lib/python3/dist-packages/colcon_core/task/python/colcon_distutils_commands:/home/ubuntu/spas_ws/install/spas_control/lib/python3.10/site-packages:/home/ubuntu/spas_ws/build/spas_planning:/home/ubuntu/spas_ws/install/spas_planning/lib/python3.10/site-packages:/home/ubuntu/spas_ws/build/spas_perception:/home/ubuntu/spas_ws/install/spas_perception/lib/python3.10/site-packages:/home/ubuntu/spas_ws/build/spas_control:/home/ubuntu/spas_ws/install/spas_control/lib/python3.10/site-packages:/home/ubuntu/spas_ws/install/slam_toolbox/local/lib/python3.10/dist-packages:/opt/ros/humble/lib/python3.10/site-packages:/opt/ros/humble/local/lib/python3.10/dist-packages:/usr/local/lib/python3/dist-packages:/usr/local/lib/python3/dist-packages', 'COLCON': '1', 'CMAKE_PREFIX_PATH': '/home/ubuntu/spas_ws/install/spas_bringup:/home/ubuntu/spas_ws/install/sllidar_ros2:/home/ubuntu/spas_ws/install/slam_toolbox'}, 'shell': False}
[7.210033] (-) TimerEvent: {}
[7.312468] (-) TimerEvent: {}
[7.372325] (spas_perception) Command: {'cmd': ['/usr/bin/python3', '-W', 'ignore:setup.py install is deprecated', '-W', 'ignore:easy_install command is deprecated', 'setup.py', 'develop', '--editable', '--build-directory', '/home/ubuntu/spas_ws/build/spas_perception/build', '--no-deps', 'symlink_data'], 'cwd': '/home/ubuntu/spas_ws/build/spas_perception', 'env': {'PYTHON_BASIC_REPL': '1', 'LESSOPEN': '| /usr/bin/lesspipe %s', 'USER': 'ubuntu', 'SSH_CLIENT': '192.168.57.146 51130 22', 'XDG_SESSION_TYPE': 'tty', 'GIT_ASKPASS': '/home/ubuntu/.vscode-server/cli/servers/Stable-8761a5560cfd65fdd19ce7e2bd18dab5c0a4d84e/server/extensions/git/dist/askpass.sh', 'SHLVL': '1', 'LD_LIBRARY_PATH': '/home/ubuntu/spas_ws/install/slam_toolbox/lib:/opt/ros/humble/opt/rviz_ogre_vendor/lib:/opt/ros/humble/lib/aarch64-linux-gnu:/opt/ros/humble/lib', 'BROWSER': '/home/ubuntu/.vscode-server/cli/servers/Stable-8761a5560cfd65fdd19ce7e2bd18dab5c0a4d84e/server/bin/helpers/browser.sh', 'MOTD_SHOWN': 'pam', 'HOME': '/home/ubuntu', 'OLDPWD': '/home/ubuntu', 'TERM_PROGRAM_VERSION': '1.122.1', 'VSCODE_IPC_HOOK_CLI': '/run/user/1000/vscode-ipc-cb0d5506-bb9e-4971-a92b-eed190fc42e1.sock', 'ROS_PYTHON_VERSION': '3', 'VSCODE_GIT_ASKPASS_MAIN': '/home/ubuntu/.vscode-server/cli/servers/Stable-8761a5560cfd65fdd19ce7e2bd18dab5c0a4d84e/server/extensions/git/dist/askpass-main.js', 'VSCODE_GIT_ASKPASS_NODE': '/home/ubuntu/.vscode-server/cli/servers/Stable-8761a5560cfd65fdd19ce7e2bd18dab5c0a4d84e/server/node', 'PYDEVD_DISABLE_FILE_VALIDATION': '1', 'BUNDLED_DEBUGPY_PATH': '/home/ubuntu/.vscode-server/extensions/ms-python.debugpy-2026.6.0/bundled/libs/debugpy', 'VSCODE_PYTHON_AUTOACTIVATE_GUARD': '1', 'DBUS_SESSION_BUS_ADDRESS': 'unix:path=/run/user/1000/bus', 'COLORTERM': 'truecolor', 'COLCON_PREFIX_PATH': '/home/ubuntu/spas_ws/install', 'ROS_DISTRO': 'humble', 'LOGNAME': 'ubuntu', '_': '/usr/bin/colcon', 'ROS_VERSION': '2', 'XDG_SESSION_CLASS': 'user', 'TERM': 'xterm-256color', 'XDG_SESSION_ID': '1', 'ROS_LOCALHOST_ONLY': '0', 'PATH': '/home/ubuntu/.vscode-server/cli/servers/Stable-8761a5560cfd65fdd19ce7e2bd18dab5c0a4d84e/server/bin/remote-cli:/home/ubuntu/.local/bin:/opt/ros/humble/bin:/usr/local/sbin:/usr/local/bin:/usr/sbin:/usr/bin:/sbin:/bin:/usr/games:/usr/local/games:/snap/bin:/usr/local/bin:/home/ubuntu/.vscode-server/extensions/ms-python.debugpy-2026.6.0/bundled/scripts/noConfigScripts:/usr/local/bin', 'XDG_RUNTIME_DIR': '/run/user/1000', 'VSCODE_DEBUGPY_ADAPTER_ENDPOINTS': '/home/ubuntu/.vscode-server/extensions/ms-python.debugpy-2026.6.0/.noConfigDebugAdapterEndpoints/endpoint-1ba2707a56f8ef83.txt', 'LANG': 'en_US.UTF-8', 'PYTHONSTARTUP': '/home/ubuntu/.vscode-server/data/User/workspaceStorage/e032697359c870186215dbcd294e7172/ms-python.python/pythonrc.py', 'LS_COLORS': 'rs=0:di=01;34:ln=01;36:mh=00:pi=40;33:so=01;35:do=01;35:bd=40;33;01:cd=40;33;01:or=40;31;01:mi=00:su=37;41:sg=30;43:ca=30;41:tw=30;42:ow=34;42:st=37;44:ex=01;32:*.tar=01;31:*.tgz=01;31:*.arc=01;31:*.arj=01;31:*.taz=01;31:*.lha=01;31:*.lz4=01;31:*.lzh=01;31:*.lzma=01;31:*.tlz=01;31:*.txz=01;31:*.tzo=01;31:*.t7z=01;31:*.zip=01;31:*.z=01;31:*.dz=01;31:*.gz=01;31:*.lrz=01;31:*.lz=01;31:*.lzo=01;31:*.xz=01;31:*.zst=01;31:*.tzst=01;31:*.bz2=01;31:*.bz=01;31:*.tbz=01;31:*.tbz2=01;31:*.tz=01;31:*.deb=01;31:*.rpm=01;31:*.jar=01;31:*.war=01;31:*.ear=01;31:*.sar=01;31:*.rar=01;31:*.alz=01;31:*.ace=01;31:*.zoo=01;31:*.cpio=01;31:*.7z=01;31:*.rz=01;31:*.cab=01;31:*.wim=01;31:*.swm=01;31:*.dwm=01;31:*.esd=01;31:*.jpg=01;35:*.jpeg=01;35:*.mjpg=01;35:*.mjpeg=01;35:*.gif=01;35:*.bmp=01;35:*.pbm=01;35:*.pgm=01;35:*.ppm=01;35:*.tga=01;35:*.xbm=01;35:*.xpm=01;35:*.tif=01;35:*.tiff=01;35:*.png=01;35:*.svg=01;35:*.svgz=01;35:*.mng=01;35:*.pcx=01;35:*.mov=01;35:*.mpg=01;35:*.mpeg=01;35:*.m2v=01;35:*.mkv=01;35:*.webm=01;35:*.webp=01;35:*.ogm=01;35:*.mp4=01;35:*.m4v=01;35:*.mp4v=01;35:*.vob=01;35:*.qt=01;35:*.nuv=01;35:*.wmv=01;35:*.asf=01;35:*.rm=01;35:*.rmvb=01;35:*.flc=01;35:*.avi=01;35:*.fli=01;35:*.flv=01;35:*.gl=01;35:*.dl=01;35:*.xcf=01;35:*.xwd=01;35:*.yuv=01;35:*.cgm=01;35:*.emf=01;35:*.ogv=01;35:*.ogx=01;35:*.aac=00;36:*.au=00;36:*.flac=00;36:*.m4a=00;36:*.mid=00;36:*.midi=00;36:*.mka=00;36:*.mp3=00;36:*.mpc=00;36:*.ogg=00;36:*.ra=00;36:*.wav=00;36:*.oga=00;36:*.opus=00;36:*.spx=00;36:*.xspf=00;36:', 'VSCODE_GIT_IPC_HANDLE': '/run/user/1000/vscode-git-c858e614bc.sock', 'TERM_PROGRAM': 'vscode', 'ROS_DOMAIN_ID': '1', 'AMENT_PREFIX_PATH': '/home/ubuntu/spas_ws/install/spas_planning:/home/ubuntu/spas_ws/install/spas_perception:/home/ubuntu/spas_ws/install/spas_control:/home/ubuntu/spas_ws/install/spas_bringup:/home/ubuntu/spas_ws/install/sllidar_ros2:/home/ubuntu/spas_ws/install/slam_toolbox:/opt/ros/humble', 'SHELL': '/bin/bash', 'LESSCLOSE': '/usr/bin/lesspipe %s %s', 'VSCODE_GIT_ASKPASS_EXTRA_ARGS': '', 'PWD': '/home/ubuntu/spas_ws/build/spas_perception', 'LC_ALL': 'en_US.UTF-8', 'SSH_CONNECTION': '192.168.57.146 51130 192.168.57.18 22', 'XDG_DATA_DIRS': '/usr/share/gnome:/usr/local/share:/usr/share:/var/lib/snapd/desktop', 'PYTHONPATH': '/home/ubuntu/spas_ws/build/spas_perception/prefix_override:/usr/lib/python3/dist-packages/colcon_core/task/python/colcon_distutils_commands:/home/ubuntu/spas_ws/install/spas_perception/lib/python3.10/site-packages:/home/ubuntu/spas_ws/build/spas_planning:/home/ubuntu/spas_ws/install/spas_planning/lib/python3.10/site-packages:/home/ubuntu/spas_ws/build/spas_perception:/home/ubuntu/spas_ws/install/spas_perception/lib/python3.10/site-packages:/home/ubuntu/spas_ws/build/spas_control:/home/ubuntu/spas_ws/install/spas_control/lib/python3.10/site-packages:/home/ubuntu/spas_ws/install/slam_toolbox/local/lib/python3.10/dist-packages:/opt/ros/humble/lib/python3.10/site-packages:/opt/ros/humble/local/lib/python3.10/dist-packages:/usr/local/lib/python3/dist-packages:/usr/local/lib/python3/dist-packages', 'COLCON': '1', 'CMAKE_PREFIX_PATH': '/home/ubuntu/spas_ws/install/spas_bringup:/home/ubuntu/spas_ws/install/sllidar_ros2:/home/ubuntu/spas_ws/install/slam_toolbox'}, 'shell': False}
[7.412651] (-) TimerEvent: {}
[7.513375] (-) TimerEvent: {}
[7.614089] (-) TimerEvent: {}
[7.714864] (-) TimerEvent: {}
[7.815621] (-) TimerEvent: {}
[7.916523] (-) TimerEvent: {}
[8.017373] (-) TimerEvent: {}
[8.118141] (-) TimerEvent: {}
[8.218990] (-) TimerEvent: {}
[8.319857] (-) TimerEvent: {}
[8.420746] (-) TimerEvent: {}
[8.521575] (-) TimerEvent: {}
[8.622409] (-) TimerEvent: {}
[8.723281] (-) TimerEvent: {}
[8.824389] (-) TimerEvent: {}
[8.925206] (-) TimerEvent: {}
[9.026958] (-) TimerEvent: {}
[9.128619] (-) TimerEvent: {}
[9.153226] (spas_control) StdoutLine: {'line': b'running develop\n'}
[9.228824] (-) TimerEvent: {}
[9.301319] (spas_perception) StdoutLine: {'line': b'running develop\n'}
[9.329274] (-) TimerEvent: {}
[9.432349] (-) TimerEvent: {}
[9.535691] (-) TimerEvent: {}
[9.543526] (spas_planning) Command: {'cmd': ['/usr/bin/python3', '-W', 'ignore:setup.py install is deprecated', '-W', 'ignore:easy_install command is deprecated', 'setup.py', 'develop', '--editable', '--build-directory', '/home/ubuntu/spas_ws/build/spas_planning/build', '--no-deps', 'symlink_data'], 'cwd': '/home/ubuntu/spas_ws/build/spas_planning', 'env': {'PYTHON_BASIC_REPL': '1', 'LESSOPEN': '| /usr/bin/lesspipe %s', 'USER': 'ubuntu', 'SSH_CLIENT': '192.168.57.146 51130 22', 'XDG_SESSION_TYPE': 'tty', 'GIT_ASKPASS': '/home/ubuntu/.vscode-server/cli/servers/Stable-8761a5560cfd65fdd19ce7e2bd18dab5c0a4d84e/server/extensions/git/dist/askpass.sh', 'SHLVL': '1', 'LD_LIBRARY_PATH': '/home/ubuntu/spas_ws/install/slam_toolbox/lib:/opt/ros/humble/opt/rviz_ogre_vendor/lib:/opt/ros/humble/lib/aarch64-linux-gnu:/opt/ros/humble/lib', 'BROWSER': '/home/ubuntu/.vscode-server/cli/servers/Stable-8761a5560cfd65fdd19ce7e2bd18dab5c0a4d84e/server/bin/helpers/browser.sh', 'MOTD_SHOWN': 'pam', 'HOME': '/home/ubuntu', 'OLDPWD': '/home/ubuntu', 'TERM_PROGRAM_VERSION': '1.122.1', 'VSCODE_IPC_HOOK_CLI': '/run/user/1000/vscode-ipc-cb0d5506-bb9e-4971-a92b-eed190fc42e1.sock', 'ROS_PYTHON_VERSION': '3', 'VSCODE_GIT_ASKPASS_MAIN': '/home/ubuntu/.vscode-server/cli/servers/Stable-8761a5560cfd65fdd19ce7e2bd18dab5c0a4d84e/server/extensions/git/dist/askpass-main.js', 'VSCODE_GIT_ASKPASS_NODE': '/home/ubuntu/.vscode-server/cli/servers/Stable-8761a5560cfd65fdd19ce7e2bd18dab5c0a4d84e/server/node', 'PYDEVD_DISABLE_FILE_VALIDATION': '1', 'BUNDLED_DEBUGPY_PATH': '/home/ubuntu/.vscode-server/extensions/ms-python.debugpy-2026.6.0/bundled/libs/debugpy', 'VSCODE_PYTHON_AUTOACTIVATE_GUARD': '1', 'DBUS_SESSION_BUS_ADDRESS': 'unix:path=/run/user/1000/bus', 'COLORTERM': 'truecolor', 'COLCON_PREFIX_PATH': '/home/ubuntu/spas_ws/install', 'ROS_DISTRO': 'humble', 'LOGNAME': 'ubuntu', '_': '/usr/bin/colcon', 'ROS_VERSION': '2', 'XDG_SESSION_CLASS': 'user', 'TERM': 'xterm-256color', 'XDG_SESSION_ID': '1', 'ROS_LOCALHOST_ONLY': '0', 'PATH': '/home/ubuntu/.vscode-server/cli/servers/Stable-8761a5560cfd65fdd19ce7e2bd18dab5c0a4d84e/server/bin/remote-cli:/home/ubuntu/.local/bin:/opt/ros/humble/bin:/usr/local/sbin:/usr/local/bin:/usr/sbin:/usr/bin:/sbin:/bin:/usr/games:/usr/local/games:/snap/bin:/usr/local/bin:/home/ubuntu/.vscode-server/extensions/ms-python.debugpy-2026.6.0/bundled/scripts/noConfigScripts:/usr/local/bin', 'XDG_RUNTIME_DIR': '/run/user/1000', 'VSCODE_DEBUGPY_ADAPTER_ENDPOINTS': '/home/ubuntu/.vscode-server/extensions/ms-python.debugpy-2026.6.0/.noConfigDebugAdapterEndpoints/endpoint-1ba2707a56f8ef83.txt', 'LANG': 'en_US.UTF-8', 'PYTHONSTARTUP': '/home/ubuntu/.vscode-server/data/User/workspaceStorage/e032697359c870186215dbcd294e7172/ms-python.python/pythonrc.py', 'LS_COLORS': 'rs=0:di=01;34:ln=01;36:mh=00:pi=40;33:so=01;35:do=01;35:bd=40;33;01:cd=40;33;01:or=40;31;01:mi=00:su=37;41:sg=30;43:ca=30;41:tw=30;42:ow=34;42:st=37;44:ex=01;32:*.tar=01;31:*.tgz=01;31:*.arc=01;31:*.arj=01;31:*.taz=01;31:*.lha=01;31:*.lz4=01;31:*.lzh=01;31:*.lzma=01;31:*.tlz=01;31:*.txz=01;31:*.tzo=01;31:*.t7z=01;31:*.zip=01;31:*.z=01;31:*.dz=01;31:*.gz=01;31:*.lrz=01;31:*.lz=01;31:*.lzo=01;31:*.xz=01;31:*.zst=01;31:*.tzst=01;31:*.bz2=01;31:*.bz=01;31:*.tbz=01;31:*.tbz2=01;31:*.tz=01;31:*.deb=01;31:*.rpm=01;31:*.jar=01;31:*.war=01;31:*.ear=01;31:*.sar=01;31:*.rar=01;31:*.alz=01;31:*.ace=01;31:*.zoo=01;31:*.cpio=01;31:*.7z=01;31:*.rz=01;31:*.cab=01;31:*.wim=01;31:*.swm=01;31:*.dwm=01;31:*.esd=01;31:*.jpg=01;35:*.jpeg=01;35:*.mjpg=01;35:*.mjpeg=01;35:*.gif=01;35:*.bmp=01;35:*.pbm=01;35:*.pgm=01;35:*.ppm=01;35:*.tga=01;35:*.xbm=01;35:*.xpm=01;35:*.tif=01;35:*.tiff=01;35:*.png=01;35:*.svg=01;35:*.svgz=01;35:*.mng=01;35:*.pcx=01;35:*.mov=01;35:*.mpg=01;35:*.mpeg=01;35:*.m2v=01;35:*.mkv=01;35:*.webm=01;35:*.webp=01;35:*.ogm=01;35:*.mp4=01;35:*.m4v=01;35:*.mp4v=01;35:*.vob=01;35:*.qt=01;35:*.nuv=01;35:*.wmv=01;35:*.asf=01;35:*.rm=01;35:*.rmvb=01;35:*.flc=01;35:*.avi=01;35:*.fli=01;35:*.flv=01;35:*.gl=01;35:*.dl=01;35:*.xcf=01;35:*.xwd=01;35:*.yuv=01;35:*.cgm=01;35:*.emf=01;35:*.ogv=01;35:*.ogx=01;35:*.aac=00;36:*.au=00;36:*.flac=00;36:*.m4a=00;36:*.mid=00;36:*.midi=00;36:*.mka=00;36:*.mp3=00;36:*.mpc=00;36:*.ogg=00;36:*.ra=00;36:*.wav=00;36:*.oga=00;36:*.opus=00;36:*.spx=00;36:*.xspf=00;36:', 'VSCODE_GIT_IPC_HANDLE': '/run/user/1000/vscode-git-c858e614bc.sock', 'TERM_PROGRAM': 'vscode', 'ROS_DOMAIN_ID': '1', 'AMENT_PREFIX_PATH': '/home/ubuntu/spas_ws/install/spas_planning:/home/ubuntu/spas_ws/install/spas_perception:/home/ubuntu/spas_ws/install/spas_control:/home/ubuntu/spas_ws/install/spas_bringup:/home/ubuntu/spas_ws/install/sllidar_ros2:/home/ubuntu/spas_ws/install/slam_toolbox:/opt/ros/humble', 'SHELL': '/bin/bash', 'LESSCLOSE': '/usr/bin/lesspipe %s %s', 'VSCODE_GIT_ASKPASS_EXTRA_ARGS': '', 'PWD': '/home/ubuntu/spas_ws/build/spas_planning', 'LC_ALL': 'en_US.UTF-8', 'SSH_CONNECTION': '192.168.57.146 51130 192.168.57.18 22', 'XDG_DATA_DIRS': '/usr/share/gnome:/usr/local/share:/usr/share:/var/lib/snapd/desktop', 'PYTHONPATH': '/home/ubuntu/spas_ws/build/spas_planning/prefix_override:/usr/lib/python3/dist-packages/colcon_core/task/python/colcon_distutils_commands:/home/ubuntu/spas_ws/install/spas_planning/lib/python3.10/site-packages:/home/ubuntu/spas_ws/build/spas_planning:/home/ubuntu/spas_ws/install/spas_planning/lib/python3.10/site-packages:/home/ubuntu/spas_ws/build/spas_perception:/home/ubuntu/spas_ws/install/spas_perception/lib/python3.10/site-packages:/home/ubuntu/spas_ws/build/spas_control:/home/ubuntu/spas_ws/install/spas_control/lib/python3.10/site-packages:/home/ubuntu/spas_ws/install/slam_toolbox/local/lib/python3.10/dist-packages:/opt/ros/humble/lib/python3.10/site-packages:/opt/ros/humble/local/lib/python3.10/dist-packages:/usr/local/lib/python3/dist-packages:/usr/local/lib/python3/dist-packages', 'COLCON': '1', 'CMAKE_PREFIX_PATH': '/home/ubuntu/spas_ws/install/spas_bringup:/home/ubuntu/spas_ws/install/sllidar_ros2:/home/ubuntu/spas_ws/install/slam_toolbox'}, 'shell': False}
[9.635897] (-) TimerEvent: {}
[9.737528] (-) TimerEvent: {}
[9.839101] (-) TimerEvent: {}
[9.940706] (-) TimerEvent: {}
[10.042221] (-) TimerEvent: {}
[10.142992] (-) TimerEvent: {}
[10.243747] (-) TimerEvent: {}
[10.344555] (-) TimerEvent: {}
[10.445415] (-) TimerEvent: {}
[10.546602] (-) TimerEvent: {}
[10.605359] (spas_control) StdoutLine: {'line': b'running egg_info\n'}
[10.606347] (spas_control) StdoutLine: {'line': b'writing spas_control.egg-info/PKG-INFO\n'}
[10.607755] (spas_control) StdoutLine: {'line': b'writing dependency_links to spas_control.egg-info/dependency_links.txt\n'}
[10.608998] (spas_control) StdoutLine: {'line': b'writing entry points to spas_control.egg-info/entry_points.txt\n'}
[10.610205] (spas_control) StdoutLine: {'line': b'writing requirements to spas_control.egg-info/requires.txt\n'}
[10.610975] (spas_control) StdoutLine: {'line': b'writing top-level names to spas_control.egg-info/top_level.txt\n'}
[10.620398] (spas_control) StdoutLine: {'line': b"reading manifest file 'spas_control.egg-info/SOURCES.txt'\n"}
[10.624004] (spas_control) StdoutLine: {'line': b"writing manifest file 'spas_control.egg-info/SOURCES.txt'\n"}
[10.631316] (spas_control) StdoutLine: {'line': b'running build_ext\n'}
[10.632368] (spas_control) StdoutLine: {'line': b'Creating /home/ubuntu/spas_ws/install/spas_control/lib/python3.10/site-packages/spas-control.egg-link (link to .)\n'}
[10.636515] (spas_control) StdoutLine: {'line': b'Installing stm32_bridge_node script to /home/ubuntu/spas_ws/install/spas_control/lib/spas_control\n'}
[10.638145] (spas_control) StdoutLine: {'line': b'\n'}
[10.638905] (spas_control) StdoutLine: {'line': b'Installed /home/ubuntu/spas_ws/build/spas_control\n'}
[10.639477] (spas_control) StdoutLine: {'line': b'running symlink_data\n'}
[10.646885] (-) TimerEvent: {}
[10.748362] (-) TimerEvent: {}
[10.783593] (spas_perception) StdoutLine: {'line': b'running egg_info\n'}
[10.786205] (spas_perception) StdoutLine: {'line': b'writing spas_perception.egg-info/PKG-INFO\n'}
[10.789980] (spas_perception) StdoutLine: {'line': b'writing dependency_links to spas_perception.egg-info/dependency_links.txt\n'}
[10.790993] (spas_perception) StdoutLine: {'line': b'writing entry points to spas_perception.egg-info/entry_points.txt\n'}
[10.793769] (spas_perception) StdoutLine: {'line': b'writing requirements to spas_perception.egg-info/requires.txt\n'}
[10.794770] (spas_perception) StdoutLine: {'line': b'writing top-level names to spas_perception.egg-info/top_level.txt\n'}
[10.803403] (spas_perception) StdoutLine: {'line': b"reading manifest file 'spas_perception.egg-info/SOURCES.txt'\n"}
[10.807687] (spas_perception) StdoutLine: {'line': b"writing manifest file 'spas_perception.egg-info/SOURCES.txt'\n"}
[10.816433] (spas_perception) StdoutLine: {'line': b'running build_ext\n'}
[10.817977] (spas_perception) StdoutLine: {'line': b'Creating /home/ubuntu/spas_ws/install/spas_perception/lib/python3.10/site-packages/spas-perception.egg-link (link to .)\n'}
[10.823441] (spas_perception) StdoutLine: {'line': b'Installing sensor_filter_node script to /home/ubuntu/spas_ws/install/spas_perception/lib/spas_perception\n'}
[10.825725] (spas_perception) StdoutLine: {'line': b'\n'}
[10.828260] (spas_perception) StdoutLine: {'line': b'Installed /home/ubuntu/spas_ws/build/spas_perception\n'}
[10.830165] (spas_perception) StdoutLine: {'line': b'running symlink_data\n'}
[10.861372] (spas_control) CommandEnded: {'returncode': 0}
[10.864458] (-) TimerEvent: {}
[10.938140] (spas_control) JobEnded: {'identifier': 'spas_control', 'rc': 0}
[10.964735] (-) TimerEvent: {}
[11.018385] (spas_perception) CommandEnded: {'returncode': 0}
[11.060760] (spas_perception) JobEnded: {'identifier': 'spas_perception', 'rc': 0}
[11.064883] (-) TimerEvent: {}
[11.165453] (-) TimerEvent: {}
[11.266195] (-) TimerEvent: {}
[11.367124] (-) TimerEvent: {}
[11.467784] (-) TimerEvent: {}
[11.499975] (spas_planning) StdoutLine: {'line': b'running develop\n'}
[11.567947] (-) TimerEvent: {}
[11.668636] (-) TimerEvent: {}
[11.769239] (-) TimerEvent: {}
[11.869955] (-) TimerEvent: {}
[11.970574] (-) TimerEvent: {}
[12.071195] (-) TimerEvent: {}
[12.171795] (-) TimerEvent: {}
[12.272435] (-) TimerEvent: {}
[12.373038] (-) TimerEvent: {}
[12.473649] (-) TimerEvent: {}
[12.486374] (spas_planning) StdoutLine: {'line': b'running egg_info\n'}
[12.487051] (spas_planning) StdoutLine: {'line': b'writing spas_planning.egg-info/PKG-INFO\n'}
[12.488118] (spas_planning) StdoutLine: {'line': b'writing dependency_links to spas_planning.egg-info/dependency_links.txt\n'}
[12.489084] (spas_planning) StdoutLine: {'line': b'writing entry points to spas_planning.egg-info/entry_points.txt\n'}
[12.489903] (spas_planning) StdoutLine: {'line': b'writing requirements to spas_planning.egg-info/requires.txt\n'}
[12.490568] (spas_planning) StdoutLine: {'line': b'writing top-level names to spas_planning.egg-info/top_level.txt\n'}
[12.499113] (spas_planning) StdoutLine: {'line': b"reading manifest file 'spas_planning.egg-info/SOURCES.txt'\n"}
[12.502479] (spas_planning) StdoutLine: {'line': b"writing manifest file 'spas_planning.egg-info/SOURCES.txt'\n"}
[12.508981] (spas_planning) StdoutLine: {'line': b'running build_ext\n'}
[12.509724] (spas_planning) StdoutLine: {'line': b'Creating /home/ubuntu/spas_ws/install/spas_planning/lib/python3.10/site-packages/spas-planning.egg-link (link to .)\n'}
[12.513923] (spas_planning) StdoutLine: {'line': b'Installing hybrid_A_star_node script to /home/ubuntu/spas_ws/install/spas_planning/lib/spas_planning\n'}
[12.514859] (spas_planning) StdoutLine: {'line': b'Installing parking_operator script to /home/ubuntu/spas_ws/install/spas_planning/lib/spas_planning\n'}
[12.515501] (spas_planning) StdoutLine: {'line': b'Installing parking_space_detector script to /home/ubuntu/spas_ws/install/spas_planning/lib/spas_planning\n'}
[12.516401] (spas_planning) StdoutLine: {'line': b'Installing safety_node script to /home/ubuntu/spas_ws/install/spas_planning/lib/spas_planning\n'}
[12.517163] (spas_planning) StdoutLine: {'line': b'Installing vehicle_control_node script to /home/ubuntu/spas_ws/install/spas_planning/lib/spas_planning\n'}
[12.518445] (spas_planning) StdoutLine: {'line': b'\n'}
[12.519039] (spas_planning) StdoutLine: {'line': b'Installed /home/ubuntu/spas_ws/build/spas_planning\n'}
[12.519360] (spas_planning) StdoutLine: {'line': b'running symlink_data\n'}
[12.573975] (-) TimerEvent: {}
[12.675135] (-) TimerEvent: {}
[12.681182] (spas_planning) CommandEnded: {'returncode': 0}
[12.727186] (spas_planning) JobEnded: {'identifier': 'spas_planning', 'rc': 0}
[12.731806] (spas_bringup) JobStarted: {'identifier': 'spas_bringup'}
[12.775380] (-) TimerEvent: {}
[12.799774] (spas_bringup) JobProgress: {'identifier': 'spas_bringup', 'progress': 'cmake'}
[12.803274] (spas_bringup) JobProgress: {'identifier': 'spas_bringup', 'progress': 'build'}
[12.804783] (spas_bringup) Command: {'cmd': ['/usr/bin/cmake', '--build', '/home/ubuntu/spas_ws/build/spas_bringup', '--', '-j4', '-l4'], 'cwd': '/home/ubuntu/spas_ws/build/spas_bringup', 'env': OrderedDict([('PYTHON_BASIC_REPL', '1'), ('LESSOPEN', '| /usr/bin/lesspipe %s'), ('USER', 'ubuntu'), ('SSH_CLIENT', '192.168.57.146 51130 22'), ('XDG_SESSION_TYPE', 'tty'), ('GIT_ASKPASS', '/home/ubuntu/.vscode-server/cli/servers/Stable-8761a5560cfd65fdd19ce7e2bd18dab5c0a4d84e/server/extensions/git/dist/askpass.sh'), ('SHLVL', '1'), ('LD_LIBRARY_PATH', '/home/ubuntu/spas_ws/install/slam_toolbox/lib:/opt/ros/humble/opt/rviz_ogre_vendor/lib:/opt/ros/humble/lib/aarch64-linux-gnu:/opt/ros/humble/lib'), ('BROWSER', '/home/ubuntu/.vscode-server/cli/servers/Stable-8761a5560cfd65fdd19ce7e2bd18dab5c0a4d84e/server/bin/helpers/browser.sh'), ('MOTD_SHOWN', 'pam'), ('HOME', '/home/ubuntu'), ('OLDPWD', '/home/ubuntu'), ('TERM_PROGRAM_VERSION', '1.122.1'), ('VSCODE_IPC_HOOK_CLI', '/run/user/1000/vscode-ipc-cb0d5506-bb9e-4971-a92b-eed190fc42e1.sock'), ('ROS_PYTHON_VERSION', '3'), ('VSCODE_GIT_ASKPASS_MAIN', '/home/ubuntu/.vscode-server/cli/servers/Stable-8761a5560cfd65fdd19ce7e2bd18dab5c0a4d84e/server/extensions/git/dist/askpass-main.js'), ('VSCODE_GIT_ASKPASS_NODE', '/home/ubuntu/.vscode-server/cli/servers/Stable-8761a5560cfd65fdd19ce7e2bd18dab5c0a4d84e/server/node'), ('PYDEVD_DISABLE_FILE_VALIDATION', '1'), ('BUNDLED_DEBUGPY_PATH', '/home/ubuntu/.vscode-server/extensions/ms-python.debugpy-2026.6.0/bundled/libs/debugpy'), ('VSCODE_PYTHON_AUTOACTIVATE_GUARD', '1'), ('DBUS_SESSION_BUS_ADDRESS', 'unix:path=/run/user/1000/bus'), ('COLORTERM', 'truecolor'), ('COLCON_PREFIX_PATH', '/home/ubuntu/spas_ws/install'), ('ROS_DISTRO', 'humble'), ('LOGNAME', 'ubuntu'), ('_', '/usr/bin/colcon'), ('ROS_VERSION', '2'), ('XDG_SESSION_CLASS', 'user'), ('TERM', 'xterm-256color'), ('XDG_SESSION_ID', '1'), ('ROS_LOCALHOST_ONLY', '0'), ('PATH', '/home/ubuntu/.vscode-server/cli/servers/Stable-8761a5560cfd65fdd19ce7e2bd18dab5c0a4d84e/server/bin/remote-cli:/home/ubuntu/.local/bin:/opt/ros/humble/bin:/usr/local/sbin:/usr/local/bin:/usr/sbin:/usr/bin:/sbin:/bin:/usr/games:/usr/local/games:/snap/bin:/usr/local/bin:/home/ubuntu/.vscode-server/extensions/ms-python.debugpy-2026.6.0/bundled/scripts/noConfigScripts:/usr/local/bin'), ('XDG_RUNTIME_DIR', '/run/user/1000'), ('VSCODE_DEBUGPY_ADAPTER_ENDPOINTS', '/home/ubuntu/.vscode-server/extensions/ms-python.debugpy-2026.6.0/.noConfigDebugAdapterEndpoints/endpoint-1ba2707a56f8ef83.txt'), ('LANG', 'en_US.UTF-8'), ('PYTHONSTARTUP', '/home/ubuntu/.vscode-server/data/User/workspaceStorage/e032697359c870186215dbcd294e7172/ms-python.python/pythonrc.py'), ('LS_COLORS', 'rs=0:di=01;34:ln=01;36:mh=00:pi=40;33:so=01;35:do=01;35:bd=40;33;01:cd=40;33;01:or=40;31;01:mi=00:su=37;41:sg=30;43:ca=30;41:tw=30;42:ow=34;42:st=37;44:ex=01;32:*.tar=01;31:*.tgz=01;31:*.arc=01;31:*.arj=01;31:*.taz=01;31:*.lha=01;31:*.lz4=01;31:*.lzh=01;31:*.lzma=01;31:*.tlz=01;31:*.txz=01;31:*.tzo=01;31:*.t7z=01;31:*.zip=01;31:*.z=01;31:*.dz=01;31:*.gz=01;31:*.lrz=01;31:*.lz=01;31:*.lzo=01;31:*.xz=01;31:*.zst=01;31:*.tzst=01;31:*.bz2=01;31:*.bz=01;31:*.tbz=01;31:*.tbz2=01;31:*.tz=01;31:*.deb=01;31:*.rpm=01;31:*.jar=01;31:*.war=01;31:*.ear=01;31:*.sar=01;31:*.rar=01;31:*.alz=01;31:*.ace=01;31:*.zoo=01;31:*.cpio=01;31:*.7z=01;31:*.rz=01;31:*.cab=01;31:*.wim=01;31:*.swm=01;31:*.dwm=01;31:*.esd=01;31:*.jpg=01;35:*.jpeg=01;35:*.mjpg=01;35:*.mjpeg=01;35:*.gif=01;35:*.bmp=01;35:*.pbm=01;35:*.pgm=01;35:*.ppm=01;35:*.tga=01;35:*.xbm=01;35:*.xpm=01;35:*.tif=01;35:*.tiff=01;35:*.png=01;35:*.svg=01;35:*.svgz=01;35:*.mng=01;35:*.pcx=01;35:*.mov=01;35:*.mpg=01;35:*.mpeg=01;35:*.m2v=01;35:*.mkv=01;35:*.webm=01;35:*.webp=01;35:*.ogm=01;35:*.mp4=01;35:*.m4v=01;35:*.mp4v=01;35:*.vob=01;35:*.qt=01;35:*.nuv=01;35:*.wmv=01;35:*.asf=01;35:*.rm=01;35:*.rmvb=01;35:*.flc=01;35:*.avi=01;35:*.fli=01;35:*.flv=01;35:*.gl=01;35:*.dl=01;35:*.xcf=01;35:*.xwd=01;35:*.yuv=01;35:*.cgm=01;35:*.emf=01;35:*.ogv=01;35:*.ogx=01;35:*.aac=00;36:*.au=00;36:*.flac=00;36:*.m4a=00;36:*.mid=00;36:*.midi=00;36:*.mka=00;36:*.mp3=00;36:*.mpc=00;36:*.ogg=00;36:*.ra=00;36:*.wav=00;36:*.oga=00;36:*.opus=00;36:*.spx=00;36:*.xspf=00;36:'), ('VSCODE_GIT_IPC_HANDLE', '/run/user/1000/vscode-git-c858e614bc.sock'), ('TERM_PROGRAM', 'vscode'), ('ROS_DOMAIN_ID', '1'), ('AMENT_PREFIX_PATH', '/home/ubuntu/spas_ws/install/spas_planning:/home/ubuntu/spas_ws/install/spas_perception:/home/ubuntu/spas_ws/install/spas_control:/home/ubuntu/spas_ws/install/spas_bringup:/home/ubuntu/spas_ws/install/sllidar_ros2:/home/ubuntu/spas_ws/install/slam_toolbox:/opt/ros/humble'), ('SHELL', '/bin/bash'), ('LESSCLOSE', '/usr/bin/lesspipe %s %s'), ('VSCODE_GIT_ASKPASS_EXTRA_ARGS', ''), ('PWD', '/home/ubuntu/spas_ws/build/spas_bringup'), ('LC_ALL', 'en_US.UTF-8'), ('SSH_CONNECTION', '192.168.57.146 51130 192.168.57.18 22'), ('XDG_DATA_DIRS', '/usr/share/gnome:/usr/local/share:/usr/share:/var/lib/snapd/desktop'), ('PYTHONPATH', '/home/ubuntu/spas_ws/build/spas_planning:/home/ubuntu/spas_ws/install/spas_planning/lib/python3.10/site-packages:/home/ubuntu/spas_ws/build/spas_perception:/home/ubuntu/spas_ws/install/spas_perception/lib/python3.10/site-packages:/home/ubuntu/spas_ws/build/spas_control:/home/ubuntu/spas_ws/install/spas_control/lib/python3.10/site-packages:/home/ubuntu/spas_ws/install/slam_toolbox/local/lib/python3.10/dist-packages:/opt/ros/humble/lib/python3.10/site-packages:/opt/ros/humble/local/lib/python3.10/dist-packages:/usr/local/lib/python3/dist-packages:/usr/local/lib/python3/dist-packages'), ('COLCON', '1'), ('CMAKE_PREFIX_PATH', '/home/ubuntu/spas_ws/install/sllidar_ros2:/home/ubuntu/spas_ws/install/slam_toolbox:/home/ubuntu/spas_ws/install/spas_bringup:/home/ubuntu/spas_ws/install/spas_planning:/home/ubuntu/spas_ws/install/spas_perception:/home/ubuntu/spas_ws/install/spas_control:/opt/ros/humble')]), 'shell': False}
[12.875603] (-) TimerEvent: {}
[12.969277] (spas_bringup) CommandEnded: {'returncode': 0}
[12.971304] (spas_bringup) JobProgress: {'identifier': 'spas_bringup', 'progress': 'install'}
[12.977395] (spas_bringup) Command: {'cmd': ['/usr/bin/cmake', '--install', '/home/ubuntu/spas_ws/build/spas_bringup'], 'cwd': '/home/ubuntu/spas_ws/build/spas_bringup', 'env': OrderedDict([('PYTHON_BASIC_REPL', '1'), ('LESSOPEN', '| /usr/bin/lesspipe %s'), ('USER', 'ubuntu'), ('SSH_CLIENT', '192.168.57.146 51130 22'), ('XDG_SESSION_TYPE', 'tty'), ('GIT_ASKPASS', '/home/ubuntu/.vscode-server/cli/servers/Stable-8761a5560cfd65fdd19ce7e2bd18dab5c0a4d84e/server/extensions/git/dist/askpass.sh'), ('SHLVL', '1'), ('LD_LIBRARY_PATH', '/home/ubuntu/spas_ws/install/slam_toolbox/lib:/opt/ros/humble/opt/rviz_ogre_vendor/lib:/opt/ros/humble/lib/aarch64-linux-gnu:/opt/ros/humble/lib'), ('BROWSER', '/home/ubuntu/.vscode-server/cli/servers/Stable-8761a5560cfd65fdd19ce7e2bd18dab5c0a4d84e/server/bin/helpers/browser.sh'), ('MOTD_SHOWN', 'pam'), ('HOME', '/home/ubuntu'), ('OLDPWD', '/home/ubuntu'), ('TERM_PROGRAM_VERSION', '1.122.1'), ('VSCODE_IPC_HOOK_CLI', '/run/user/1000/vscode-ipc-cb0d5506-bb9e-4971-a92b-eed190fc42e1.sock'), ('ROS_PYTHON_VERSION', '3'), ('VSCODE_GIT_ASKPASS_MAIN', '/home/ubuntu/.vscode-server/cli/servers/Stable-8761a5560cfd65fdd19ce7e2bd18dab5c0a4d84e/server/extensions/git/dist/askpass-main.js'), ('VSCODE_GIT_ASKPASS_NODE', '/home/ubuntu/.vscode-server/cli/servers/Stable-8761a5560cfd65fdd19ce7e2bd18dab5c0a4d84e/server/node'), ('PYDEVD_DISABLE_FILE_VALIDATION', '1'), ('BUNDLED_DEBUGPY_PATH', '/home/ubuntu/.vscode-server/extensions/ms-python.debugpy-2026.6.0/bundled/libs/debugpy'), ('VSCODE_PYTHON_AUTOACTIVATE_GUARD', '1'), ('DBUS_SESSION_BUS_ADDRESS', 'unix:path=/run/user/1000/bus'), ('COLORTERM', 'truecolor'), ('COLCON_PREFIX_PATH', '/home/ubuntu/spas_ws/install'), ('ROS_DISTRO', 'humble'), ('LOGNAME', 'ubuntu'), ('_', '/usr/bin/colcon'), ('ROS_VERSION', '2'), ('XDG_SESSION_CLASS', 'user'), ('TERM', 'xterm-256color'), ('XDG_SESSION_ID', '1'), ('ROS_LOCALHOST_ONLY', '0'), ('PATH', '/home/ubuntu/.vscode-server/cli/servers/Stable-8761a5560cfd65fdd19ce7e2bd18dab5c0a4d84e/server/bin/remote-cli:/home/ubuntu/.local/bin:/opt/ros/humble/bin:/usr/local/sbin:/usr/local/bin:/usr/sbin:/usr/bin:/sbin:/bin:/usr/games:/usr/local/games:/snap/bin:/usr/local/bin:/home/ubuntu/.vscode-server/extensions/ms-python.debugpy-2026.6.0/bundled/scripts/noConfigScripts:/usr/local/bin'), ('XDG_RUNTIME_DIR', '/run/user/1000'), ('VSCODE_DEBUGPY_ADAPTER_ENDPOINTS', '/home/ubuntu/.vscode-server/extensions/ms-python.debugpy-2026.6.0/.noConfigDebugAdapterEndpoints/endpoint-1ba2707a56f8ef83.txt'), ('LANG', 'en_US.UTF-8'), ('PYTHONSTARTUP', '/home/ubuntu/.vscode-server/data/User/workspaceStorage/e032697359c870186215dbcd294e7172/ms-python.python/pythonrc.py'), ('LS_COLORS', 'rs=0:di=01;34:ln=01;36:mh=00:pi=40;33:so=01;35:do=01;35:bd=40;33;01:cd=40;33;01:or=40;31;01:mi=00:su=37;41:sg=30;43:ca=30;41:tw=30;42:ow=34;42:st=37;44:ex=01;32:*.tar=01;31:*.tgz=01;31:*.arc=01;31:*.arj=01;31:*.taz=01;31:*.lha=01;31:*.lz4=01;31:*.lzh=01;31:*.lzma=01;31:*.tlz=01;31:*.txz=01;31:*.tzo=01;31:*.t7z=01;31:*.zip=01;31:*.z=01;31:*.dz=01;31:*.gz=01;31:*.lrz=01;31:*.lz=01;31:*.lzo=01;31:*.xz=01;31:*.zst=01;31:*.tzst=01;31:*.bz2=01;31:*.bz=01;31:*.tbz=01;31:*.tbz2=01;31:*.tz=01;31:*.deb=01;31:*.rpm=01;31:*.jar=01;31:*.war=01;31:*.ear=01;31:*.sar=01;31:*.rar=01;31:*.alz=01;31:*.ace=01;31:*.zoo=01;31:*.cpio=01;31:*.7z=01;31:*.rz=01;31:*.cab=01;31:*.wim=01;31:*.swm=01;31:*.dwm=01;31:*.esd=01;31:*.jpg=01;35:*.jpeg=01;35:*.mjpg=01;35:*.mjpeg=01;35:*.gif=01;35:*.bmp=01;35:*.pbm=01;35:*.pgm=01;35:*.ppm=01;35:*.tga=01;35:*.xbm=01;35:*.xpm=01;35:*.tif=01;35:*.tiff=01;35:*.png=01;35:*.svg=01;35:*.svgz=01;35:*.mng=01;35:*.pcx=01;35:*.mov=01;35:*.mpg=01;35:*.mpeg=01;35:*.m2v=01;35:*.mkv=01;35:*.webm=01;35:*.webp=01;35:*.ogm=01;35:*.mp4=01;35:*.m4v=01;35:*.mp4v=01;35:*.vob=01;35:*.qt=01;35:*.nuv=01;35:*.wmv=01;35:*.asf=01;35:*.rm=01;35:*.rmvb=01;35:*.flc=01;35:*.avi=01;35:*.fli=01;35:*.flv=01;35:*.gl=01;35:*.dl=01;35:*.xcf=01;35:*.xwd=01;35:*.yuv=01;35:*.cgm=01;35:*.emf=01;35:*.ogv=01;35:*.ogx=01;35:*.aac=00;36:*.au=00;36:*.flac=00;36:*.m4a=00;36:*.mid=00;36:*.midi=00;36:*.mka=00;36:*.mp3=00;36:*.mpc=00;36:*.ogg=00;36:*.ra=00;36:*.wav=00;36:*.oga=00;36:*.opus=00;36:*.spx=00;36:*.xspf=00;36:'), ('VSCODE_GIT_IPC_HANDLE', '/run/user/1000/vscode-git-c858e614bc.sock'), ('TERM_PROGRAM', 'vscode'), ('ROS_DOMAIN_ID', '1'), ('AMENT_PREFIX_PATH', '/home/ubuntu/spas_ws/install/spas_planning:/home/ubuntu/spas_ws/install/spas_perception:/home/ubuntu/spas_ws/install/spas_control:/home/ubuntu/spas_ws/install/spas_bringup:/home/ubuntu/spas_ws/install/sllidar_ros2:/home/ubuntu/spas_ws/install/slam_toolbox:/opt/ros/humble'), ('SHELL', '/bin/bash'), ('LESSCLOSE', '/usr/bin/lesspipe %s %s'), ('VSCODE_GIT_ASKPASS_EXTRA_ARGS', ''), ('PWD', '/home/ubuntu/spas_ws/build/spas_bringup'), ('LC_ALL', 'en_US.UTF-8'), ('SSH_CONNECTION', '192.168.57.146 51130 192.168.57.18 22'), ('XDG_DATA_DIRS', '/usr/share/gnome:/usr/local/share:/usr/share:/var/lib/snapd/desktop'), ('PYTHONPATH', '/home/ubuntu/spas_ws/build/spas_planning:/home/ubuntu/spas_ws/install/spas_planning/lib/python3.10/site-packages:/home/ubuntu/spas_ws/build/spas_perception:/home/ubuntu/spas_ws/install/spas_perception/lib/python3.10/site-packages:/home/ubuntu/spas_ws/build/spas_control:/home/ubuntu/spas_ws/install/spas_control/lib/python3.10/site-packages:/home/ubuntu/spas_ws/install/slam_toolbox/local/lib/python3.10/dist-packages:/opt/ros/humble/lib/python3.10/site-packages:/opt/ros/humble/local/lib/python3.10/dist-packages:/usr/local/lib/python3/dist-packages:/usr/local/lib/python3/dist-packages'), ('COLCON', '1'), ('CMAKE_PREFIX_PATH', '/home/ubuntu/spas_ws/install/sllidar_ros2:/home/ubuntu/spas_ws/install/slam_toolbox:/home/ubuntu/spas_ws/install/spas_bringup:/home/ubuntu/spas_ws/install/spas_planning:/home/ubuntu/spas_ws/install/spas_perception:/home/ubuntu/spas_ws/install/spas_control:/opt/ros/humble')]), 'shell': False}
[12.981170] (-) TimerEvent: {}
[13.007776] (spas_bringup) StdoutLine: {'line': b'-- Install configuration: ""\n'}
[13.009377] (spas_bringup) StdoutLine: {'line': b'-- Execute custom install script\n'}
[13.011140] (spas_bringup) StdoutLine: {'line': b'-- Up-to-date symlink: /home/ubuntu/spas_ws/install/spas_bringup/share/spas_bringup/launch/spas_bringup_launch.py\n'}
[13.012298] (spas_bringup) StdoutLine: {'line': b'-- Up-to-date symlink: /home/ubuntu/spas_ws/install/spas_bringup/share/ament_index/resource_index/package_run_dependencies/spas_bringup\n'}
[13.013889] (spas_bringup) StdoutLine: {'line': b'-- Up-to-date symlink: /home/ubuntu/spas_ws/install/spas_bringup/share/ament_index/resource_index/parent_prefix_path/spas_bringup\n'}
[13.014774] (spas_bringup) StdoutLine: {'line': b'-- Up-to-date symlink: /home/ubuntu/spas_ws/install/spas_bringup/share/spas_bringup/environment/ament_prefix_path.sh\n'}
[13.015631] (spas_bringup) StdoutLine: {'line': b'-- Up-to-date symlink: /home/ubuntu/spas_ws/install/spas_bringup/share/spas_bringup/environment/ament_prefix_path.dsv\n'}
[13.016560] (spas_bringup) StdoutLine: {'line': b'-- Up-to-date symlink: /home/ubuntu/spas_ws/install/spas_bringup/share/spas_bringup/environment/path.sh\n'}
[13.017444] (spas_bringup) StdoutLine: {'line': b'-- Up-to-date symlink: /home/ubuntu/spas_ws/install/spas_bringup/share/spas_bringup/environment/path.dsv\n'}
[13.018240] (spas_bringup) StdoutLine: {'line': b'-- Up-to-date symlink: /home/ubuntu/spas_ws/install/spas_bringup/share/spas_bringup/local_setup.bash\n'}
[13.019045] (spas_bringup) StdoutLine: {'line': b'-- Up-to-date symlink: /home/ubuntu/spas_ws/install/spas_bringup/share/spas_bringup/local_setup.sh\n'}
[13.020357] (spas_bringup) StdoutLine: {'line': b'-- Up-to-date symlink: /home/ubuntu/spas_ws/install/spas_bringup/share/spas_bringup/local_setup.zsh\n'}
[13.021216] (spas_bringup) StdoutLine: {'line': b'-- Up-to-date symlink: /home/ubuntu/spas_ws/install/spas_bringup/share/spas_bringup/local_setup.dsv\n'}
[13.021827] (spas_bringup) StdoutLine: {'line': b'-- Symlinking: /home/ubuntu/spas_ws/install/spas_bringup/share/spas_bringup/package.dsv\n'}
[13.057755] (spas_bringup) StdoutLine: {'line': b'-- Up-to-date symlink: /home/ubuntu/spas_ws/install/spas_bringup/share/ament_index/resource_index/packages/spas_bringup\n'}
[13.058503] (spas_bringup) StdoutLine: {'line': b'-- Up-to-date symlink: /home/ubuntu/spas_ws/install/spas_bringup/share/spas_bringup/cmake/spas_bringupConfig.cmake\n'}
[13.059220] (spas_bringup) StdoutLine: {'line': b'-- Up-to-date symlink: /home/ubuntu/spas_ws/install/spas_bringup/share/spas_bringup/cmake/spas_bringupConfig-version.cmake\n'}
[13.060587] (spas_bringup) StdoutLine: {'line': b'-- Up-to-date symlink: /home/ubuntu/spas_ws/install/spas_bringup/share/spas_bringup/package.xml\n'}
[13.066087] (spas_bringup) CommandEnded: {'returncode': 0}
[13.081411] (-) TimerEvent: {}
[13.130122] (spas_bringup) JobEnded: {'identifier': 'spas_bringup', 'rc': 0}
[13.133282] (-) EventReactorShutdown: {}
