[0.000000] (-) TimerEvent: {}
[0.001125] (slam_toolbox) JobQueued: {'identifier': 'slam_toolbox', 'dependencies': OrderedDict()}
[0.001407] (sllidar_ros2) JobQueued: {'identifier': 'sllidar_ros2', 'dependencies': OrderedDict()}
[0.001920] (spas_bringup) JobQueued: {'identifier': 'spas_bringup', 'dependencies': OrderedDict()}
[0.002132] (spas_control) JobQueued: {'identifier': 'spas_control', 'dependencies': OrderedDict()}
[0.002301] (spas_perception) JobQueued: {'identifier': 'spas_perception', 'dependencies': OrderedDict()}
[0.002458] (spas_planning) JobQueued: {'identifier': 'spas_planning', 'dependencies': OrderedDict()}
[0.003305] (slam_toolbox) JobStarted: {'identifier': 'slam_toolbox'}
[0.041344] (sllidar_ros2) JobStarted: {'identifier': 'sllidar_ros2'}
[0.069613] (spas_bringup) JobStarted: {'identifier': 'spas_bringup'}
[0.096520] (-) TimerEvent: {}
[0.100968] (spas_control) JobStarted: {'identifier': 'spas_control'}
[0.144695] (slam_toolbox) JobProgress: {'identifier': 'slam_toolbox', 'progress': 'cmake'}
[0.149816] (slam_toolbox) JobProgress: {'identifier': 'slam_toolbox', 'progress': 'build'}
[0.153208] (slam_toolbox) Command: {'cmd': ['/usr/bin/cmake', '--build', '/home/ubuntu/spas_ws/build/slam_toolbox', '--', '-j4', '-l4'], 'cwd': '/home/ubuntu/spas_ws/build/slam_toolbox', 'env': OrderedDict([('PYTHON_BASIC_REPL', '1'), ('LESSOPEN', '| /usr/bin/lesspipe %s'), ('USER', 'ubuntu'), ('SSH_CLIENT', '192.168.236.158 64914 22'), ('XDG_SESSION_TYPE', 'tty'), ('GIT_ASKPASS', '/home/ubuntu/.vscode-server/cli/servers/Stable-0958016b2af9f09bb4257e0df4a95e2f90590f9f/server/extensions/git/dist/askpass.sh'), ('SHLVL', '1'), ('LD_LIBRARY_PATH', '/home/ubuntu/spas_ws/install/slam_toolbox/lib:/opt/ros/humble/opt/rviz_ogre_vendor/lib:/opt/ros/humble/lib/aarch64-linux-gnu:/opt/ros/humble/lib'), ('BROWSER', '/home/ubuntu/.vscode-server/cli/servers/Stable-0958016b2af9f09bb4257e0df4a95e2f90590f9f/server/bin/helpers/browser.sh'), ('MOTD_SHOWN', 'pam'), ('HOME', '/home/ubuntu'), ('OLDPWD', '/home/ubuntu/spas_ws/src'), ('TERM_PROGRAM_VERSION', '1.120.0'), ('VSCODE_IPC_HOOK_CLI', '/run/user/1000/vscode-ipc-4c52080f-8f54-4af6-b1c5-04354886fdd5.sock'), ('ROS_PYTHON_VERSION', '3'), ('VSCODE_GIT_ASKPASS_MAIN', '/home/ubuntu/.vscode-server/cli/servers/Stable-0958016b2af9f09bb4257e0df4a95e2f90590f9f/server/extensions/git/dist/askpass-main.js'), ('VSCODE_GIT_ASKPASS_NODE', '/home/ubuntu/.vscode-server/cli/servers/Stable-0958016b2af9f09bb4257e0df4a95e2f90590f9f/server/node'), ('PYDEVD_DISABLE_FILE_VALIDATION', '1'), ('BUNDLED_DEBUGPY_PATH', '/home/ubuntu/.vscode-server/extensions/ms-python.debugpy-2026.6.0/bundled/libs/debugpy'), ('VSCODE_PYTHON_AUTOACTIVATE_GUARD', '1'), ('DBUS_SESSION_BUS_ADDRESS', 'unix:path=/run/user/1000/bus'), ('COLORTERM', 'truecolor'), ('COLCON_PREFIX_PATH', '/home/ubuntu/spas_ws/install'), ('ROS_DISTRO', 'humble'), ('LOGNAME', 'ubuntu'), ('_', '/usr/bin/colcon'), ('ROS_VERSION', '2'), ('XDG_SESSION_CLASS', 'user'), ('TERM', 'xterm-256color'), ('XDG_SESSION_ID', '1'), ('ROS_LOCALHOST_ONLY', '0'), ('PATH', '/opt/ros/humble/bin:/home/ubuntu/.vscode-server/data/User/globalStorage/github.copilot-chat/debugCommand:/home/ubuntu/.vscode-server/data/User/globalStorage/github.copilot-chat/copilotCli:/home/ubuntu/.vscode-server/cli/servers/Stable-0958016b2af9f09bb4257e0df4a95e2f90590f9f/server/bin/remote-cli:/usr/local/sbin:/usr/local/bin:/usr/sbin:/usr/bin:/sbin:/bin:/usr/games:/usr/local/games:/snap/bin:/home/ubuntu/.vscode-server/extensions/ms-python.debugpy-2026.6.0/bundled/scripts/noConfigScripts:/usr/local/bin'), ('XDG_RUNTIME_DIR', '/run/user/1000'), ('VSCODE_DEBUGPY_ADAPTER_ENDPOINTS', '/home/ubuntu/.vscode-server/extensions/ms-python.debugpy-2026.6.0/.noConfigDebugAdapterEndpoints/endpoint-00d0b5565ef995a9.txt'), ('LANG', 'en_US.UTF-8'), ('PYTHONSTARTUP', '/home/ubuntu/.vscode-server/data/User/workspaceStorage/f3bef80f69d224608c509b83f13a955a/ms-python.python/pythonrc.py'), ('LS_COLORS', 'rs=0:di=01;34:ln=01;36:mh=00:pi=40;33:so=01;35:do=01;35:bd=40;33;01:cd=40;33;01:or=40;31;01:mi=00:su=37;41:sg=30;43:ca=30;41:tw=30;42:ow=34;42:st=37;44:ex=01;32:*.tar=01;31:*.tgz=01;31:*.arc=01;31:*.arj=01;31:*.taz=01;31:*.lha=01;31:*.lz4=01;31:*.lzh=01;31:*.lzma=01;31:*.tlz=01;31:*.txz=01;31:*.tzo=01;31:*.t7z=01;31:*.zip=01;31:*.z=01;31:*.dz=01;31:*.gz=01;31:*.lrz=01;31:*.lz=01;31:*.lzo=01;31:*.xz=01;31:*.zst=01;31:*.tzst=01;31:*.bz2=01;31:*.bz=01;31:*.tbz=01;31:*.tbz2=01;31:*.tz=01;31:*.deb=01;31:*.rpm=01;31:*.jar=01;31:*.war=01;31:*.ear=01;31:*.sar=01;31:*.rar=01;31:*.alz=01;31:*.ace=01;31:*.zoo=01;31:*.cpio=01;31:*.7z=01;31:*.rz=01;31:*.cab=01;31:*.wim=01;31:*.swm=01;31:*.dwm=01;31:*.esd=01;31:*.jpg=01;35:*.jpeg=01;35:*.mjpg=01;35:*.mjpeg=01;35:*.gif=01;35:*.bmp=01;35:*.pbm=01;35:*.pgm=01;35:*.ppm=01;35:*.tga=01;35:*.xbm=01;35:*.xpm=01;35:*.tif=01;35:*.tiff=01;35:*.png=01;35:*.svg=01;35:*.svgz=01;35:*.mng=01;35:*.pcx=01;35:*.mov=01;35:*.mpg=01;35:*.mpeg=01;35:*.m2v=01;35:*.mkv=01;35:*.webm=01;35:*.webp=01;35:*.ogm=01;35:*.mp4=01;35:*.m4v=01;35:*.mp4v=01;35:*.vob=01;35:*.qt=01;35:*.nuv=01;35:*.wmv=01;35:*.asf=01;35:*.rm=01;35:*.rmvb=01;35:*.flc=01;35:*.avi=01;35:*.fli=01;35:*.flv=01;35:*.gl=01;35:*.dl=01;35:*.xcf=01;35:*.xwd=01;35:*.yuv=01;35:*.cgm=01;35:*.emf=01;35:*.ogv=01;35:*.ogx=01;35:*.aac=00;36:*.au=00;36:*.flac=00;36:*.m4a=00;36:*.mid=00;36:*.midi=00;36:*.mka=00;36:*.mp3=00;36:*.mpc=00;36:*.ogg=00;36:*.ra=00;36:*.wav=00;36:*.oga=00;36:*.opus=00;36:*.spx=00;36:*.xspf=00;36:'), ('VSCODE_GIT_IPC_HANDLE', '/run/user/1000/vscode-git-a9f1ef9bc6.sock'), ('TERM_PROGRAM', 'vscode'), ('ROS_DOMAIN_ID', '1'), ('AMENT_PREFIX_PATH', '/home/ubuntu/spas_ws/install/spas_planning:/home/ubuntu/spas_ws/install/spas_perception:/home/ubuntu/spas_ws/install/spas_control:/home/ubuntu/spas_ws/install/spas_bringup:/home/ubuntu/spas_ws/install/sllidar_ros2:/home/ubuntu/spas_ws/install/slam_toolbox:/opt/ros/humble'), ('SHELL', '/bin/bash'), ('LESSCLOSE', '/usr/bin/lesspipe %s %s'), ('VSCODE_GIT_ASKPASS_EXTRA_ARGS', ''), ('PWD', '/home/ubuntu/spas_ws/build/slam_toolbox'), ('LC_ALL', 'en_US.UTF-8'), ('SSH_CONNECTION', '192.168.236.158 64914 192.168.236.18 22'), ('PYTHONPATH', '/home/ubuntu/spas_ws/build/spas_planning:/home/ubuntu/spas_ws/install/spas_planning/lib/python3.10/site-packages:/home/ubuntu/spas_ws/build/spas_perception:/home/ubuntu/spas_ws/install/spas_perception/lib/python3.10/site-packages:/home/ubuntu/spas_ws/build/spas_control:/home/ubuntu/spas_ws/install/spas_control/lib/python3.10/site-packages:/home/ubuntu/spas_ws/install/slam_toolbox/local/lib/python3.10/dist-packages:/opt/ros/humble/lib/python3.10/site-packages:/opt/ros/humble/local/lib/python3.10/dist-packages:/usr/local/lib/python3/dist-packages'), ('COLCON', '1'), ('CMAKE_PREFIX_PATH', '/home/ubuntu/spas_ws/install/spas_bringup:/home/ubuntu/spas_ws/install/sllidar_ros2:/home/ubuntu/spas_ws/install/slam_toolbox:/home/ubuntu/spas_ws/install/spas_planning:/home/ubuntu/spas_ws/install/spas_perception:/home/ubuntu/spas_ws/install/spas_control:/opt/ros/humble')]), 'shell': False}
[0.168759] (sllidar_ros2) JobProgress: {'identifier': 'sllidar_ros2', 'progress': 'cmake'}
[0.172384] (sllidar_ros2) JobProgress: {'identifier': 'sllidar_ros2', 'progress': 'build'}
[0.173774] (sllidar_ros2) Command: {'cmd': ['/usr/bin/cmake', '--build', '/home/ubuntu/spas_ws/build/sllidar_ros2', '--', '-j4', '-l4'], 'cwd': '/home/ubuntu/spas_ws/build/sllidar_ros2', 'env': OrderedDict([('PYTHON_BASIC_REPL', '1'), ('LESSOPEN', '| /usr/bin/lesspipe %s'), ('USER', 'ubuntu'), ('SSH_CLIENT', '192.168.236.158 64914 22'), ('XDG_SESSION_TYPE', 'tty'), ('GIT_ASKPASS', '/home/ubuntu/.vscode-server/cli/servers/Stable-0958016b2af9f09bb4257e0df4a95e2f90590f9f/server/extensions/git/dist/askpass.sh'), ('SHLVL', '1'), ('LD_LIBRARY_PATH', '/home/ubuntu/spas_ws/install/slam_toolbox/lib:/opt/ros/humble/opt/rviz_ogre_vendor/lib:/opt/ros/humble/lib/aarch64-linux-gnu:/opt/ros/humble/lib'), ('BROWSER', '/home/ubuntu/.vscode-server/cli/servers/Stable-0958016b2af9f09bb4257e0df4a95e2f90590f9f/server/bin/helpers/browser.sh'), ('MOTD_SHOWN', 'pam'), ('HOME', '/home/ubuntu'), ('OLDPWD', '/home/ubuntu/spas_ws/src'), ('TERM_PROGRAM_VERSION', '1.120.0'), ('VSCODE_IPC_HOOK_CLI', '/run/user/1000/vscode-ipc-4c52080f-8f54-4af6-b1c5-04354886fdd5.sock'), ('ROS_PYTHON_VERSION', '3'), ('VSCODE_GIT_ASKPASS_MAIN', '/home/ubuntu/.vscode-server/cli/servers/Stable-0958016b2af9f09bb4257e0df4a95e2f90590f9f/server/extensions/git/dist/askpass-main.js'), ('VSCODE_GIT_ASKPASS_NODE', '/home/ubuntu/.vscode-server/cli/servers/Stable-0958016b2af9f09bb4257e0df4a95e2f90590f9f/server/node'), ('PYDEVD_DISABLE_FILE_VALIDATION', '1'), ('BUNDLED_DEBUGPY_PATH', '/home/ubuntu/.vscode-server/extensions/ms-python.debugpy-2026.6.0/bundled/libs/debugpy'), ('VSCODE_PYTHON_AUTOACTIVATE_GUARD', '1'), ('DBUS_SESSION_BUS_ADDRESS', 'unix:path=/run/user/1000/bus'), ('COLORTERM', 'truecolor'), ('COLCON_PREFIX_PATH', '/home/ubuntu/spas_ws/install'), ('ROS_DISTRO', 'humble'), ('LOGNAME', 'ubuntu'), ('_', '/usr/bin/colcon'), ('ROS_VERSION', '2'), ('XDG_SESSION_CLASS', 'user'), ('TERM', 'xterm-256color'), ('XDG_SESSION_ID', '1'), ('ROS_LOCALHOST_ONLY', '0'), ('PATH', '/opt/ros/humble/bin:/home/ubuntu/.vscode-server/data/User/globalStorage/github.copilot-chat/debugCommand:/home/ubuntu/.vscode-server/data/User/globalStorage/github.copilot-chat/copilotCli:/home/ubuntu/.vscode-server/cli/servers/Stable-0958016b2af9f09bb4257e0df4a95e2f90590f9f/server/bin/remote-cli:/usr/local/sbin:/usr/local/bin:/usr/sbin:/usr/bin:/sbin:/bin:/usr/games:/usr/local/games:/snap/bin:/home/ubuntu/.vscode-server/extensions/ms-python.debugpy-2026.6.0/bundled/scripts/noConfigScripts:/usr/local/bin'), ('XDG_RUNTIME_DIR', '/run/user/1000'), ('VSCODE_DEBUGPY_ADAPTER_ENDPOINTS', '/home/ubuntu/.vscode-server/extensions/ms-python.debugpy-2026.6.0/.noConfigDebugAdapterEndpoints/endpoint-00d0b5565ef995a9.txt'), ('LANG', 'en_US.UTF-8'), ('PYTHONSTARTUP', '/home/ubuntu/.vscode-server/data/User/workspaceStorage/f3bef80f69d224608c509b83f13a955a/ms-python.python/pythonrc.py'), ('LS_COLORS', 'rs=0:di=01;34:ln=01;36:mh=00:pi=40;33:so=01;35:do=01;35:bd=40;33;01:cd=40;33;01:or=40;31;01:mi=00:su=37;41:sg=30;43:ca=30;41:tw=30;42:ow=34;42:st=37;44:ex=01;32:*.tar=01;31:*.tgz=01;31:*.arc=01;31:*.arj=01;31:*.taz=01;31:*.lha=01;31:*.lz4=01;31:*.lzh=01;31:*.lzma=01;31:*.tlz=01;31:*.txz=01;31:*.tzo=01;31:*.t7z=01;31:*.zip=01;31:*.z=01;31:*.dz=01;31:*.gz=01;31:*.lrz=01;31:*.lz=01;31:*.lzo=01;31:*.xz=01;31:*.zst=01;31:*.tzst=01;31:*.bz2=01;31:*.bz=01;31:*.tbz=01;31:*.tbz2=01;31:*.tz=01;31:*.deb=01;31:*.rpm=01;31:*.jar=01;31:*.war=01;31:*.ear=01;31:*.sar=01;31:*.rar=01;31:*.alz=01;31:*.ace=01;31:*.zoo=01;31:*.cpio=01;31:*.7z=01;31:*.rz=01;31:*.cab=01;31:*.wim=01;31:*.swm=01;31:*.dwm=01;31:*.esd=01;31:*.jpg=01;35:*.jpeg=01;35:*.mjpg=01;35:*.mjpeg=01;35:*.gif=01;35:*.bmp=01;35:*.pbm=01;35:*.pgm=01;35:*.ppm=01;35:*.tga=01;35:*.xbm=01;35:*.xpm=01;35:*.tif=01;35:*.tiff=01;35:*.png=01;35:*.svg=01;35:*.svgz=01;35:*.mng=01;35:*.pcx=01;35:*.mov=01;35:*.mpg=01;35:*.mpeg=01;35:*.m2v=01;35:*.mkv=01;35:*.webm=01;35:*.webp=01;35:*.ogm=01;35:*.mp4=01;35:*.m4v=01;35:*.mp4v=01;35:*.vob=01;35:*.qt=01;35:*.nuv=01;35:*.wmv=01;35:*.asf=01;35:*.rm=01;35:*.rmvb=01;35:*.flc=01;35:*.avi=01;35:*.fli=01;35:*.flv=01;35:*.gl=01;35:*.dl=01;35:*.xcf=01;35:*.xwd=01;35:*.yuv=01;35:*.cgm=01;35:*.emf=01;35:*.ogv=01;35:*.ogx=01;35:*.aac=00;36:*.au=00;36:*.flac=00;36:*.m4a=00;36:*.mid=00;36:*.midi=00;36:*.mka=00;36:*.mp3=00;36:*.mpc=00;36:*.ogg=00;36:*.ra=00;36:*.wav=00;36:*.oga=00;36:*.opus=00;36:*.spx=00;36:*.xspf=00;36:'), ('VSCODE_GIT_IPC_HANDLE', '/run/user/1000/vscode-git-a9f1ef9bc6.sock'), ('TERM_PROGRAM', 'vscode'), ('ROS_DOMAIN_ID', '1'), ('AMENT_PREFIX_PATH', '/home/ubuntu/spas_ws/install/spas_planning:/home/ubuntu/spas_ws/install/spas_perception:/home/ubuntu/spas_ws/install/spas_control:/home/ubuntu/spas_ws/install/spas_bringup:/home/ubuntu/spas_ws/install/sllidar_ros2:/home/ubuntu/spas_ws/install/slam_toolbox:/opt/ros/humble'), ('SHELL', '/bin/bash'), ('LESSCLOSE', '/usr/bin/lesspipe %s %s'), ('VSCODE_GIT_ASKPASS_EXTRA_ARGS', ''), ('PWD', '/home/ubuntu/spas_ws/build/sllidar_ros2'), ('LC_ALL', 'en_US.UTF-8'), ('SSH_CONNECTION', '192.168.236.158 64914 192.168.236.18 22'), ('PYTHONPATH', '/home/ubuntu/spas_ws/build/spas_planning:/home/ubuntu/spas_ws/install/spas_planning/lib/python3.10/site-packages:/home/ubuntu/spas_ws/build/spas_perception:/home/ubuntu/spas_ws/install/spas_perception/lib/python3.10/site-packages:/home/ubuntu/spas_ws/build/spas_control:/home/ubuntu/spas_ws/install/spas_control/lib/python3.10/site-packages:/home/ubuntu/spas_ws/install/slam_toolbox/local/lib/python3.10/dist-packages:/opt/ros/humble/lib/python3.10/site-packages:/opt/ros/humble/local/lib/python3.10/dist-packages:/usr/local/lib/python3/dist-packages'), ('COLCON', '1'), ('CMAKE_PREFIX_PATH', '/home/ubuntu/spas_ws/install/spas_bringup:/home/ubuntu/spas_ws/install/sllidar_ros2:/home/ubuntu/spas_ws/install/slam_toolbox:/home/ubuntu/spas_ws/install/spas_planning:/home/ubuntu/spas_ws/install/spas_perception:/home/ubuntu/spas_ws/install/spas_control:/opt/ros/humble')]), 'shell': False}
[0.186719] (spas_bringup) JobProgress: {'identifier': 'spas_bringup', 'progress': 'cmake'}
[0.191009] (spas_bringup) JobProgress: {'identifier': 'spas_bringup', 'progress': 'build'}
[0.192554] (spas_bringup) Command: {'cmd': ['/usr/bin/cmake', '--build', '/home/ubuntu/spas_ws/build/spas_bringup', '--', '-j4', '-l4'], 'cwd': '/home/ubuntu/spas_ws/build/spas_bringup', 'env': OrderedDict([('PYTHON_BASIC_REPL', '1'), ('LESSOPEN', '| /usr/bin/lesspipe %s'), ('USER', 'ubuntu'), ('SSH_CLIENT', '192.168.236.158 64914 22'), ('XDG_SESSION_TYPE', 'tty'), ('GIT_ASKPASS', '/home/ubuntu/.vscode-server/cli/servers/Stable-0958016b2af9f09bb4257e0df4a95e2f90590f9f/server/extensions/git/dist/askpass.sh'), ('SHLVL', '1'), ('LD_LIBRARY_PATH', '/home/ubuntu/spas_ws/install/slam_toolbox/lib:/opt/ros/humble/opt/rviz_ogre_vendor/lib:/opt/ros/humble/lib/aarch64-linux-gnu:/opt/ros/humble/lib'), ('BROWSER', '/home/ubuntu/.vscode-server/cli/servers/Stable-0958016b2af9f09bb4257e0df4a95e2f90590f9f/server/bin/helpers/browser.sh'), ('MOTD_SHOWN', 'pam'), ('HOME', '/home/ubuntu'), ('OLDPWD', '/home/ubuntu/spas_ws/src'), ('TERM_PROGRAM_VERSION', '1.120.0'), ('VSCODE_IPC_HOOK_CLI', '/run/user/1000/vscode-ipc-4c52080f-8f54-4af6-b1c5-04354886fdd5.sock'), ('ROS_PYTHON_VERSION', '3'), ('VSCODE_GIT_ASKPASS_MAIN', '/home/ubuntu/.vscode-server/cli/servers/Stable-0958016b2af9f09bb4257e0df4a95e2f90590f9f/server/extensions/git/dist/askpass-main.js'), ('VSCODE_GIT_ASKPASS_NODE', '/home/ubuntu/.vscode-server/cli/servers/Stable-0958016b2af9f09bb4257e0df4a95e2f90590f9f/server/node'), ('PYDEVD_DISABLE_FILE_VALIDATION', '1'), ('BUNDLED_DEBUGPY_PATH', '/home/ubuntu/.vscode-server/extensions/ms-python.debugpy-2026.6.0/bundled/libs/debugpy'), ('VSCODE_PYTHON_AUTOACTIVATE_GUARD', '1'), ('DBUS_SESSION_BUS_ADDRESS', 'unix:path=/run/user/1000/bus'), ('COLORTERM', 'truecolor'), ('COLCON_PREFIX_PATH', '/home/ubuntu/spas_ws/install'), ('ROS_DISTRO', 'humble'), ('LOGNAME', 'ubuntu'), ('_', '/usr/bin/colcon'), ('ROS_VERSION', '2'), ('XDG_SESSION_CLASS', 'user'), ('TERM', 'xterm-256color'), ('XDG_SESSION_ID', '1'), ('ROS_LOCALHOST_ONLY', '0'), ('PATH', '/opt/ros/humble/bin:/home/ubuntu/.vscode-server/data/User/globalStorage/github.copilot-chat/debugCommand:/home/ubuntu/.vscode-server/data/User/globalStorage/github.copilot-chat/copilotCli:/home/ubuntu/.vscode-server/cli/servers/Stable-0958016b2af9f09bb4257e0df4a95e2f90590f9f/server/bin/remote-cli:/usr/local/sbin:/usr/local/bin:/usr/sbin:/usr/bin:/sbin:/bin:/usr/games:/usr/local/games:/snap/bin:/home/ubuntu/.vscode-server/extensions/ms-python.debugpy-2026.6.0/bundled/scripts/noConfigScripts:/usr/local/bin'), ('XDG_RUNTIME_DIR', '/run/user/1000'), ('VSCODE_DEBUGPY_ADAPTER_ENDPOINTS', '/home/ubuntu/.vscode-server/extensions/ms-python.debugpy-2026.6.0/.noConfigDebugAdapterEndpoints/endpoint-00d0b5565ef995a9.txt'), ('LANG', 'en_US.UTF-8'), ('PYTHONSTARTUP', '/home/ubuntu/.vscode-server/data/User/workspaceStorage/f3bef80f69d224608c509b83f13a955a/ms-python.python/pythonrc.py'), ('LS_COLORS', 'rs=0:di=01;34:ln=01;36:mh=00:pi=40;33:so=01;35:do=01;35:bd=40;33;01:cd=40;33;01:or=40;31;01:mi=00:su=37;41:sg=30;43:ca=30;41:tw=30;42:ow=34;42:st=37;44:ex=01;32:*.tar=01;31:*.tgz=01;31:*.arc=01;31:*.arj=01;31:*.taz=01;31:*.lha=01;31:*.lz4=01;31:*.lzh=01;31:*.lzma=01;31:*.tlz=01;31:*.txz=01;31:*.tzo=01;31:*.t7z=01;31:*.zip=01;31:*.z=01;31:*.dz=01;31:*.gz=01;31:*.lrz=01;31:*.lz=01;31:*.lzo=01;31:*.xz=01;31:*.zst=01;31:*.tzst=01;31:*.bz2=01;31:*.bz=01;31:*.tbz=01;31:*.tbz2=01;31:*.tz=01;31:*.deb=01;31:*.rpm=01;31:*.jar=01;31:*.war=01;31:*.ear=01;31:*.sar=01;31:*.rar=01;31:*.alz=01;31:*.ace=01;31:*.zoo=01;31:*.cpio=01;31:*.7z=01;31:*.rz=01;31:*.cab=01;31:*.wim=01;31:*.swm=01;31:*.dwm=01;31:*.esd=01;31:*.jpg=01;35:*.jpeg=01;35:*.mjpg=01;35:*.mjpeg=01;35:*.gif=01;35:*.bmp=01;35:*.pbm=01;35:*.pgm=01;35:*.ppm=01;35:*.tga=01;35:*.xbm=01;35:*.xpm=01;35:*.tif=01;35:*.tiff=01;35:*.png=01;35:*.svg=01;35:*.svgz=01;35:*.mng=01;35:*.pcx=01;35:*.mov=01;35:*.mpg=01;35:*.mpeg=01;35:*.m2v=01;35:*.mkv=01;35:*.webm=01;35:*.webp=01;35:*.ogm=01;35:*.mp4=01;35:*.m4v=01;35:*.mp4v=01;35:*.vob=01;35:*.qt=01;35:*.nuv=01;35:*.wmv=01;35:*.asf=01;35:*.rm=01;35:*.rmvb=01;35:*.flc=01;35:*.avi=01;35:*.fli=01;35:*.flv=01;35:*.gl=01;35:*.dl=01;35:*.xcf=01;35:*.xwd=01;35:*.yuv=01;35:*.cgm=01;35:*.emf=01;35:*.ogv=01;35:*.ogx=01;35:*.aac=00;36:*.au=00;36:*.flac=00;36:*.m4a=00;36:*.mid=00;36:*.midi=00;36:*.mka=00;36:*.mp3=00;36:*.mpc=00;36:*.ogg=00;36:*.ra=00;36:*.wav=00;36:*.oga=00;36:*.opus=00;36:*.spx=00;36:*.xspf=00;36:'), ('VSCODE_GIT_IPC_HANDLE', '/run/user/1000/vscode-git-a9f1ef9bc6.sock'), ('TERM_PROGRAM', 'vscode'), ('ROS_DOMAIN_ID', '1'), ('AMENT_PREFIX_PATH', '/home/ubuntu/spas_ws/install/spas_planning:/home/ubuntu/spas_ws/install/spas_perception:/home/ubuntu/spas_ws/install/spas_control:/home/ubuntu/spas_ws/install/spas_bringup:/home/ubuntu/spas_ws/install/sllidar_ros2:/home/ubuntu/spas_ws/install/slam_toolbox:/opt/ros/humble'), ('SHELL', '/bin/bash'), ('LESSCLOSE', '/usr/bin/lesspipe %s %s'), ('VSCODE_GIT_ASKPASS_EXTRA_ARGS', ''), ('PWD', '/home/ubuntu/spas_ws/build/spas_bringup'), ('LC_ALL', 'en_US.UTF-8'), ('SSH_CONNECTION', '192.168.236.158 64914 192.168.236.18 22'), ('PYTHONPATH', '/home/ubuntu/spas_ws/build/spas_planning:/home/ubuntu/spas_ws/install/spas_planning/lib/python3.10/site-packages:/home/ubuntu/spas_ws/build/spas_perception:/home/ubuntu/spas_ws/install/spas_perception/lib/python3.10/site-packages:/home/ubuntu/spas_ws/build/spas_control:/home/ubuntu/spas_ws/install/spas_control/lib/python3.10/site-packages:/home/ubuntu/spas_ws/install/slam_toolbox/local/lib/python3.10/dist-packages:/opt/ros/humble/lib/python3.10/site-packages:/opt/ros/humble/local/lib/python3.10/dist-packages:/usr/local/lib/python3/dist-packages'), ('COLCON', '1'), ('CMAKE_PREFIX_PATH', '/home/ubuntu/spas_ws/install/spas_bringup:/home/ubuntu/spas_ws/install/sllidar_ros2:/home/ubuntu/spas_ws/install/slam_toolbox:/home/ubuntu/spas_ws/install/spas_planning:/home/ubuntu/spas_ws/install/spas_perception:/home/ubuntu/spas_ws/install/spas_control:/opt/ros/humble')]), 'shell': False}
[0.204115] (-) TimerEvent: {}
[0.329423] (-) TimerEvent: {}
[0.432313] (-) TimerEvent: {}
[0.534408] (-) TimerEvent: {}
[0.572111] (sllidar_ros2) StdoutLine: {'line': b'[ 10%] Built target sllidar_client\n'}
[0.589970] (sllidar_ros2) StdoutLine: {'line': b'[100%] Built target sllidar_node\n'}
[0.603577] (slam_toolbox) StdoutLine: {'line': b'[  0%] Built target slam_toolbox__rs\n'}
[0.634670] (-) TimerEvent: {}
[0.699865] (slam_toolbox) StdoutLine: {'line': b'[  1%] Built target slam_toolbox__cpp\n'}
[0.705244] (slam_toolbox) StdoutLine: {'line': b'[  9%] Built target slam_toolbox__rosidl_generator_c\n'}
[0.734877] (-) TimerEvent: {}
[0.735866] (slam_toolbox) StdoutLine: {'line': b'[  9%] Built target ament_cmake_python_symlink_slam_toolbox\n'}
[0.835215] (-) TimerEvent: {}
[0.938123] (-) TimerEvent: {}
[1.041031] (-) TimerEvent: {}
[1.144013] (-) TimerEvent: {}
[1.256301] (slam_toolbox) StdoutLine: {'line': b'[ 15%] Built target kartoSlamToolbox\n'}
[1.258015] (-) TimerEvent: {}
[1.263783] (slam_toolbox) StdoutLine: {'line': b'[ 35%] Built target slam_toolbox__rosidl_typesupport_cpp\n'}
[1.286880] (slam_toolbox) StdoutLine: {'line': b'[ 37%] Built target slam_toolbox__rosidl_typesupport_fastrtps_cpp\n'}
[1.288937] (slam_toolbox) StdoutLine: {'line': b'[ 23%] Built target slam_toolbox__rosidl_typesupport_introspection_cpp\n'}
[1.358394] (-) TimerEvent: {}
[1.461455] (-) TimerEvent: {}
[1.564597] (-) TimerEvent: {}
[1.667450] (-) TimerEvent: {}
[1.770396] (-) TimerEvent: {}
[1.871148] (slam_toolbox) StdoutLine: {'line': b'[ 47%] Built target slam_toolbox__rosidl_typesupport_introspection_c\n'}
[1.872944] (-) TimerEvent: {}
[1.897544] (slam_toolbox) StdoutLine: {'line': b'[ 56%] Built target slam_toolbox__rosidl_typesupport_c\n'}
[1.920857] (slam_toolbox) StdoutLine: {'line': b'[ 63%] Built target slam_toolbox__rosidl_typesupport_fastrtps_c\n'}
[1.973281] (-) TimerEvent: {}
[2.076489] (-) TimerEvent: {}
[2.179237] (-) TimerEvent: {}
[2.282606] (-) TimerEvent: {}
[2.385587] (-) TimerEvent: {}
[2.490233] (-) TimerEvent: {}
[2.593167] (-) TimerEvent: {}
[2.695081] (-) TimerEvent: {}
[2.780261] (slam_toolbox) StdoutLine: {'line': b'[ 65%] Built target ceres_solver_plugin\n'}
[2.795378] (-) TimerEvent: {}
[2.845932] (slam_toolbox) StdoutLine: {'line': b'[ 70%] Built target toolbox_common\n'}
[2.879232] (slam_toolbox) StdoutLine: {'line': b'[ 72%] Built target SlamToolboxPlugin\n'}
[2.895680] (-) TimerEvent: {}
[3.000834] (-) TimerEvent: {}
[3.102662] (-) TimerEvent: {}
[3.205705] (-) TimerEvent: {}
[3.308993] (-) TimerEvent: {}
[3.396564] (slam_toolbox) StdoutLine: {'line': b'[ 72%] Built target slam_toolbox\n'}
[3.409320] (-) TimerEvent: {}
[3.511010] (-) TimerEvent: {}
[3.612820] (-) TimerEvent: {}
[3.714773] (-) TimerEvent: {}
[3.816603] (-) TimerEvent: {}
[3.912277] (slam_toolbox) StdoutLine: {'line': b'[ 74%] Built target sync_slam_toolbox\n'}
[3.916872] (-) TimerEvent: {}
[4.019894] (-) TimerEvent: {}
[4.088347] (slam_toolbox) StdoutLine: {'line': b'[ 76%] Built target async_slam_toolbox\n'}
[4.120124] (-) TimerEvent: {}
[4.221903] (-) TimerEvent: {}
[4.281693] (slam_toolbox) StdoutLine: {'line': b'[ 77%] Built target localization_slam_toolbox\n'}
[4.322120] (-) TimerEvent: {}
[4.424347] (-) TimerEvent: {}
[4.528329] (-) TimerEvent: {}
[4.632105] (-) TimerEvent: {}
[4.645110] (slam_toolbox) StdoutLine: {'line': b'[ 79%] Built target merge_maps_kinematic\n'}
[4.671768] (slam_toolbox) StdoutLine: {'line': b'[ 80%] Built target lifelong_slam_toolbox\n'}
[4.732411] (-) TimerEvent: {}
[4.835805] (-) TimerEvent: {}
[4.842944] (slam_toolbox) StdoutLine: {'line': b'[ 81%] Built target slam_toolbox__py\n'}
[4.936151] (-) TimerEvent: {}
[5.038206] (-) TimerEvent: {}
[5.141339] (-) TimerEvent: {}
[5.244410] (-) TimerEvent: {}
[5.347269] (-) TimerEvent: {}
[5.450068] (-) TimerEvent: {}
[5.552961] (-) TimerEvent: {}
[5.656103] (-) TimerEvent: {}
[5.703402] (slam_toolbox) StdoutLine: {'line': b'[ 82%] Built target async_slam_toolbox_node\n'}
[5.756408] (-) TimerEvent: {}
[5.809753] (slam_toolbox) StdoutLine: {'line': b'[ 83%] Built target sync_slam_toolbox_node\n'}
[5.856761] (-) TimerEvent: {}
[5.940422] (slam_toolbox) StdoutLine: {'line': b'[ 84%] Built target localization_slam_toolbox_node\n'}
[5.957105] (-) TimerEvent: {}
[6.061262] (-) TimerEvent: {}
[6.168781] (-) TimerEvent: {}
[6.251059] (spas_bringup) CommandEnded: {'returncode': 0}
[6.266918] (spas_bringup) JobProgress: {'identifier': 'spas_bringup', 'progress': 'install'}
[6.269026] (-) TimerEvent: {}
[6.370649] (-) TimerEvent: {}
[6.472938] (-) TimerEvent: {}
[6.493340] (spas_bringup) Command: {'cmd': ['/usr/bin/cmake', '--install', '/home/ubuntu/spas_ws/build/spas_bringup'], 'cwd': '/home/ubuntu/spas_ws/build/spas_bringup', 'env': OrderedDict([('PYTHON_BASIC_REPL', '1'), ('LESSOPEN', '| /usr/bin/lesspipe %s'), ('USER', 'ubuntu'), ('SSH_CLIENT', '192.168.236.158 64914 22'), ('XDG_SESSION_TYPE', 'tty'), ('GIT_ASKPASS', '/home/ubuntu/.vscode-server/cli/servers/Stable-0958016b2af9f09bb4257e0df4a95e2f90590f9f/server/extensions/git/dist/askpass.sh'), ('SHLVL', '1'), ('LD_LIBRARY_PATH', '/home/ubuntu/spas_ws/install/slam_toolbox/lib:/opt/ros/humble/opt/rviz_ogre_vendor/lib:/opt/ros/humble/lib/aarch64-linux-gnu:/opt/ros/humble/lib'), ('BROWSER', '/home/ubuntu/.vscode-server/cli/servers/Stable-0958016b2af9f09bb4257e0df4a95e2f90590f9f/server/bin/helpers/browser.sh'), ('MOTD_SHOWN', 'pam'), ('HOME', '/home/ubuntu'), ('OLDPWD', '/home/ubuntu/spas_ws/src'), ('TERM_PROGRAM_VERSION', '1.120.0'), ('VSCODE_IPC_HOOK_CLI', '/run/user/1000/vscode-ipc-4c52080f-8f54-4af6-b1c5-04354886fdd5.sock'), ('ROS_PYTHON_VERSION', '3'), ('VSCODE_GIT_ASKPASS_MAIN', '/home/ubuntu/.vscode-server/cli/servers/Stable-0958016b2af9f09bb4257e0df4a95e2f90590f9f/server/extensions/git/dist/askpass-main.js'), ('VSCODE_GIT_ASKPASS_NODE', '/home/ubuntu/.vscode-server/cli/servers/Stable-0958016b2af9f09bb4257e0df4a95e2f90590f9f/server/node'), ('PYDEVD_DISABLE_FILE_VALIDATION', '1'), ('BUNDLED_DEBUGPY_PATH', '/home/ubuntu/.vscode-server/extensions/ms-python.debugpy-2026.6.0/bundled/libs/debugpy'), ('VSCODE_PYTHON_AUTOACTIVATE_GUARD', '1'), ('DBUS_SESSION_BUS_ADDRESS', 'unix:path=/run/user/1000/bus'), ('COLORTERM', 'truecolor'), ('COLCON_PREFIX_PATH', '/home/ubuntu/spas_ws/install'), ('ROS_DISTRO', 'humble'), ('LOGNAME', 'ubuntu'), ('_', '/usr/bin/colcon'), ('ROS_VERSION', '2'), ('XDG_SESSION_CLASS', 'user'), ('TERM', 'xterm-256color'), ('XDG_SESSION_ID', '1'), ('ROS_LOCALHOST_ONLY', '0'), ('PATH', '/opt/ros/humble/bin:/home/ubuntu/.vscode-server/data/User/globalStorage/github.copilot-chat/debugCommand:/home/ubuntu/.vscode-server/data/User/globalStorage/github.copilot-chat/copilotCli:/home/ubuntu/.vscode-server/cli/servers/Stable-0958016b2af9f09bb4257e0df4a95e2f90590f9f/server/bin/remote-cli:/usr/local/sbin:/usr/local/bin:/usr/sbin:/usr/bin:/sbin:/bin:/usr/games:/usr/local/games:/snap/bin:/home/ubuntu/.vscode-server/extensions/ms-python.debugpy-2026.6.0/bundled/scripts/noConfigScripts:/usr/local/bin'), ('XDG_RUNTIME_DIR', '/run/user/1000'), ('VSCODE_DEBUGPY_ADAPTER_ENDPOINTS', '/home/ubuntu/.vscode-server/extensions/ms-python.debugpy-2026.6.0/.noConfigDebugAdapterEndpoints/endpoint-00d0b5565ef995a9.txt'), ('LANG', 'en_US.UTF-8'), ('PYTHONSTARTUP', '/home/ubuntu/.vscode-server/data/User/workspaceStorage/f3bef80f69d224608c509b83f13a955a/ms-python.python/pythonrc.py'), ('LS_COLORS', 'rs=0:di=01;34:ln=01;36:mh=00:pi=40;33:so=01;35:do=01;35:bd=40;33;01:cd=40;33;01:or=40;31;01:mi=00:su=37;41:sg=30;43:ca=30;41:tw=30;42:ow=34;42:st=37;44:ex=01;32:*.tar=01;31:*.tgz=01;31:*.arc=01;31:*.arj=01;31:*.taz=01;31:*.lha=01;31:*.lz4=01;31:*.lzh=01;31:*.lzma=01;31:*.tlz=01;31:*.txz=01;31:*.tzo=01;31:*.t7z=01;31:*.zip=01;31:*.z=01;31:*.dz=01;31:*.gz=01;31:*.lrz=01;31:*.lz=01;31:*.lzo=01;31:*.xz=01;31:*.zst=01;31:*.tzst=01;31:*.bz2=01;31:*.bz=01;31:*.tbz=01;31:*.tbz2=01;31:*.tz=01;31:*.deb=01;31:*.rpm=01;31:*.jar=01;31:*.war=01;31:*.ear=01;31:*.sar=01;31:*.rar=01;31:*.alz=01;31:*.ace=01;31:*.zoo=01;31:*.cpio=01;31:*.7z=01;31:*.rz=01;31:*.cab=01;31:*.wim=01;31:*.swm=01;31:*.dwm=01;31:*.esd=01;31:*.jpg=01;35:*.jpeg=01;35:*.mjpg=01;35:*.mjpeg=01;35:*.gif=01;35:*.bmp=01;35:*.pbm=01;35:*.pgm=01;35:*.ppm=01;35:*.tga=01;35:*.xbm=01;35:*.xpm=01;35:*.tif=01;35:*.tiff=01;35:*.png=01;35:*.svg=01;35:*.svgz=01;35:*.mng=01;35:*.pcx=01;35:*.mov=01;35:*.mpg=01;35:*.mpeg=01;35:*.m2v=01;35:*.mkv=01;35:*.webm=01;35:*.webp=01;35:*.ogm=01;35:*.mp4=01;35:*.m4v=01;35:*.mp4v=01;35:*.vob=01;35:*.qt=01;35:*.nuv=01;35:*.wmv=01;35:*.asf=01;35:*.rm=01;35:*.rmvb=01;35:*.flc=01;35:*.avi=01;35:*.fli=01;35:*.flv=01;35:*.gl=01;35:*.dl=01;35:*.xcf=01;35:*.xwd=01;35:*.yuv=01;35:*.cgm=01;35:*.emf=01;35:*.ogv=01;35:*.ogx=01;35:*.aac=00;36:*.au=00;36:*.flac=00;36:*.m4a=00;36:*.mid=00;36:*.midi=00;36:*.mka=00;36:*.mp3=00;36:*.mpc=00;36:*.ogg=00;36:*.ra=00;36:*.wav=00;36:*.oga=00;36:*.opus=00;36:*.spx=00;36:*.xspf=00;36:'), ('VSCODE_GIT_IPC_HANDLE', '/run/user/1000/vscode-git-a9f1ef9bc6.sock'), ('TERM_PROGRAM', 'vscode'), ('ROS_DOMAIN_ID', '1'), ('AMENT_PREFIX_PATH', '/home/ubuntu/spas_ws/install/spas_planning:/home/ubuntu/spas_ws/install/spas_perception:/home/ubuntu/spas_ws/install/spas_control:/home/ubuntu/spas_ws/install/spas_bringup:/home/ubuntu/spas_ws/install/sllidar_ros2:/home/ubuntu/spas_ws/install/slam_toolbox:/opt/ros/humble'), ('SHELL', '/bin/bash'), ('LESSCLOSE', '/usr/bin/lesspipe %s %s'), ('VSCODE_GIT_ASKPASS_EXTRA_ARGS', ''), ('PWD', '/home/ubuntu/spas_ws/build/spas_bringup'), ('LC_ALL', 'en_US.UTF-8'), ('SSH_CONNECTION', '192.168.236.158 64914 192.168.236.18 22'), ('PYTHONPATH', '/home/ubuntu/spas_ws/build/spas_planning:/home/ubuntu/spas_ws/install/spas_planning/lib/python3.10/site-packages:/home/ubuntu/spas_ws/build/spas_perception:/home/ubuntu/spas_ws/install/spas_perception/lib/python3.10/site-packages:/home/ubuntu/spas_ws/build/spas_control:/home/ubuntu/spas_ws/install/spas_control/lib/python3.10/site-packages:/home/ubuntu/spas_ws/install/slam_toolbox/local/lib/python3.10/dist-packages:/opt/ros/humble/lib/python3.10/site-packages:/opt/ros/humble/local/lib/python3.10/dist-packages:/usr/local/lib/python3/dist-packages'), ('COLCON', '1'), ('CMAKE_PREFIX_PATH', '/home/ubuntu/spas_ws/install/spas_bringup:/home/ubuntu/spas_ws/install/sllidar_ros2:/home/ubuntu/spas_ws/install/slam_toolbox:/home/ubuntu/spas_ws/install/spas_planning:/home/ubuntu/spas_ws/install/spas_perception:/home/ubuntu/spas_ws/install/spas_control:/opt/ros/humble')]), 'shell': False}
[6.557753] (sllidar_ros2) CommandEnded: {'returncode': 0}
[6.562765] (sllidar_ros2) JobProgress: {'identifier': 'sllidar_ros2', 'progress': 'install'}
[6.579428] (sllidar_ros2) Command: {'cmd': ['/usr/bin/cmake', '--install', '/home/ubuntu/spas_ws/build/sllidar_ros2'], 'cwd': '/home/ubuntu/spas_ws/build/sllidar_ros2', 'env': OrderedDict([('PYTHON_BASIC_REPL', '1'), ('LESSOPEN', '| /usr/bin/lesspipe %s'), ('USER', 'ubuntu'), ('SSH_CLIENT', '192.168.236.158 64914 22'), ('XDG_SESSION_TYPE', 'tty'), ('GIT_ASKPASS', '/home/ubuntu/.vscode-server/cli/servers/Stable-0958016b2af9f09bb4257e0df4a95e2f90590f9f/server/extensions/git/dist/askpass.sh'), ('SHLVL', '1'), ('LD_LIBRARY_PATH', '/home/ubuntu/spas_ws/install/slam_toolbox/lib:/opt/ros/humble/opt/rviz_ogre_vendor/lib:/opt/ros/humble/lib/aarch64-linux-gnu:/opt/ros/humble/lib'), ('BROWSER', '/home/ubuntu/.vscode-server/cli/servers/Stable-0958016b2af9f09bb4257e0df4a95e2f90590f9f/server/bin/helpers/browser.sh'), ('MOTD_SHOWN', 'pam'), ('HOME', '/home/ubuntu'), ('OLDPWD', '/home/ubuntu/spas_ws/src'), ('TERM_PROGRAM_VERSION', '1.120.0'), ('VSCODE_IPC_HOOK_CLI', '/run/user/1000/vscode-ipc-4c52080f-8f54-4af6-b1c5-04354886fdd5.sock'), ('ROS_PYTHON_VERSION', '3'), ('VSCODE_GIT_ASKPASS_MAIN', '/home/ubuntu/.vscode-server/cli/servers/Stable-0958016b2af9f09bb4257e0df4a95e2f90590f9f/server/extensions/git/dist/askpass-main.js'), ('VSCODE_GIT_ASKPASS_NODE', '/home/ubuntu/.vscode-server/cli/servers/Stable-0958016b2af9f09bb4257e0df4a95e2f90590f9f/server/node'), ('PYDEVD_DISABLE_FILE_VALIDATION', '1'), ('BUNDLED_DEBUGPY_PATH', '/home/ubuntu/.vscode-server/extensions/ms-python.debugpy-2026.6.0/bundled/libs/debugpy'), ('VSCODE_PYTHON_AUTOACTIVATE_GUARD', '1'), ('DBUS_SESSION_BUS_ADDRESS', 'unix:path=/run/user/1000/bus'), ('COLORTERM', 'truecolor'), ('COLCON_PREFIX_PATH', '/home/ubuntu/spas_ws/install'), ('ROS_DISTRO', 'humble'), ('LOGNAME', 'ubuntu'), ('_', '/usr/bin/colcon'), ('ROS_VERSION', '2'), ('XDG_SESSION_CLASS', 'user'), ('TERM', 'xterm-256color'), ('XDG_SESSION_ID', '1'), ('ROS_LOCALHOST_ONLY', '0'), ('PATH', '/opt/ros/humble/bin:/home/ubuntu/.vscode-server/data/User/globalStorage/github.copilot-chat/debugCommand:/home/ubuntu/.vscode-server/data/User/globalStorage/github.copilot-chat/copilotCli:/home/ubuntu/.vscode-server/cli/servers/Stable-0958016b2af9f09bb4257e0df4a95e2f90590f9f/server/bin/remote-cli:/usr/local/sbin:/usr/local/bin:/usr/sbin:/usr/bin:/sbin:/bin:/usr/games:/usr/local/games:/snap/bin:/home/ubuntu/.vscode-server/extensions/ms-python.debugpy-2026.6.0/bundled/scripts/noConfigScripts:/usr/local/bin'), ('XDG_RUNTIME_DIR', '/run/user/1000'), ('VSCODE_DEBUGPY_ADAPTER_ENDPOINTS', '/home/ubuntu/.vscode-server/extensions/ms-python.debugpy-2026.6.0/.noConfigDebugAdapterEndpoints/endpoint-00d0b5565ef995a9.txt'), ('LANG', 'en_US.UTF-8'), ('PYTHONSTARTUP', '/home/ubuntu/.vscode-server/data/User/workspaceStorage/f3bef80f69d224608c509b83f13a955a/ms-python.python/pythonrc.py'), ('LS_COLORS', 'rs=0:di=01;34:ln=01;36:mh=00:pi=40;33:so=01;35:do=01;35:bd=40;33;01:cd=40;33;01:or=40;31;01:mi=00:su=37;41:sg=30;43:ca=30;41:tw=30;42:ow=34;42:st=37;44:ex=01;32:*.tar=01;31:*.tgz=01;31:*.arc=01;31:*.arj=01;31:*.taz=01;31:*.lha=01;31:*.lz4=01;31:*.lzh=01;31:*.lzma=01;31:*.tlz=01;31:*.txz=01;31:*.tzo=01;31:*.t7z=01;31:*.zip=01;31:*.z=01;31:*.dz=01;31:*.gz=01;31:*.lrz=01;31:*.lz=01;31:*.lzo=01;31:*.xz=01;31:*.zst=01;31:*.tzst=01;31:*.bz2=01;31:*.bz=01;31:*.tbz=01;31:*.tbz2=01;31:*.tz=01;31:*.deb=01;31:*.rpm=01;31:*.jar=01;31:*.war=01;31:*.ear=01;31:*.sar=01;31:*.rar=01;31:*.alz=01;31:*.ace=01;31:*.zoo=01;31:*.cpio=01;31:*.7z=01;31:*.rz=01;31:*.cab=01;31:*.wim=01;31:*.swm=01;31:*.dwm=01;31:*.esd=01;31:*.jpg=01;35:*.jpeg=01;35:*.mjpg=01;35:*.mjpeg=01;35:*.gif=01;35:*.bmp=01;35:*.pbm=01;35:*.pgm=01;35:*.ppm=01;35:*.tga=01;35:*.xbm=01;35:*.xpm=01;35:*.tif=01;35:*.tiff=01;35:*.png=01;35:*.svg=01;35:*.svgz=01;35:*.mng=01;35:*.pcx=01;35:*.mov=01;35:*.mpg=01;35:*.mpeg=01;35:*.m2v=01;35:*.mkv=01;35:*.webm=01;35:*.webp=01;35:*.ogm=01;35:*.mp4=01;35:*.m4v=01;35:*.mp4v=01;35:*.vob=01;35:*.qt=01;35:*.nuv=01;35:*.wmv=01;35:*.asf=01;35:*.rm=01;35:*.rmvb=01;35:*.flc=01;35:*.avi=01;35:*.fli=01;35:*.flv=01;35:*.gl=01;35:*.dl=01;35:*.xcf=01;35:*.xwd=01;35:*.yuv=01;35:*.cgm=01;35:*.emf=01;35:*.ogv=01;35:*.ogx=01;35:*.aac=00;36:*.au=00;36:*.flac=00;36:*.m4a=00;36:*.mid=00;36:*.midi=00;36:*.mka=00;36:*.mp3=00;36:*.mpc=00;36:*.ogg=00;36:*.ra=00;36:*.wav=00;36:*.oga=00;36:*.opus=00;36:*.spx=00;36:*.xspf=00;36:'), ('VSCODE_GIT_IPC_HANDLE', '/run/user/1000/vscode-git-a9f1ef9bc6.sock'), ('TERM_PROGRAM', 'vscode'), ('ROS_DOMAIN_ID', '1'), ('AMENT_PREFIX_PATH', '/home/ubuntu/spas_ws/install/spas_planning:/home/ubuntu/spas_ws/install/spas_perception:/home/ubuntu/spas_ws/install/spas_control:/home/ubuntu/spas_ws/install/spas_bringup:/home/ubuntu/spas_ws/install/sllidar_ros2:/home/ubuntu/spas_ws/install/slam_toolbox:/opt/ros/humble'), ('SHELL', '/bin/bash'), ('LESSCLOSE', '/usr/bin/lesspipe %s %s'), ('VSCODE_GIT_ASKPASS_EXTRA_ARGS', ''), ('PWD', '/home/ubuntu/spas_ws/build/sllidar_ros2'), ('LC_ALL', 'en_US.UTF-8'), ('SSH_CONNECTION', '192.168.236.158 64914 192.168.236.18 22'), ('PYTHONPATH', '/home/ubuntu/spas_ws/build/spas_planning:/home/ubuntu/spas_ws/install/spas_planning/lib/python3.10/site-packages:/home/ubuntu/spas_ws/build/spas_perception:/home/ubuntu/spas_ws/install/spas_perception/lib/python3.10/site-packages:/home/ubuntu/spas_ws/build/spas_control:/home/ubuntu/spas_ws/install/spas_control/lib/python3.10/site-packages:/home/ubuntu/spas_ws/install/slam_toolbox/local/lib/python3.10/dist-packages:/opt/ros/humble/lib/python3.10/site-packages:/opt/ros/humble/local/lib/python3.10/dist-packages:/usr/local/lib/python3/dist-packages'), ('COLCON', '1'), ('CMAKE_PREFIX_PATH', '/home/ubuntu/spas_ws/install/spas_bringup:/home/ubuntu/spas_ws/install/sllidar_ros2:/home/ubuntu/spas_ws/install/slam_toolbox:/home/ubuntu/spas_ws/install/spas_planning:/home/ubuntu/spas_ws/install/spas_perception:/home/ubuntu/spas_ws/install/spas_control:/opt/ros/humble')]), 'shell': False}
[6.583254] (-) TimerEvent: {}
[6.608980] (slam_toolbox) StdoutLine: {'line': b'[ 91%] Built target slam_toolbox__rosidl_generator_py\n'}
[6.683755] (-) TimerEvent: {}
[6.715194] (spas_bringup) StdoutLine: {'line': b'-- Install configuration: ""\n'}
[6.733733] (spas_bringup) StdoutLine: {'line': b'-- Execute custom install script\n'}
[6.750150] (spas_bringup) StdoutLine: {'line': b'-- Up-to-date symlink: /home/ubuntu/spas_ws/install/spas_bringup/share/spas_bringup/launch/spas_bringup_launch.py\n'}
[6.761213] (spas_bringup) StdoutLine: {'line': b'-- Up-to-date symlink: /home/ubuntu/spas_ws/install/spas_bringup/share/ament_index/resource_index/package_run_dependencies/spas_bringup\n'}
[6.781937] (spas_bringup) StdoutLine: {'line': b'-- Up-to-date symlink: /home/ubuntu/spas_ws/install/spas_bringup/share/ament_index/resource_index/parent_prefix_path/spas_bringup\n'}
[6.783915] (-) TimerEvent: {}
[6.797819] (spas_bringup) StdoutLine: {'line': b'-- Up-to-date symlink: /home/ubuntu/spas_ws/install/spas_bringup/share/spas_bringup/environment/ament_prefix_path.sh\n'}
[6.816992] (spas_bringup) StdoutLine: {'line': b'-- Up-to-date symlink: /home/ubuntu/spas_ws/install/spas_bringup/share/spas_bringup/environment/ament_prefix_path.dsv\n'}
[6.825229] (spas_bringup) StdoutLine: {'line': b'-- Up-to-date symlink: /home/ubuntu/spas_ws/install/spas_bringup/share/spas_bringup/environment/path.sh\n'}
[6.838870] (sllidar_ros2) StdoutLine: {'line': b'-- Install configuration: ""\n'}
[6.843181] (spas_bringup) StdoutLine: {'line': b'-- Up-to-date symlink: /home/ubuntu/spas_ws/install/spas_bringup/share/spas_bringup/environment/path.dsv\n'}
[6.857171] (sllidar_ros2) StdoutLine: {'line': b'-- Execute custom install script\n'}
[6.866959] (sllidar_ros2) StdoutLine: {'line': b'-- Up-to-date symlink: /home/ubuntu/spas_ws/install/sllidar_ros2/share/sllidar_ros2/launch/sllidar_a1_launch.py\n'}
[6.873142] (spas_bringup) StdoutLine: {'line': b'-- Up-to-date symlink: /home/ubuntu/spas_ws/install/spas_bringup/share/spas_bringup/local_setup.bash\n'}
[6.875568] (sllidar_ros2) StdoutLine: {'line': b'-- Up-to-date symlink: /home/ubuntu/spas_ws/install/sllidar_ros2/share/sllidar_ros2/launch/sllidar_a2m12_launch .py\n'}
[6.878018] (sllidar_ros2) StdoutLine: {'line': b'-- Up-to-date symlink: /home/ubuntu/spas_ws/install/sllidar_ros2/share/sllidar_ros2/launch/sllidar_a2m7_launch.py\n'}
[6.884207] (-) TimerEvent: {}
[6.888324] (spas_bringup) StdoutLine: {'line': b'-- Up-to-date symlink: /home/ubuntu/spas_ws/install/spas_bringup/share/spas_bringup/local_setup.sh\n'}
[6.897905] (sllidar_ros2) StdoutLine: {'line': b'-- Up-to-date symlink: /home/ubuntu/spas_ws/install/sllidar_ros2/share/sllidar_ros2/launch/sllidar_a2m8_launch.py\n'}
[6.899270] (sllidar_ros2) StdoutLine: {'line': b'-- Up-to-date symlink: /home/ubuntu/spas_ws/install/sllidar_ros2/share/sllidar_ros2/launch/sllidar_a3_launch.py\n'}
[6.900811] (sllidar_ros2) StdoutLine: {'line': b'-- Up-to-date symlink: /home/ubuntu/spas_ws/install/sllidar_ros2/share/sllidar_ros2/launch/sllidar_c1_launch.py\n'}
[6.915234] (spas_bringup) StdoutLine: {'line': b'-- Up-to-date symlink: /home/ubuntu/spas_ws/install/spas_bringup/share/spas_bringup/local_setup.zsh\n'}
[6.917136] (spas_bringup) StdoutLine: {'line': b'-- Up-to-date symlink: /home/ubuntu/spas_ws/install/spas_bringup/share/spas_bringup/local_setup.dsv\n'}
[6.942212] (spas_bringup) StdoutLine: {'line': b'-- Symlinking: /home/ubuntu/spas_ws/install/spas_bringup/share/spas_bringup/package.dsv\n'}
[6.943495] (sllidar_ros2) StdoutLine: {'line': b'-- Up-to-date symlink: /home/ubuntu/spas_ws/install/sllidar_ros2/share/sllidar_ros2/launch/sllidar_s1_launch.py\n'}
[6.944897] (sllidar_ros2) StdoutLine: {'line': b'-- Up-to-date symlink: /home/ubuntu/spas_ws/install/sllidar_ros2/share/sllidar_ros2/launch/sllidar_s1_tcp_launch.py\n'}
[6.954662] (sllidar_ros2) StdoutLine: {'line': b'-- Up-to-date symlink: /home/ubuntu/spas_ws/install/sllidar_ros2/share/sllidar_ros2/launch/sllidar_s2_launch.py\n'}
[6.974897] (sllidar_ros2) StdoutLine: {'line': b'-- Up-to-date symlink: /home/ubuntu/spas_ws/install/sllidar_ros2/share/sllidar_ros2/launch/sllidar_s2e_launch.py\n'}
[6.992094] (-) TimerEvent: {}
[6.994129] (sllidar_ros2) StdoutLine: {'line': b'-- Up-to-date symlink: /home/ubuntu/spas_ws/install/sllidar_ros2/share/sllidar_ros2/launch/sllidar_s3_launch.py\n'}
[7.006957] (sllidar_ros2) StdoutLine: {'line': b'-- Up-to-date symlink: /home/ubuntu/spas_ws/install/sllidar_ros2/share/sllidar_ros2/launch/sllidar_t1_launch.py\n'}
[7.017745] (sllidar_ros2) StdoutLine: {'line': b'-- Up-to-date symlink: /home/ubuntu/spas_ws/install/sllidar_ros2/share/sllidar_ros2/launch/view_sllidar_a1_launch.py\n'}
[7.026768] (sllidar_ros2) StdoutLine: {'line': b'-- Up-to-date symlink: /home/ubuntu/spas_ws/install/sllidar_ros2/share/sllidar_ros2/launch/view_sllidar_a2m12_launch.py\n'}
[7.052670] (sllidar_ros2) StdoutLine: {'line': b'-- Up-to-date symlink: /home/ubuntu/spas_ws/install/sllidar_ros2/share/sllidar_ros2/launch/view_sllidar_a2m7_launch.py\n'}
[7.055546] (sllidar_ros2) StdoutLine: {'line': b'-- Up-to-date symlink: /home/ubuntu/spas_ws/install/sllidar_ros2/share/sllidar_ros2/launch/view_sllidar_a2m8_launch.py\n'}
[7.057202] (sllidar_ros2) StdoutLine: {'line': b'-- Up-to-date symlink: /home/ubuntu/spas_ws/install/sllidar_ros2/share/sllidar_ros2/launch/view_sllidar_a3_launch.py\n'}
[7.059005] (sllidar_ros2) StdoutLine: {'line': b'-- Up-to-date symlink: /home/ubuntu/spas_ws/install/sllidar_ros2/share/sllidar_ros2/launch/view_sllidar_c1_launch.py\n'}
[7.083588] (sllidar_ros2) StdoutLine: {'line': b'-- Up-to-date symlink: /home/ubuntu/spas_ws/install/sllidar_ros2/share/sllidar_ros2/launch/view_sllidar_s1_launch.py\n'}
[7.109237] (-) TimerEvent: {}
[7.110977] (sllidar_ros2) StdoutLine: {'line': b'-- Up-to-date symlink: /home/ubuntu/spas_ws/install/sllidar_ros2/share/sllidar_ros2/launch/view_sllidar_s1_tcp_launch.py\n'}
[7.124559] (sllidar_ros2) StdoutLine: {'line': b'-- Up-to-date symlink: /home/ubuntu/spas_ws/install/sllidar_ros2/share/sllidar_ros2/launch/view_sllidar_s2_launch.py\n'}
[7.128848] (sllidar_ros2) StdoutLine: {'line': b'-- Up-to-date symlink: /home/ubuntu/spas_ws/install/sllidar_ros2/share/sllidar_ros2/launch/view_sllidar_s2e_launch.py\n'}
[7.133270] (sllidar_ros2) StdoutLine: {'line': b'-- Up-to-date symlink: /home/ubuntu/spas_ws/install/sllidar_ros2/share/sllidar_ros2/launch/view_sllidar_s3_launch.py\n'}
[7.146856] (sllidar_ros2) StdoutLine: {'line': b'-- Up-to-date symlink: /home/ubuntu/spas_ws/install/sllidar_ros2/share/sllidar_ros2/launch/view_sllidar_t1_launch.py\n'}
[7.150895] (sllidar_ros2) StdoutLine: {'line': b'-- Up-to-date symlink: /home/ubuntu/spas_ws/install/sllidar_ros2/share/sllidar_ros2/rviz/sllidar_ros2.rviz\n'}
[7.165331] (sllidar_ros2) StdoutLine: {'line': b'-- Up-to-date symlink: /home/ubuntu/spas_ws/install/sllidar_ros2/lib/sllidar_ros2/sllidar_node\n'}
[7.185258] (sllidar_ros2) StdoutLine: {'line': b'-- Up-to-date symlink: /home/ubuntu/spas_ws/install/sllidar_ros2/lib/sllidar_ros2/sllidar_client\n'}
[7.188951] (sllidar_ros2) StdoutLine: {'line': b'-- Up-to-date symlink: /home/ubuntu/spas_ws/install/sllidar_ros2/share/ament_index/resource_index/package_run_dependencies/sllidar_ros2\n'}
[7.208184] (sllidar_ros2) StdoutLine: {'line': b'-- Up-to-date symlink: /home/ubuntu/spas_ws/install/sllidar_ros2/share/ament_index/resource_index/parent_prefix_path/sllidar_ros2\n'}
[7.211661] (-) TimerEvent: {}
[7.214428] (slam_toolbox) StdoutLine: {'line': b'[ 95%] Built target map_and_localization_slam_toolbox\n'}
[7.226282] (slam_toolbox) StdoutLine: {'line': b'[ 93%] Built target lifelong_slam_toolbox_node\n'}
[7.242066] (sllidar_ros2) StdoutLine: {'line': b'-- Up-to-date symlink: /home/ubuntu/spas_ws/install/sllidar_ros2/share/sllidar_ros2/environment/ament_prefix_path.sh\n'}
[7.246313] (sllidar_ros2) StdoutLine: {'line': b'-- Up-to-date symlink: /home/ubuntu/spas_ws/install/sllidar_ros2/share/sllidar_ros2/environment/ament_prefix_path.dsv\n'}
[7.265162] (sllidar_ros2) StdoutLine: {'line': b'-- Up-to-date symlink: /home/ubuntu/spas_ws/install/sllidar_ros2/share/sllidar_ros2/environment/path.sh\n'}
[7.269279] (sllidar_ros2) StdoutLine: {'line': b'-- Up-to-date symlink: /home/ubuntu/spas_ws/install/sllidar_ros2/share/sllidar_ros2/environment/path.dsv\n'}
[7.273184] (sllidar_ros2) StdoutLine: {'line': b'-- Up-to-date symlink: /home/ubuntu/spas_ws/install/sllidar_ros2/share/sllidar_ros2/local_setup.bash\n'}
[7.281231] (sllidar_ros2) StdoutLine: {'line': b'-- Up-to-date symlink: /home/ubuntu/spas_ws/install/sllidar_ros2/share/sllidar_ros2/local_setup.sh\n'}
[7.285423] (sllidar_ros2) StdoutLine: {'line': b'-- Up-to-date symlink: /home/ubuntu/spas_ws/install/sllidar_ros2/share/sllidar_ros2/local_setup.zsh\n'}
[7.317412] (-) TimerEvent: {}
[7.318789] (sllidar_ros2) StdoutLine: {'line': b'-- Up-to-date symlink: /home/ubuntu/spas_ws/install/sllidar_ros2/share/sllidar_ros2/local_setup.dsv\n'}
[7.328005] (sllidar_ros2) StdoutLine: {'line': b'-- Symlinking: /home/ubuntu/spas_ws/install/sllidar_ros2/share/sllidar_ros2/package.dsv\n'}
[7.336408] (spas_bringup) StdoutLine: {'line': b'-- Up-to-date symlink: /home/ubuntu/spas_ws/install/spas_bringup/share/ament_index/resource_index/packages/spas_bringup\n'}
[7.362008] (spas_bringup) StdoutLine: {'line': b'-- Up-to-date symlink: /home/ubuntu/spas_ws/install/spas_bringup/share/spas_bringup/cmake/spas_bringupConfig.cmake\n'}
[7.364328] (spas_bringup) StdoutLine: {'line': b'-- Up-to-date symlink: /home/ubuntu/spas_ws/install/spas_bringup/share/spas_bringup/cmake/spas_bringupConfig-version.cmake\n'}
[7.365835] (spas_bringup) StdoutLine: {'line': b'-- Up-to-date symlink: /home/ubuntu/spas_ws/install/spas_bringup/share/spas_bringup/package.xml\n'}
[7.367267] (spas_bringup) CommandEnded: {'returncode': 0}
[7.401618] (sllidar_ros2) StdoutLine: {'line': b'-- Up-to-date symlink: /home/ubuntu/spas_ws/install/sllidar_ros2/share/ament_index/resource_index/packages/sllidar_ros2\n'}
[7.410611] (sllidar_ros2) StdoutLine: {'line': b'-- Up-to-date symlink: /home/ubuntu/spas_ws/install/sllidar_ros2/share/sllidar_ros2/cmake/ament_cmake_export_dependencies-extras.cmake\n'}
[7.423778] (-) TimerEvent: {}
[7.424958] (sllidar_ros2) StdoutLine: {'line': b'-- Up-to-date symlink: /home/ubuntu/spas_ws/install/sllidar_ros2/share/sllidar_ros2/cmake/ament_cmake_export_include_directories-extras.cmake\n'}
[7.426408] (slam_toolbox) StdoutLine: {'line': b'[ 97%] Built target slam_toolbox__rosidl_typesupport_fastrtps_c__pyext\n'}
[7.433802] (sllidar_ros2) StdoutLine: {'line': b'-- Up-to-date symlink: /home/ubuntu/spas_ws/install/sllidar_ros2/share/sllidar_ros2/cmake/sllidar_ros2Config.cmake\n'}
[7.459967] (sllidar_ros2) StdoutLine: {'line': b'-- Up-to-date symlink: /home/ubuntu/spas_ws/install/sllidar_ros2/share/sllidar_ros2/cmake/sllidar_ros2Config-version.cmake\n'}
[7.463806] (sllidar_ros2) StdoutLine: {'line': b'-- Up-to-date symlink: /home/ubuntu/spas_ws/install/sllidar_ros2/share/sllidar_ros2/package.xml\n'}
[7.524878] (-) TimerEvent: {}
[7.626855] (-) TimerEvent: {}
[7.724486] (slam_toolbox) StdoutLine: {'line': b'[ 98%] Built target slam_toolbox__rosidl_typesupport_c__pyext\n'}
[7.729046] (slam_toolbox) StdoutLine: {'line': b'[ 99%] Built target slam_toolbox__rosidl_typesupport_introspection_c__pyext\n'}
[7.730066] (-) TimerEvent: {}
[7.746872] (spas_bringup) JobEnded: {'identifier': 'spas_bringup', 'rc': 0}
[7.750600] (spas_perception) JobStarted: {'identifier': 'spas_perception'}
[7.830656] (-) TimerEvent: {}
[7.834898] (sllidar_ros2) CommandEnded: {'returncode': 0}
[7.930914] (-) TimerEvent: {}
[8.012551] (slam_toolbox) StdoutLine: {'line': b'running egg_info\n'}
[8.018002] (slam_toolbox) StdoutLine: {'line': b'writing slam_toolbox.egg-info/PKG-INFO\n'}
[8.018949] (slam_toolbox) StdoutLine: {'line': b'writing dependency_links to slam_toolbox.egg-info/dependency_links.txt\n'}
[8.021150] (slam_toolbox) StdoutLine: {'line': b'writing top-level names to slam_toolbox.egg-info/top_level.txt\n'}
[8.031112] (-) TimerEvent: {}
[8.042525] (slam_toolbox) StdoutLine: {'line': b"reading manifest file 'slam_toolbox.egg-info/SOURCES.txt'\n"}
[8.047591] (slam_toolbox) StdoutLine: {'line': b"writing manifest file 'slam_toolbox.egg-info/SOURCES.txt'\n"}
[8.052327] (sllidar_ros2) JobEnded: {'identifier': 'sllidar_ros2', 'rc': 0}
[8.061651] (spas_planning) JobStarted: {'identifier': 'spas_planning'}
[8.134701] (-) TimerEvent: {}
[8.147655] (slam_toolbox) StdoutLine: {'line': b'[100%] Built target map_and_localization_slam_toolbox_node\n'}
[8.234910] (-) TimerEvent: {}
[8.262848] (slam_toolbox) StdoutLine: {'line': b'[100%] Built target ament_cmake_python_build_slam_toolbox_egg\n'}
[8.335116] (-) TimerEvent: {}
[8.435969] (-) TimerEvent: {}
[8.536867] (-) TimerEvent: {}
[8.637818] (-) TimerEvent: {}
[8.738754] (-) TimerEvent: {}
[8.839640] (-) TimerEvent: {}
[8.940694] (-) TimerEvent: {}
[9.041564] (-) TimerEvent: {}
[9.142444] (-) TimerEvent: {}
[9.243332] (-) TimerEvent: {}
[9.344371] (-) TimerEvent: {}
[9.445250] (-) TimerEvent: {}
[9.547041] (-) TimerEvent: {}
[9.647933] (-) TimerEvent: {}
[9.748921] (-) TimerEvent: {}
[9.851010] (-) TimerEvent: {}
[9.953709] (-) TimerEvent: {}
[10.055469] (-) TimerEvent: {}
[10.157243] (-) TimerEvent: {}
[10.258909] (-) TimerEvent: {}
[10.360981] (-) TimerEvent: {}
[10.462961] (-) TimerEvent: {}
[10.564767] (-) TimerEvent: {}
[10.666443] (-) TimerEvent: {}
[10.768208] (-) TimerEvent: {}
[10.869887] (-) TimerEvent: {}
[10.971669] (-) TimerEvent: {}
[11.073469] (-) TimerEvent: {}
[11.175373] (-) TimerEvent: {}
[11.277237] (-) TimerEvent: {}
[11.379366] (-) TimerEvent: {}
[11.481434] (-) TimerEvent: {}
[11.584535] (-) TimerEvent: {}
[11.689203] (-) TimerEvent: {}
[11.792524] (-) TimerEvent: {}
[11.895203] (-) TimerEvent: {}
[11.997704] (-) TimerEvent: {}
[12.100693] (-) TimerEvent: {}
[12.203353] (-) TimerEvent: {}
[12.305769] (-) TimerEvent: {}
[12.408015] (-) TimerEvent: {}
[12.510329] (-) TimerEvent: {}
[12.619918] (-) TimerEvent: {}
[12.722654] (-) TimerEvent: {}
[12.825357] (-) TimerEvent: {}
[12.931498] (-) TimerEvent: {}
[13.033072] (-) TimerEvent: {}
[13.133938] (-) TimerEvent: {}
[13.234823] (-) TimerEvent: {}
[13.335761] (-) TimerEvent: {}
[13.436719] (-) TimerEvent: {}
[13.537646] (-) TimerEvent: {}
[13.638595] (-) TimerEvent: {}
[13.741263] (-) TimerEvent: {}
[13.843577] (-) TimerEvent: {}
[13.944582] (-) TimerEvent: {}
[14.045719] (-) TimerEvent: {}
[14.147080] (-) TimerEvent: {}
[14.248957] (-) TimerEvent: {}
[14.351017] (-) TimerEvent: {}
[14.452277] (-) TimerEvent: {}
[14.557903] (slam_toolbox) CommandEnded: {'returncode': 0}
[14.561797] (-) TimerEvent: {}
[14.564465] (slam_toolbox) JobProgress: {'identifier': 'slam_toolbox', 'progress': 'install'}
[14.571393] (slam_toolbox) Command: {'cmd': ['/usr/bin/cmake', '--install', '/home/ubuntu/spas_ws/build/slam_toolbox'], 'cwd': '/home/ubuntu/spas_ws/build/slam_toolbox', 'env': OrderedDict([('PYTHON_BASIC_REPL', '1'), ('LESSOPEN', '| /usr/bin/lesspipe %s'), ('USER', 'ubuntu'), ('SSH_CLIENT', '192.168.236.158 64914 22'), ('XDG_SESSION_TYPE', 'tty'), ('GIT_ASKPASS', '/home/ubuntu/.vscode-server/cli/servers/Stable-0958016b2af9f09bb4257e0df4a95e2f90590f9f/server/extensions/git/dist/askpass.sh'), ('SHLVL', '1'), ('LD_LIBRARY_PATH', '/home/ubuntu/spas_ws/install/slam_toolbox/lib:/opt/ros/humble/opt/rviz_ogre_vendor/lib:/opt/ros/humble/lib/aarch64-linux-gnu:/opt/ros/humble/lib'), ('BROWSER', '/home/ubuntu/.vscode-server/cli/servers/Stable-0958016b2af9f09bb4257e0df4a95e2f90590f9f/server/bin/helpers/browser.sh'), ('MOTD_SHOWN', 'pam'), ('HOME', '/home/ubuntu'), ('OLDPWD', '/home/ubuntu/spas_ws/src'), ('TERM_PROGRAM_VERSION', '1.120.0'), ('VSCODE_IPC_HOOK_CLI', '/run/user/1000/vscode-ipc-4c52080f-8f54-4af6-b1c5-04354886fdd5.sock'), ('ROS_PYTHON_VERSION', '3'), ('VSCODE_GIT_ASKPASS_MAIN', '/home/ubuntu/.vscode-server/cli/servers/Stable-0958016b2af9f09bb4257e0df4a95e2f90590f9f/server/extensions/git/dist/askpass-main.js'), ('VSCODE_GIT_ASKPASS_NODE', '/home/ubuntu/.vscode-server/cli/servers/Stable-0958016b2af9f09bb4257e0df4a95e2f90590f9f/server/node'), ('PYDEVD_DISABLE_FILE_VALIDATION', '1'), ('BUNDLED_DEBUGPY_PATH', '/home/ubuntu/.vscode-server/extensions/ms-python.debugpy-2026.6.0/bundled/libs/debugpy'), ('VSCODE_PYTHON_AUTOACTIVATE_GUARD', '1'), ('DBUS_SESSION_BUS_ADDRESS', 'unix:path=/run/user/1000/bus'), ('COLORTERM', 'truecolor'), ('COLCON_PREFIX_PATH', '/home/ubuntu/spas_ws/install'), ('ROS_DISTRO', 'humble'), ('LOGNAME', 'ubuntu'), ('_', '/usr/bin/colcon'), ('ROS_VERSION', '2'), ('XDG_SESSION_CLASS', 'user'), ('TERM', 'xterm-256color'), ('XDG_SESSION_ID', '1'), ('ROS_LOCALHOST_ONLY', '0'), ('PATH', '/opt/ros/humble/bin:/home/ubuntu/.vscode-server/data/User/globalStorage/github.copilot-chat/debugCommand:/home/ubuntu/.vscode-server/data/User/globalStorage/github.copilot-chat/copilotCli:/home/ubuntu/.vscode-server/cli/servers/Stable-0958016b2af9f09bb4257e0df4a95e2f90590f9f/server/bin/remote-cli:/usr/local/sbin:/usr/local/bin:/usr/sbin:/usr/bin:/sbin:/bin:/usr/games:/usr/local/games:/snap/bin:/home/ubuntu/.vscode-server/extensions/ms-python.debugpy-2026.6.0/bundled/scripts/noConfigScripts:/usr/local/bin'), ('XDG_RUNTIME_DIR', '/run/user/1000'), ('VSCODE_DEBUGPY_ADAPTER_ENDPOINTS', '/home/ubuntu/.vscode-server/extensions/ms-python.debugpy-2026.6.0/.noConfigDebugAdapterEndpoints/endpoint-00d0b5565ef995a9.txt'), ('LANG', 'en_US.UTF-8'), ('PYTHONSTARTUP', '/home/ubuntu/.vscode-server/data/User/workspaceStorage/f3bef80f69d224608c509b83f13a955a/ms-python.python/pythonrc.py'), ('LS_COLORS', 'rs=0:di=01;34:ln=01;36:mh=00:pi=40;33:so=01;35:do=01;35:bd=40;33;01:cd=40;33;01:or=40;31;01:mi=00:su=37;41:sg=30;43:ca=30;41:tw=30;42:ow=34;42:st=37;44:ex=01;32:*.tar=01;31:*.tgz=01;31:*.arc=01;31:*.arj=01;31:*.taz=01;31:*.lha=01;31:*.lz4=01;31:*.lzh=01;31:*.lzma=01;31:*.tlz=01;31:*.txz=01;31:*.tzo=01;31:*.t7z=01;31:*.zip=01;31:*.z=01;31:*.dz=01;31:*.gz=01;31:*.lrz=01;31:*.lz=01;31:*.lzo=01;31:*.xz=01;31:*.zst=01;31:*.tzst=01;31:*.bz2=01;31:*.bz=01;31:*.tbz=01;31:*.tbz2=01;31:*.tz=01;31:*.deb=01;31:*.rpm=01;31:*.jar=01;31:*.war=01;31:*.ear=01;31:*.sar=01;31:*.rar=01;31:*.alz=01;31:*.ace=01;31:*.zoo=01;31:*.cpio=01;31:*.7z=01;31:*.rz=01;31:*.cab=01;31:*.wim=01;31:*.swm=01;31:*.dwm=01;31:*.esd=01;31:*.jpg=01;35:*.jpeg=01;35:*.mjpg=01;35:*.mjpeg=01;35:*.gif=01;35:*.bmp=01;35:*.pbm=01;35:*.pgm=01;35:*.ppm=01;35:*.tga=01;35:*.xbm=01;35:*.xpm=01;35:*.tif=01;35:*.tiff=01;35:*.png=01;35:*.svg=01;35:*.svgz=01;35:*.mng=01;35:*.pcx=01;35:*.mov=01;35:*.mpg=01;35:*.mpeg=01;35:*.m2v=01;35:*.mkv=01;35:*.webm=01;35:*.webp=01;35:*.ogm=01;35:*.mp4=01;35:*.m4v=01;35:*.mp4v=01;35:*.vob=01;35:*.qt=01;35:*.nuv=01;35:*.wmv=01;35:*.asf=01;35:*.rm=01;35:*.rmvb=01;35:*.flc=01;35:*.avi=01;35:*.fli=01;35:*.flv=01;35:*.gl=01;35:*.dl=01;35:*.xcf=01;35:*.xwd=01;35:*.yuv=01;35:*.cgm=01;35:*.emf=01;35:*.ogv=01;35:*.ogx=01;35:*.aac=00;36:*.au=00;36:*.flac=00;36:*.m4a=00;36:*.mid=00;36:*.midi=00;36:*.mka=00;36:*.mp3=00;36:*.mpc=00;36:*.ogg=00;36:*.ra=00;36:*.wav=00;36:*.oga=00;36:*.opus=00;36:*.spx=00;36:*.xspf=00;36:'), ('VSCODE_GIT_IPC_HANDLE', '/run/user/1000/vscode-git-a9f1ef9bc6.sock'), ('TERM_PROGRAM', 'vscode'), ('ROS_DOMAIN_ID', '1'), ('AMENT_PREFIX_PATH', '/home/ubuntu/spas_ws/install/spas_planning:/home/ubuntu/spas_ws/install/spas_perception:/home/ubuntu/spas_ws/install/spas_control:/home/ubuntu/spas_ws/install/spas_bringup:/home/ubuntu/spas_ws/install/sllidar_ros2:/home/ubuntu/spas_ws/install/slam_toolbox:/opt/ros/humble'), ('SHELL', '/bin/bash'), ('LESSCLOSE', '/usr/bin/lesspipe %s %s'), ('VSCODE_GIT_ASKPASS_EXTRA_ARGS', ''), ('PWD', '/home/ubuntu/spas_ws/build/slam_toolbox'), ('LC_ALL', 'en_US.UTF-8'), ('SSH_CONNECTION', '192.168.236.158 64914 192.168.236.18 22'), ('PYTHONPATH', '/home/ubuntu/spas_ws/build/spas_planning:/home/ubuntu/spas_ws/install/spas_planning/lib/python3.10/site-packages:/home/ubuntu/spas_ws/build/spas_perception:/home/ubuntu/spas_ws/install/spas_perception/lib/python3.10/site-packages:/home/ubuntu/spas_ws/build/spas_control:/home/ubuntu/spas_ws/install/spas_control/lib/python3.10/site-packages:/home/ubuntu/spas_ws/install/slam_toolbox/local/lib/python3.10/dist-packages:/opt/ros/humble/lib/python3.10/site-packages:/opt/ros/humble/local/lib/python3.10/dist-packages:/usr/local/lib/python3/dist-packages'), ('COLCON', '1'), ('CMAKE_PREFIX_PATH', '/home/ubuntu/spas_ws/install/spas_bringup:/home/ubuntu/spas_ws/install/sllidar_ros2:/home/ubuntu/spas_ws/install/slam_toolbox:/home/ubuntu/spas_ws/install/spas_planning:/home/ubuntu/spas_ws/install/spas_perception:/home/ubuntu/spas_ws/install/spas_control:/opt/ros/humble')]), 'shell': False}
[14.593066] (spas_control) Command: {'cmd': ['/usr/bin/python3', '-W', 'ignore:setup.py install is deprecated', '-W', 'ignore:easy_install command is deprecated', 'setup.py', 'develop', '--editable', '--build-directory', '/home/ubuntu/spas_ws/build/spas_control/build', '--no-deps', 'symlink_data'], 'cwd': '/home/ubuntu/spas_ws/build/spas_control', 'env': {'PYTHON_BASIC_REPL': '1', 'LESSOPEN': '| /usr/bin/lesspipe %s', 'USER': 'ubuntu', 'SSH_CLIENT': '192.168.236.158 64914 22', 'XDG_SESSION_TYPE': 'tty', 'GIT_ASKPASS': '/home/ubuntu/.vscode-server/cli/servers/Stable-0958016b2af9f09bb4257e0df4a95e2f90590f9f/server/extensions/git/dist/askpass.sh', 'SHLVL': '1', 'LD_LIBRARY_PATH': '/home/ubuntu/spas_ws/install/slam_toolbox/lib:/opt/ros/humble/opt/rviz_ogre_vendor/lib:/opt/ros/humble/lib/aarch64-linux-gnu:/opt/ros/humble/lib', 'BROWSER': '/home/ubuntu/.vscode-server/cli/servers/Stable-0958016b2af9f09bb4257e0df4a95e2f90590f9f/server/bin/helpers/browser.sh', 'MOTD_SHOWN': 'pam', 'HOME': '/home/ubuntu', 'OLDPWD': '/home/ubuntu/spas_ws/src', 'TERM_PROGRAM_VERSION': '1.120.0', 'VSCODE_IPC_HOOK_CLI': '/run/user/1000/vscode-ipc-4c52080f-8f54-4af6-b1c5-04354886fdd5.sock', 'ROS_PYTHON_VERSION': '3', 'VSCODE_GIT_ASKPASS_MAIN': '/home/ubuntu/.vscode-server/cli/servers/Stable-0958016b2af9f09bb4257e0df4a95e2f90590f9f/server/extensions/git/dist/askpass-main.js', 'VSCODE_GIT_ASKPASS_NODE': '/home/ubuntu/.vscode-server/cli/servers/Stable-0958016b2af9f09bb4257e0df4a95e2f90590f9f/server/node', 'PYDEVD_DISABLE_FILE_VALIDATION': '1', 'BUNDLED_DEBUGPY_PATH': '/home/ubuntu/.vscode-server/extensions/ms-python.debugpy-2026.6.0/bundled/libs/debugpy', 'VSCODE_PYTHON_AUTOACTIVATE_GUARD': '1', 'DBUS_SESSION_BUS_ADDRESS': 'unix:path=/run/user/1000/bus', 'COLORTERM': 'truecolor', 'COLCON_PREFIX_PATH': '/home/ubuntu/spas_ws/install', 'ROS_DISTRO': 'humble', 'LOGNAME': 'ubuntu', '_': '/usr/bin/colcon', 'ROS_VERSION': '2', 'XDG_SESSION_CLASS': 'user', 'TERM': 'xterm-256color', 'XDG_SESSION_ID': '1', 'ROS_LOCALHOST_ONLY': '0', 'PATH': '/opt/ros/humble/bin:/home/ubuntu/.vscode-server/data/User/globalStorage/github.copilot-chat/debugCommand:/home/ubuntu/.vscode-server/data/User/globalStorage/github.copilot-chat/copilotCli:/home/ubuntu/.vscode-server/cli/servers/Stable-0958016b2af9f09bb4257e0df4a95e2f90590f9f/server/bin/remote-cli:/usr/local/sbin:/usr/local/bin:/usr/sbin:/usr/bin:/sbin:/bin:/usr/games:/usr/local/games:/snap/bin:/home/ubuntu/.vscode-server/extensions/ms-python.debugpy-2026.6.0/bundled/scripts/noConfigScripts:/usr/local/bin', 'XDG_RUNTIME_DIR': '/run/user/1000', 'VSCODE_DEBUGPY_ADAPTER_ENDPOINTS': '/home/ubuntu/.vscode-server/extensions/ms-python.debugpy-2026.6.0/.noConfigDebugAdapterEndpoints/endpoint-00d0b5565ef995a9.txt', 'LANG': 'en_US.UTF-8', 'PYTHONSTARTUP': '/home/ubuntu/.vscode-server/data/User/workspaceStorage/f3bef80f69d224608c509b83f13a955a/ms-python.python/pythonrc.py', 'LS_COLORS': 'rs=0:di=01;34:ln=01;36:mh=00:pi=40;33:so=01;35:do=01;35:bd=40;33;01:cd=40;33;01:or=40;31;01:mi=00:su=37;41:sg=30;43:ca=30;41:tw=30;42:ow=34;42:st=37;44:ex=01;32:*.tar=01;31:*.tgz=01;31:*.arc=01;31:*.arj=01;31:*.taz=01;31:*.lha=01;31:*.lz4=01;31:*.lzh=01;31:*.lzma=01;31:*.tlz=01;31:*.txz=01;31:*.tzo=01;31:*.t7z=01;31:*.zip=01;31:*.z=01;31:*.dz=01;31:*.gz=01;31:*.lrz=01;31:*.lz=01;31:*.lzo=01;31:*.xz=01;31:*.zst=01;31:*.tzst=01;31:*.bz2=01;31:*.bz=01;31:*.tbz=01;31:*.tbz2=01;31:*.tz=01;31:*.deb=01;31:*.rpm=01;31:*.jar=01;31:*.war=01;31:*.ear=01;31:*.sar=01;31:*.rar=01;31:*.alz=01;31:*.ace=01;31:*.zoo=01;31:*.cpio=01;31:*.7z=01;31:*.rz=01;31:*.cab=01;31:*.wim=01;31:*.swm=01;31:*.dwm=01;31:*.esd=01;31:*.jpg=01;35:*.jpeg=01;35:*.mjpg=01;35:*.mjpeg=01;35:*.gif=01;35:*.bmp=01;35:*.pbm=01;35:*.pgm=01;35:*.ppm=01;35:*.tga=01;35:*.xbm=01;35:*.xpm=01;35:*.tif=01;35:*.tiff=01;35:*.png=01;35:*.svg=01;35:*.svgz=01;35:*.mng=01;35:*.pcx=01;35:*.mov=01;35:*.mpg=01;35:*.mpeg=01;35:*.m2v=01;35:*.mkv=01;35:*.webm=01;35:*.webp=01;35:*.ogm=01;35:*.mp4=01;35:*.m4v=01;35:*.mp4v=01;35:*.vob=01;35:*.qt=01;35:*.nuv=01;35:*.wmv=01;35:*.asf=01;35:*.rm=01;35:*.rmvb=01;35:*.flc=01;35:*.avi=01;35:*.fli=01;35:*.flv=01;35:*.gl=01;35:*.dl=01;35:*.xcf=01;35:*.xwd=01;35:*.yuv=01;35:*.cgm=01;35:*.emf=01;35:*.ogv=01;35:*.ogx=01;35:*.aac=00;36:*.au=00;36:*.flac=00;36:*.m4a=00;36:*.mid=00;36:*.midi=00;36:*.mka=00;36:*.mp3=00;36:*.mpc=00;36:*.ogg=00;36:*.ra=00;36:*.wav=00;36:*.oga=00;36:*.opus=00;36:*.spx=00;36:*.xspf=00;36:', 'VSCODE_GIT_IPC_HANDLE': '/run/user/1000/vscode-git-a9f1ef9bc6.sock', 'TERM_PROGRAM': 'vscode', 'ROS_DOMAIN_ID': '1', 'AMENT_PREFIX_PATH': '/home/ubuntu/spas_ws/install/spas_planning:/home/ubuntu/spas_ws/install/spas_perception:/home/ubuntu/spas_ws/install/spas_control:/home/ubuntu/spas_ws/install/spas_bringup:/home/ubuntu/spas_ws/install/sllidar_ros2:/home/ubuntu/spas_ws/install/slam_toolbox:/opt/ros/humble', 'SHELL': '/bin/bash', 'LESSCLOSE': '/usr/bin/lesspipe %s %s', 'VSCODE_GIT_ASKPASS_EXTRA_ARGS': '', 'PWD': '/home/ubuntu/spas_ws/build/spas_control', 'LC_ALL': 'en_US.UTF-8', 'SSH_CONNECTION': '192.168.236.158 64914 192.168.236.18 22', 'PYTHONPATH': '/home/ubuntu/spas_ws/build/spas_control/prefix_override:/usr/lib/python3/dist-packages/colcon_core/task/python/colcon_distutils_commands:/home/ubuntu/spas_ws/install/spas_control/lib/python3.10/site-packages:/home/ubuntu/spas_ws/build/spas_planning:/home/ubuntu/spas_ws/install/spas_planning/lib/python3.10/site-packages:/home/ubuntu/spas_ws/build/spas_perception:/home/ubuntu/spas_ws/install/spas_perception/lib/python3.10/site-packages:/home/ubuntu/spas_ws/build/spas_control:/home/ubuntu/spas_ws/install/spas_control/lib/python3.10/site-packages:/home/ubuntu/spas_ws/install/slam_toolbox/local/lib/python3.10/dist-packages:/opt/ros/humble/lib/python3.10/site-packages:/opt/ros/humble/local/lib/python3.10/dist-packages:/usr/local/lib/python3/dist-packages', 'COLCON': '1', 'CMAKE_PREFIX_PATH': '/home/ubuntu/spas_ws/install/spas_bringup:/home/ubuntu/spas_ws/install/sllidar_ros2:/home/ubuntu/spas_ws/install/slam_toolbox'}, 'shell': False}
[14.631737] (slam_toolbox) StdoutLine: {'line': b'-- Install configuration: "Release"\n'}
[14.634907] (slam_toolbox) StdoutLine: {'line': b'-- Execute custom install script\n'}
[14.638458] (slam_toolbox) StdoutLine: {'line': b'-- Up-to-date symlink: /home/ubuntu/spas_ws/install/slam_toolbox/include//karto_sdk/Karto.h\n'}
[14.639792] (slam_toolbox) StdoutLine: {'line': b'-- Up-to-date symlink: /home/ubuntu/spas_ws/install/slam_toolbox/include//karto_sdk/Macros.h\n'}
[14.642070] (slam_toolbox) StdoutLine: {'line': b'-- Up-to-date symlink: /home/ubuntu/spas_ws/install/slam_toolbox/include//karto_sdk/Mapper.h\n'}
[14.648429] (slam_toolbox) StdoutLine: {'line': b'-- Up-to-date symlink: /home/ubuntu/spas_ws/install/slam_toolbox/include//karto_sdk/Math.h\n'}
[14.666625] (slam_toolbox) StdoutLine: {'line': b'-- Up-to-date symlink: /home/ubuntu/spas_ws/install/slam_toolbox/include//karto_sdk/Types.h\n'}
[14.667442] (-) TimerEvent: {}
[14.668101] (slam_toolbox) StdoutLine: {'line': b'-- Up-to-date symlink: /home/ubuntu/spas_ws/install/slam_toolbox/include//karto_sdk/nanoflann.hpp\n'}
[14.669062] (slam_toolbox) StdoutLine: {'line': b'-- Up-to-date symlink: /home/ubuntu/spas_ws/install/slam_toolbox/include//karto_sdk/nanoflann_adaptors.h\n'}
[14.669739] (slam_toolbox) StdoutLine: {'line': b'-- Up-to-date symlink: /home/ubuntu/spas_ws/install/slam_toolbox/share/ament_index/resource_index/rosidl_interfaces/slam_toolbox\n'}
[14.670272] (slam_toolbox) StdoutLine: {'line': b'-- Up-to-date symlink: /home/ubuntu/spas_ws/install/slam_toolbox/include/slam_toolbox/slam_toolbox/msg/rosidl_generator_c__visibility_control.h\n'}
[14.672179] (slam_toolbox) StdoutLine: {'line': b'-- Up-to-date symlink: /home/ubuntu/spas_ws/install/slam_toolbox/include/slam_toolbox/slam_toolbox/srv/add_submap.h\n'}
[14.675134] (slam_toolbox) StdoutLine: {'line': b'-- Up-to-date symlink: /home/ubuntu/spas_ws/install/slam_toolbox/include/slam_toolbox/slam_toolbox/srv/clear.h\n'}
[14.677416] (slam_toolbox) StdoutLine: {'line': b'-- Up-to-date symlink: /home/ubuntu/spas_ws/install/slam_toolbox/include/slam_toolbox/slam_toolbox/srv/clear_queue.h\n'}
[14.679810] (slam_toolbox) StdoutLine: {'line': b'-- Up-to-date symlink: /home/ubuntu/spas_ws/install/slam_toolbox/include/slam_toolbox/slam_toolbox/srv/deserialize_pose_graph.h\n'}
[14.682383] (slam_toolbox) StdoutLine: {'line': b'-- Up-to-date symlink: /home/ubuntu/spas_ws/install/slam_toolbox/include/slam_toolbox/slam_toolbox/srv/detail/add_submap__functions.h\n'}
[14.685140] (slam_toolbox) StdoutLine: {'line': b'-- Up-to-date symlink: /home/ubuntu/spas_ws/install/slam_toolbox/include/slam_toolbox/slam_toolbox/srv/detail/add_submap__struct.h\n'}
[14.687778] (slam_toolbox) StdoutLine: {'line': b'-- Up-to-date symlink: /home/ubuntu/spas_ws/install/slam_toolbox/include/slam_toolbox/slam_toolbox/srv/detail/add_submap__type_support.h\n'}
[14.690407] (slam_toolbox) StdoutLine: {'line': b'-- Up-to-date symlink: /home/ubuntu/spas_ws/install/slam_toolbox/include/slam_toolbox/slam_toolbox/srv/detail/clear__functions.h\n'}
[14.696267] (slam_toolbox) StdoutLine: {'line': b'-- Up-to-date symlink: /home/ubuntu/spas_ws/install/slam_toolbox/include/slam_toolbox/slam_toolbox/srv/detail/clear__struct.h\n'}
[14.697818] (slam_toolbox) StdoutLine: {'line': b'-- Up-to-date symlink: /home/ubuntu/spas_ws/install/slam_toolbox/include/slam_toolbox/slam_toolbox/srv/detail/clear__type_support.h\n'}
[14.700571] (slam_toolbox) StdoutLine: {'line': b'-- Up-to-date symlink: /home/ubuntu/spas_ws/install/slam_toolbox/include/slam_toolbox/slam_toolbox/srv/detail/clear_queue__functions.h\n'}
[14.703269] (slam_toolbox) StdoutLine: {'line': b'-- Up-to-date symlink: /home/ubuntu/spas_ws/install/slam_toolbox/include/slam_toolbox/slam_toolbox/srv/detail/clear_queue__struct.h\n'}
[14.705863] (slam_toolbox) StdoutLine: {'line': b'-- Up-to-date symlink: /home/ubuntu/spas_ws/install/slam_toolbox/include/slam_toolbox/slam_toolbox/srv/detail/clear_queue__type_support.h\n'}
[14.708768] (slam_toolbox) StdoutLine: {'line': b'-- Up-to-date symlink: /home/ubuntu/spas_ws/install/slam_toolbox/include/slam_toolbox/slam_toolbox/srv/detail/deserialize_pose_graph__functions.h\n'}
[14.711224] (slam_toolbox) StdoutLine: {'line': b'-- Up-to-date symlink: /home/ubuntu/spas_ws/install/slam_toolbox/include/slam_toolbox/slam_toolbox/srv/detail/deserialize_pose_graph__struct.h\n'}
[14.714014] (slam_toolbox) StdoutLine: {'line': b'-- Up-to-date symlink: /home/ubuntu/spas_ws/install/slam_toolbox/include/slam_toolbox/slam_toolbox/srv/detail/deserialize_pose_graph__type_support.h\n'}
[14.716646] (slam_toolbox) StdoutLine: {'line': b'-- Up-to-date symlink: /home/ubuntu/spas_ws/install/slam_toolbox/include/slam_toolbox/slam_toolbox/srv/detail/loop_closure__functions.h\n'}
[14.719673] (slam_toolbox) StdoutLine: {'line': b'-- Up-to-date symlink: /home/ubuntu/spas_ws/install/slam_toolbox/include/slam_toolbox/slam_toolbox/srv/detail/loop_closure__struct.h\n'}
[14.722540] (slam_toolbox) StdoutLine: {'line': b'-- Up-to-date symlink: /home/ubuntu/spas_ws/install/slam_toolbox/include/slam_toolbox/slam_toolbox/srv/detail/loop_closure__type_support.h\n'}
[14.725584] (slam_toolbox) StdoutLine: {'line': b'-- Up-to-date symlink: /home/ubuntu/spas_ws/install/slam_toolbox/include/slam_toolbox/slam_toolbox/srv/detail/merge_maps__functions.h\n'}
[14.728152] (slam_toolbox) StdoutLine: {'line': b'-- Up-to-date symlink: /home/ubuntu/spas_ws/install/slam_toolbox/include/slam_toolbox/slam_toolbox/srv/detail/merge_maps__struct.h\n'}
[14.730720] (slam_toolbox) StdoutLine: {'line': b'-- Up-to-date symlink: /home/ubuntu/spas_ws/install/slam_toolbox/include/slam_toolbox/slam_toolbox/srv/detail/merge_maps__type_support.h\n'}
[14.733118] (slam_toolbox) StdoutLine: {'line': b'-- Up-to-date symlink: /home/ubuntu/spas_ws/install/slam_toolbox/include/slam_toolbox/slam_toolbox/srv/detail/pause__functions.h\n'}
[14.735454] (slam_toolbox) StdoutLine: {'line': b'-- Up-to-date symlink: /home/ubuntu/spas_ws/install/slam_toolbox/include/slam_toolbox/slam_toolbox/srv/detail/pause__struct.h\n'}
[14.738082] (slam_toolbox) StdoutLine: {'line': b'-- Up-to-date symlink: /home/ubuntu/spas_ws/install/slam_toolbox/include/slam_toolbox/slam_toolbox/srv/detail/pause__type_support.h\n'}
[14.740755] (slam_toolbox) StdoutLine: {'line': b'-- Up-to-date symlink: /home/ubuntu/spas_ws/install/slam_toolbox/include/slam_toolbox/slam_toolbox/srv/detail/save_map__functions.h\n'}
[14.743453] (slam_toolbox) StdoutLine: {'line': b'-- Up-to-date symlink: /home/ubuntu/spas_ws/install/slam_toolbox/include/slam_toolbox/slam_toolbox/srv/detail/save_map__struct.h\n'}
[14.746172] (slam_toolbox) StdoutLine: {'line': b'-- Up-to-date symlink: /home/ubuntu/spas_ws/install/slam_toolbox/include/slam_toolbox/slam_toolbox/srv/detail/save_map__type_support.h\n'}
[14.748931] (slam_toolbox) StdoutLine: {'line': b'-- Up-to-date symlink: /home/ubuntu/spas_ws/install/slam_toolbox/include/slam_toolbox/slam_toolbox/srv/detail/serialize_pose_graph__functions.h\n'}
[14.751480] (slam_toolbox) StdoutLine: {'line': b'-- Up-to-date symlink: /home/ubuntu/spas_ws/install/slam_toolbox/include/slam_toolbox/slam_toolbox/srv/detail/serialize_pose_graph__struct.h\n'}
[14.754714] (slam_toolbox) StdoutLine: {'line': b'-- Up-to-date symlink: /home/ubuntu/spas_ws/install/slam_toolbox/include/slam_toolbox/slam_toolbox/srv/detail/serialize_pose_graph__type_support.h\n'}
[14.757918] (slam_toolbox) StdoutLine: {'line': b'-- Up-to-date symlink: /home/ubuntu/spas_ws/install/slam_toolbox/include/slam_toolbox/slam_toolbox/srv/detail/toggle_interactive__functions.h\n'}
[14.760675] (slam_toolbox) StdoutLine: {'line': b'-- Up-to-date symlink: /home/ubuntu/spas_ws/install/slam_toolbox/include/slam_toolbox/slam_toolbox/srv/detail/toggle_interactive__struct.h\n'}
[14.763055] (slam_toolbox) StdoutLine: {'line': b'-- Up-to-date symlink: /home/ubuntu/spas_ws/install/slam_toolbox/include/slam_toolbox/slam_toolbox/srv/detail/toggle_interactive__type_support.h\n'}
[14.765353] (slam_toolbox) StdoutLine: {'line': b'-- Up-to-date symlink: /home/ubuntu/spas_ws/install/slam_toolbox/include/slam_toolbox/slam_toolbox/srv/loop_closure.h\n'}
[14.767633] (-) TimerEvent: {}
[14.771470] (slam_toolbox) StdoutLine: {'line': b'-- Up-to-date symlink: /home/ubuntu/spas_ws/install/slam_toolbox/include/slam_toolbox/slam_toolbox/srv/merge_maps.h\n'}
[14.782362] (slam_toolbox) StdoutLine: {'line': b'-- Up-to-date symlink: /home/ubuntu/spas_ws/install/slam_toolbox/include/slam_toolbox/slam_toolbox/srv/pause.h\n'}
[14.784802] (slam_toolbox) StdoutLine: {'line': b'-- Up-to-date symlink: /home/ubuntu/spas_ws/install/slam_toolbox/include/slam_toolbox/slam_toolbox/srv/save_map.h\n'}
[14.787488] (slam_toolbox) StdoutLine: {'line': b'-- Up-to-date symlink: /home/ubuntu/spas_ws/install/slam_toolbox/include/slam_toolbox/slam_toolbox/srv/serialize_pose_graph.h\n'}
[14.789968] (slam_toolbox) StdoutLine: {'line': b'-- Up-to-date symlink: /home/ubuntu/spas_ws/install/slam_toolbox/include/slam_toolbox/slam_toolbox/srv/toggle_interactive.h\n'}
[14.793134] (slam_toolbox) StdoutLine: {'line': b'-- Up-to-date symlink: /home/ubuntu/spas_ws/install/slam_toolbox/share/slam_toolbox/environment/library_path.sh\n'}
[14.795714] (slam_toolbox) StdoutLine: {'line': b'-- Up-to-date symlink: /home/ubuntu/spas_ws/install/slam_toolbox/share/slam_toolbox/environment/library_path.dsv\n'}
[14.804013] (slam_toolbox) StdoutLine: {'line': b'-- Up-to-date symlink: /home/ubuntu/spas_ws/install/slam_toolbox/include/slam_toolbox/slam_toolbox/msg/rosidl_typesupport_fastrtps_c__visibility_control.h\n'}
[14.806538] (slam_toolbox) StdoutLine: {'line': b'-- Up-to-date symlink: /home/ubuntu/spas_ws/install/slam_toolbox/include/slam_toolbox/slam_toolbox/srv/detail/add_submap__rosidl_typesupport_fastrtps_c.h\n'}
[14.809234] (slam_toolbox) StdoutLine: {'line': b'-- Up-to-date symlink: /home/ubuntu/spas_ws/install/slam_toolbox/include/slam_toolbox/slam_toolbox/srv/detail/clear__rosidl_typesupport_fastrtps_c.h\n'}
[14.811851] (slam_toolbox) StdoutLine: {'line': b'-- Up-to-date symlink: /home/ubuntu/spas_ws/install/slam_toolbox/include/slam_toolbox/slam_toolbox/srv/detail/clear_queue__rosidl_typesupport_fastrtps_c.h\n'}
[14.814615] (slam_toolbox) StdoutLine: {'line': b'-- Up-to-date symlink: /home/ubuntu/spas_ws/install/slam_toolbox/include/slam_toolbox/slam_toolbox/srv/detail/deserialize_pose_graph__rosidl_typesupport_fastrtps_c.h\n'}
[14.817398] (slam_toolbox) StdoutLine: {'line': b'-- Up-to-date symlink: /home/ubuntu/spas_ws/install/slam_toolbox/include/slam_toolbox/slam_toolbox/srv/detail/loop_closure__rosidl_typesupport_fastrtps_c.h\n'}
[14.820023] (slam_toolbox) StdoutLine: {'line': b'-- Up-to-date symlink: /home/ubuntu/spas_ws/install/slam_toolbox/include/slam_toolbox/slam_toolbox/srv/detail/merge_maps__rosidl_typesupport_fastrtps_c.h\n'}
[14.822688] (slam_toolbox) StdoutLine: {'line': b'-- Up-to-date symlink: /home/ubuntu/spas_ws/install/slam_toolbox/include/slam_toolbox/slam_toolbox/srv/detail/pause__rosidl_typesupport_fastrtps_c.h\n'}
[14.825537] (slam_toolbox) StdoutLine: {'line': b'-- Up-to-date symlink: /home/ubuntu/spas_ws/install/slam_toolbox/include/slam_toolbox/slam_toolbox/srv/detail/save_map__rosidl_typesupport_fastrtps_c.h\n'}
[14.828454] (slam_toolbox) StdoutLine: {'line': b'-- Up-to-date symlink: /home/ubuntu/spas_ws/install/slam_toolbox/include/slam_toolbox/slam_toolbox/srv/detail/serialize_pose_graph__rosidl_typesupport_fastrtps_c.h\n'}
[14.830733] (slam_toolbox) StdoutLine: {'line': b'-- Up-to-date symlink: /home/ubuntu/spas_ws/install/slam_toolbox/include/slam_toolbox/slam_toolbox/srv/detail/toggle_interactive__rosidl_typesupport_fastrtps_c.h\n'}
[14.839369] (slam_toolbox) StdoutLine: {'line': b'-- Up-to-date symlink: /home/ubuntu/spas_ws/install/slam_toolbox/include/slam_toolbox/slam_toolbox/msg/rosidl_generator_cpp__visibility_control.hpp\n'}
[14.841812] (slam_toolbox) StdoutLine: {'line': b'-- Up-to-date symlink: /home/ubuntu/spas_ws/install/slam_toolbox/include/slam_toolbox/slam_toolbox/srv/add_submap.hpp\n'}
[14.844257] (slam_toolbox) StdoutLine: {'line': b'-- Up-to-date symlink: /home/ubuntu/spas_ws/install/slam_toolbox/include/slam_toolbox/slam_toolbox/srv/clear.hpp\n'}
[14.846639] (slam_toolbox) StdoutLine: {'line': b'-- Up-to-date symlink: /home/ubuntu/spas_ws/install/slam_toolbox/include/slam_toolbox/slam_toolbox/srv/clear_queue.hpp\n'}
[14.849196] (slam_toolbox) StdoutLine: {'line': b'-- Up-to-date symlink: /home/ubuntu/spas_ws/install/slam_toolbox/include/slam_toolbox/slam_toolbox/srv/deserialize_pose_graph.hpp\n'}
[14.851622] (slam_toolbox) StdoutLine: {'line': b'-- Up-to-date symlink: /home/ubuntu/spas_ws/install/slam_toolbox/include/slam_toolbox/slam_toolbox/srv/detail/add_submap__builder.hpp\n'}
[14.853992] (slam_toolbox) StdoutLine: {'line': b'-- Up-to-date symlink: /home/ubuntu/spas_ws/install/slam_toolbox/include/slam_toolbox/slam_toolbox/srv/detail/add_submap__struct.hpp\n'}
[14.858520] (slam_toolbox) StdoutLine: {'line': b'-- Up-to-date symlink: /home/ubuntu/spas_ws/install/slam_toolbox/include/slam_toolbox/slam_toolbox/srv/detail/add_submap__traits.hpp\n'}
[14.861076] (slam_toolbox) StdoutLine: {'line': b'-- Up-to-date symlink: /home/ubuntu/spas_ws/install/slam_toolbox/include/slam_toolbox/slam_toolbox/srv/detail/add_submap__type_support.hpp\n'}
[14.863613] (slam_toolbox) StdoutLine: {'line': b'-- Up-to-date symlink: /home/ubuntu/spas_ws/install/slam_toolbox/include/slam_toolbox/slam_toolbox/srv/detail/clear__builder.hpp\n'}
[14.866026] (slam_toolbox) StdoutLine: {'line': b'-- Up-to-date symlink: /home/ubuntu/spas_ws/install/slam_toolbox/include/slam_toolbox/slam_toolbox/srv/detail/clear__struct.hpp\n'}
[14.867831] (-) TimerEvent: {}
[14.870408] (slam_toolbox) StdoutLine: {'line': b'-- Up-to-date symlink: /home/ubuntu/spas_ws/install/slam_toolbox/include/slam_toolbox/slam_toolbox/srv/detail/clear__traits.hpp\n'}
[14.873065] (slam_toolbox) StdoutLine: {'line': b'-- Up-to-date symlink: /home/ubuntu/spas_ws/install/slam_toolbox/include/slam_toolbox/slam_toolbox/srv/detail/clear__type_support.hpp\n'}
[14.877552] (slam_toolbox) StdoutLine: {'line': b'-- Up-to-date symlink: /home/ubuntu/spas_ws/install/slam_toolbox/include/slam_toolbox/slam_toolbox/srv/detail/clear_queue__builder.hpp\n'}
[14.880218] (slam_toolbox) StdoutLine: {'line': b'-- Up-to-date symlink: /home/ubuntu/spas_ws/install/slam_toolbox/include/slam_toolbox/slam_toolbox/srv/detail/clear_queue__struct.hpp\n'}
[14.882894] (slam_toolbox) StdoutLine: {'line': b'-- Up-to-date symlink: /home/ubuntu/spas_ws/install/slam_toolbox/include/slam_toolbox/slam_toolbox/srv/detail/clear_queue__traits.hpp\n'}
[14.897440] (slam_toolbox) StdoutLine: {'line': b'-- Up-to-date symlink: /home/ubuntu/spas_ws/install/slam_toolbox/include/slam_toolbox/slam_toolbox/srv/detail/clear_queue__type_support.hpp\n'}
[14.900329] (slam_toolbox) StdoutLine: {'line': b'-- Up-to-date symlink: /home/ubuntu/spas_ws/install/slam_toolbox/include/slam_toolbox/slam_toolbox/srv/detail/deserialize_pose_graph__builder.hpp\n'}
[14.902854] (slam_toolbox) StdoutLine: {'line': b'-- Up-to-date symlink: /home/ubuntu/spas_ws/install/slam_toolbox/include/slam_toolbox/slam_toolbox/srv/detail/deserialize_pose_graph__struct.hpp\n'}
[14.905496] (slam_toolbox) StdoutLine: {'line': b'-- Up-to-date symlink: /home/ubuntu/spas_ws/install/slam_toolbox/include/slam_toolbox/slam_toolbox/srv/detail/deserialize_pose_graph__traits.hpp\n'}
[14.908248] (slam_toolbox) StdoutLine: {'line': b'-- Up-to-date symlink: /home/ubuntu/spas_ws/install/slam_toolbox/include/slam_toolbox/slam_toolbox/srv/detail/deserialize_pose_graph__type_support.hpp\n'}
[14.910873] (slam_toolbox) StdoutLine: {'line': b'-- Up-to-date symlink: /home/ubuntu/spas_ws/install/slam_toolbox/include/slam_toolbox/slam_toolbox/srv/detail/loop_closure__builder.hpp\n'}
[14.913498] (slam_toolbox) StdoutLine: {'line': b'-- Up-to-date symlink: /home/ubuntu/spas_ws/install/slam_toolbox/include/slam_toolbox/slam_toolbox/srv/detail/loop_closure__struct.hpp\n'}
[14.916532] (slam_toolbox) StdoutLine: {'line': b'-- Up-to-date symlink: /home/ubuntu/spas_ws/install/slam_toolbox/include/slam_toolbox/slam_toolbox/srv/detail/loop_closure__traits.hpp\n'}
[14.932139] (slam_toolbox) StdoutLine: {'line': b'-- Up-to-date symlink: /home/ubuntu/spas_ws/install/slam_toolbox/include/slam_toolbox/slam_toolbox/srv/detail/loop_closure__type_support.hpp\n'}
[14.933330] (slam_toolbox) StdoutLine: {'line': b'-- Up-to-date symlink: /home/ubuntu/spas_ws/install/slam_toolbox/include/slam_toolbox/slam_toolbox/srv/detail/merge_maps__builder.hpp\n'}
[14.934452] (slam_toolbox) StdoutLine: {'line': b'-- Up-to-date symlink: /home/ubuntu/spas_ws/install/slam_toolbox/include/slam_toolbox/slam_toolbox/srv/detail/merge_maps__struct.hpp\n'}
[14.935616] (slam_toolbox) StdoutLine: {'line': b'-- Up-to-date symlink: /home/ubuntu/spas_ws/install/slam_toolbox/include/slam_toolbox/slam_toolbox/srv/detail/merge_maps__traits.hpp\n'}
[14.936842] (slam_toolbox) StdoutLine: {'line': b'-- Up-to-date symlink: /home/ubuntu/spas_ws/install/slam_toolbox/include/slam_toolbox/slam_toolbox/srv/detail/merge_maps__type_support.hpp\n'}
[14.938006] (slam_toolbox) StdoutLine: {'line': b'-- Up-to-date symlink: /home/ubuntu/spas_ws/install/slam_toolbox/include/slam_toolbox/slam_toolbox/srv/detail/pause__builder.hpp\n'}
[14.939132] (slam_toolbox) StdoutLine: {'line': b'-- Up-to-date symlink: /home/ubuntu/spas_ws/install/slam_toolbox/include/slam_toolbox/slam_toolbox/srv/detail/pause__struct.hpp\n'}
[14.940416] (slam_toolbox) StdoutLine: {'line': b'-- Up-to-date symlink: /home/ubuntu/spas_ws/install/slam_toolbox/include/slam_toolbox/slam_toolbox/srv/detail/pause__traits.hpp\n'}
[14.941748] (slam_toolbox) StdoutLine: {'line': b'-- Up-to-date symlink: /home/ubuntu/spas_ws/install/slam_toolbox/include/slam_toolbox/slam_toolbox/srv/detail/pause__type_support.hpp\n'}
[14.942987] (slam_toolbox) StdoutLine: {'line': b'-- Up-to-date symlink: /home/ubuntu/spas_ws/install/slam_toolbox/include/slam_toolbox/slam_toolbox/srv/detail/save_map__builder.hpp\n'}
[14.961146] (slam_toolbox) StdoutLine: {'line': b'-- Up-to-date symlink: /home/ubuntu/spas_ws/install/slam_toolbox/include/slam_toolbox/slam_toolbox/srv/detail/save_map__struct.hpp\n'}
[14.964028] (slam_toolbox) StdoutLine: {'line': b'-- Up-to-date symlink: /home/ubuntu/spas_ws/install/slam_toolbox/include/slam_toolbox/slam_toolbox/srv/detail/save_map__traits.hpp\n'}
[14.968146] (-) TimerEvent: {}
[14.976691] (slam_toolbox) StdoutLine: {'line': b'-- Up-to-date symlink: /home/ubuntu/spas_ws/install/slam_toolbox/include/slam_toolbox/slam_toolbox/srv/detail/save_map__type_support.hpp\n'}
[14.980506] (slam_toolbox) StdoutLine: {'line': b'-- Up-to-date symlink: /home/ubuntu/spas_ws/install/slam_toolbox/include/slam_toolbox/slam_toolbox/srv/detail/serialize_pose_graph__builder.hpp\n'}
[14.984104] (slam_toolbox) StdoutLine: {'line': b'-- Up-to-date symlink: /home/ubuntu/spas_ws/install/slam_toolbox/include/slam_toolbox/slam_toolbox/srv/detail/serialize_pose_graph__struct.hpp\n'}
[14.987119] (slam_toolbox) StdoutLine: {'line': b'-- Up-to-date symlink: /home/ubuntu/spas_ws/install/slam_toolbox/include/slam_toolbox/slam_toolbox/srv/detail/serialize_pose_graph__traits.hpp\n'}
[14.989934] (slam_toolbox) StdoutLine: {'line': b'-- Up-to-date symlink: /home/ubuntu/spas_ws/install/slam_toolbox/include/slam_toolbox/slam_toolbox/srv/detail/serialize_pose_graph__type_support.hpp\n'}
[14.994903] (slam_toolbox) StdoutLine: {'line': b'-- Up-to-date symlink: /home/ubuntu/spas_ws/install/slam_toolbox/include/slam_toolbox/slam_toolbox/srv/detail/toggle_interactive__builder.hpp\n'}
[14.998007] (slam_toolbox) StdoutLine: {'line': b'-- Up-to-date symlink: /home/ubuntu/spas_ws/install/slam_toolbox/include/slam_toolbox/slam_toolbox/srv/detail/toggle_interactive__struct.hpp\n'}
[15.001018] (slam_toolbox) StdoutLine: {'line': b'-- Up-to-date symlink: /home/ubuntu/spas_ws/install/slam_toolbox/include/slam_toolbox/slam_toolbox/srv/detail/toggle_interactive__traits.hpp\n'}
[15.005090] (slam_toolbox) StdoutLine: {'line': b'-- Up-to-date symlink: /home/ubuntu/spas_ws/install/slam_toolbox/include/slam_toolbox/slam_toolbox/srv/detail/toggle_interactive__type_support.hpp\n'}
[15.008559] (slam_toolbox) StdoutLine: {'line': b'-- Up-to-date symlink: /home/ubuntu/spas_ws/install/slam_toolbox/include/slam_toolbox/slam_toolbox/srv/loop_closure.hpp\n'}
[15.011022] (slam_toolbox) StdoutLine: {'line': b'-- Up-to-date symlink: /home/ubuntu/spas_ws/install/slam_toolbox/include/slam_toolbox/slam_toolbox/srv/merge_maps.hpp\n'}
[15.016470] (slam_toolbox) StdoutLine: {'line': b'-- Up-to-date symlink: /home/ubuntu/spas_ws/install/slam_toolbox/include/slam_toolbox/slam_toolbox/srv/pause.hpp\n'}
[15.017991] (slam_toolbox) StdoutLine: {'line': b'-- Up-to-date symlink: /home/ubuntu/spas_ws/install/slam_toolbox/include/slam_toolbox/slam_toolbox/srv/save_map.hpp\n'}
[15.022889] (slam_toolbox) StdoutLine: {'line': b'-- Up-to-date symlink: /home/ubuntu/spas_ws/install/slam_toolbox/include/slam_toolbox/slam_toolbox/srv/serialize_pose_graph.hpp\n'}
[15.024232] (slam_toolbox) StdoutLine: {'line': b'-- Up-to-date symlink: /home/ubuntu/spas_ws/install/slam_toolbox/include/slam_toolbox/slam_toolbox/srv/toggle_interactive.hpp\n'}
[15.042392] (slam_toolbox) StdoutLine: {'line': b'-- Up-to-date symlink: /home/ubuntu/spas_ws/install/slam_toolbox/include/slam_toolbox/slam_toolbox/msg/rosidl_typesupport_fastrtps_cpp__visibility_control.h\n'}
[15.045408] (slam_toolbox) StdoutLine: {'line': b'-- Up-to-date symlink: /home/ubuntu/spas_ws/install/slam_toolbox/include/slam_toolbox/slam_toolbox/srv/detail/add_submap__rosidl_typesupport_fastrtps_cpp.hpp\n'}
[15.048307] (slam_toolbox) StdoutLine: {'line': b'-- Up-to-date symlink: /home/ubuntu/spas_ws/install/slam_toolbox/include/slam_toolbox/slam_toolbox/srv/detail/clear__rosidl_typesupport_fastrtps_cpp.hpp\n'}
[15.051105] (slam_toolbox) StdoutLine: {'line': b'-- Up-to-date symlink: /home/ubuntu/spas_ws/install/slam_toolbox/include/slam_toolbox/slam_toolbox/srv/detail/clear_queue__rosidl_typesupport_fastrtps_cpp.hpp\n'}
[15.054164] (slam_toolbox) StdoutLine: {'line': b'-- Up-to-date symlink: /home/ubuntu/spas_ws/install/slam_toolbox/include/slam_toolbox/slam_toolbox/srv/detail/deserialize_pose_graph__rosidl_typesupport_fastrtps_cpp.hpp\n'}
[15.057223] (slam_toolbox) StdoutLine: {'line': b'-- Up-to-date symlink: /home/ubuntu/spas_ws/install/slam_toolbox/include/slam_toolbox/slam_toolbox/srv/detail/loop_closure__rosidl_typesupport_fastrtps_cpp.hpp\n'}
[15.061652] (slam_toolbox) StdoutLine: {'line': b'-- Up-to-date symlink: /home/ubuntu/spas_ws/install/slam_toolbox/include/slam_toolbox/slam_toolbox/srv/detail/merge_maps__rosidl_typesupport_fastrtps_cpp.hpp\n'}
[15.065028] (slam_toolbox) StdoutLine: {'line': b'-- Up-to-date symlink: /home/ubuntu/spas_ws/install/slam_toolbox/include/slam_toolbox/slam_toolbox/srv/detail/pause__rosidl_typesupport_fastrtps_cpp.hpp\n'}
[15.068099] (slam_toolbox) StdoutLine: {'line': b'-- Up-to-date symlink: /home/ubuntu/spas_ws/install/slam_toolbox/include/slam_toolbox/slam_toolbox/srv/detail/save_map__rosidl_typesupport_fastrtps_cpp.hpp\n'}
[15.069689] (-) TimerEvent: {}
[15.075840] (slam_toolbox) StdoutLine: {'line': b'-- Up-to-date symlink: /home/ubuntu/spas_ws/install/slam_toolbox/include/slam_toolbox/slam_toolbox/srv/detail/serialize_pose_graph__rosidl_typesupport_fastrtps_cpp.hpp\n'}
[15.077573] (slam_toolbox) StdoutLine: {'line': b'-- Up-to-date symlink: /home/ubuntu/spas_ws/install/slam_toolbox/include/slam_toolbox/slam_toolbox/srv/detail/toggle_interactive__rosidl_typesupport_fastrtps_cpp.hpp\n'}
[15.090120] (slam_toolbox) StdoutLine: {'line': b'-- Up-to-date symlink: /home/ubuntu/spas_ws/install/slam_toolbox/include/slam_toolbox/slam_toolbox/msg/rosidl_typesupport_introspection_c__visibility_control.h\n'}
[15.091663] (slam_toolbox) StdoutLine: {'line': b'-- Up-to-date symlink: /home/ubuntu/spas_ws/install/slam_toolbox/include/slam_toolbox/slam_toolbox/srv/detail/add_submap__rosidl_typesupport_introspection_c.h\n'}
[15.096892] (slam_toolbox) StdoutLine: {'line': b'-- Up-to-date symlink: /home/ubuntu/spas_ws/install/slam_toolbox/include/slam_toolbox/slam_toolbox/srv/detail/clear__rosidl_typesupport_introspection_c.h\n'}
[15.098252] (slam_toolbox) StdoutLine: {'line': b'-- Up-to-date symlink: /home/ubuntu/spas_ws/install/slam_toolbox/include/slam_toolbox/slam_toolbox/srv/detail/clear_queue__rosidl_typesupport_introspection_c.h\n'}
[15.106096] (slam_toolbox) StdoutLine: {'line': b'-- Up-to-date symlink: /home/ubuntu/spas_ws/install/slam_toolbox/include/slam_toolbox/slam_toolbox/srv/detail/deserialize_pose_graph__rosidl_typesupport_introspection_c.h\n'}
[15.112437] (slam_toolbox) StdoutLine: {'line': b'-- Up-to-date symlink: /home/ubuntu/spas_ws/install/slam_toolbox/include/slam_toolbox/slam_toolbox/srv/detail/loop_closure__rosidl_typesupport_introspection_c.h\n'}
[15.117829] (slam_toolbox) StdoutLine: {'line': b'-- Up-to-date symlink: /home/ubuntu/spas_ws/install/slam_toolbox/include/slam_toolbox/slam_toolbox/srv/detail/merge_maps__rosidl_typesupport_introspection_c.h\n'}
[15.134130] (slam_toolbox) StdoutLine: {'line': b'-- Up-to-date symlink: /home/ubuntu/spas_ws/install/slam_toolbox/include/slam_toolbox/slam_toolbox/srv/detail/pause__rosidl_typesupport_introspection_c.h\n'}
[15.141513] (slam_toolbox) StdoutLine: {'line': b'-- Up-to-date symlink: /home/ubuntu/spas_ws/install/slam_toolbox/include/slam_toolbox/slam_toolbox/srv/detail/save_map__rosidl_typesupport_introspection_c.h\n'}
[15.149566] (slam_toolbox) StdoutLine: {'line': b'-- Up-to-date symlink: /home/ubuntu/spas_ws/install/slam_toolbox/include/slam_toolbox/slam_toolbox/srv/detail/serialize_pose_graph__rosidl_typesupport_introspection_c.h\n'}
[15.156404] (slam_toolbox) StdoutLine: {'line': b'-- Up-to-date symlink: /home/ubuntu/spas_ws/install/slam_toolbox/include/slam_toolbox/slam_toolbox/srv/detail/toggle_interactive__rosidl_typesupport_introspection_c.h\n'}
[15.166297] (slam_toolbox) StdoutLine: {'line': b'-- Up-to-date symlink: /home/ubuntu/spas_ws/install/slam_toolbox/include/slam_toolbox/slam_toolbox/srv/detail/add_submap__rosidl_typesupport_introspection_cpp.hpp\n'}
[15.175948] (-) TimerEvent: {}
[15.180753] (slam_toolbox) StdoutLine: {'line': b'-- Up-to-date symlink: /home/ubuntu/spas_ws/install/slam_toolbox/include/slam_toolbox/slam_toolbox/srv/detail/clear__rosidl_typesupport_introspection_cpp.hpp\n'}
[15.200156] (slam_toolbox) StdoutLine: {'line': b'-- Up-to-date symlink: /home/ubuntu/spas_ws/install/slam_toolbox/include/slam_toolbox/slam_toolbox/srv/detail/clear_queue__rosidl_typesupport_introspection_cpp.hpp\n'}
[15.203635] (slam_toolbox) StdoutLine: {'line': b'-- Up-to-date symlink: /home/ubuntu/spas_ws/install/slam_toolbox/include/slam_toolbox/slam_toolbox/srv/detail/deserialize_pose_graph__rosidl_typesupport_introspection_cpp.hpp\n'}
[15.207832] (slam_toolbox) StdoutLine: {'line': b'-- Up-to-date symlink: /home/ubuntu/spas_ws/install/slam_toolbox/include/slam_toolbox/slam_toolbox/srv/detail/loop_closure__rosidl_typesupport_introspection_cpp.hpp\n'}
[15.211357] (slam_toolbox) StdoutLine: {'line': b'-- Up-to-date symlink: /home/ubuntu/spas_ws/install/slam_toolbox/include/slam_toolbox/slam_toolbox/srv/detail/merge_maps__rosidl_typesupport_introspection_cpp.hpp\n'}
[15.217047] (slam_toolbox) StdoutLine: {'line': b'-- Up-to-date symlink: /home/ubuntu/spas_ws/install/slam_toolbox/include/slam_toolbox/slam_toolbox/srv/detail/pause__rosidl_typesupport_introspection_cpp.hpp\n'}
[15.222679] (slam_toolbox) StdoutLine: {'line': b'-- Up-to-date symlink: /home/ubuntu/spas_ws/install/slam_toolbox/include/slam_toolbox/slam_toolbox/srv/detail/save_map__rosidl_typesupport_introspection_cpp.hpp\n'}
[15.229920] (slam_toolbox) StdoutLine: {'line': b'-- Up-to-date symlink: /home/ubuntu/spas_ws/install/slam_toolbox/include/slam_toolbox/slam_toolbox/srv/detail/serialize_pose_graph__rosidl_typesupport_introspection_cpp.hpp\n'}
[15.236703] (slam_toolbox) StdoutLine: {'line': b'-- Up-to-date symlink: /home/ubuntu/spas_ws/install/slam_toolbox/include/slam_toolbox/slam_toolbox/srv/detail/toggle_interactive__rosidl_typesupport_introspection_cpp.hpp\n'}
[15.242958] (slam_toolbox) StdoutLine: {'line': b'-- Up-to-date symlink: /home/ubuntu/spas_ws/install/slam_toolbox/share/slam_toolbox/environment/pythonpath.sh\n'}
[15.250842] (slam_toolbox) StdoutLine: {'line': b'-- Up-to-date symlink: /home/ubuntu/spas_ws/install/slam_toolbox/share/slam_toolbox/environment/pythonpath.dsv\n'}
[15.261216] (slam_toolbox) StdoutLine: {'line': b'-- Up-to-date symlink: /home/ubuntu/spas_ws/install/slam_toolbox/local/lib/python3.10/dist-packages/slam_toolbox-2.6.10-py3.10.egg-info/PKG-INFO\n'}
[15.266932] (slam_toolbox) StdoutLine: {'line': b'-- Up-to-date symlink: /home/ubuntu/spas_ws/install/slam_toolbox/local/lib/python3.10/dist-packages/slam_toolbox-2.6.10-py3.10.egg-info/SOURCES.txt\n'}
[15.276226] (-) TimerEvent: {}
[15.282004] (slam_toolbox) StdoutLine: {'line': b'-- Up-to-date symlink: /home/ubuntu/spas_ws/install/slam_toolbox/local/lib/python3.10/dist-packages/slam_toolbox-2.6.10-py3.10.egg-info/dependency_links.txt\n'}
[15.291122] (slam_toolbox) StdoutLine: {'line': b'-- Up-to-date symlink: /home/ubuntu/spas_ws/install/slam_toolbox/local/lib/python3.10/dist-packages/slam_toolbox-2.6.10-py3.10.egg-info/top_level.txt\n'}
[15.299076] (slam_toolbox) StdoutLine: {'line': b'-- Up-to-date symlink: /home/ubuntu/spas_ws/install/slam_toolbox/local/lib/python3.10/dist-packages/slam_toolbox/__init__.py\n'}
[15.305301] (slam_toolbox) StdoutLine: {'line': b'-- Up-to-date symlink: /home/ubuntu/spas_ws/install/slam_toolbox/local/lib/python3.10/dist-packages/slam_toolbox/_slam_toolbox_s.ep.rosidl_typesupport_c.c\n'}
[15.316935] (slam_toolbox) StdoutLine: {'line': b'-- Up-to-date symlink: /home/ubuntu/spas_ws/install/slam_toolbox/local/lib/python3.10/dist-packages/slam_toolbox/_slam_toolbox_s.ep.rosidl_typesupport_fastrtps_c.c\n'}
[15.326596] (slam_toolbox) StdoutLine: {'line': b'-- Up-to-date symlink: /home/ubuntu/spas_ws/install/slam_toolbox/local/lib/python3.10/dist-packages/slam_toolbox/_slam_toolbox_s.ep.rosidl_typesupport_introspection_c.c\n'}
[15.338987] (slam_toolbox) StdoutLine: {'line': b'-- Up-to-date symlink: /home/ubuntu/spas_ws/install/slam_toolbox/local/lib/python3.10/dist-packages/slam_toolbox/libslam_toolbox__rosidl_generator_py.so\n'}
[15.351163] (slam_toolbox) StdoutLine: {'line': b'-- Up-to-date symlink: /home/ubuntu/spas_ws/install/slam_toolbox/local/lib/python3.10/dist-packages/slam_toolbox/slam_toolbox_s__rosidl_typesupport_c.cpython-310-aarch64-linux-gnu.so\n'}
[15.360995] (slam_toolbox) StdoutLine: {'line': b'-- Up-to-date symlink: /home/ubuntu/spas_ws/install/slam_toolbox/local/lib/python3.10/dist-packages/slam_toolbox/slam_toolbox_s__rosidl_typesupport_fastrtps_c.cpython-310-aarch64-linux-gnu.so\n'}
[15.377251] (-) TimerEvent: {}
[15.385686] (slam_toolbox) StdoutLine: {'line': b'-- Up-to-date symlink: /home/ubuntu/spas_ws/install/slam_toolbox/local/lib/python3.10/dist-packages/slam_toolbox/slam_toolbox_s__rosidl_typesupport_introspection_c.cpython-310-aarch64-linux-gnu.so\n'}
[15.397797] (slam_toolbox) StdoutLine: {'line': b'-- Up-to-date symlink: /home/ubuntu/spas_ws/install/slam_toolbox/local/lib/python3.10/dist-packages/slam_toolbox/srv/__init__.py\n'}
[15.407046] (slam_toolbox) StdoutLine: {'line': b'-- Up-to-date symlink: /home/ubuntu/spas_ws/install/slam_toolbox/local/lib/python3.10/dist-packages/slam_toolbox/srv/_add_submap.py\n'}
[15.416574] (slam_toolbox) StdoutLine: {'line': b'-- Up-to-date symlink: /home/ubuntu/spas_ws/install/slam_toolbox/local/lib/python3.10/dist-packages/slam_toolbox/srv/_add_submap_s.c\n'}
[15.426910] (slam_toolbox) StdoutLine: {'line': b'-- Up-to-date symlink: /home/ubuntu/spas_ws/install/slam_toolbox/local/lib/python3.10/dist-packages/slam_toolbox/srv/_clear.py\n'}
[15.434567] (slam_toolbox) StdoutLine: {'line': b'-- Up-to-date symlink: /home/ubuntu/spas_ws/install/slam_toolbox/local/lib/python3.10/dist-packages/slam_toolbox/srv/_clear_queue.py\n'}
[15.442160] (slam_toolbox) StdoutLine: {'line': b'-- Up-to-date symlink: /home/ubuntu/spas_ws/install/slam_toolbox/local/lib/python3.10/dist-packages/slam_toolbox/srv/_clear_queue_s.c\n'}
[15.449536] (slam_toolbox) StdoutLine: {'line': b'-- Up-to-date symlink: /home/ubuntu/spas_ws/install/slam_toolbox/local/lib/python3.10/dist-packages/slam_toolbox/srv/_clear_s.c\n'}
[15.457226] (slam_toolbox) StdoutLine: {'line': b'-- Up-to-date symlink: /home/ubuntu/spas_ws/install/slam_toolbox/local/lib/python3.10/dist-packages/slam_toolbox/srv/_deserialize_pose_graph.py\n'}
[15.466094] (slam_toolbox) StdoutLine: {'line': b'-- Up-to-date symlink: /home/ubuntu/spas_ws/install/slam_toolbox/local/lib/python3.10/dist-packages/slam_toolbox/srv/_deserialize_pose_graph_s.c\n'}
[15.473714] (slam_toolbox) StdoutLine: {'line': b'-- Up-to-date symlink: /home/ubuntu/spas_ws/install/slam_toolbox/local/lib/python3.10/dist-packages/slam_toolbox/srv/_loop_closure.py\n'}
[15.481357] (-) TimerEvent: {}
[15.489185] (slam_toolbox) StdoutLine: {'line': b'-- Up-to-date symlink: /home/ubuntu/spas_ws/install/slam_toolbox/local/lib/python3.10/dist-packages/slam_toolbox/srv/_loop_closure_s.c\n'}
[15.501630] (slam_toolbox) StdoutLine: {'line': b'-- Up-to-date symlink: /home/ubuntu/spas_ws/install/slam_toolbox/local/lib/python3.10/dist-packages/slam_toolbox/srv/_merge_maps.py\n'}
[15.508170] (slam_toolbox) StdoutLine: {'line': b'-- Up-to-date symlink: /home/ubuntu/spas_ws/install/slam_toolbox/local/lib/python3.10/dist-packages/slam_toolbox/srv/_merge_maps_s.c\n'}
[15.529248] (slam_toolbox) StdoutLine: {'line': b'-- Up-to-date symlink: /home/ubuntu/spas_ws/install/slam_toolbox/local/lib/python3.10/dist-packages/slam_toolbox/srv/_pause.py\n'}
[15.536874] (slam_toolbox) StdoutLine: {'line': b'-- Up-to-date symlink: /home/ubuntu/spas_ws/install/slam_toolbox/local/lib/python3.10/dist-packages/slam_toolbox/srv/_pause_s.c\n'}
[15.549386] (slam_toolbox) StdoutLine: {'line': b'-- Up-to-date symlink: /home/ubuntu/spas_ws/install/slam_toolbox/local/lib/python3.10/dist-packages/slam_toolbox/srv/_save_map.py\n'}
[15.558168] (slam_toolbox) StdoutLine: {'line': b'-- Up-to-date symlink: /home/ubuntu/spas_ws/install/slam_toolbox/local/lib/python3.10/dist-packages/slam_toolbox/srv/_save_map_s.c\n'}
[15.564434] (slam_toolbox) StdoutLine: {'line': b'-- Up-to-date symlink: /home/ubuntu/spas_ws/install/slam_toolbox/local/lib/python3.10/dist-packages/slam_toolbox/srv/_serialize_pose_graph.py\n'}
[15.577859] (slam_toolbox) StdoutLine: {'line': b'-- Up-to-date symlink: /home/ubuntu/spas_ws/install/slam_toolbox/local/lib/python3.10/dist-packages/slam_toolbox/srv/_serialize_pose_graph_s.c\n'}
[15.583882] (-) TimerEvent: {}
[15.587381] (slam_toolbox) StdoutLine: {'line': b'-- Up-to-date symlink: /home/ubuntu/spas_ws/install/slam_toolbox/local/lib/python3.10/dist-packages/slam_toolbox/srv/_toggle_interactive.py\n'}
[15.593007] (slam_toolbox) StdoutLine: {'line': b'-- Up-to-date symlink: /home/ubuntu/spas_ws/install/slam_toolbox/local/lib/python3.10/dist-packages/slam_toolbox/srv/_toggle_interactive_s.c\n'}
[15.600567] (slam_toolbox) StdoutLine: {'line': b'-- Up-to-date symlink: /home/ubuntu/spas_ws/install/slam_toolbox/local/lib/python3.10/dist-packages/slam_toolbox/slam_toolbox_s__rosidl_typesupport_fastrtps_c.cpython-310-aarch64-linux-gnu.so\n'}
[15.609640] (slam_toolbox) StdoutLine: {'line': b'-- Up-to-date symlink: /home/ubuntu/spas_ws/install/slam_toolbox/local/lib/python3.10/dist-packages/slam_toolbox/slam_toolbox_s__rosidl_typesupport_introspection_c.cpython-310-aarch64-linux-gnu.so\n'}
[15.620325] (slam_toolbox) StdoutLine: {'line': b'-- Up-to-date symlink: /home/ubuntu/spas_ws/install/slam_toolbox/local/lib/python3.10/dist-packages/slam_toolbox/slam_toolbox_s__rosidl_typesupport_c.cpython-310-aarch64-linux-gnu.so\n'}
[15.627322] (slam_toolbox) StdoutLine: {'line': b'-- Up-to-date symlink: /home/ubuntu/spas_ws/install/slam_toolbox/share/ament_index/resource_index/rust_packages/slam_toolbox\n'}
[15.634565] (slam_toolbox) StdoutLine: {'line': b'-- Up-to-date symlink: /home/ubuntu/spas_ws/install/slam_toolbox/share/slam_toolbox/rust/Cargo.toml\n'}
[15.643661] (slam_toolbox) StdoutLine: {'line': b'-- Up-to-date symlink: /home/ubuntu/spas_ws/install/slam_toolbox/share/slam_toolbox/rust/build.rs\n'}
[15.651934] (slam_toolbox) StdoutLine: {'line': b'-- Up-to-date symlink: /home/ubuntu/spas_ws/install/slam_toolbox/share/slam_toolbox/rust/src/lib.rs\n'}
[15.666479] (slam_toolbox) StdoutLine: {'line': b'-- Up-to-date symlink: /home/ubuntu/spas_ws/install/slam_toolbox/share/slam_toolbox/rust/src/srv.rs\n'}
[15.670163] (slam_toolbox) StdoutLine: {'line': b'-- Up-to-date symlink: /home/ubuntu/spas_ws/install/slam_toolbox/share/slam_toolbox/rust/src/srv/rmw.rs\n'}
[15.673477] (slam_toolbox) StdoutLine: {'line': b'-- Up-to-date symlink: /home/ubuntu/spas_ws/install/slam_toolbox/share/slam_toolbox/srv/Pause.idl\n'}
[15.677405] (slam_toolbox) StdoutLine: {'line': b'-- Up-to-date symlink: /home/ubuntu/spas_ws/install/slam_toolbox/share/slam_toolbox/srv/ClearQueue.idl\n'}
[15.692248] (-) TimerEvent: {}
[15.695295] (slam_toolbox) StdoutLine: {'line': b'-- Up-to-date symlink: /home/ubuntu/spas_ws/install/slam_toolbox/share/slam_toolbox/srv/ToggleInteractive.idl\n'}
[15.708224] (slam_toolbox) StdoutLine: {'line': b'-- Up-to-date symlink: /home/ubuntu/spas_ws/install/slam_toolbox/share/slam_toolbox/srv/Clear.idl\n'}
[15.718890] (slam_toolbox) StdoutLine: {'line': b'-- Up-to-date symlink: /home/ubuntu/spas_ws/install/slam_toolbox/share/slam_toolbox/srv/SaveMap.idl\n'}
[15.722902] (slam_toolbox) StdoutLine: {'line': b'-- Up-to-date symlink: /home/ubuntu/spas_ws/install/slam_toolbox/share/slam_toolbox/srv/LoopClosure.idl\n'}
[15.733308] (slam_toolbox) StdoutLine: {'line': b'-- Up-to-date symlink: /home/ubuntu/spas_ws/install/slam_toolbox/share/slam_toolbox/srv/MergeMaps.idl\n'}
[15.739200] (slam_toolbox) StdoutLine: {'line': b'-- Up-to-date symlink: /home/ubuntu/spas_ws/install/slam_toolbox/share/slam_toolbox/srv/AddSubmap.idl\n'}
[15.746824] (slam_toolbox) StdoutLine: {'line': b'-- Up-to-date symlink: /home/ubuntu/spas_ws/install/slam_toolbox/share/slam_toolbox/srv/DeserializePoseGraph.idl\n'}
[15.765258] (slam_toolbox) StdoutLine: {'line': b'-- Up-to-date symlink: /home/ubuntu/spas_ws/install/slam_toolbox/share/slam_toolbox/srv/SerializePoseGraph.idl\n'}
[15.769076] (slam_toolbox) StdoutLine: {'line': b'-- Up-to-date symlink: /home/ubuntu/spas_ws/install/slam_toolbox/share/slam_toolbox/srv/Pause.srv\n'}
[15.772765] (slam_toolbox) StdoutLine: {'line': b'-- Up-to-date symlink: /home/ubuntu/spas_ws/install/slam_toolbox/share/slam_toolbox/srv/Pause_Request.msg\n'}
[15.789486] (slam_toolbox) StdoutLine: {'line': b'-- Up-to-date symlink: /home/ubuntu/spas_ws/install/slam_toolbox/share/slam_toolbox/srv/Pause_Response.msg\n'}
[15.793554] (-) TimerEvent: {}
[15.796828] (slam_toolbox) StdoutLine: {'line': b'-- Up-to-date symlink: /home/ubuntu/spas_ws/install/slam_toolbox/share/slam_toolbox/srv/ClearQueue.srv\n'}
[15.800250] (slam_toolbox) StdoutLine: {'line': b'-- Up-to-date symlink: /home/ubuntu/spas_ws/install/slam_toolbox/share/slam_toolbox/srv/ClearQueue_Request.msg\n'}
[15.805207] (slam_toolbox) StdoutLine: {'line': b'-- Up-to-date symlink: /home/ubuntu/spas_ws/install/slam_toolbox/share/slam_toolbox/srv/ClearQueue_Response.msg\n'}
[15.808938] (slam_toolbox) StdoutLine: {'line': b'-- Up-to-date symlink: /home/ubuntu/spas_ws/install/slam_toolbox/share/slam_toolbox/srv/ToggleInteractive.srv\n'}
[15.813982] (slam_toolbox) StdoutLine: {'line': b'-- Up-to-date symlink: /home/ubuntu/spas_ws/install/slam_toolbox/share/slam_toolbox/srv/ToggleInteractive_Request.msg\n'}
[15.827058] (slam_toolbox) StdoutLine: {'line': b'-- Up-to-date symlink: /home/ubuntu/spas_ws/install/slam_toolbox/share/slam_toolbox/srv/ToggleInteractive_Response.msg\n'}
[15.830737] (slam_toolbox) StdoutLine: {'line': b'-- Up-to-date symlink: /home/ubuntu/spas_ws/install/slam_toolbox/share/slam_toolbox/srv/Clear.srv\n'}
[15.834659] (slam_toolbox) StdoutLine: {'line': b'-- Up-to-date symlink: /home/ubuntu/spas_ws/install/slam_toolbox/share/slam_toolbox/srv/Clear_Request.msg\n'}
[15.838437] (slam_toolbox) StdoutLine: {'line': b'-- Up-to-date symlink: /home/ubuntu/spas_ws/install/slam_toolbox/share/slam_toolbox/srv/Clear_Response.msg\n'}
[15.844824] (slam_toolbox) StdoutLine: {'line': b'-- Up-to-date symlink: /home/ubuntu/spas_ws/install/slam_toolbox/share/slam_toolbox/srv/SaveMap.srv\n'}
[15.852480] (slam_toolbox) StdoutLine: {'line': b'-- Up-to-date symlink: /home/ubuntu/spas_ws/install/slam_toolbox/share/slam_toolbox/srv/SaveMap_Request.msg\n'}
[15.860028] (slam_toolbox) StdoutLine: {'line': b'-- Up-to-date symlink: /home/ubuntu/spas_ws/install/slam_toolbox/share/slam_toolbox/srv/SaveMap_Response.msg\n'}
[15.870714] (slam_toolbox) StdoutLine: {'line': b'-- Up-to-date symlink: /home/ubuntu/spas_ws/install/slam_toolbox/share/slam_toolbox/srv/LoopClosure.srv\n'}
[15.874105] (slam_toolbox) StdoutLine: {'line': b'-- Up-to-date symlink: /home/ubuntu/spas_ws/install/slam_toolbox/share/slam_toolbox/srv/LoopClosure_Request.msg\n'}
[15.879271] (slam_toolbox) StdoutLine: {'line': b'-- Up-to-date symlink: /home/ubuntu/spas_ws/install/slam_toolbox/share/slam_toolbox/srv/LoopClosure_Response.msg\n'}
[15.893970] (-) TimerEvent: {}
[15.897076] (slam_toolbox) StdoutLine: {'line': b'-- Up-to-date symlink: /home/ubuntu/spas_ws/install/slam_toolbox/share/slam_toolbox/srv/MergeMaps.srv\n'}
[15.900657] (slam_toolbox) StdoutLine: {'line': b'-- Up-to-date symlink: /home/ubuntu/spas_ws/install/slam_toolbox/share/slam_toolbox/srv/MergeMaps_Request.msg\n'}
[15.906250] (slam_toolbox) StdoutLine: {'line': b'-- Up-to-date symlink: /home/ubuntu/spas_ws/install/slam_toolbox/share/slam_toolbox/srv/MergeMaps_Response.msg\n'}
[15.910622] (slam_toolbox) StdoutLine: {'line': b'-- Up-to-date symlink: /home/ubuntu/spas_ws/install/slam_toolbox/share/slam_toolbox/srv/AddSubmap.srv\n'}
[15.924565] (slam_toolbox) StdoutLine: {'line': b'-- Up-to-date symlink: /home/ubuntu/spas_ws/install/slam_toolbox/share/slam_toolbox/srv/AddSubmap_Request.msg\n'}
[15.928296] (slam_toolbox) StdoutLine: {'line': b'-- Up-to-date symlink: /home/ubuntu/spas_ws/install/slam_toolbox/share/slam_toolbox/srv/AddSubmap_Response.msg\n'}
[15.931865] (slam_toolbox) StdoutLine: {'line': b'-- Up-to-date symlink: /home/ubuntu/spas_ws/install/slam_toolbox/share/slam_toolbox/srv/DeserializePoseGraph.srv\n'}
[15.935301] (slam_toolbox) StdoutLine: {'line': b'-- Up-to-date symlink: /home/ubuntu/spas_ws/install/slam_toolbox/share/slam_toolbox/srv/DeserializePoseGraph_Request.msg\n'}
[15.944965] (slam_toolbox) StdoutLine: {'line': b'-- Up-to-date symlink: /home/ubuntu/spas_ws/install/slam_toolbox/share/slam_toolbox/srv/DeserializePoseGraph_Response.msg\n'}
[15.952670] (slam_toolbox) StdoutLine: {'line': b'-- Up-to-date symlink: /home/ubuntu/spas_ws/install/slam_toolbox/share/slam_toolbox/srv/SerializePoseGraph.srv\n'}
[15.961574] (slam_toolbox) StdoutLine: {'line': b'-- Up-to-date symlink: /home/ubuntu/spas_ws/install/slam_toolbox/share/slam_toolbox/srv/SerializePoseGraph_Request.msg\n'}
[15.965796] (slam_toolbox) StdoutLine: {'line': b'-- Up-to-date symlink: /home/ubuntu/spas_ws/install/slam_toolbox/share/slam_toolbox/srv/SerializePoseGraph_Response.msg\n'}
[15.972479] (slam_toolbox) StdoutLine: {'line': b'-- Up-to-date symlink: /home/ubuntu/spas_ws/install/slam_toolbox/share/slam_toolbox//rviz_plugins.xml\n'}
[15.986040] (slam_toolbox) StdoutLine: {'line': b'-- Up-to-date symlink: /home/ubuntu/spas_ws/install/slam_toolbox/share/slam_toolbox//solver_plugins.xml\n'}
[15.990017] (slam_toolbox) StdoutLine: {'line': b'-- Up-to-date symlink: /home/ubuntu/spas_ws/install/slam_toolbox/lib/slam_toolbox/async_slam_toolbox_node\n'}
[15.994009] (slam_toolbox) StdoutLine: {'line': b'-- Up-to-date symlink: /home/ubuntu/spas_ws/install/slam_toolbox/lib/slam_toolbox/sync_slam_toolbox_node\n'}
[15.998106] (-) TimerEvent: {}
[16.001433] (slam_toolbox) StdoutLine: {'line': b'-- Up-to-date symlink: /home/ubuntu/spas_ws/install/slam_toolbox/lib/slam_toolbox/localization_slam_toolbox_node\n'}
[16.008600] (slam_toolbox) StdoutLine: {'line': b'-- Up-to-date symlink: /home/ubuntu/spas_ws/install/slam_toolbox/lib/slam_toolbox/map_and_localization_slam_toolbox_node\n'}
[16.023465] (slam_toolbox) StdoutLine: {'line': b'-- Up-to-date symlink: /home/ubuntu/spas_ws/install/slam_toolbox/lib/slam_toolbox/merge_maps_kinematic\n'}
[16.034611] (slam_toolbox) StdoutLine: {'line': b'-- Up-to-date symlink: /home/ubuntu/spas_ws/install/slam_toolbox/lib/libtoolbox_common.so\n'}
[16.041251] (slam_toolbox) StdoutLine: {'line': b'-- Up-to-date symlink: /home/ubuntu/spas_ws/install/slam_toolbox/lib/libSlamToolboxPlugin.so\n'}
[16.047650] (slam_toolbox) StdoutLine: {'line': b'-- Up-to-date symlink: /home/ubuntu/spas_ws/install/slam_toolbox/lib/libceres_solver_plugin.so\n'}
[16.060359] (slam_toolbox) StdoutLine: {'line': b'-- Up-to-date symlink: /home/ubuntu/spas_ws/install/slam_toolbox/lib/libasync_slam_toolbox.so\n'}
[16.062542] (slam_toolbox) StdoutLine: {'line': b'-- Up-to-date symlink: /home/ubuntu/spas_ws/install/slam_toolbox/lib/libsync_slam_toolbox.so\n'}
[16.076735] (slam_toolbox) StdoutLine: {'line': b'-- Up-to-date symlink: /home/ubuntu/spas_ws/install/slam_toolbox/lib/liblocalization_slam_toolbox.so\n'}
[16.089648] (slam_toolbox) StdoutLine: {'line': b'-- Up-to-date symlink: /home/ubuntu/spas_ws/install/slam_toolbox/lib/liblifelong_slam_toolbox.so\n'}
[16.092269] (slam_toolbox) StdoutLine: {'line': b'-- Up-to-date symlink: /home/ubuntu/spas_ws/install/slam_toolbox/lib/libmap_and_localization_slam_toolbox.so\n'}
[16.108171] (-) TimerEvent: {}
[16.109921] (slam_toolbox) StdoutLine: {'line': b'-- Up-to-date symlink: /home/ubuntu/spas_ws/install/slam_toolbox/lib/libkartoSlamToolbox.so\n'}
[16.112767] (slam_toolbox) StdoutLine: {'line': b'-- Up-to-date symlink: /home/ubuntu/spas_ws/install/slam_toolbox/include/slam_toolbox/experimental/slam_toolbox_lifelong.hpp\n'}
[16.117435] (slam_toolbox) StdoutLine: {'line': b'-- Up-to-date symlink: /home/ubuntu/spas_ws/install/slam_toolbox/include/slam_toolbox/experimental/slam_toolbox_map_and_localization.hpp\n'}
[16.125409] (slam_toolbox) StdoutLine: {'line': b'-- Up-to-date symlink: /home/ubuntu/spas_ws/install/slam_toolbox/include/slam_toolbox/get_pose_helper.hpp\n'}
[16.127676] (slam_toolbox) StdoutLine: {'line': b'-- Up-to-date symlink: /home/ubuntu/spas_ws/install/slam_toolbox/include/slam_toolbox/laser_utils.hpp\n'}
[16.129797] (slam_toolbox) StdoutLine: {'line': b'-- Up-to-date symlink: /home/ubuntu/spas_ws/install/slam_toolbox/include/slam_toolbox/loop_closure_assistant.hpp\n'}
[16.135998] (slam_toolbox) StdoutLine: {'line': b'-- Up-to-date symlink: /home/ubuntu/spas_ws/install/slam_toolbox/include/slam_toolbox/map_saver.hpp\n'}
[16.142608] (slam_toolbox) StdoutLine: {'line': b'-- Up-to-date symlink: /home/ubuntu/spas_ws/install/slam_toolbox/include/slam_toolbox/merge_maps_kinematic.hpp\n'}
[16.145201] (slam_toolbox) StdoutLine: {'line': b'-- Up-to-date symlink: /home/ubuntu/spas_ws/install/slam_toolbox/include/slam_toolbox/serialization.hpp\n'}
[16.151639] (slam_toolbox) StdoutLine: {'line': b'-- Up-to-date symlink: /home/ubuntu/spas_ws/install/slam_toolbox/include/slam_toolbox/slam_mapper.hpp\n'}
[16.155409] (slam_toolbox) StdoutLine: {'line': b'-- Up-to-date symlink: /home/ubuntu/spas_ws/install/slam_toolbox/include/slam_toolbox/slam_toolbox_async.hpp\n'}
[16.162505] (slam_toolbox) StdoutLine: {'line': b'-- Up-to-date symlink: /home/ubuntu/spas_ws/install/slam_toolbox/include/slam_toolbox/slam_toolbox_common.hpp\n'}
[16.164907] (slam_toolbox) StdoutLine: {'line': b'-- Up-to-date symlink: /home/ubuntu/spas_ws/install/slam_toolbox/include/slam_toolbox/slam_toolbox_localization.hpp\n'}
[16.168151] (slam_toolbox) StdoutLine: {'line': b'-- Up-to-date symlink: /home/ubuntu/spas_ws/install/slam_toolbox/include/slam_toolbox/slam_toolbox_sync.hpp\n'}
[16.174554] (slam_toolbox) StdoutLine: {'line': b'-- Up-to-date symlink: /home/ubuntu/spas_ws/install/slam_toolbox/include/slam_toolbox/snap_utils.hpp\n'}
[16.177300] (slam_toolbox) StdoutLine: {'line': b'-- Up-to-date symlink: /home/ubuntu/spas_ws/install/slam_toolbox/include/slam_toolbox/toolbox_msgs.hpp\n'}
[16.183810] (slam_toolbox) StdoutLine: {'line': b'-- Up-to-date symlink: /home/ubuntu/spas_ws/install/slam_toolbox/include/slam_toolbox/toolbox_types.hpp\n'}
[16.189881] (slam_toolbox) StdoutLine: {'line': b'-- Up-to-date symlink: /home/ubuntu/spas_ws/install/slam_toolbox/include/slam_toolbox/visualization_utils.hpp\n'}
[16.191864] (slam_toolbox) StdoutLine: {'line': b'-- Up-to-date symlink: /home/ubuntu/spas_ws/install/slam_toolbox/share/slam_toolbox/launch/localization_launch.py\n'}
[16.196416] (slam_toolbox) StdoutLine: {'line': b'-- Up-to-date symlink: /home/ubuntu/spas_ws/install/slam_toolbox/share/slam_toolbox/launch/merge_maps_kinematic_launch.py\n'}
[16.202758] (slam_toolbox) StdoutLine: {'line': b'-- Up-to-date symlink: /home/ubuntu/spas_ws/install/slam_toolbox/share/slam_toolbox/launch/offline_launch.py\n'}
[16.204926] (slam_toolbox) StdoutLine: {'line': b'-- Up-to-date symlink: /home/ubuntu/spas_ws/install/slam_toolbox/share/slam_toolbox/launch/online_async_launch.py\n'}
[16.206975] (slam_toolbox) StdoutLine: {'line': b'-- Up-to-date symlink: /home/ubuntu/spas_ws/install/slam_toolbox/share/slam_toolbox/launch/online_sync_launch.py\n'}
[16.213460] (-) TimerEvent: {}
[16.215958] (slam_toolbox) StdoutLine: {'line': b'-- Up-to-date symlink: /home/ubuntu/spas_ws/install/slam_toolbox/share/slam_toolbox/config/mapper_params_lifelong.yaml\n'}
[16.222725] (slam_toolbox) StdoutLine: {'line': b'-- Up-to-date symlink: /home/ubuntu/spas_ws/install/slam_toolbox/share/slam_toolbox/config/mapper_params_localization.yaml\n'}
[16.228331] (slam_toolbox) StdoutLine: {'line': b'-- Up-to-date symlink: /home/ubuntu/spas_ws/install/slam_toolbox/share/slam_toolbox/config/mapper_params_offline.yaml\n'}
[16.235251] (slam_toolbox) StdoutLine: {'line': b'-- Up-to-date symlink: /home/ubuntu/spas_ws/install/slam_toolbox/share/slam_toolbox/config/mapper_params_online_async.yaml\n'}
[16.240857] (slam_toolbox) StdoutLine: {'line': b'-- Up-to-date symlink: /home/ubuntu/spas_ws/install/slam_toolbox/share/slam_toolbox/config/mapper_params_online_sync.yaml\n'}
[16.244688] (slam_toolbox) StdoutLine: {'line': b'-- Up-to-date symlink: /home/ubuntu/spas_ws/install/slam_toolbox/share/slam_toolbox/config/slam_toolbox_default.rviz\n'}
[16.251964] (slam_toolbox) StdoutLine: {'line': b'-- Up-to-date symlink: /home/ubuntu/spas_ws/install/slam_toolbox/share/solver_plugins.xml\n'}
[16.256423] (slam_toolbox) StdoutLine: {'line': b'-- Up-to-date symlink: /home/ubuntu/spas_ws/install/slam_toolbox/share/rviz_plugins.xml\n'}
[16.268191] (slam_toolbox) StdoutLine: {'line': b'-- Up-to-date symlink: /home/ubuntu/spas_ws/install/slam_toolbox/share/ament_index/resource_index/package_run_dependencies/slam_toolbox\n'}
[16.272332] (slam_toolbox) StdoutLine: {'line': b'-- Up-to-date symlink: /home/ubuntu/spas_ws/install/slam_toolbox/share/ament_index/resource_index/parent_prefix_path/slam_toolbox\n'}
[16.292267] (slam_toolbox) StdoutLine: {'line': b'-- Up-to-date symlink: /home/ubuntu/spas_ws/install/slam_toolbox/share/slam_toolbox/environment/ament_prefix_path.sh\n'}
[16.296851] (slam_toolbox) StdoutLine: {'line': b'-- Up-to-date symlink: /home/ubuntu/spas_ws/install/slam_toolbox/share/slam_toolbox/environment/ament_prefix_path.dsv\n'}
[16.301892] (slam_toolbox) StdoutLine: {'line': b'-- Up-to-date symlink: /home/ubuntu/spas_ws/install/slam_toolbox/share/slam_toolbox/environment/path.sh\n'}
[16.304234] (slam_toolbox) StdoutLine: {'line': b'-- Up-to-date symlink: /home/ubuntu/spas_ws/install/slam_toolbox/share/slam_toolbox/environment/path.dsv\n'}
[16.309558] (slam_toolbox) StdoutLine: {'line': b'-- Up-to-date symlink: /home/ubuntu/spas_ws/install/slam_toolbox/share/slam_toolbox/local_setup.bash\n'}
[16.315258] (-) TimerEvent: {}
[16.316857] (slam_toolbox) StdoutLine: {'line': b'-- Up-to-date symlink: /home/ubuntu/spas_ws/install/slam_toolbox/share/slam_toolbox/local_setup.sh\n'}
[16.322653] (slam_toolbox) StdoutLine: {'line': b'-- Up-to-date symlink: /home/ubuntu/spas_ws/install/slam_toolbox/share/slam_toolbox/local_setup.zsh\n'}
[16.327112] (slam_toolbox) StdoutLine: {'line': b'-- Up-to-date symlink: /home/ubuntu/spas_ws/install/slam_toolbox/share/slam_toolbox/local_setup.dsv\n'}
[16.330856] (slam_toolbox) StdoutLine: {'line': b'-- Symlinking: /home/ubuntu/spas_ws/install/slam_toolbox/share/slam_toolbox/package.dsv\n'}
[16.332488] (slam_toolbox) StdoutLine: {'line': b'-- Up-to-date symlink: /home/ubuntu/spas_ws/install/slam_toolbox/share/ament_index/resource_index/packages/slam_toolbox\n'}
[16.333921] (slam_toolbox) StdoutLine: {'line': b'-- Up-to-date symlink: /home/ubuntu/spas_ws/install/slam_toolbox/share/ament_index/resource_index/rclcpp_components/slam_toolbox\n'}
[16.343522] (slam_toolbox) StdoutLine: {'line': b'-- Up-to-date symlink: /home/ubuntu/spas_ws/install/slam_toolbox/share/ament_index/resource_index/rviz_common__pluginlib__plugin/slam_toolbox\n'}
[16.348863] (slam_toolbox) StdoutLine: {'line': b'-- Up-to-date symlink: /home/ubuntu/spas_ws/install/slam_toolbox/share/ament_index/resource_index/slam_toolbox__pluginlib__plugin/slam_toolbox\n'}
[16.351267] (slam_toolbox) StdoutLine: {'line': b'-- Up-to-date symlink: /home/ubuntu/spas_ws/install/slam_toolbox/share/slam_toolbox/cmake/rosidl_cmake-extras.cmake\n'}
[16.362183] (slam_toolbox) StdoutLine: {'line': b'-- Up-to-date symlink: /home/ubuntu/spas_ws/install/slam_toolbox/share/slam_toolbox/cmake/ament_cmake_export_dependencies-extras.cmake\n'}
[16.367222] (slam_toolbox) StdoutLine: {'line': b'-- Up-to-date symlink: /home/ubuntu/spas_ws/install/slam_toolbox/share/slam_toolbox/cmake/ament_cmake_export_include_directories-extras.cmake\n'}
[16.369608] (slam_toolbox) StdoutLine: {'line': b'-- Up-to-date symlink: /home/ubuntu/spas_ws/install/slam_toolbox/share/slam_toolbox/cmake/ament_cmake_export_libraries-extras.cmake\n'}
[16.374869] (slam_toolbox) StdoutLine: {'line': b'-- Up-to-date symlink: /home/ubuntu/spas_ws/install/slam_toolbox/share/slam_toolbox/cmake/ament_cmake_export_targets-extras.cmake\n'}
[16.383986] (slam_toolbox) StdoutLine: {'line': b'-- Up-to-date symlink: /home/ubuntu/spas_ws/install/slam_toolbox/share/slam_toolbox/cmake/rosidl_cmake_export_typesupport_targets-extras.cmake\n'}
[16.386201] (slam_toolbox) StdoutLine: {'line': b'-- Up-to-date symlink: /home/ubuntu/spas_ws/install/slam_toolbox/share/slam_toolbox/cmake/rosidl_cmake_export_typesupport_libraries-extras.cmake\n'}
[16.400138] (slam_toolbox) StdoutLine: {'line': b'-- Up-to-date symlink: /home/ubuntu/spas_ws/install/slam_toolbox/share/slam_toolbox/cmake/slam_toolboxConfig.cmake\n'}
[16.406434] (slam_toolbox) StdoutLine: {'line': b'-- Up-to-date symlink: /home/ubuntu/spas_ws/install/slam_toolbox/share/slam_toolbox/cmake/slam_toolboxConfig-version.cmake\n'}
[16.408256] (slam_toolbox) StdoutLine: {'line': b'-- Up-to-date symlink: /home/ubuntu/spas_ws/install/slam_toolbox/share/slam_toolbox/package.xml\n'}
[16.409939] (slam_toolbox) StdoutLine: {'line': b'-- Up-to-date: /home/ubuntu/spas_ws/install/slam_toolbox/lib/libslam_toolbox__rosidl_generator_c.so\n'}
[16.420824] (-) TimerEvent: {}
[16.422619] (slam_toolbox) StdoutLine: {'line': b'-- Up-to-date: /home/ubuntu/spas_ws/install/slam_toolbox/lib/libslam_toolbox__rosidl_typesupport_fastrtps_c.so\n'}
[16.435807] (slam_toolbox) StdoutLine: {'line': b'-- Up-to-date: /home/ubuntu/spas_ws/install/slam_toolbox/lib/libslam_toolbox__rosidl_typesupport_fastrtps_cpp.so\n'}
[16.440582] (slam_toolbox) StdoutLine: {'line': b'-- Up-to-date: /home/ubuntu/spas_ws/install/slam_toolbox/lib/libslam_toolbox__rosidl_typesupport_introspection_c.so\n'}
[16.443603] (slam_toolbox) StdoutLine: {'line': b'-- Up-to-date: /home/ubuntu/spas_ws/install/slam_toolbox/lib/libslam_toolbox__rosidl_typesupport_c.so\n'}
[16.447359] (slam_toolbox) StdoutLine: {'line': b'-- Up-to-date: /home/ubuntu/spas_ws/install/slam_toolbox/lib/libslam_toolbox__rosidl_typesupport_introspection_cpp.so\n'}
[16.448725] (slam_toolbox) StdoutLine: {'line': b'-- Up-to-date: /home/ubuntu/spas_ws/install/slam_toolbox/lib/libslam_toolbox__rosidl_typesupport_cpp.so\n'}
[16.517782] (-) TimerEvent: {}
[16.632511] (-) TimerEvent: {}
[16.734164] (-) TimerEvent: {}
[16.835982] (-) TimerEvent: {}
[16.939779] (-) TimerEvent: {}
[17.041467] (-) TimerEvent: {}
[17.143282] (-) TimerEvent: {}
[17.213648] (slam_toolbox) StdoutLine: {'line': b"Listing '/home/ubuntu/spas_ws/install/slam_toolbox/local/lib/python3.10/dist-packages/slam_toolbox'...\n"}
[17.216520] (slam_toolbox) StdoutLine: {'line': b"Listing '/home/ubuntu/spas_ws/install/slam_toolbox/local/lib/python3.10/dist-packages/slam_toolbox/srv'...\n"}
[17.243989] (-) TimerEvent: {}
[17.308853] (slam_toolbox) StdoutLine: {'line': b'-- Up-to-date: /home/ubuntu/spas_ws/install/slam_toolbox/lib/libslam_toolbox__rosidl_generator_py.so\n'}
[17.316789] (slam_toolbox) StdoutLine: {'line': b'-- Up-to-date: /home/ubuntu/spas_ws/install/slam_toolbox/share/slam_toolbox/cmake/export_slam_toolbox__rosidl_generator_cExport.cmake\n'}
[17.318717] (slam_toolbox) StdoutLine: {'line': b'-- Up-to-date: /home/ubuntu/spas_ws/install/slam_toolbox/share/slam_toolbox/cmake/export_slam_toolbox__rosidl_generator_cExport-release.cmake\n'}
[17.321887] (slam_toolbox) StdoutLine: {'line': b'-- Up-to-date: /home/ubuntu/spas_ws/install/slam_toolbox/share/slam_toolbox/cmake/export_slam_toolbox__rosidl_typesupport_fastrtps_cExport.cmake\n'}
[17.324649] (slam_toolbox) StdoutLine: {'line': b'-- Up-to-date: /home/ubuntu/spas_ws/install/slam_toolbox/share/slam_toolbox/cmake/export_slam_toolbox__rosidl_typesupport_fastrtps_cExport-release.cmake\n'}
[17.327599] (slam_toolbox) StdoutLine: {'line': b'-- Up-to-date: /home/ubuntu/spas_ws/install/slam_toolbox/share/slam_toolbox/cmake/export_slam_toolbox__rosidl_generator_cppExport.cmake\n'}
[17.330857] (slam_toolbox) StdoutLine: {'line': b'-- Up-to-date: /home/ubuntu/spas_ws/install/slam_toolbox/share/slam_toolbox/cmake/export_slam_toolbox__rosidl_typesupport_fastrtps_cppExport.cmake\n'}
[17.340048] (slam_toolbox) StdoutLine: {'line': b'-- Up-to-date: /home/ubuntu/spas_ws/install/slam_toolbox/share/slam_toolbox/cmake/export_slam_toolbox__rosidl_typesupport_fastrtps_cppExport-release.cmake\n'}
[17.342088] (slam_toolbox) StdoutLine: {'line': b'-- Up-to-date: /home/ubuntu/spas_ws/install/slam_toolbox/share/slam_toolbox/cmake/slam_toolbox__rosidl_typesupport_introspection_cExport.cmake\n'}
[17.352967] (-) TimerEvent: {}
[17.354092] (slam_toolbox) StdoutLine: {'line': b'-- Up-to-date: /home/ubuntu/spas_ws/install/slam_toolbox/share/slam_toolbox/cmake/slam_toolbox__rosidl_typesupport_introspection_cExport-release.cmake\n'}
[17.355955] (slam_toolbox) StdoutLine: {'line': b'-- Up-to-date: /home/ubuntu/spas_ws/install/slam_toolbox/share/slam_toolbox/cmake/slam_toolbox__rosidl_typesupport_cExport.cmake\n'}
[17.357264] (slam_toolbox) StdoutLine: {'line': b'-- Up-to-date: /home/ubuntu/spas_ws/install/slam_toolbox/share/slam_toolbox/cmake/slam_toolbox__rosidl_typesupport_cExport-release.cmake\n'}
[17.359013] (slam_toolbox) StdoutLine: {'line': b'-- Up-to-date: /home/ubuntu/spas_ws/install/slam_toolbox/share/slam_toolbox/cmake/slam_toolbox__rosidl_typesupport_introspection_cppExport.cmake\n'}
[17.360656] (slam_toolbox) StdoutLine: {'line': b'-- Up-to-date: /home/ubuntu/spas_ws/install/slam_toolbox/share/slam_toolbox/cmake/slam_toolbox__rosidl_typesupport_introspection_cppExport-release.cmake\n'}
[17.362211] (slam_toolbox) StdoutLine: {'line': b'-- Up-to-date: /home/ubuntu/spas_ws/install/slam_toolbox/share/slam_toolbox/cmake/slam_toolbox__rosidl_typesupport_cppExport.cmake\n'}
[17.377440] (slam_toolbox) StdoutLine: {'line': b'-- Up-to-date: /home/ubuntu/spas_ws/install/slam_toolbox/share/slam_toolbox/cmake/slam_toolbox__rosidl_typesupport_cppExport-release.cmake\n'}
[17.379100] (slam_toolbox) StdoutLine: {'line': b'-- Up-to-date: /home/ubuntu/spas_ws/install/slam_toolbox/share/slam_toolbox/cmake/export_slam_toolbox__rosidl_generator_pyExport.cmake\n'}
[17.380524] (slam_toolbox) StdoutLine: {'line': b'-- Up-to-date: /home/ubuntu/spas_ws/install/slam_toolbox/share/slam_toolbox/cmake/export_slam_toolbox__rosidl_generator_pyExport-release.cmake\n'}
[17.381929] (slam_toolbox) StdoutLine: {'line': b'-- Up-to-date: /home/ubuntu/spas_ws/install/slam_toolbox/share/slam_toolbox/cmake/SlamToolboxPluginExport.cmake\n'}
[17.406580] (slam_toolbox) StdoutLine: {'line': b'-- Up-to-date: /home/ubuntu/spas_ws/install/slam_toolbox/share/slam_toolbox/cmake/SlamToolboxPluginExport-release.cmake\n'}
[17.408277] (slam_toolbox) CommandEnded: {'returncode': 0}
[17.464482] (-) TimerEvent: {}
[17.568047] (-) TimerEvent: {}
[17.681021] (-) TimerEvent: {}
[17.783029] (-) TimerEvent: {}
[17.904067] (-) TimerEvent: {}
[18.005661] (-) TimerEvent: {}
[18.117772] (-) TimerEvent: {}
[18.168961] (slam_toolbox) JobEnded: {'identifier': 'slam_toolbox', 'rc': 0}
[18.218120] (-) TimerEvent: {}
[18.319540] (-) TimerEvent: {}
[18.421404] (-) TimerEvent: {}
[18.522301] (-) TimerEvent: {}
[18.623375] (-) TimerEvent: {}
[18.726095] (-) TimerEvent: {}
[18.827837] (-) TimerEvent: {}
[18.929530] (-) TimerEvent: {}
[19.031333] (-) TimerEvent: {}
[19.133142] (-) TimerEvent: {}
[19.234821] (-) TimerEvent: {}
[19.336715] (-) TimerEvent: {}
[19.438410] (-) TimerEvent: {}
[19.540087] (-) TimerEvent: {}
[19.641992] (-) TimerEvent: {}
[19.743971] (-) TimerEvent: {}
[19.846019] (-) TimerEvent: {}
[19.948182] (-) TimerEvent: {}
[20.050492] (-) TimerEvent: {}
[20.153094] (-) TimerEvent: {}
[20.257492] (-) TimerEvent: {}
[20.360832] (-) TimerEvent: {}
[20.463910] (-) TimerEvent: {}
[20.567420] (-) TimerEvent: {}
[20.670835] (-) TimerEvent: {}
[20.774194] (-) TimerEvent: {}
[20.876549] (-) TimerEvent: {}
[20.979169] (-) TimerEvent: {}
[21.093825] (-) TimerEvent: {}
[21.196872] (-) TimerEvent: {}
[21.299863] (-) TimerEvent: {}
[21.403153] (-) TimerEvent: {}
[21.507919] (-) TimerEvent: {}
[21.613651] (-) TimerEvent: {}
[21.719601] (-) TimerEvent: {}
[21.788793] (spas_planning) Command: {'cmd': ['/usr/bin/python3', '-W', 'ignore:setup.py install is deprecated', '-W', 'ignore:easy_install command is deprecated', 'setup.py', 'develop', '--editable', '--build-directory', '/home/ubuntu/spas_ws/build/spas_planning/build', '--no-deps', 'symlink_data'], 'cwd': '/home/ubuntu/spas_ws/build/spas_planning', 'env': {'PYTHON_BASIC_REPL': '1', 'LESSOPEN': '| /usr/bin/lesspipe %s', 'USER': 'ubuntu', 'SSH_CLIENT': '192.168.236.158 64914 22', 'XDG_SESSION_TYPE': 'tty', 'GIT_ASKPASS': '/home/ubuntu/.vscode-server/cli/servers/Stable-0958016b2af9f09bb4257e0df4a95e2f90590f9f/server/extensions/git/dist/askpass.sh', 'SHLVL': '1', 'LD_LIBRARY_PATH': '/home/ubuntu/spas_ws/install/slam_toolbox/lib:/opt/ros/humble/opt/rviz_ogre_vendor/lib:/opt/ros/humble/lib/aarch64-linux-gnu:/opt/ros/humble/lib', 'BROWSER': '/home/ubuntu/.vscode-server/cli/servers/Stable-0958016b2af9f09bb4257e0df4a95e2f90590f9f/server/bin/helpers/browser.sh', 'MOTD_SHOWN': 'pam', 'HOME': '/home/ubuntu', 'OLDPWD': '/home/ubuntu/spas_ws/src', 'TERM_PROGRAM_VERSION': '1.120.0', 'VSCODE_IPC_HOOK_CLI': '/run/user/1000/vscode-ipc-4c52080f-8f54-4af6-b1c5-04354886fdd5.sock', 'ROS_PYTHON_VERSION': '3', 'VSCODE_GIT_ASKPASS_MAIN': '/home/ubuntu/.vscode-server/cli/servers/Stable-0958016b2af9f09bb4257e0df4a95e2f90590f9f/server/extensions/git/dist/askpass-main.js', 'VSCODE_GIT_ASKPASS_NODE': '/home/ubuntu/.vscode-server/cli/servers/Stable-0958016b2af9f09bb4257e0df4a95e2f90590f9f/server/node', 'PYDEVD_DISABLE_FILE_VALIDATION': '1', 'BUNDLED_DEBUGPY_PATH': '/home/ubuntu/.vscode-server/extensions/ms-python.debugpy-2026.6.0/bundled/libs/debugpy', 'VSCODE_PYTHON_AUTOACTIVATE_GUARD': '1', 'DBUS_SESSION_BUS_ADDRESS': 'unix:path=/run/user/1000/bus', 'COLORTERM': 'truecolor', 'COLCON_PREFIX_PATH': '/home/ubuntu/spas_ws/install', 'ROS_DISTRO': 'humble', 'LOGNAME': 'ubuntu', '_': '/usr/bin/colcon', 'ROS_VERSION': '2', 'XDG_SESSION_CLASS': 'user', 'TERM': 'xterm-256color', 'XDG_SESSION_ID': '1', 'ROS_LOCALHOST_ONLY': '0', 'PATH': '/opt/ros/humble/bin:/home/ubuntu/.vscode-server/data/User/globalStorage/github.copilot-chat/debugCommand:/home/ubuntu/.vscode-server/data/User/globalStorage/github.copilot-chat/copilotCli:/home/ubuntu/.vscode-server/cli/servers/Stable-0958016b2af9f09bb4257e0df4a95e2f90590f9f/server/bin/remote-cli:/usr/local/sbin:/usr/local/bin:/usr/sbin:/usr/bin:/sbin:/bin:/usr/games:/usr/local/games:/snap/bin:/home/ubuntu/.vscode-server/extensions/ms-python.debugpy-2026.6.0/bundled/scripts/noConfigScripts:/usr/local/bin', 'XDG_RUNTIME_DIR': '/run/user/1000', 'VSCODE_DEBUGPY_ADAPTER_ENDPOINTS': '/home/ubuntu/.vscode-server/extensions/ms-python.debugpy-2026.6.0/.noConfigDebugAdapterEndpoints/endpoint-00d0b5565ef995a9.txt', 'LANG': 'en_US.UTF-8', 'PYTHONSTARTUP': '/home/ubuntu/.vscode-server/data/User/workspaceStorage/f3bef80f69d224608c509b83f13a955a/ms-python.python/pythonrc.py', 'LS_COLORS': 'rs=0:di=01;34:ln=01;36:mh=00:pi=40;33:so=01;35:do=01;35:bd=40;33;01:cd=40;33;01:or=40;31;01:mi=00:su=37;41:sg=30;43:ca=30;41:tw=30;42:ow=34;42:st=37;44:ex=01;32:*.tar=01;31:*.tgz=01;31:*.arc=01;31:*.arj=01;31:*.taz=01;31:*.lha=01;31:*.lz4=01;31:*.lzh=01;31:*.lzma=01;31:*.tlz=01;31:*.txz=01;31:*.tzo=01;31:*.t7z=01;31:*.zip=01;31:*.z=01;31:*.dz=01;31:*.gz=01;31:*.lrz=01;31:*.lz=01;31:*.lzo=01;31:*.xz=01;31:*.zst=01;31:*.tzst=01;31:*.bz2=01;31:*.bz=01;31:*.tbz=01;31:*.tbz2=01;31:*.tz=01;31:*.deb=01;31:*.rpm=01;31:*.jar=01;31:*.war=01;31:*.ear=01;31:*.sar=01;31:*.rar=01;31:*.alz=01;31:*.ace=01;31:*.zoo=01;31:*.cpio=01;31:*.7z=01;31:*.rz=01;31:*.cab=01;31:*.wim=01;31:*.swm=01;31:*.dwm=01;31:*.esd=01;31:*.jpg=01;35:*.jpeg=01;35:*.mjpg=01;35:*.mjpeg=01;35:*.gif=01;35:*.bmp=01;35:*.pbm=01;35:*.pgm=01;35:*.ppm=01;35:*.tga=01;35:*.xbm=01;35:*.xpm=01;35:*.tif=01;35:*.tiff=01;35:*.png=01;35:*.svg=01;35:*.svgz=01;35:*.mng=01;35:*.pcx=01;35:*.mov=01;35:*.mpg=01;35:*.mpeg=01;35:*.m2v=01;35:*.mkv=01;35:*.webm=01;35:*.webp=01;35:*.ogm=01;35:*.mp4=01;35:*.m4v=01;35:*.mp4v=01;35:*.vob=01;35:*.qt=01;35:*.nuv=01;35:*.wmv=01;35:*.asf=01;35:*.rm=01;35:*.rmvb=01;35:*.flc=01;35:*.avi=01;35:*.fli=01;35:*.flv=01;35:*.gl=01;35:*.dl=01;35:*.xcf=01;35:*.xwd=01;35:*.yuv=01;35:*.cgm=01;35:*.emf=01;35:*.ogv=01;35:*.ogx=01;35:*.aac=00;36:*.au=00;36:*.flac=00;36:*.m4a=00;36:*.mid=00;36:*.midi=00;36:*.mka=00;36:*.mp3=00;36:*.mpc=00;36:*.ogg=00;36:*.ra=00;36:*.wav=00;36:*.oga=00;36:*.opus=00;36:*.spx=00;36:*.xspf=00;36:', 'VSCODE_GIT_IPC_HANDLE': '/run/user/1000/vscode-git-a9f1ef9bc6.sock', 'TERM_PROGRAM': 'vscode', 'ROS_DOMAIN_ID': '1', 'AMENT_PREFIX_PATH': '/home/ubuntu/spas_ws/install/spas_planning:/home/ubuntu/spas_ws/install/spas_perception:/home/ubuntu/spas_ws/install/spas_control:/home/ubuntu/spas_ws/install/spas_bringup:/home/ubuntu/spas_ws/install/sllidar_ros2:/home/ubuntu/spas_ws/install/slam_toolbox:/opt/ros/humble', 'SHELL': '/bin/bash', 'LESSCLOSE': '/usr/bin/lesspipe %s %s', 'VSCODE_GIT_ASKPASS_EXTRA_ARGS': '', 'PWD': '/home/ubuntu/spas_ws/build/spas_planning', 'LC_ALL': 'en_US.UTF-8', 'SSH_CONNECTION': '192.168.236.158 64914 192.168.236.18 22', 'PYTHONPATH': '/home/ubuntu/spas_ws/build/spas_planning/prefix_override:/usr/lib/python3/dist-packages/colcon_core/task/python/colcon_distutils_commands:/home/ubuntu/spas_ws/install/spas_planning/lib/python3.10/site-packages:/home/ubuntu/spas_ws/build/spas_planning:/home/ubuntu/spas_ws/install/spas_planning/lib/python3.10/site-packages:/home/ubuntu/spas_ws/build/spas_perception:/home/ubuntu/spas_ws/install/spas_perception/lib/python3.10/site-packages:/home/ubuntu/spas_ws/build/spas_control:/home/ubuntu/spas_ws/install/spas_control/lib/python3.10/site-packages:/home/ubuntu/spas_ws/install/slam_toolbox/local/lib/python3.10/dist-packages:/opt/ros/humble/lib/python3.10/site-packages:/opt/ros/humble/local/lib/python3.10/dist-packages:/usr/local/lib/python3/dist-packages', 'COLCON': '1', 'CMAKE_PREFIX_PATH': '/home/ubuntu/spas_ws/install/spas_bringup:/home/ubuntu/spas_ws/install/sllidar_ros2:/home/ubuntu/spas_ws/install/slam_toolbox'}, 'shell': False}
[21.820153] (-) TimerEvent: {}
[21.922777] (-) TimerEvent: {}
[22.024165] (-) TimerEvent: {}
[22.126223] (-) TimerEvent: {}
[22.228324] (-) TimerEvent: {}
[22.330443] (-) TimerEvent: {}
[22.418378] (spas_control) StdoutLine: {'line': b'running develop\n'}
[22.430656] (-) TimerEvent: {}
[22.531652] (-) TimerEvent: {}
[22.632688] (-) TimerEvent: {}
[22.733563] (-) TimerEvent: {}
[22.834839] (-) TimerEvent: {}
[22.935766] (-) TimerEvent: {}
[23.036807] (-) TimerEvent: {}
[23.138257] (-) TimerEvent: {}
[23.240304] (-) TimerEvent: {}
[23.314978] (spas_perception) Command: {'cmd': ['/usr/bin/python3', '-W', 'ignore:setup.py install is deprecated', '-W', 'ignore:easy_install command is deprecated', 'setup.py', 'develop', '--editable', '--build-directory', '/home/ubuntu/spas_ws/build/spas_perception/build', '--no-deps', 'symlink_data'], 'cwd': '/home/ubuntu/spas_ws/build/spas_perception', 'env': {'PYTHON_BASIC_REPL': '1', 'LESSOPEN': '| /usr/bin/lesspipe %s', 'USER': 'ubuntu', 'SSH_CLIENT': '192.168.236.158 64914 22', 'XDG_SESSION_TYPE': 'tty', 'GIT_ASKPASS': '/home/ubuntu/.vscode-server/cli/servers/Stable-0958016b2af9f09bb4257e0df4a95e2f90590f9f/server/extensions/git/dist/askpass.sh', 'SHLVL': '1', 'LD_LIBRARY_PATH': '/home/ubuntu/spas_ws/install/slam_toolbox/lib:/opt/ros/humble/opt/rviz_ogre_vendor/lib:/opt/ros/humble/lib/aarch64-linux-gnu:/opt/ros/humble/lib', 'BROWSER': '/home/ubuntu/.vscode-server/cli/servers/Stable-0958016b2af9f09bb4257e0df4a95e2f90590f9f/server/bin/helpers/browser.sh', 'MOTD_SHOWN': 'pam', 'HOME': '/home/ubuntu', 'OLDPWD': '/home/ubuntu/spas_ws/src', 'TERM_PROGRAM_VERSION': '1.120.0', 'VSCODE_IPC_HOOK_CLI': '/run/user/1000/vscode-ipc-4c52080f-8f54-4af6-b1c5-04354886fdd5.sock', 'ROS_PYTHON_VERSION': '3', 'VSCODE_GIT_ASKPASS_MAIN': '/home/ubuntu/.vscode-server/cli/servers/Stable-0958016b2af9f09bb4257e0df4a95e2f90590f9f/server/extensions/git/dist/askpass-main.js', 'VSCODE_GIT_ASKPASS_NODE': '/home/ubuntu/.vscode-server/cli/servers/Stable-0958016b2af9f09bb4257e0df4a95e2f90590f9f/server/node', 'PYDEVD_DISABLE_FILE_VALIDATION': '1', 'BUNDLED_DEBUGPY_PATH': '/home/ubuntu/.vscode-server/extensions/ms-python.debugpy-2026.6.0/bundled/libs/debugpy', 'VSCODE_PYTHON_AUTOACTIVATE_GUARD': '1', 'DBUS_SESSION_BUS_ADDRESS': 'unix:path=/run/user/1000/bus', 'COLORTERM': 'truecolor', 'COLCON_PREFIX_PATH': '/home/ubuntu/spas_ws/install', 'ROS_DISTRO': 'humble', 'LOGNAME': 'ubuntu', '_': '/usr/bin/colcon', 'ROS_VERSION': '2', 'XDG_SESSION_CLASS': 'user', 'TERM': 'xterm-256color', 'XDG_SESSION_ID': '1', 'ROS_LOCALHOST_ONLY': '0', 'PATH': '/opt/ros/humble/bin:/home/ubuntu/.vscode-server/data/User/globalStorage/github.copilot-chat/debugCommand:/home/ubuntu/.vscode-server/data/User/globalStorage/github.copilot-chat/copilotCli:/home/ubuntu/.vscode-server/cli/servers/Stable-0958016b2af9f09bb4257e0df4a95e2f90590f9f/server/bin/remote-cli:/usr/local/sbin:/usr/local/bin:/usr/sbin:/usr/bin:/sbin:/bin:/usr/games:/usr/local/games:/snap/bin:/home/ubuntu/.vscode-server/extensions/ms-python.debugpy-2026.6.0/bundled/scripts/noConfigScripts:/usr/local/bin', 'XDG_RUNTIME_DIR': '/run/user/1000', 'VSCODE_DEBUGPY_ADAPTER_ENDPOINTS': '/home/ubuntu/.vscode-server/extensions/ms-python.debugpy-2026.6.0/.noConfigDebugAdapterEndpoints/endpoint-00d0b5565ef995a9.txt', 'LANG': 'en_US.UTF-8', 'PYTHONSTARTUP': '/home/ubuntu/.vscode-server/data/User/workspaceStorage/f3bef80f69d224608c509b83f13a955a/ms-python.python/pythonrc.py', 'LS_COLORS': 'rs=0:di=01;34:ln=01;36:mh=00:pi=40;33:so=01;35:do=01;35:bd=40;33;01:cd=40;33;01:or=40;31;01:mi=00:su=37;41:sg=30;43:ca=30;41:tw=30;42:ow=34;42:st=37;44:ex=01;32:*.tar=01;31:*.tgz=01;31:*.arc=01;31:*.arj=01;31:*.taz=01;31:*.lha=01;31:*.lz4=01;31:*.lzh=01;31:*.lzma=01;31:*.tlz=01;31:*.txz=01;31:*.tzo=01;31:*.t7z=01;31:*.zip=01;31:*.z=01;31:*.dz=01;31:*.gz=01;31:*.lrz=01;31:*.lz=01;31:*.lzo=01;31:*.xz=01;31:*.zst=01;31:*.tzst=01;31:*.bz2=01;31:*.bz=01;31:*.tbz=01;31:*.tbz2=01;31:*.tz=01;31:*.deb=01;31:*.rpm=01;31:*.jar=01;31:*.war=01;31:*.ear=01;31:*.sar=01;31:*.rar=01;31:*.alz=01;31:*.ace=01;31:*.zoo=01;31:*.cpio=01;31:*.7z=01;31:*.rz=01;31:*.cab=01;31:*.wim=01;31:*.swm=01;31:*.dwm=01;31:*.esd=01;31:*.jpg=01;35:*.jpeg=01;35:*.mjpg=01;35:*.mjpeg=01;35:*.gif=01;35:*.bmp=01;35:*.pbm=01;35:*.pgm=01;35:*.ppm=01;35:*.tga=01;35:*.xbm=01;35:*.xpm=01;35:*.tif=01;35:*.tiff=01;35:*.png=01;35:*.svg=01;35:*.svgz=01;35:*.mng=01;35:*.pcx=01;35:*.mov=01;35:*.mpg=01;35:*.mpeg=01;35:*.m2v=01;35:*.mkv=01;35:*.webm=01;35:*.webp=01;35:*.ogm=01;35:*.mp4=01;35:*.m4v=01;35:*.mp4v=01;35:*.vob=01;35:*.qt=01;35:*.nuv=01;35:*.wmv=01;35:*.asf=01;35:*.rm=01;35:*.rmvb=01;35:*.flc=01;35:*.avi=01;35:*.fli=01;35:*.flv=01;35:*.gl=01;35:*.dl=01;35:*.xcf=01;35:*.xwd=01;35:*.yuv=01;35:*.cgm=01;35:*.emf=01;35:*.ogv=01;35:*.ogx=01;35:*.aac=00;36:*.au=00;36:*.flac=00;36:*.m4a=00;36:*.mid=00;36:*.midi=00;36:*.mka=00;36:*.mp3=00;36:*.mpc=00;36:*.ogg=00;36:*.ra=00;36:*.wav=00;36:*.oga=00;36:*.opus=00;36:*.spx=00;36:*.xspf=00;36:', 'VSCODE_GIT_IPC_HANDLE': '/run/user/1000/vscode-git-a9f1ef9bc6.sock', 'TERM_PROGRAM': 'vscode', 'ROS_DOMAIN_ID': '1', 'AMENT_PREFIX_PATH': '/home/ubuntu/spas_ws/install/spas_planning:/home/ubuntu/spas_ws/install/spas_perception:/home/ubuntu/spas_ws/install/spas_control:/home/ubuntu/spas_ws/install/spas_bringup:/home/ubuntu/spas_ws/install/sllidar_ros2:/home/ubuntu/spas_ws/install/slam_toolbox:/opt/ros/humble', 'SHELL': '/bin/bash', 'LESSCLOSE': '/usr/bin/lesspipe %s %s', 'VSCODE_GIT_ASKPASS_EXTRA_ARGS': '', 'PWD': '/home/ubuntu/spas_ws/build/spas_perception', 'LC_ALL': 'en_US.UTF-8', 'SSH_CONNECTION': '192.168.236.158 64914 192.168.236.18 22', 'PYTHONPATH': '/home/ubuntu/spas_ws/build/spas_perception/prefix_override:/usr/lib/python3/dist-packages/colcon_core/task/python/colcon_distutils_commands:/home/ubuntu/spas_ws/install/spas_perception/lib/python3.10/site-packages:/home/ubuntu/spas_ws/build/spas_planning:/home/ubuntu/spas_ws/install/spas_planning/lib/python3.10/site-packages:/home/ubuntu/spas_ws/build/spas_perception:/home/ubuntu/spas_ws/install/spas_perception/lib/python3.10/site-packages:/home/ubuntu/spas_ws/build/spas_control:/home/ubuntu/spas_ws/install/spas_control/lib/python3.10/site-packages:/home/ubuntu/spas_ws/install/slam_toolbox/local/lib/python3.10/dist-packages:/opt/ros/humble/lib/python3.10/site-packages:/opt/ros/humble/local/lib/python3.10/dist-packages:/usr/local/lib/python3/dist-packages', 'COLCON': '1', 'CMAKE_PREFIX_PATH': '/home/ubuntu/spas_ws/install/spas_bringup:/home/ubuntu/spas_ws/install/sllidar_ros2:/home/ubuntu/spas_ws/install/slam_toolbox'}, 'shell': False}
[23.340495] (-) TimerEvent: {}
[23.441797] (-) TimerEvent: {}
[23.543033] (-) TimerEvent: {}
[23.644441] (-) TimerEvent: {}
[23.745898] (-) TimerEvent: {}
[23.848537] (-) TimerEvent: {}
[23.951001] (-) TimerEvent: {}
[24.053653] (-) TimerEvent: {}
[24.157012] (-) TimerEvent: {}
[24.261599] (-) TimerEvent: {}
[24.366489] (-) TimerEvent: {}
[24.470876] (-) TimerEvent: {}
[24.575976] (-) TimerEvent: {}
[24.680932] (-) TimerEvent: {}
[24.785451] (-) TimerEvent: {}
[24.889607] (-) TimerEvent: {}
[24.994765] (-) TimerEvent: {}
[25.081972] (spas_planning) StdoutLine: {'line': b'running develop\n'}
[25.095084] (-) TimerEvent: {}
[25.199351] (-) TimerEvent: {}
[25.304053] (-) TimerEvent: {}
[25.408424] (-) TimerEvent: {}
[25.512813] (-) TimerEvent: {}
[25.617966] (-) TimerEvent: {}
[25.722353] (-) TimerEvent: {}
[25.825396] (-) TimerEvent: {}
[25.930098] (-) TimerEvent: {}
[26.034891] (-) TimerEvent: {}
[26.139233] (-) TimerEvent: {}
[26.243780] (-) TimerEvent: {}
[26.348295] (-) TimerEvent: {}
[26.361884] (spas_control) StdoutLine: {'line': b'running egg_info\n'}
[26.368479] (spas_control) StdoutLine: {'line': b'writing spas_control.egg-info/PKG-INFO\n'}
[26.370957] (spas_control) StdoutLine: {'line': b'writing dependency_links to spas_control.egg-info/dependency_links.txt\n'}
[26.390330] (spas_control) StdoutLine: {'line': b'writing entry points to spas_control.egg-info/entry_points.txt\n'}
[26.396545] (spas_control) StdoutLine: {'line': b'writing requirements to spas_control.egg-info/requires.txt\n'}
[26.415502] (spas_control) StdoutLine: {'line': b'writing top-level names to spas_control.egg-info/top_level.txt\n'}
[26.426852] (spas_control) StdoutLine: {'line': b"reading manifest file 'spas_control.egg-info/SOURCES.txt'\n"}
[26.433438] (spas_control) StdoutLine: {'line': b"writing manifest file 'spas_control.egg-info/SOURCES.txt'\n"}
[26.449512] (-) TimerEvent: {}
[26.456862] (spas_control) StdoutLine: {'line': b'running build_ext\n'}
[26.475929] (spas_control) StdoutLine: {'line': b'Creating /home/ubuntu/spas_ws/install/spas_control/lib/python3.10/site-packages/spas-control.egg-link (link to .)\n'}
[26.490075] (spas_control) StdoutLine: {'line': b'Installing stm32_bridge_node script to /home/ubuntu/spas_ws/install/spas_control/lib/spas_control\n'}
[26.504494] (spas_control) StdoutLine: {'line': b'\n'}
[26.520235] (spas_control) StdoutLine: {'line': b'Installed /home/ubuntu/spas_ws/build/spas_control\n'}
[26.521830] (spas_control) StdoutLine: {'line': b'running symlink_data\n'}
[26.549848] (-) TimerEvent: {}
[26.652226] (-) TimerEvent: {}
[26.753998] (-) TimerEvent: {}
[26.850489] (spas_control) CommandEnded: {'returncode': 0}
[26.872215] (-) TimerEvent: {}
[26.978964] (-) TimerEvent: {}
[27.058731] (spas_control) JobEnded: {'identifier': 'spas_control', 'rc': 0}
[27.079353] (-) TimerEvent: {}
[27.181763] (-) TimerEvent: {}
[27.285535] (-) TimerEvent: {}
[27.387736] (-) TimerEvent: {}
[27.489917] (-) TimerEvent: {}
[27.594645] (-) TimerEvent: {}
[27.696113] (-) TimerEvent: {}
[27.797334] (-) TimerEvent: {}
[27.899612] (-) TimerEvent: {}
[28.001154] (-) TimerEvent: {}
[28.102961] (-) TimerEvent: {}
[28.204366] (-) TimerEvent: {}
[28.285585] (spas_planning) StdoutLine: {'line': b'running egg_info\n'}
[28.287047] (spas_planning) StdoutLine: {'line': b'writing spas_planning.egg-info/PKG-INFO\n'}
[28.288267] (spas_planning) StdoutLine: {'line': b'writing dependency_links to spas_planning.egg-info/dependency_links.txt\n'}
[28.290071] (spas_planning) StdoutLine: {'line': b'writing entry points to spas_planning.egg-info/entry_points.txt\n'}
[28.291355] (spas_planning) StdoutLine: {'line': b'writing requirements to spas_planning.egg-info/requires.txt\n'}
[28.292722] (spas_planning) StdoutLine: {'line': b'writing top-level names to spas_planning.egg-info/top_level.txt\n'}
[28.304479] (spas_planning) StdoutLine: {'line': b"reading manifest file 'spas_planning.egg-info/SOURCES.txt'\n"}
[28.305312] (-) TimerEvent: {}
[28.308509] (spas_planning) StdoutLine: {'line': b"writing manifest file 'spas_planning.egg-info/SOURCES.txt'\n"}
[28.318304] (spas_planning) StdoutLine: {'line': b'running build_ext\n'}
[28.319640] (spas_planning) StdoutLine: {'line': b'Creating /home/ubuntu/spas_ws/install/spas_planning/lib/python3.10/site-packages/spas-planning.egg-link (link to .)\n'}
[28.325039] (spas_planning) StdoutLine: {'line': b'Installing hybrid_A_star_node script to /home/ubuntu/spas_ws/install/spas_planning/lib/spas_planning\n'}
[28.326381] (spas_planning) StdoutLine: {'line': b'Installing parking_space_detector script to /home/ubuntu/spas_ws/install/spas_planning/lib/spas_planning\n'}
[28.327584] (spas_planning) StdoutLine: {'line': b'Installing safety_node script to /home/ubuntu/spas_ws/install/spas_planning/lib/spas_planning\n'}
[28.329070] (spas_planning) StdoutLine: {'line': b'Installing vehicle_control_node script to /home/ubuntu/spas_ws/install/spas_planning/lib/spas_planning\n'}
[28.330347] (spas_planning) StdoutLine: {'line': b'\n'}
[28.330881] (spas_planning) StdoutLine: {'line': b'Installed /home/ubuntu/spas_ws/build/spas_planning\n'}
[28.341742] (spas_planning) StdoutLine: {'line': b'running symlink_data\n'}
[28.405751] (-) TimerEvent: {}
[28.507454] (-) TimerEvent: {}
[28.539008] (spas_perception) StdoutLine: {'line': b'running develop\n'}
[28.607869] (-) TimerEvent: {}
[28.701320] (spas_planning) CommandEnded: {'returncode': 0}
[28.720459] (-) TimerEvent: {}
[28.824949] (-) TimerEvent: {}
[28.879123] (spas_planning) JobEnded: {'identifier': 'spas_planning', 'rc': 0}
[28.925274] (-) TimerEvent: {}
[29.027136] (-) TimerEvent: {}
[29.129061] (-) TimerEvent: {}
[29.232032] (-) TimerEvent: {}
[29.335266] (-) TimerEvent: {}
[29.438191] (-) TimerEvent: {}
[29.541539] (-) TimerEvent: {}
[29.643192] (-) TimerEvent: {}
[29.744977] (-) TimerEvent: {}
[29.846569] (-) TimerEvent: {}
[29.948234] (-) TimerEvent: {}
[30.049857] (-) TimerEvent: {}
[30.151456] (-) TimerEvent: {}
[30.253481] (-) TimerEvent: {}
[30.355066] (-) TimerEvent: {}
[30.457934] (-) TimerEvent: {}
[30.562017] (-) TimerEvent: {}
[30.667287] (-) TimerEvent: {}
[30.773137] (-) TimerEvent: {}
[30.877165] (-) TimerEvent: {}
[30.979369] (-) TimerEvent: {}
[31.081523] (-) TimerEvent: {}
[31.183362] (-) TimerEvent: {}
[31.285077] (-) TimerEvent: {}
[31.386818] (-) TimerEvent: {}
[31.488768] (-) TimerEvent: {}
[31.592117] (-) TimerEvent: {}
[31.696446] (-) TimerEvent: {}
[31.797751] (-) TimerEvent: {}
[31.899497] (-) TimerEvent: {}
[32.000991] (-) TimerEvent: {}
[32.051722] (spas_perception) StdoutLine: {'line': b'running egg_info\n'}
[32.054072] (spas_perception) StdoutLine: {'line': b'writing spas_perception.egg-info/PKG-INFO\n'}
[32.056646] (spas_perception) StdoutLine: {'line': b'writing dependency_links to spas_perception.egg-info/dependency_links.txt\n'}
[32.058734] (spas_perception) StdoutLine: {'line': b'writing entry points to spas_perception.egg-info/entry_points.txt\n'}
[32.060763] (spas_perception) StdoutLine: {'line': b'writing requirements to spas_perception.egg-info/requires.txt\n'}
[32.062716] (spas_perception) StdoutLine: {'line': b'writing top-level names to spas_perception.egg-info/top_level.txt\n'}
[32.075179] (spas_perception) StdoutLine: {'line': b"reading manifest file 'spas_perception.egg-info/SOURCES.txt'\n"}
[32.079663] (spas_perception) StdoutLine: {'line': b"writing manifest file 'spas_perception.egg-info/SOURCES.txt'\n"}
[32.089158] (spas_perception) StdoutLine: {'line': b'running build_ext\n'}
[32.094500] (spas_perception) StdoutLine: {'line': b'Creating /home/ubuntu/spas_ws/install/spas_perception/lib/python3.10/site-packages/spas-perception.egg-link (link to .)\n'}
[32.099593] (spas_perception) StdoutLine: {'line': b'Installing sensor_filter_node script to /home/ubuntu/spas_ws/install/spas_perception/lib/spas_perception\n'}
[32.102338] (-) TimerEvent: {}
[32.106485] (spas_perception) StdoutLine: {'line': b'\n'}
[32.111445] (spas_perception) StdoutLine: {'line': b'Installed /home/ubuntu/spas_ws/build/spas_perception\n'}
[32.112460] (spas_perception) StdoutLine: {'line': b'running symlink_data\n'}
[32.202576] (-) TimerEvent: {}
[32.305234] (-) TimerEvent: {}
[32.340005] (spas_perception) CommandEnded: {'returncode': 0}
[32.405773] (-) TimerEvent: {}
[32.418641] (spas_perception) JobEnded: {'identifier': 'spas_perception', 'rc': 0}
[32.425016] (-) EventReactorShutdown: {}
