:020000040800F2
:10000000387F012015030008AB4F0008F9420008B3
:10001000A94F0008510C00086F780008000000008C
:100020000000000000000000000000005502000871
:10003000C30D000800000000B10200084D51000887
:100040002F0300082F0300082F0300082F030008C8
:100050002F0300082F0300082F0300082F030008B8
:100060002F0300082F0300082F030008710C00085D
:100070007D0C0008890C0008950C0008A10C0008F4
:10008000AD0C0008B90C00082F0300082F0300086E
:100090002F0300082F0300082F0300082F03000878
:1000A0002F0300082F0300082F0300082F03000868
:1000B0001D52000859520008955200082F030008ED
:1000C0002F0300082F0300082F0300082F03000848
:1000D0002F0300082F030008C15A0008CD5A00085A
:1000E000C50D00082F0300082F030008A9530008BE
:1000F00001540008F55300082F030008C50C000840
:100100002F0300082F030008D15200082F03000816
:100110002F030008C95700082F0300080D530008DB
:100120002F0300082F0300082F0300082F030008E7
:100130002F0300082F0300082F0300082F030008D7
:100140002F0300082F0300082F0300082F030008C7
:100150002F0300082F0300082F030008D95A0008B6
:100160002F0300082F0300082F0300082F030008A7
:100170002F030008B14F00082F0300080000000003
:100180002F0300082F03000800F002F800F052F8D7
:100190000AA090E8000C82448344AAF10107DA45E2
:1001A00001D100F047F8AFF2090EBAE80F0013F0E2
:1001B000010F18BFFB1A43F00103184740CA0000A3
:1001C00060CA00000A4410F8014B14F00F0508BF84
:1001D00010F8015B240908BF10F8014B6D1E05D013
:1001E00010F8013B6D1E01F8013BF9D1641E03D0EC
:1001F000641E01F8015BFBD19142E4D3704700001B
:100200000023002400250026103A28BF78C1FBD81F
:10021000520728BF30C148BF0B60704700207047AD
:100220001FB50CF05AFA9DE8030000F015FB1FBD46
:1002300010B510BD00F099FB1146FFF7F1FF08F073
:10024000BFFD00F0B7FB03B4FFF7F2FF03BC07F0FC
:10025000D2FD00002C4B19680868B0E8F04F80F31D
:100260000988BFF36F8F4FF0000080F3118870474B
:100270000000000008480068006880F308884FF01C
:10028000000080F3148862B661B6BFF34F8FBFF3EE
:100290006F8F00DF00BF00BF08ED00E0DFF80C004B
:1002A000016841F470010160704700BF88ED00E013
:1002B000EFF30980BFF36F8F134B1A681EF0100F16
:1002C00008BF20ED108A20E9F04F106009B44FF00C
:1002D000500080F31188BFF34F8FBFF36F8F0AF088
:1002E0007FFD4FF0000080F3118809BC1968086891
:1002F000B0E8F04F1EF0100F08BFB0EC108A80F38A
:100300000988BFF36F8F704780000020EFF30580EE
:10031000704700000948804709480047FEE7FEE7AC
:10032000FEE7FEE7FEE7FEE7FEE7FEE7FEE7FEE7A5
:1003300004480549054A064B704700000152000871
:100340008901000838770120387F012038790120A1
:1003500038790120704770B5064600F061FA0568EB
:1003600006F10B0020F00704B4429CBF002070BDD2
:100370002B466A68BAB11068A04210D304F1080194
:1003800088423CBF5068586007D3516810194160DB
:100390001168091B016058601460101D70BD134680
:1003A0005268002AE7D12146284600F041FA002889
:1003B000DED170BD70B50446051F00F031FA00684B
:1003C000002C14BF446870BD002C18BFAC423CBF69
:1003D00020466468F8D301680A18AA4218BF45602D
:1003E00003D12A6805461144016028684119A142D9
:1003F0001CBF6C6070BD616869602168084428603A
:1004000070BD53EA020C00F069802DE9F04B4FF00B
:100410000006002B1FBFB3FA83F503FA05F424FA94
:1004200005F65E4012BF1643B2FA82F502FA05F4F1
:10043000C5F120051EBF22FA05FC44EA0C04203554
:1004400056EA044C4FEA144418BF641C4FF00008ED
:100450004FF00009904271EB030C39D3002919BF0A
:10046000B1FA81F701FA07F6B0FA80F700FA07F659
:10047000C7F120071EBF20FA07FC46EA0C0620370A
:10048000B6FBF4FCA7EB0507103F07F01F0BCBF101
:1004900020060CFA0BFB2CFA06F644BFB3460026E6
:1004A000202FA4BF5E464FF0000B5BEA060C08BF8E
:1004B0004FF0010B19EB0B09ABFB027C48EB060874
:1004C000C01B06FB02CC0BFB03CC71EB0C01C1E79C
:1004D0000B46024641464846BDE8F08B13B54FF047
:1004E00000004FF00001AFF30080BDE81C407047F2
:1004F0000FB4044910B503AA029800F0E3F910BC48
:100500005DF814FB600100202DE9F05F8946044688
:100510004FF0000ADFF824B1FB44C0F820A02046C9
:10052000E168884700287DD0252806D0D4E901213C
:100530009047206A401C2062F1E700255F46204674
:10054000E16888472028064607DB312E05D2B81916
:1005500010F8200C08B10543F1E7A80701D525F0F4
:100560000405C4F81CA00027C4F818A02A2E09D03E
:10057000304607F039FC38B304EB8708303EC8F842
:10058000186019E059F8041B204604EB87029161BA
:10059000E1688847012F064618D1E069002820DA73
:1005A00025F020051DE0D8F8180000EB800006EBD0
:1005B00040003038C8F818002046E16888470646F1
:1005C00007F012FC0028EED1012F0AD02E2E08D100
:1005D0002046E16888477F1C0646022F45F020052B
:1005E000C4DBA069002803DA404245F00105A061A0
:1005F000E80701D025F01005A6B1A6F141001928A1
:1006000002D8203645F400654A463146204625602A
:100610004D46FFF703FE60B1012807D0ED1D25F020
:10062000070000E007E000F1080978E705F1040998
:1006300075E730467AE7206ABDE8F09F6CC4000099
:1006400040EA0103024630B59B0710D14FF0013458
:1006500000E008C208C91D1B9D4315EAC41FF8D05D
:1006600013F0FF0102F8011B0DD01B0AF8E711F887
:10067000013B002B02F8013B05D011F8013B002B98
:1006800002F8013BF3D130BD032A40F2308010F074
:10069000030C00F0158011F8013BBCF1020F62441D
:1006A00098BF11F801CB00F8013B38BF11F8013BAE
:1006B000A2F1040298BF00F801CB38BF00F8013B5B
:1006C00011F0030300F02580083AC0F0088051F8CB
:1006D000043B083A51F804CBA0E80810F5E7121DD6
:1006E0005CBF51F8043B40F8043BAFF30080D207F5
:1006F00024BF11F8013B11F801CB48BF11F8012BC1
:1007000024BF00F8013B00F801CB48BF00F8012BE3
:10071000704710B5203AC0F00B80B1E81850203A6D
:10072000A0E81850B1E81850A0E81850BFF4F5AF91
:100730005FEA027C24BFB1E81850A0E8185044BF1B
:1007400018C918C0BDE810405FEA827C24BF51F888
:10075000043B40F8043B08BF7047D20728BF31F87C
:10076000023B48BF11F8012B28BF20F8023B48BFCD
:1007700000F8012B704702F0FF0343EA032242EA2C
:10078000024200F002B84FF000020429C0F01280CB
:1007900010F0030C00F01B80CCF1040CBCF1020F34
:1007A00018BF00F8012BA8BF20F8022BA1EB0C0109
:1007B00000F00DB85FEAC17C24BF00F8012B00F8FF
:1007C000012B48BF00F8012B70474FF0000200B525
:1007D000134694469646203922BFA0E80C50A0E864
:1007E0000C50B1F12001BFF4F7AF090728BFA0E812
:1007F0000C5048BF0CC05DF804EB890028BF40F8DE
:10080000042B08BF704748BF20F8022B11F0804F1F
:1008100018BF00F8012B704770477047704770474A
:1008200000487047E0760120704770477047704776
:1008300038B504460A4600206946AFF30080002818
:1008400008BF38BD02460099204600F051F801204B
:1008500038BD012000F082B8F8B5AFF3008005463E
:1008600000200C46102000BF0646A819A0420DD952
:10087000324669460020AFF30080070008BF00F051
:100880006DF80098A04218BF0546C419FFF7C8FFCD
:1008900005600746F01D20F007004619284600F0C5
:1008A0000AF8B44208BFF8BDA21B31463868BDE85B
:1008B000F84000F01DB800210160C0E90110704748
:1008C00010207047074B70B50D467B4400F02FF8A1
:1008D0000446284600F03EF810B14FF0FF3070BDDE
:1008E000204670BDBB7E000000487047D8760120CE
:1008F000034640688C46002818BF88423CBF034628
:100900004068F8D318681844884207D00CF10300F7
:1009100020F00700001D411A521A0146081D0A6006
:10092000FFF748BD01694A1C02610878704700B5AD
:100930008FB0CDE901310021059105497944CDE918
:10094000031011466846FFF7DFFD0FB000BD000041
:10095000E5FFFFFF007B00F08000704710B500F05E
:1009600037F8BDE8104000F02EB87546FFF7BCFF21
:10097000AE4605006946534620F00700854618B08C
:1009800020B5FFF7D5FCBDE820404FF000064FF042
:1009900000074FF000084FF0000B21F00701AC46B4
:1009A000ACE8C009ACE8C009ACE8C009ACE8C009D3
:1009B0008D46704710B50446AFF300802046BDE871
:1009C0001040FFF740BC002801D007F014BA704770
:1009D00010B5012805D0002103A000F021F8012066
:1009E00010BD09A1F8E7000053494752544D454D49
:1009F0003A204F7574206F662068656170206D65C0
:100A00006D6F7279000000003A2048656170206DBA
:100A1000656D6F727920636F7272757074656400B2
:100A200070B505460C460A2000E06D1C07F0E4F99D
:100A300035B128780028F8D102E0641C07F0DCF911
:100A400014B120780028F8D1BDE870400A2007F0E2
:100A5000D3B910B50146806B026C12F0500F05D06F
:100A6000026CD20626D500F073FB10BD016C41F478
:100A70000071016401688A6812F0405F17D1027E3C
:100A8000AAB9CA6A12F4700F02D08A6852050ED44D
:100A90004A6822F020024A60016C21F480710164EE
:100AA000016CC90403D4016C41F00101016400F040
:100AB0004DFB10BD806BC26CBDE81040084610476E
:100AC00010B5806B40210164416C41F00401416428
:100AD00000F03EFB10BD10B5806B00F038FB10BD80
:100AE000464910B54A6822F440324A604A68436871
:100AF0001A434A6001684A6822F480724A600168B9
:100B00004A68036942EA03224A6001684A6822F09F
:100B100040724A6001684A6883681A434A60016803
:100B20008A6822F400628A6001688A68C3681A438E
:100B30008A60816A6FF07062D14201688A6822F02F
:100B400070628A6001688A680CD0836A1A438A607E
:100B500001688A6822F040528A6001688A68C36A24
:100B60001A4301E022F040528A6001688A6822F04C
:100B700002028A6001688A68037E42EA43028A6050
:100B800090F82010002901684A680FD042F40062F2
:100B90004A6001684A6822F460424A6001684A6813
:100BA000174C436A04EB43331A4301E022F400621A
:100BB0004A600168CA6A22F47002CA620168CA6A9D
:100BC000838B104C04EB03531A43CA6201688A6892
:100BD00022F400728A6001688A6890F8303042EA34
:100BE00043228A6001688A6822F480628A60016810
:100BF0008A68406942EA8020886010BD0023014075
:100C000000E0FFFF0000F0FF6FF03B02904209DAC6
:100C1000914201DA442070473C2901DD42207047AF
:100C2000432070473C2809DD914201DA4620704795
:100C30003C2901DD4820704747207047914201DA86
:100C4000452070473C2901DD41207047492070470D
:100C5000FEE710B5C378002202219B1C03E0445C30
:100C6000491C224492B28B42F9DCD043C0B210BD81
:100C7000014800F08FBC00002C350020014800F036
:100C800089BC00004C360020014800F083BC000005
:100C90008C290020014800F07DBC0000AC3600200B
:100CA000014800F077BC0000CC2A0020014800F089
:100CB00071BC00008C350020014800F06BBC0000C6
:100CC000EC350020014800F065BC0000EC29002054
:100CD00001681823CAB2103AB2FBF3F2054B6FF366
:100CE0000901032A9B5CC36500D9091D816508467B
:100CF0007047000058C9000810B5014600208B69F4
:100D00008A6A4FF0C07453B1B3F5005F15D072B169
:100D1000012A0CD0022A0AD0032A09D104E01AB110
:100D2000012A06D0022A03D1C96AC90100D50120CF
:100D300010BDC96AA142FAD010BD002AF7D0012A1D
:100D4000F2D0022AF3D0032AF3D010BD30B50468E4
:100D5000256825F480252560046863608368402B3E
:100D6000036803D099600068C26030BD9A60006873
:100D7000C16030BD10B500210A4600EB8103491C5B
:100D8000C3F884241029F8D300214FF400734418C9
:100D9000491C84F81C229942F9D302704270012147
:100DA0008170C0F8C424017640238371427680F8B4
:100DB0001C2480F81D1480F81F2480F81E240020B5
:100DC00010BD704705480168C90405D5811401604C
:100DD0000348006808F034BD70470000143C01402F
:100DE0005000002072B6FEE7002229B101291AD076
:100DF00002291BD04FF440720E490B6823F4407354
:100E00000B600B6813430B600A6822F0F8020A605B
:100E10000A68022303EBC00002430A60086840F43A
:100E20008030086070474FF48072E5E74FF400723D
:100E3000E2E70000103C02401348016889050FD525
:100E4000016821F400710160016841F400610160F2
:100E5000016821F400610160016841F400710160E2
:100E6000016849050FD5016821F4806101600168BE
:100E700041F480510160016821F4805101600168F2
:100E800041F4806101607047003C024008490A68F3
:100E900022F440720A600A6842F004020A600A689A
:100EA0004FF4803343EA002002430A607047000099
:100EB000103C0240064A136823F440731360136821
:100EC0001360136843F00103136001707047000062
:100ED000103C0240094910B50C6824F440740C60C1
:100EE0000C6844F440740C600C6844F001040C601D
:100EF0000260BFF36F8F436010BD0000103C0240E2
:100F0000074A136823F440731360136843F4807333
:100F10001360136843F00103136001807047000001
:100F2000103C0240074A136823F4407313601368AF
:100F300043F400731360136843F00103136001600E
:100F400070470000103C024017490868C206174865
:100F500005D5C26942F01002C26110220A600A6817
:100F6000920605D5C26942F00802C26120220A60D9
:100F70000A68520605D5C26942F00402C2614022E5
:100F80000A600A68120605D5C26942F00202C2610F
:100F900080220A600A68920705D5C26942F02002E1
:100FA000C2610220086070470C3C0240C03700203C
:100FB00070B5114904460020C86100F00BFE0546DB
:100FC0000E4E09E0601C07D024B100F003FE401B68
:100FD000A04201D9032070BD3068C003F2D430684C
:100FE000C00701D001203060306810F0F200F2D06C
:100FF000FFF7AAFF012070BDC03700200C3C024063
:1010000078B50024009490F83C20012A19D00122E0
:1010100080F83C200A6807250368092A13D9DE688E
:101020000A3A02EB42029540AE43DE600A788B68D2
:101030000A3A02EB420293400268D5682B43D36020
:1010400010E0022078BD1E6902EB42029540AE43DB
:101050001E610A788B6802EB4202934002681569B0
:101060002B4313614A681F25072A13D203685E6B5E
:10107000521E02EB82029540AE435E630A8893B231
:101080000A79521E02EB820293400268556B2B4391
:10109000536327E003680D2A12D21E6BD21F02EBA6
:1010A00082029540AE431E630A8893B20A79D21F2A
:1010B00002EB820293400268156B2B43136311E02D
:1010C000DE6A0D3A02EB82029540AE43DE620A8888
:1010D00093B20A790D3A02EB820293400268D56A14
:1010E0002B43D362164B0568144A9D4206D10D6806
:1010F000122D03D1556845F48005556005689D4261
:1011000018D10B68102B01D0112B13D1536843F465
:1011100000035360096810290CD10A490A4A09687A
:10112000B1FBF2F101EB8101490000E0491E0091A1
:101130000029FBD180F83C40002078BD002301400D
:10114000002001407000002040420F0070477047AF
:10115000704770B504004FF0000603D0206C0025E6
:1011600010B107E0012070BD204600F01DF8656455
:1011700084F83C50206CC00610D4206C20F48850B9
:1011800040F0020020642046FFF7AAFC6564206C52
:1011900020F0020040F00100206400E0012684F805
:1011A0003C50304670BD000070B586B00646142134
:1011B0006846FFF70AFB1D493068884234D11C4855
:1011C0000025016841F480710160006800F48070BE
:1011D000059017481438016841F002010160006869
:1011E000694600F002000590012000900320CDE93F
:1011F0000105104800F0FCFB104C0F48C4E9000545
:101200000015A560C4E90350400060618000A06142
:101210004011C4E907052046656200F08BFA08B169
:10122000FFF7E0FDB463A66306B070BD0020014087
:10123000443802400004024010640240D8280020D4
:1012400018B50022009290F83C10012907D0012126
:1012500080F83C1001688B68DB0702D011E00220A7
:1012600018BD8B6843F001038B602E492E4B096833
:10127000B1FBF3F101EB410100E0491E00910029AF
:10128000FBD101688B68DB0742D0036C40F201643C
:10129000A34343F4807303644B685B0505D5036C7B
:1012A00023F4005343F480530364036CDB0404D53C
:1012B000436C23F00603436400E0426480F83C2062
:1012C0001A4A6FF022030B6051680068CA06184979
:1012D00006D0884224D1816811F0405F13D01FE00E
:1012E0008842F8D0134A904203D1D1F80423D206A1
:1012F000F1D0114A904213D1D1F8041301F01F012B
:101300001029E8D30CE0816841F08041816007E05A
:10131000016C41F010010164416C41F00101416434
:10132000002018BD7000002040420F000023014043
:10133000002001400021014000220140F8B50023B7
:101340000446009390F83C00012807D0012084F85F
:101350003C0020688568ED0702D011E00220F8BD4E
:10136000856845F0010585604048414D0068B0FB47
:10137000F5F000EB400000E0401E00900028FBD19B
:1013800020688568ED0503D5856825F4807585603E
:1013900020688568ED075FD0256C40F20166B54393
:1013A00045F4807525644068400505D5206C20F41F
:1013B000005040F480502064206CC00404D5606C60
:1013C00020F00600606400E0636484F83C30A36BA6
:1013D0002948284DD863A36B28481864A36B284874
:1013E000D86423686FF0220018602068436843F0D7
:1013F000806343602068836843F48073836013468E
:1014000020680A46A66B00F14C01304600F0FCF95A
:1014100068681C49C006206806D0884224D18168CB
:1014200011F0405F13D01FE08842F8D0164A904276
:1014300003D1D1F80423D206F1D0144A904213D13B
:10144000D1F8041301F01F011029E8D30CE08168E2
:1014500041F08041816007E0206C40F01000206482
:10146000606C40F0010060640020F8BD7000002056
:1014700040420F0000230140530A0008D70A000829
:10148000C10A000800200140002101400022014063
:1014900010B5040002D0607910B106E0012010BD43
:1014A00000202071204600F005F801206071002026
:1014B00010BD000008B500680649884208D10648FA
:1014C000016841F480510160006800F48050009090
:1014D00008BD000000300240303802402DE9F041E4
:1014E0000446876D00F076FB054694F8350000262B
:1014F000022806D08020606584F834600120BDE8B1
:10150000F0812068016821F01601016020684169BE
:1015100021F080014161206C08B9A06C20B12068E5
:10152000016821F0080101602068016821F00101D3
:1015300001600CE000F04EFB401B052807D920207D
:101540006065032084F8350084F83460D7E72068AC
:101550000068C007EED194F85C103F208840B86066
:10156000012084F8350084F834600020C7E790F843
:101570003510022903D080214165012070470521E3
:1015800080F835100068016821F001010160002039
:10159000704700002DE9F84304464FF00009CDF8EC
:1015A000009063484FF41651A56D0068B0FBF1F749
:1015B0002E6894F85C20082101FA02F030420FD026
:1015C0002068026852070BD5026822F0040202600C
:1015D00094F85C008140A960606D40F00100606596
:1015E00094F85C104FF0010808FA01F0304208D07E
:1015F00021684969090604D5A860606D40F00200C1
:10160000606594F85C1004208840304208D021685E
:101610000968890704D5A860606D40F00400606522
:1016200094F85C1010208840304218D02168096876
:10163000090714D5A86020680168490304D500682B
:10164000000308D5A16C07E00168C90503D401684F
:1016500021F008010160216C09B12046884794F807
:101660005C1020208840304231D021680968C906CA
:101670002DD5A86094F8350005282068016806D0AB
:10168000490347D5006800031DD4616C1CE021F0BC
:10169000160101602068416921F080014161206CE0
:1016A00008B9A06C20B12068016821F00801016030
:1016B00094F85C103F208840A86084F8358084F856
:1016C0003490216D1FE0E16B09B120468847606DC1
:1016D00000282BD0606DC00714D0052084F8350099
:1016E0002068016821F0010101600098401C009011
:1016F000B84203D820680068C007F6D184F8358066
:1017000084F83490E16C002910D001B02046BDE887
:10171000F04308470168C905D5D4016821F01001DC
:10172000016084F8358084F83490CCE7BDE8F88314
:10173000700000202DE9F041044600F04BFA054608
:101740005CB1022084F83500002684F834602068FB
:10175000016821F0010101600DE00120BDE8F08188
:1017600000F038FA401B052805D9202060650320C9
:1017700084F83500F2E720680068C007F0D12168DE
:101780000A6820480240D4E901031843D4E903352C
:101790002B43184363691843A3691843E36918434B
:1017A000236A18431043626A042A03D1D4E90B2345
:1017B0001A431043086020684069656A20F00701F9
:1017C00028460D43012704280CD1A06A0543E06A8E
:1017D00040B12046FFF790FA20B14020606584F8C0
:1017E0003570BAE7206845612046FFF771FA94F832
:1017F0005C203F2191408160666584F8357000204F
:10180000ACE700003F8010F02DE9F0410446866D02
:1018100090F83400002501280DD0012084F8340010
:1018200094F835700020012F07D084F83400022589
:101830002846BDE8F0810220FBE7022784F83570D6
:1018400060652046FFF782FA94F85C103F208840DC
:10185000B0602068016841F016010160206C20B181
:101860002068016841F0080101602068016841F0CA
:1018700001010160DCE7000070B5044600F0AAF940
:101880000546601C02D004480078044400F0A2F928
:10189000401BA042FAD370BD740000202DE9F04730
:1018A000044622480E46017E01290AD001218046C5
:1018B00001764CF250394846FFF77AFB020003D01C
:1018C0002FE00220BDE8F0874FF0FF303060206845
:1018D000174F012801D0A5681CE0207C6168FFF744
:1018E000D5FA4846FFF764FB0246386820F004004A
:1018F000386014E0217C2846FFF776FA4846FFF767
:1019000057FB0200386820F0FA00386001D03560DB
:1019100005E06D1CD4E902100844A842EAD8FFF79C
:101920008BFA002188F818101046CBE7C03700204A
:10193000103C02400348016841F000410160002072
:1019400070470000103C02402DE9F0471B4E054651
:101950001446307E1F468946012808D00120307683
:101960004CF250384046FFF723FB18B114E0022038
:10197000BDE8F0879DB1012D16D0022D19D0224669
:101980003B464846FFF7A6FA4046FFF711FB0C49D5
:101990000A6822F001020A6000213176E8E7E1B22C
:1019A0004846FFF787FAEFE7A1B24846FFF7A8FAE3
:1019B000EAE721464846FFF7B5FAE5E7C0370020D9
:1019C000103C0240074900200A68002A09DA054A4B
:1019D000054B0C3A1360054B13600968002900DAC7
:1019E00001207047103C024023016745AB89EFCDD1
:1019F0002DE9F84FDFF89C910022A9F1040B032791
:101A00004FF00F0C09F1040AABF1040E01250B682D
:101A100095402B40AB426ED10C7904F00304012CAD
:101A200001D0022C15D18668540007FA04F826EA82
:101A30000806D1F80C8008FA04F848EA0608C0F84D
:101A400008804468AC430D79C5F3001595402543E3
:101A500045600C79E443A40708D0C568540007FA30
:101A600004F6B5438E68A6402E43C6600C7904F098
:101A70000304022C11D1D40800EB8406356A540704
:101A8000E40E0CFA04F825EA0805D1F8108008FAEB
:101A900004F848EA0508C6F820800568540007FAEB
:101AA00004F6B5430E7906F00306A6402E43066001
:101AB0004C6814F4403F66D0374C256845F48045A7
:101AC0002560246822F0030504F480440094334C1C
:101AD00005EB0408D8F808589407260F0CFA06F40A
:101AE000A5432F4CA04201D1002424E02D4CA0425C
:101AF00002D101241FE046E02B4CA04201D1022478
:101B000019E02A4CA04201D1032414E0284CA04241
:101B100001D104240FE0274CA04201D105240AE0A2
:101B2000254CA04201D1062405E0244CA04201D15D
:101B3000072400E00824B4402C43C8F80848D9F82A
:101B400000404D464E689C43F60200D51C432C6075
:101B5000DAF8004055464E689C43B60200D51C4357
:101B60002C60DBF800405D464E689C43B60300D510
:101B70001C432C60DEF8004075464E689C43F6031B
:101B800000D51C432C60521C102AFFF43FAFBDE867
:101B9000F88F0000083C014044380240003001400A
:101BA000000002400004024000080240000C024015
:101BB000001002400014024000180240001C0240C5
:101BC0000069084000D0012070470AB18161704768
:101BD0000904FBE70148806870470000740000209A
:101BE000D0F8000304F00EBFD0F8000304F020BFCB
:101BF000006805F061BB006805F062BB01EB4102C3
:101C000002EBC10100EB810090F86000704701EB2E
:101C1000410202EBC10100EB8100006D704710B57D
:101C2000044690F8F802012809D0012084F8F8024F
:101C3000206805F050FB002084F8F80210BD022057
:101C400010BD2DE9FE430546DDE90B7095F8F8421D
:101C5000DDF828C0012C1ED001EB410404EBC104C7
:101C60004FF0010905EB840485F8F892002684F80A
:101C70003D6084F83830A4F8400084F8391084F8C6
:101C80003F7002F07F0884F83A805FEA026805D569
:101C900084F83B9004E00220BDE8FE8384F83B60BA
:101CA00084F83CC0CDF800C0CDE90170286805F08B
:101CB00074FB85F8F862EFE7D0F8000304F032BF58
:101CC0002DE9F0030D4601EB4501DDE90864DDE98E
:101CD000067901EBC50100EB81014FF0020C81F8A0
:101CE0003B2081F83F3057B181F842C000246BB1EE
:101CF000012B2DD0022B11D0032B15D10EE04FF06C
:101D0000030881F8428081F83D40EFE7012F0BD1B5
:101D100052B9D6B9012281F8552003E0AAB191F851
:101D20005420AAB181F842C0C1F84490CE6481F831
:101D300060400C6581F8395081F86140027C006890
:101D4000BDE8F003383105F0AFBB91F85520E8E766
:101D500081F84240E8E72DE9F04104460068064674
:101D600005F0B5FA012875D1206805F0BEFC002801
:101D700070D0206805F0B9FC800203D521684FF4CB
:101D800000104861206805F0B0FCC00203D521684E
:101D90004FF480104861206805F0A7FC400103D58E
:101DA00021684FF080604861206805F09EFC800744
:101DB00002D5216802204861206805F096FC800069
:101DC00015D521684FF000504861D6F84004C0078F
:101DD0000DD11021304605F04FFA304605F02EFAAD
:101DE0000121206805F066FC2046FFF7FDFE206813
:101DF00005F07BFCC00102D5204602F0EDF9206819
:101E000005F073FC000705D5204600F0C2F82168F4
:101E100008204861206805F068FCC043C0060CD467
:101E20002068816921F010018161204602F01EFACC
:101E30002068816941F010018161206805F055FC3E
:101E4000800123D5206805F02BFB074600254FF0C5
:101E5000010814E01AE005F00F0108FA01F0384219
:101E60000CD006EB4510D0F80005E9B2000420467E
:101E700002D501F0A9FF01E002F0A0F86D1CA068F6
:101E8000A842E8D821684FF000704861BDE8F081B1
:101E900070B58AB0040005D094F8F90225680026D0
:101EA00018B107E001200AB070BD84F8F86220463E
:101EB00000F028F8032084F8F902E86BC00500D48C
:101EC0002661206805F086F904F1100128220D46EC
:101ED0006846FEF71EFC94E80F0005F021F9012189
:101EE000206805F03EFC282229466846FEF711FCD2
:101EF00094E80F0005F076FB012084F8F902002039
:101F0000D1E7000010B586B0044614216846FEF7FC
:101F10005CFC17492068884227D1164C00202168B4
:101F200041F002012160216801F0020105914FF4A6
:101F3000404100910221CDE90110032003900C20C3
:101F4000049069460C48FFF753FD206840F00050AC
:101F500020602068002200F00050059005214D20EF
:101F600000F00EFA4D2000F0FDF906B010BD0000A3
:101F7000000004403038024000040240D0F8000362
:101F800004F0EDBDD0F8000304F0EDBD006805F0ED
:101F9000CFBBD0F8000304F08BBD10B5044690F819
:101FA000F80201280DD0012084F8F80201212068F0
:101FB00005F028F9206805F03BF9002084F8F802C4
:101FC00010BD022010BD10B5044690F8F80201289B
:101FD00009D0012084F8F802206805F0F0FB002009
:101FE00084F8F80210BD022010BD000070B5040096
:101FF00025D094F83D00002520B984F83C502046B7
:1020000000F0B8F8242084F83D002068016821F031
:10201000010101602068016841F40041016020680D
:10202000016821F40041016000F09EFA4D4B6168A7
:10203000994201D84C4900E04C49884201D2012024
:1020400070BD4B492268B0FBF1F1566826F03F069F
:102050000E43566062689A4206D94FF49672514315
:102060004FF47A72B1FBF2F12268491C166A26F02D
:102070003F06314311626168994210D84900401E01
:10208000B0FBF1F2521CC2F30B02042A01D204206D
:1020900022E0B0FBF1F0401CC0F30B001CE0A26892
:1020A000F2B301EBC10303EB0116431EB3FBF6F3DE
:1020B0005B1C43F480431B0549D092B301EBC10282
:1020C00002EB0111401EB0FBF1F0401CC0F30B000D
:1020D00040F4804040F400402168CA694CF6FF7328
:1020E0009A431043C861D4E907100143206802688D
:1020F00022F0C00211430160D4E9030101432068CA
:10210000826848F2FF339A4311438160D4E9051095
:1021100001432068C26822F0FF021143C16001E060
:102120000EE016E02068016841F0010101602564BD
:10213000202084F83D00256384F83E50002070BDC7
:1021400001EB4106431EB3FBF6F35B1CB3E7012032
:10215000C2E701EB4101401EB0FBF1F0401CC0F3AF
:102160000B00B7E7A086010080841E0000093D0037
:1021700040420F002DE9F04387B004461421684621
:10218000FEF723FB2D492068884254D12C480025B6
:10219000016841F0020101600068694600F0020038
:1021A00005904FF4406000901220019001200290B1
:1021B00003200390042004902248FFF719FC2048D4
:1021C0001030016841F48001016000681F4E00F486
:1021D000800005901C4830604FF06067C6E90175CB
:1021E0004FF48068C6E9035875614FF44039B56112
:1021F000C6E9075930467562FFF79CFA08B1FEF749
:10220000F1FDA663B463114E0F4860367830E6E8FE
:1022100002074020A6E821010C4846F81459603016
:10222000B561C6E907597562FFF784FA08B1FEF790
:10223000D9FD6663B46307B0BDE8F0830058004081
:102240003038024000040240406002408C290020E7
:102250000248816802781144816070477400002050
:102260000B4810B5016841F400710160016841F448
:1022700080610160016841F480710160032000F019
:102280009FF8002000F006F800F050F8002010BD84
:10229000003C024030B505461F4887B00024016865
:1022A00041F480710160006806A900F48070059017
:1022B000684600F039F90398A8B100F055F94000DC
:1022C0001649174AB0FBF1F11648491E026040F268
:1022D000E732C0E90324C0E90114846100F0B0FCD6
:1022E000040003D015E000F03FF9E9E70D4800F0E5
:1022F0004BFD04000DD12D2000F034F8102D07D235
:10230000002229462D2000F03BF80748056000E038
:10231000012407B0204630BD4038024040420F0043
:10232000002000400C370020780000200C4882B0CC
:10233000016841F480410160006800F48040009031
:102340000748001F016841F08051016000680022C9
:1023500000F0805000900F21901E02B000F010B8E5
:1023600044380240002809DB00F01F02012191409F
:102370004009800000F1E020C0F800117047000023
:10238000F0B40E4B1B68C3F30223C3F10704042C03
:1023900000D904241D1D072D01D2002300E0DB1EFF
:1023A000012606FA04F56D1E0D409D409E40761EE6
:1023B000164045EA0601F0BC05F0FFBA0CED00E05E
:1023C000064A00F0070110684FF6FF03184040EA84
:1023D0000120034908431060704700000CED00E045
:1023E0000000FA05704700002DE9F0470D46040093
:1023F00065D0DFF81491D9F80000EFB200F00700C3
:10240000A84207D289F80070D9F8000000F0070050
:10241000A84254D120683D4E810712D5400703D50C
:10242000306840F4E05030602078000703D5306811
:1024300040F4604030603068A16820F0F00008434C
:1024400030602078C0072DD03049606808390128F5
:1024500012D0022813D0032811D009688907002957
:102460002DDA316821F0030101433160FFF7B2FB3F
:10247000804641F2883A0EE009688903EFE709686F
:102480008901ECE7FFF7A6FBA0EB0801514502D953
:102490000320BDE8F0873068616800F00C00B0EB05
:1024A000810FEFD1D9F80010484601F00701A94289
:1024B00007D90770006800F00700A84201D001208A
:1024C000E7E72078400705D53068E16820F4E05060
:1024D000084330602078000706D53068216920F471
:1024E000604040EAC100306000F05EF83168084AA0
:1024F000C1F30311515CC8400649086006480068F2
:10250000FFF7C8FE0020C4E7003C02400838024044
:1025100040C9000870000020780000200149012017
:10252000C8647047000047420F2202600C4A1368DB
:1025300003F003034360136803F0F0038360136840
:1025400003F4E053C36012684FF4E05303EAD2028D
:1025500002610448006800F007000860704700004E
:1025600008380240003C02400448054900680968F8
:10257000044AC1F38221515CC840704770000020BA
:102580000838024050C90008044805490068096835
:10259000044AC1F34231515CC840704770000020CA
:1025A0000838024050C90008154810B5006810F0FE
:1025B0000C01144813D0431004290FD008290ED160
:1025C0000F4C241F216801F03F022168490207D502
:1025D0002068C0F38810A0FB030106E0184610BD78
:1025E0002168C1F38811A1FB00010023FDF709FF59
:1025F0002168C1F30141491C4900B0FBF1F010BD55
:10260000083802400024F400054810B500680006B0
:1026100005D5FFF7E7FE02498020891C087010BD30
:102620000C3802402DE9F84F040075D02078DFF80F
:1026300038A3C007AAF1040548D00AF104000168D4
:10264000C1F38101012908D00068C0F3810002288C
:102650000AD1DAF80000400206D52868800335D593
:1026600060680028E1D031E06068B0F5803F10D0AC
:10267000B0F5A02F286810D020F48030286028689A
:1026800020F4802028606068A0B1FFF7A3FA064616
:102690000CE0286840F48030F4E740F480202860A3
:1026A000F7E7FFF797FA801B642871D82868800342
:1026B000F7D50BE0FFF78EFA064604E0FFF78AFA3B
:1026C000801B6428F1D828688003F7D42078DFF8CD
:1026D0009C9280074FF0000B3DD5A348001D016878
:1026E00011F00C0F08D00068C0F3810002280AD155
:1026F000DAF80000400206D42868800715D5E068A3
:10270000012809D111E0E068B8B10120C9F8000042
:10271000FFF760FA064605E022E1FFF75BFA801B4F
:102720000228C2D828688007F7D52868216920F0D8
:10273000F80040EAC10028600DE0C9F800B0FFF7DA
:1027400049FA064604E0FFF745FA801B02281FD825
:1027500028688007F7D42078000722D5824F844864
:102760006169703771B101210160FFF733FA0646E4
:1027700004E0FFF72FFA801B022809D83868800789
:10278000F7D50EE0C0F800B0FFF724FA064605E0E2
:1027900082E0FFF71FFA801B02287DD83868800787
:1027A000F7D42078400765D56F484FF000083C30DB
:1027B0000068C0000BD46C483C30016841F0805187
:1027C000016000684FF0010800F080500090694FF0
:1027D0003868C0050FD4386840F480703860FFF75F
:1027E000F9F9064604E0FFF7F5F9801B022853D8F3
:1027F0003868C005F7D55C4FA0686C3701280FD04A
:102800000528386810D020F001003860386820F0C2
:1028100004003860A068B0B1FFF7DCF906460EE0AE
:10282000386840F00100F4E740F004003860F7E752
:10283000FFF7D0F9811B41F28830814263D83868B4
:102840008007F5D50DE0FFF7C5F9064606E0FFF76E
:10285000C1F9811B41F28830814254D83868800721
:10286000F5D4B8F1000F05D03F483C30016821F0A5
:1028700080510160A069B8B33B49091D0968C1F3E3
:102880008101022946D00228584606D0C9F86000C6
:10289000FFF7A0F9044639E035E04F46C9F860007B
:1028A000FFF798F9064604E0FFF794F9801B022829
:1028B00029D828688001F7D4D4E907010843A16A20
:1028C0002D4A490802EB0141626A41EA821108433C
:1028D00094F82C1040EA0161CAF800100120386613
:1028E000FFF778F9044605E03CE0FFF773F9001BB9
:1028F000022808D828688001F7D533E0FFF76AF985
:10290000001B022802D90320BDE8F88F2868800147
:10291000F4D427E00128F7D0DAF80000E26900F4E7
:10292000800191421CD1226A00F03F01914217D1EF
:1029300047F6C071626A0140B1EB821F10D1A26AF2
:102940004FF0FF3300F4403103EB5202B1EB024F82
:1029500006D194F82C1000F07060B0EB016F01D03C
:102960000120D1E70020CFE70438024000004742B1
:10297000800E4742007000400000FFFF7047704724
:1029800070B5040009D0606A002540B12561656119
:10299000A56294F8510040B120E0012070BD60684C
:1029A000B0F5827FF4D0E561F2E784F850502D480D
:1029B000A0652D48E0652D4820662D4860662D48AD
:1029C000A0662D48E0662D4820672D486067A06FFF
:1029D00008B92C48A067014620468847022084F8A1
:1029E00051002068016821F040010160A088218920
:1029F00000F4827001F404410843A18901F40061EC
:102A00000843217C01F002010843217D01F001010E
:102A10000843218B01F400710843217F01F0380144
:102A2000084394F8201001F080010843218D01F43F
:102A30000051084321680860A069042101EA1040A0
:102A400094F8241001F010010843216848602068C0
:102A5000C16921F40061C1616565012084F85100FC
:102A6000002070BD4D2B0008492B0008512B000899
:102A70004F2B00084B2B0008532B00087F29000820
:102A80007D290008892A00082DE9F04186B0064614
:102A900014216846FDF799FE25493068884243D1E4
:102AA00024480025016841F4804101600068214903
:102AB00000F4804010390590086840F00400086078
:102AC000086800F004000590086840F00200086003
:102AD0000868022400F002000590082003274FF048
:102AE00005088DE8B10169461348FEF781FF200310
:102AF0008DE8B10169461148FEF77AFF114C104884
:102B0000C4E900054020C4E902050001C4E9040548
:102B1000A561E561256220466562FEF70BFE08B1FE
:102B2000FEF760F9B464A66306B0BDE8F08100006A
:102B300000380040403802400008024000040240D3
:102B400070600240CC2A0020704770477047704781
:102B50007047704770477047704710B590F83C2039
:102B6000012A22D0012280F83C20CA688C6822F415
:102B7000407222434C6822F4806222430C6822F4A3
:102B8000006222430C6922F4805222434C6922F4F1
:102B900000522243C969002322F480420A4301689B
:102BA0004A6480F83C30002010BD022010BD0000B7
:102BB00070B590F83C20012A32D0012580F83C50B5
:102BC000022280F83D2002685368946823F0700662
:102BD0000B6833435360134B02689A4214D0B2F12E
:102BE000804F11D0104B9A420ED0104B9A420BD00E
:102BF0000F4B9A4208D00F4B9A4205D00E4B9A4287
:102C000002D00E4B9A4204D1496824F08003194344
:102C1000916080F83D50002180F83C10084670BD5E
:102C2000022070BD00000140000400400008004088
:102C3000000C00400004014000400140001800402A
:102C400010B5040003D094F83D0010B10EE001204F
:102C500010BD002084F83C00204602F04FFDA06C1F
:102C600008B91148A064014620468847022084F82C
:102C70003D00211D206802F0FBFB012084F8460086
:102C800084F83E0084F83F0084F8400084F8410056
:102C900084F8420084F8430084F8440084F8450036
:102CA00084F83D00002010BDAD2C000808B5006878
:102CB0002D4A2E49904207D1086840F00100086073
:102CC000086800F001000BE0284A294B121F9842C7
:102CD00008D1106840F020001060106800F020005B
:102CE000009008BD234B984207D1086840F480301B
:102CF0000860086800F48030F2E71F4B984207D163
:102D0000086840F400300860086800F40030E7E725
:102D10001A4B984207D1086840F480200860086880
:102D200000F48020DCE71649884211D1106840F099
:102D3000400010601068002200F040000090052163
:102D40002B20FFF71DFBBDE808402B20FFF70ABB37
:102D50000C498842C5D1106840F0800010601068AE
:102D600000F08000BCE70000000001404438024051
:102D70000014004000400140004401400048014070
:102D800000180040001C004090F83D10012901D0BF
:102D900001207047022180F83D100168CA6842F0A6
:102DA0000102CA6000681149884214D0B0F1804F16
:102DB00011D00F4988420ED00E4988420BD00E49DF
:102DC000884208D00D49884205D00D49884202D07A
:102DD0000C49884204D1816801F00701062903D01B
:102DE000016841F0010101600020704700000140CE
:102DF0000004004000080040000C004000040140B6
:102E0000004001400018004070B5044690F83C00B6
:102E10000025012817D0012684F83C60022084F8A0
:102E20003D002068826822F0770222F47F428260AF
:102E30000868502838D00DDC20284FD005DC90B32E
:102E4000102811D14AE0022070BD302846D0402819
:102E50000AD13BE060282FD070280DD0B0F5805FFC
:102E600003D0B0F5005F12D0012584F83D6000204A
:102E700084F83C00284670BDCB68D1E90121206868
:102E800002F067FB2068816841F0770109E0CB68B8
:102E9000D1E90121206802F05CFB2068816841F4DF
:102EA00080418160E1E719E0CA684968206802F062
:102EB0005BFC5021206806E0CA684968206802F07F
:102EC00064FC6021206802F04EFBCEE7CA684968C6
:102ED000206802F049FC40212068F4E7226801469E
:102EE0001046F0E72DE9F0410D46040003D094F8B8
:102EF0003D0018B10FE00120BDE8F081002084F80A
:102F00003C00204602F0FAFB206F08B922482067F7
:102F1000014620468847022084F83D0020688168E9
:102F200044F2070291438160211D206802F0A0FA5B
:102F3000206881688269066A2B68AF690B4340F29A
:102F400003318A4342EA0722A968EF6911434FF629
:102F5000FC429143EA6841EA07210A4329692F6A42
:102F6000090141EA073717436A686D6926F0AA012B
:102F700041EA05110A4383602068876154F8460BD3
:102F80000262012004F81F09E0752076E0762077C0
:102F9000A0750020B0E700009D2F0008F0B587B0B5
:102FA000044614216846FDF710FC55492068544A30
:102FB0001039022501240326524B534F4FF0000CC9
:102FC000B0F1804F26D0DFF844E1704556D110684B
:102FD00040F002001060106800F0020005900868E0
:102FE00040F0020008600868694600F002000590A1
:102FF00030208DE82110CDE903653846FEF7F8FC56
:10300000002205211D20FFF7BBF91D20FFF7AAF9BB
:1030100007B0F0BD106840F001001060106800F0CB
:1030200001000590086840F001000860086800F0A1
:1030300001000590086840F00200086008686946D1
:1030400000F0020005904FF400400090CDE90154DB
:10305000CDE903641846FEF7CBFC08200090CDE9CB
:103060000154CDE9036469463846FEF7C1FC0022ED
:1030700005211C20FFF784F91C20C7E7DFF890E04A
:1030800070451FD1106840F004001060106800F017
:1030900004000590086840F002000860086869466E
:1030A00000F002000590C0208DE82110CDE903C595
:1030B0003846FEF79DFC002205211E20FFF760F92F
:1030C0001E20A3E7134FB842A2D1106840F00800B9
:1030D0001060106800F008000590086840F00100DA
:1030E00008600868CDE9006500F00100CDE90450F2
:1030F000CDE9024669461846FEF77AFC88E70000EB
:103100004038024000000240000402400004004039
:1031100000080040000C004070B590F83E50044696
:1031200090F83F3090F8422090F84300022621B1F9
:1031300004290BD0012D16D10FE0012D13D1012A46
:1031400011D184F83E6084F8426016E0012B0AD168
:10315000012808D184F83F600DE0012B03D1012A3A
:1031600001D1012801D0012070BD84F83E6084F8AF
:103170003F6084F8426084F8436091B1042904D030
:1031800001220021206802F0D7F9012204212068E1
:1031900002F0D2F92068016841F0010101600020CD
:1031A00070BD012200212068F2E770477047704728
:1031B00070B50446006801694FF00005C9438907EE
:1031C00017D4C168C943890713D4E91E01610120DE
:1031D000207720688069800702D0D4F8901005E03D
:1031E000D4F8981020468847D4F89C102046884789
:1031F000257720680169C943490719D4C168C943C3
:10320000490715D46FF0040101610220207720687E
:10321000806910F4407F02D0D4F8901005E0D4F813
:10322000981020468847D4F89C1020468847257778
:1032300020680169C943090718D4C168C94309074F
:1032400014D46FF008010161042020772068C06960
:10325000800702D0D4F8901005E0D4F898102046EA
:103260008847D4F89C102046884725772068016954
:10327000C943C90619D4C168C943C90615D46FF03A
:1032800010010161082020772068C06910F4407F98
:1032900002D0D4F8901005E0D4F898102046884762
:1032A000D4F89C1020468847257720680169C943D7
:1032B000C90709D1C168C943C90705D1891E016180
:1032C000D4F880102046884720680169C943090660
:1032D0000AD4C168C943090606D46FF080010161B0
:1032E000D4F8B0102046884720680169C9434906D0
:1032F0000AD4C168C943490606D46FF04001016190
:10330000D4F888102046884720680169C943890697
:103310000CD4C168C943890608D46FF0200101614B
:103320002046D4F8A810BDE87040084770BD0000E2
:1033300070B586B0044614216846FDF746FA294D5B
:1033400021680023284A02242848A94211D1116883
:1033500041F0100111601168029301F01001059114
:103360004FF4D441CDE900140121CDE90341694670
:103370000DE01F4E0325B1420DD1116841F010013F
:103380001160116801F010010591602110E0FEF755
:103390002FFB06B070BD174E1748B1420FD1116810
:1033A00041F002011160116801F0020105918115DF
:1033B0000091CDE90143CDE903356946E7E70F4EBA
:1033C000B142E6D1116841F002011160116801F0CB
:1033D000020105917115CDE9001402AE694686E837
:1033E0003800D4E7000001403038024000100240AD
:1033F00000400140004401400004024000480140F8
:1034000070B5044690F83C00002501280FD001203B
:1034100084F83C006AB1042A0FD0082A11D00C2A83
:1034200013D00125002084F83C00284670BD0220FE
:1034300070BD206802F0A0F8F4E7206802F0CCF834
:10344000F0E7206802F0FEF8ECE7206802F02EF9C1
:10345000E8E7704710B5040003D094F83D0010B1C0
:103460000EE0012010BD002084F83C00204602F050
:1034700045F9A06D08B91148A06501462046884766
:10348000022084F83D00211D206801F0F1FF012099
:1034900084F8460084F83E0084F83F0084F8400039
:1034A00084F8410084F8420084F8430084F8440022
:1034B00084F8450084F83D00002010BDC1340008A8
:1034C000704770B5044690F83C0000260D46012870
:1034D0000FD0012084F83C006AB1042A1DD0082ACC
:1034E0002FD00C2A3FD00126002084F83C00304623
:1034F00070BD022070BD206802F03EF8206881692E
:1035000041F0080181612068816921F00401816135
:10351000206881692A69114311E0206802F05CF893
:103520002068816941F4006181612068816921F42A
:1035300080618161206881692A6941EA0221816193
:10354000D2E7206802F07EF82068C16941F00801E6
:10355000C1612068C16921F00401C1612068C169AD
:103560002A69114311E0206802F0A0F82068C169BF
:1035700041F40061C1612068C16921F48061C161C9
:103580002068C1692A6941EA0221C161ACE70000F3
:1035900010B5040003D094F83D0010B10EE00120F6
:1035A00010BD002084F83C00204602F0A7F8206EF1
:1035B00008B911482066014620468847022084F851
:1035C0003D00211D206801F053FF012084F84600D2
:1035D00084F83E0084F83F0084F8400084F84100FD
:1035E00084F8420084F8430084F8440084F84500DD
:1035F00084F83D00002010BDFD350008704770477D
:103600007047000010B5044649B104290AD00829C2
:103610000BD094F8410001280AD0012010BD94F885
:103620003E00F8E794F83F00F5E794F84000F2E731
:103630000220B1B3042938D0082939D084F84100D8
:103640000122206801F078FF1B4920681B4A88424C
:1036500001D0904203D1436C43F40043436420689B
:10366000884213D0B0F1804F10D0154988420DD058
:10367000144988420AD01449884207D0904205D0A4
:103680001249884202D01249884204D1816801F06F
:103690000701062903D0016841F001010160002003
:1036A00010BDFFE784F83E00CAE784F83F00C7E793
:1036B00084F84000C4E7000000000140000401401D
:1036C0000004004000080040000C004000400140A1
:1036D0000018004030B504460D460068002201F095
:1036E0002BFF194941F2111220689310884202D031
:1036F0001649884209D1016A114206D1016A19426C
:1037000003D1416C21F4004141642068016A1142F7
:1037100006D1016A194203D1016821F0010101605B
:1037200001203DB1042D08D0082D09D084F84100B6
:10373000002030BD84F83E00FAE784F83F00F7E748
:1037400084F84000F4E7000000000140000401405C
:1037500000680349884201D1FEF77ABD7047000036
:1037600000200040704770477047704770477047AF
:1037700070477047F8B5016804460868CA684B6925
:1037800010F00F0F4FF0000556D003F0010602F4C1
:103790009077374361D0C10705D0D10503D5216C9F
:1037A00041F001012164410705D5D90703D0216CFF
:1037B00041F002012164810705D5D90703D0216CAE
:1037C00041F004012164010707D502F020013143D3
:1037D00003D0216C41F008012164216C00293BD009
:1037E000800604D5900602D5204602F047F82068EE
:1037F0004069216CC0F38010090700D440B3204613
:1038000001F0EEFF2068406940061ED520681430A4
:1038100050E8001F21F0400140E80012002AF5D1D5
:10382000A06B90B16C490165A06BFDF7A0FE00286C
:1038300012D0A06B016DCBE083060ED593060CD59C
:103840002046BDE8F84002F019B82046616DBFE09F
:10385000616D204688472564F8BD266B2023012E24
:103860007BD1C60679D5D60677D50868486800901A
:103870004869400640D5A16B086840680004000C08
:10388000EAD0A28D8242E7D9E085C869B0F5807F91
:103890002DD020680C3050E8001F21F4807140E8E2
:1038A0000012002AF5D12068143050E8001F21F0E2
:1038B000010140E80012002AF5D12068143050E8D8
:1038C000001F21F0400140E80012002AF5D184F8E1
:1038D0003E30256320680C3050E8001F21F01001B5
:1038E00040E80012002AF5D1A06BFDF7F7FDA08D8E
:1038F000E18D401A81B229E0A08DE18D401A81B29C
:10390000E08D0028A8D00029A6D020680C3050E80F
:10391000002F22F4907240E80026002EF5D1206896
:10392000143050E8002F22F0010240E80026002E5B
:10393000F5D184F83E30256320680C3050E8002F24
:1039400022F0100240E80023002BF5D1A26E01B056
:103950002046BDE8F0401047FFE705062CD51506C8
:103960002AD594F83D0021287FF476AFA068B0F501
:10397000805F01D12069B0B1206A411C21622168B9
:1039800000784860E08C401E0004000CE084EBD11D
:103990002068C16821F08001C1602068C16841F0E1
:1039A0004001C160F8BD206A0088C0F3080048608B
:1039B000206A801C2062E5E74006F3D55006F1D569
:1039C000CA68204622F04002CA6084F83D30A16CEB
:1039D00001B0BDE8F0400847D557000870B50400B5
:1039E00004D094F83D00002510B10DE0012070BD19
:1039F00084F83C50204601F01BFFE06E08B91348E4
:103A0000E066014620468847242084F83D0020686F
:103A1000C16821F40051C160204601F08FFF206889
:103A2000016921F4904101612068416921F02A0176
:103A300041612068C16841F40051C16025642020C3
:103A400084F83D0084F83E00002070BD513A000823
:103A50002DE9F04F87B0044614216846FCF7B5FE07
:103A6000A0489F4F0221D4F800C09E4B103803227B
:103A7000DFF874E200258E064FF0080B4FF48069E2
:103A8000BC4545D11F6847F480171F601B6803F4CD
:103A900080130593036843F004030360036803F095
:103AA00004030593036843F00803036000688A4633
:103AB00000F008000590C802CDE9000ACDE90252E5
:103AC00090465F466946CDF810B07046FDF790FF0E
:103AD0000420CDE9000ACDE90258694604978348DD
:103AE000FDF786FF834F82483860C7E90165C7E963
:103AF000035980157D61C7E906500002C7E9080532
:103B00003846FDF717FE08B1FDF76CF9A76371E0C1
:103B1000DFF8E481DFF8CCA107270AF1040AC445E5
:103B20001BD1DAF8004044F01004CAF80040DAF87B
:103B3000003003F010030593036843F001030360B2
:103B4000006800F0010005904FF4C0608DE823008C
:103B5000CDE9032769466948BEE0DFF8A481C44582
:103B60004CD1D3F800C04CF4003CC3F800C01B6833
:103B700003F400330593036843F00803036000680F
:103B800000F00800059060208DE82300CDE90327B0
:103B900069465648FDF72CFF564F55486037783038
:103BA0003860C7E90165C7E90359B0467D614FF444
:103BB0008036BD61C7E9075638467D62FDF7BAFD1C
:103BC00008B1FDF70FF9A763BC634A4F4848C037F7
:103BD0009030E7E802084020A7E82102454847F86E
:103BE0001459C030BD61C7E907567D6251E0FDF749
:103BF000F9F852E0BC6307B0BDE8F08FDFF804814C
:103C0000C4454CD1D3F800C04CF4802CC3F800C09C
:103C10001B6803F480230593036843F008030360E3
:103C2000006800F0080005904FF440708DE8230014
:103C3000CDE9032769462D48FDF7DAFE2C49324FBE
:103C4000183138463960C0E90165C0E90359B0460A
:103C50004E464FF40039C7F8209089157D61C7E9B9
:103C600006517D62FDF766FD08B1FDF7BBF8A7635D
:103C7000BC63254F1E4860374830E7E80208402003
:103C800061C7214847F814596030BD61C7E9075939
:103C90007D62FDF74FFD0028A9D16763AAE71B4BA2
:103CA0009C45A8D1DAF8004044F02004CAF800404E
:103CB000DAF8003003F020030593036843F00403AF
:103CC0000360006800F004000590C0208DE8230028
:103CD000CDE9032B69467046FDF78AFE8BE70000AD
:103CE000005000404038024000080240000C0240F2
:103CF000106002402C3500200010014000000240FE
:103D000000440040004800404C36002000140140B0
:103D1000704770472DE9F843044690F83D001F4670
:103D200015460E4620284BD1C6B1BDB194F83C00D3
:103D3000012845D0012084F83C004FF00008C4F869
:103D40004080212084F83D00FDF744FFA584814692
:103D5000E584A068B0F5805F03D004E00120BDE8F1
:103D6000F883206920B13546002684F83C800EE0B7
:103D70000025FAE78021204601F066FEA0B9ADB12A
:103D800015F8010B21684860E08C401EE084E08C4F
:103D90004B464FF0000200970028EBD14FF0400156
:103DA000204601F051FE30B10320D8E736F8020B6F
:103DB000C0F30800E6E7202084F83D000020CEE7AD
:103DC0000220CCE7704770472DE9F04705460068B0
:103DD0000F4600EB4114D4F808054FF006024307E4
:103DE00001EB410000EBC7004FF004084FF0050A5B
:103DF00005EB800604D5C4F8088586F8612033E019
:103E0000D4F80805C00507D54FF48070C4F808053C
:103E1000072086F8610027E0D4F80805800603D55E
:103E20002020C4F8080522E0D4F8080501074FF067
:103E3000080004D5C4F8080586F861A013E0D4F89A
:103E40000815490506D54FF48061C4F8081586F8B1
:103E5000610008E0D4F80805000608D58020C4F801
:103E6000080586F861203946286803F034FAD4F84A
:103E70000805800506D53946286803F02CFA4FF46A
:103E8000007098E0D4F808054FF00001C0074FF02B
:103E900010094FF001023BD0286930B1B06CD4F862
:103EA0001035C3F31203C01A306586F86120F1653E
:103EB000C4F8082596F83F0030B1022804D0032842
:103EC00009D0012807D012E03946286803F003FA28
:103ED000C4F808950BE0D4F8000540F00050C4F891
:103EE000000586F8602039462846FDF7E5FE28697A
:103EF000012806D1B6F84010B06CB0FBF1F0C00755
:103F000004D016F8540F80F001003070BDE8F0873F
:103F1000D4F80805800735D596F8610002230128FA
:103F20000AD005280BD006280CD008280AD0032870
:103F30000FD0072818D01CE086F8602019E086F81A
:103F400060A016E0F06D401CF065022801D9F16513
:103F50000DE086F86030D4F8000520F0804040F095
:103F60000040C4F8000504E0F06D401CF06586F8E0
:103F70006080C4F8083596F8602039462846FDF779
:103F80009BFEC3E7D4F80805C006BFD596F83F00EE
:103F9000032803D020B1022802D00BE0F16505E030
:103FA000F165286930B9032086F861003946286830
:103FB00003F091F94846C4F80805A7E72DE9F04752
:103FC000026802EB4114D4F8082501EB41035507C0
:103FD00003EBC1034FF004024FF0060A00EB83032A
:103FE00004D5C4F8082583F861A051E0D4F8085539
:103FF0004FF00006AD064FF002070BD52022C4F8A3
:10400000082593F83D20012A33D183F83D6083F8D9
:1040100060703DE0D4F80855AD0504D54FF400724A
:10402000C4F8082534E0D4F808554FF0010C5FEAD5
:10403000C5784FF040050DD0DE65D4F8082552064E
:1040400003D583F83DC0C4F80855C4F808C583F803
:1040500061C01DE0D4F808855FEA48680BD583F895
:10406000612083F83DC0DE65006803F034F9C4F8D0
:104070000855BDE8F087D4F808554FF008095FEA05
:1040800005784FF0050508D5C4F8089583F8615008
:104090000068BDE8F04703F01EB9D4F808855FEA70
:1040A000C86810D50322DE6583F8612093F83D20AF
:1040B00022B993F83C200AB983F83DC0006803F0A8
:1040C0000AF910201AE0D4F808855FEA086818D5C4
:1040D000056955B1DD6D6D1CDD65022D0BD9DE6501
:1040E00083F86020FDF7E8FD07E083F861A0006831
:1040F00003F0F1F801E083F860708020C4F808054F
:10410000B7E7D4F808855FEA485807D583F8619087
:10411000006803F0E0F84FF48060EFE7D4F808851A
:104120005FEA8878A5D593F86180B8F1010F0FD0C8
:10413000B8F1030F30D0B8F1040F2DD0B8F1050F4E
:104140002DD0B8F1060F2DD0B8F1080F2AD03CE0E1
:1041500083F860C093F83F20022A01D0032A34D1AB
:1041600002692AB993F8552082F0010283F855209C
:104170000269012A29D1DA6C3AB3B3F840502A44D3
:10418000521EB2FBF5F2D2071FD093F8552082F0F1
:10419000010283F8552018E083F8607015E083F879
:1041A000605012E0DD6D6D1CDD65022D03D9DE650A
:1041B00083F8602009E083F86070D4F8002522F0CD
:1041C000804242F00042C4F80025C4F8087593F814
:1041D0006020FDF771FD4CE77CB504680546D4F816
:1041E00040040190D4F8400420F02E000090019883
:1041F000800709D50198C00702D02846FDF7F0FCDA
:10420000009840F0020000900198000724D5009823
:1042100040F008000090019840071AD5A8690228CC
:1042200003D0E86801280CD00FE00198C0F34140AA
:104230000228286803D0012103F03CFA05E002219E
:10424000FAE74EF66020C4F804042846FDF79AFE0B
:1042500002E02846FDF792FE01988006009802D5FC
:1042600040F020000090C4F840047CBD2DE9F041EE
:10427000024600680746016AC1F3434301F00F0696
:10428000C1F30A15022B31D1002D2FD006EB4601C8
:1042900001EBC60102EB8104616C002926D0226D7E
:1042A000E36C2A449A4223D82A4603F022FA606C2F
:1042B00028446064206D2844206507EB4610D0F840
:1042C0001015B4F84020C1F3C941AA420ED100290B
:1042D0000CD0D0F8001521F0804141F00041C0F829
:1042E000001514F8540F80F001002070BDE8F08133
:1042F000042084F86000F9E7FEE770477FB50021ED
:104300001B48009101910291184A03910260012516
:104310004FF440320561C0E90121017680F8201098
:10432000144AC0E90A210224C461C16080F8301037
:104330004161FCF70EFF08B1FCF754FD1120CDE9F7
:1043400000050720029069460948FCF759FE08B1AC
:10435000FCF748FD0820CDE9000469460448FCF755
:104360004FFE002801D0FCF73DFD7FBD002001403D
:10437000902800200100000F074910B5054808608B
:104380000846FDF785F8002803D0BDE81040FCF78B
:1043900029BD10BD0030024064000020154808B55A
:1043A000016841F400110160016801F400110091FD
:1043B000016841F4800101600068002200F480007F
:1043C000009005210F20FDF7DBFF0F20FDF7CAFF4E
:1043D000002205211020FDF7D3FF1020FDF7C2FFBA
:1043E000002205211120FDF7CBFFBDE80840112078
:1043F000FDF7B8BF3038024010B50121584A0846D1
:1044000005F0CEF9574C564A0121A06410320846F7
:1044100005F0C6F9524A0121E0642032084605F051
:10442000BFF94F4A012120653032084605F0B8F93E
:104430004B4A012160654032084605F0B1F9484A0F
:104440000121A0655032084605F0AAF9444BE06509
:10445000603B00220121444805F060FA404B206394
:10446000503B00220121414805F058FA3C4B606363
:10447000403B002201213E4805F050FA384BA06332
:10448000303B002201213B4805F048FA344BE06301
:10449000203B00220121384805F040FA304B2064CF
:1044A000103B00220121354805F038FA2C4A60649F
:1044B000C03A0421402005F095F8294A2062A83A24
:1044C0000421102005F08EF8254A6062903A0121FF
:1044D000202005F087F8224A0821A062783A084691
:1044E00005F080F8E062264A0021264805F0D2F95E
:1044F000234A206024320021234805F0CBF9204ACA
:10450000606048320021214805F0C4F91C4AA060CF
:104510006C3200211E4805F0BDF9194AE060903266
:1045200000211C4805F0B6F9154A2061B43200217B
:10453000194805F0AFF9124A6061D83200211748D6
:1045400005F0A8F9064AA061E43A0021144805F0F4
:10455000A1F9E0610248603004F0CDFF206610BD93
:10456000D0C800080000002011820008D18B00088C
:10457000518C0008B5830008557F0008FB420008F5
:10458000F0C60008415100085D880008CD99000878
:10459000C599000899A60008A9870008357E00087B
:1045A000258000082DE9F04F87B014216846FCF7FC
:1045B0000CF970480024016841F0100101600168A5
:1045C00001F010010591016841F0040101600168EA
:1045D00001F004010591016841F08001016001686A
:1045E00001F080010591016841F00101016001685D
:1045F00001F001010591016841F0020101600168CB
:1046000001F002010591016841F0080101600068B4
:104610004FF4C07600F0080005900022314656485D
:10462000FDF7D3FA0122970239465348FDF7CDFA38
:10463000DFF848A101224FF4B0415046FDF7C5FA1A
:104640000022F9005046FDF7C0FADFF834B14FF40C
:104650008078012241465846FDF7B7FA00227910CA
:104660005846FDF7B2FA00224FF4C8514548FDF70D
:10467000ACFA49F21C000325CDE900056946029415
:104680003D48FDF7B5F94EF63740CDE900056946DE
:1046900002945846FDF7ACF9FC20CDE900056946C7
:1046A00002943848FDF7A4F90620CDE90005DFF8AB
:1046B000D890694602944846FDF79AF9009601267B
:1046C00069462D480196CDE90245FDF791F900971D
:1046D000CDE90164694628480396FDF789F930035E
:1046E00000904FF48810CDE9010469464846FDF773
:1046F0007FF948F29340CDE900056946029450469F
:10470000FDF776F94FF4F040CDE9000669465046D2
:10471000CDE90245FDF76CF928020227CDE9000634
:10472000CDE9024769465846FDF762F9CDE90086B2
:1047300069461448CDE90245FDF75AF9E802CDE98A
:104740000006CDE9024769460E48FDF751F90820F9
:10475000CDE90004694650460294FDF749F9CDE9D8
:104760000054694604480294FDF742F907B0BDE8D9
:10477000F08F00003038024000100240000C024070
:104780000008024000000240000402400D4810B53D
:104790000B4901600C494FF48042C0E9011200212D
:1047A000C0E9031241618161C1610162FDF71EFC34
:1047B000002803D0BDE81040FCF714BB10BD00007A
:1047C0000058004038290020801A060010B5002249
:1047D00005210B20FDF7D4FD0B20FDF7C3FD0022C2
:1047E00005210C20FDF7CCFD0C20FDF7BBFD0022C0
:1047F00005210D20FDF7C4FD0D20FDF7B3FD0022BE
:1048000005210E20FDF7BCFD0E20FDF7ABFD0022BB
:1048100005212620FDF7B4FD2620FDF7A3FD00228B
:1048200005212720FDF7ACFD2720FDF79BFD002289
:1048300005212820FDF7A4FD2820FDF793FD002287
:1048400005212C20FDF79CFD2C20FDF78BFD00227F
:1048500005212F20FDF794FD2F20FDF783FD002279
:1048600005213220FDF78CFD3220FDF77BFD002273
:1048700005213520FDF784FD3520FDF773FD00226D
:1048800005213720FDF77CFD3720FDF76BFD002269
:1048900005214720FDF774FDBDE810404720FDF7D6
:1048A00061BD00000F4810B50D4901604FF48271E1
:1048B000416000218160C1604FF400720161C0E974
:1048C0000512C1610162416281620A21C162FEF783
:1048D00057F8002803D0BDE81040FCF783BA10BD9C
:1048E000003800404C2A002010B588B01C216846D2
:1048F000FBF76BFF164815490024016040F2473171
:10490000C0E9011440F2E731C0E90314802181615C
:10491000FEF796F908B1FCF765FA0D48FEF738FE88
:1049200008B1FCF75FFA6020CDE900040420049090
:104930000022694602940648FEF7C3FD08B1FCF761
:1049400051FA0348FEF7F4FC08B010BD00440140E2
:104950001830002010B588B01C216846FBF735FFE1
:10496000164815490024016040F24731C0E901149E
:1049700040F2E731C0E9031480218161FEF760F95C
:1049800008B1FCF72FFA0D48FEF702FE08B1FCF75C
:1049900029FA6020CDE90004042004900022694631
:1049A00002940648FEF78DFD08B1FCF71BFA034898
:1049B000FEF7BEFC08B010BD00480140CC3000201E
:1049C00030B58BB000240794089409941C216846E4
:1049D0000A94FBF7FAFE1C4D1A48286040F2473053
:1049E000C5E901046320C5E903048020A8612846C5
:1049F000FEF726F908B1FCF7F5F94FF4805007905F
:104A000007A91148FEF700FA08B1FCF7EBF90E48C8
:104A1000FEF720FD08B1FCF7E5F93220CDE90040B2
:104A200002940022694608480494FEF7E9FC08B1A4
:104A3000FCF7D8F92868816941F0080181610BB061
:104A400030BD0000001800408031002010B588B053
:104A50001C216846FBF7B9FE144813490024016085
:104A60005321C0E9011441F28731C0E903148021C8
:104A70008161FEF7E5F808B1FCF7B4F90B48FEF7E1
:104A8000E9FC08B1FCF7AEF900940194029400220D
:104A9000694606480494FEF7B3FC002801D0FCF7F1
:104AA000A1F908B010BD0000001C00403432002005
:104AB00010B596B000240F9410941194129413948E
:104AC0001C2168461494FBF780FE202107A8FBF701
:104AD0007CFE36483449016040F24731C0E9011498
:104AE00040F2E731C0E903148021C0E90541FEF737
:104AF000A7F808B1FCF776F94FF480500F900FA992
:104B00002A48FEF781F908B1FCF76CF92748FEF74F
:104B10003FFD08B1FCF766F9139413A923481494D8
:104B2000FEF746F808B1FCF75DF96020CDE9000416
:104B300004200294CDE903400594002269461B48F5
:104B40000694FEF7BEFC08B1FCF74CF90422694656
:104B50001648FEF7B6FC08B1FCF744F9082269468E
:104B60001248FEF7AEFC08B1FCF73CF90C2269468E
:104B70000E48FEF7A6FC08B1FCF734F90794089438
:104B800009944FF400500A94CDE90B4007A9074857
:104B90000E94FDF7E2FF08B1FCF724F90348FEF795
:104BA000C7FB16B010BD0000000001402C2B0020F8
:104BB00010B58CB024216846FBF707FE0024164888
:104BC00009944FF080410A94C0E900144EF6602128
:104BD000C0E902418021046181610320CDE9000424
:104BE0000120CDE902040494CDE90540079469460B
:104BF00009480894FEF776F908B1FCF7F3F8099430
:104C000009A905480A94FDF7D3FF002801D0FCF755
:104C1000E9F80CB010BD0000E02B002010B58CB0FE
:104C200024216846FBF7D1FD002416480994144955
:104C30000A94C0E900144EF66021C0E902418021C7
:104C4000046181610320CDE900040120CDE9020463
:104C50000494CDE90540079469460A480894FEF794
:104C600041F908B1FCF7BEF8099409A905480A946E
:104C7000FDF79EFF002801D0FCF7B4F80CB010BD82
:104C800000040040942C002010B58CB0242168460C
:104C9000FBF79BFD00241648099414490A94C0E9C7
:104CA00000144EF66021C0E9024180210461816157
:104CB0000320CDE900040120CDE902040494CDE9EC
:104CC0000540079469460A480894FEF70BF908B1B5
:104CD000FCF788F8099409A905480A94FDF768FFCC
:104CE000002801D0FCF77EF80CB010BD0008004091
:104CF000482D002010B58CB024216846FBF765FDD7
:104D000000241648099414490A94C0E900144EF688
:104D10006021C0E902418021046181610320CDE965
:104D200000040120CDE902040494CDE90540079474
:104D300069460A480894FEF7D5F808B1FCF752F81E
:104D4000099409A905480A94FDF732FF002801D00B
:104D5000FCF748F80CB010BD000C0040FC2D002002
:104D60001CB500240F4800940D49019401605321A3
:104D7000C0E9011442F20F71C16080218161FDF729
:104D80005FFF08B1FCF72EF80094694605480194CE
:104D9000FDF70EFF002801D0FCF724F81CBD000031
:104DA00000140040B02E002010B58CB000240794F1
:104DB000089409941C2168460A94FBF706FD1F48D5
:104DC0001D49016040F24731C0E9011440F2E7316A
:104DD000C0E9031480218161FDF732FF08B1FCF7BF
:104DE00001F84FF48050079007A91448FEF70CF81B
:104DF00008B1FBF7F7FF1148FEF7CAFB08B1FBF754
:104E0000F1FF6020CDE900040420049000226946EF
:104E100002940A48FEF755FB08B1FBF7E3FF0422B2
:104E200069460648FEF74DFB08B1FBF7DBFF034878
:104E3000FEF77EFA0CB010BD00400140642F002048
:104E40000E4810B50C4901600D4941604FF4805186
:104E500081604900C160C9100161042141610021E4
:104E60008161C161FEF7BAFD002803D0BDE81040A2
:104E7000FBF7B8BF10BD000000500040E832002032
:104E8000A08601000C4810B50A4901604FF4E131D9
:104E90004160002181600C22C160C0E9041281617F
:104EA000C161FEF79BFD002803D0BDE81040FBF771
:104EB00099BF10BD001001405C3300200C4810B5B4
:104EC0000A4901604FF416514160002181600C22B3
:104ED000C160C0E904128161C161FEF77FFD002855
:104EE00003D0BDE81040FBF77DBF10BD004400407B
:104EF000D03300200C4810B50A4901600B494160CD
:104F0000002181600C22C160C0E904128161C1618D
:104F1000FEF764FD002803D0BDE81040FBF762BF38
:104F200010BD0000004800404434002040420F0003
:104F30000C4810B50A4901604FF4E131416000218D
:104F400081600C22C160C0E904128161C161FEF779
:104F500045FD002803D0BDE81040FBF743BF10BD5E
:104F600000140140B834002010B500220B490C4851
:104F700001F0EEFC08B1FBF735FF0A49084802F0E2
:104F800071F808B1FBF72EFF054802F0AEF80028D3
:104F900003D0BDE81040FBF725BF10BD017100082C
:104FA000ECD300203C010020FEE7FDF72DFBFEE7DF
:104FB0000148FCF7D0BE0000E8D000202DE9F04108
:104FC00007460B4815460E46007808B902F050FC1B
:104FD000EFF31184202080F311882A4631463846A9
:104FE00000F008F8E1B281F31188BDE8F08100001B
:104FF000D0D8002070B50E46144900EB400001EBFC
:10500000C0051446E86A183520B101280FD00228DF
:1050100005D113E0284602F05FFCA04201D2002433
:1050200011E022463146284602F08EFC0BE028466D
:1050300002F052FCA042F4D20446F2E73146284680
:1050400002F055FC0446204670BD0000D0D8002078
:105050001C49884201D2002070471B49884201D276
:10506000012070471949884201D20220704718492F
:10507000884201D2032070471649884201D2042099
:1050800070471549884201D205207047134988426C
:1050900001D2062070471249884201D2072070478A
:1050A0001049884201D2082070470F49884201D236
:1050B000092070470D49884201D20A2070470B2011
:1050C00070470000004000080080000800C0000891
:1050D00000000108000002080000040800000608A3
:1050E0000000080800000A0800000C0800000E0874
:1050F0002DE9F0410122104D0E46074614022146CB
:105100002846FCF762FD002280212846FCF75DFD61
:105110004FF47A73324639460848FEF7FBFD002209
:1051200021462846FCF751FD2846BDE8F041012202
:105130008021FCF74ABD000000100240B834002076
:10514000FFF712FF012004F0C9F9FBE710B54FF09B
:10515000E020006906F0F6FB012803D0BDE810400E
:1051600005F00EBF10BD000030B593B03021684689
:10517000FBF72BFB14210CA8FBF727FB1E4800258F
:10518000016841F080510160006800F0805011908A
:105190001A48016841F4804101600068022400F46B
:1051A0008040119001200090000401908001CDE921
:1051B000064004200890A820CDE9090407200B90A0
:1051C0006846FDF72FFA08B172B6FEE70CA90F206A
:1051D00081E831004FF4A0500F904FF480501090B0
:1051E00005210CA8FDF700F908B172B6FEE7FDF73E
:1051F00095F913B030BD0000403802400070004007
:105200000548016841F47001016003494FF00060F6
:10521000803908607047000088ED00E00C4908689C
:105220000269D243D20712D1921E02610868006857
:10523000C10608484068D0E9021203D5491E42F170
:10524000FF3202E0491C42F10002C0E9021270473D
:10525000E02B0020E0DD00200C4908680269D24301
:10526000D20712D1921E026108680068C106084880
:10527000C068D0E9021203D5491E42F1FF3202E0B4
:10528000491C42F10002C0E902127047942C002030
:10529000E0DD00200C4908680269D243D20712D130
:1052A000921E026108680068C10608488068D0E95B
:1052B000021203D5491E42F1FF3202E0491C42F1BD
:1052C0000002C0E902127047482D0020E0DD0020F6
:1052D0000C4908680269D243D20712D1921E0261BA
:1052E00008680068C10608480068D0E9021203D5C2
:1052F000491E42F1FF3202E0491C42F10002C0E9BE
:1053000002127047FC2D0020E0DD002070B51F4820
:105310002DED028B00680169C943C90732D1891E8E
:1053200001611B480068426A1A4D9FED1B8A0023E9
:105330002868B0EE480A03F0EBF918480068426AA2
:105340000023B0EE480A686803F0E2F914480068E8
:10535000426A0023B0EE480AA86803F0D9F9114860
:105360000068426A0023B0EE480AE86803F0D0F90A
:105370000024B0EE480A55F8240003F04FF9641CED
:10538000042CF6DBBDEC028B70BD0000B02E0020BB
:10539000FC2D0020E0DD00200AD7233CE02B00207C
:1053A000482D0020942C002070B5104E32681069F2
:1053B0000F4DC043C0074FF4807406D1801E1061AA
:1053C000012221462846FCF700FC32681069C043E0
:1053D000800709D46FF00200106121462846BDE81D
:1053E00070400022FCF7F1BB70BD0000803100204E
:1053F000000002400148FDF7DBBE00000C37002032
:1054000070B5184D28680169174EC943174C8907B4
:105410000DD46FF002010161206856F82000416A46
:1054200000208847206803281AD0401C2060286884
:105430000169C943C90712D1891E0161206856F864
:105440002000416A01208847206856F8200005F0B6
:1054500063F82068296856F820000069486370BD29
:105460000020E3E734320020F0DD00206C00002053
:10547000F0B50268254D264E264FDFF89CC0274B1D
:105480004FF0804EA84209D0704507D0B04205D0F9
:10549000B84203D0604501D0984203D122F0700495
:1054A0004A682243A8421BD0704519D0B04217D099
:1054B000B84215D0604513D0984211D0184CA04284
:1054C0000ED0184CA0420BD0174CA04208D0174C5D
:1054D000A04205D0164CA04202D0164CA04203D1E7
:1054E00022F44074CA6822434C6922F080022243AD
:1054F00002608A68C2620A688262A84201D0984249
:1055000001D10969016301214161F0BD0000014041
:105510000004004000080040000C0040000401406E
:105520000040014000440140004801400018004094
:10553000001C00400020004010B501F01F010123B5
:10554000046A8B409C430462036A8A4013430362EB
:1055500010BD10B5846842EA032224F47F440A4354
:105560002243826010BD826822F070020A4342F03A
:105570000701816070470000F0B5026A22F0010265
:105580000262026A43688469114E24F073050C6854
:10559000104F2C4322F002058A682A43B04201D002
:1055A000B84205D122F00805CA682A4322F0040255
:1055B000B04201D0B84205D14D6923F440731D4378
:1055C0008B692B4343608461496841630262F0BD8B
:1055D0000000014000040140F0B5026A22F0100210
:1055E0000262026A436884690D6824F4E64444EA6E
:1055F00005248D6822F0200242EA05120F4D104E5C
:10560000A84201D0B04206D1CF6822F0800242EA1F
:10561000071222F04002A84201D0B04207D14D69E2
:1056200023F4406343EA85038D6943EA85034360BD
:105630008461496881630262F0BD0000000001409E
:1056400000040140F0B5026A22F480720262026A2C
:105650004368C46922F4007224F073050C68124E8A
:105660002C438D6842EA05220E4DA84201D0B0427B
:1056700006D1CF6822F4006242EA072222F4806257
:10568000A84201D0B04207D14D6923F4405343EA08
:1056900005138D6943EA05134360C4614968C1631A
:1056A0000262F0BD000001400004014030B5026A12
:1056B00022F480520262036A4268C4690D6824F4CD
:1056C000E64444EA05248D6823F4005343EA053395
:1056D000084DA84202D0084DA84204D14D6922F4D9
:1056E000804242EA85124260C461496801640362F3
:1056F00030BD000000000140000401400D4940F8A9
:10570000801F0D4941600D4981600D49C1600D49FF
:1057100001610D4941610D4981610D49C1610D4929
:1057200001620D4941620D4981620D49C1620D4915
:105730000163704751370008653700086737000874
:1057400069370008AD310008AF3100085334000854
:10575000FF35000801360008AB310008572B000860
:10576000592B0008552B000810B5046A036A23F072
:1057700001030362836923F0F00343EA021324F078
:105780000A020A438361026210BD10B5036A23F066
:10579000100303628469036A24F4704444EA023209
:1057A00023F0A00343EA01118261016210BD10B52C
:1057B00004F080FE002805D0D0E90012BDE81040BA
:1057C0001046084710BD00000148FDF7D3BF000098
:1057D000E8320020806B0021C185C184416D0847FB
:1057E00001680C3151E8002F22F4907241E8002347
:1057F000002BF5D10168143151E8002F22F001028D
:1058000041E80023002BF5D1016B012909D1016882
:105810000C3151E8002F22F0100241E80023002B48
:10582000F5D1202180F83E1000210163704700006F
:1058300009494164094981640949C164094901650B
:1058400009494165094981650949C16509490166F7
:105850000949816670470000C73D0008C53D000842
:10586000133D0008113D0008733700086D3700082C
:10587000713700086F3700086B37000808B590F8DB
:105880003E10222901D0022008BD81684FF48053C8
:10589000994201D1026922B1826A99421BD049B171
:1058A0000AE00268816A5268C2F308020A80816ACB
:1058B000891C08E0016971B10168496801F07F0144
:1058C0001170816A491C8162C18D491E0904090C4D
:1058D000C18503D019E001684968F1E70168CA6829
:1058E00022F02002CA600168CA6822F48072CA608D
:1058F00001684A6922F001024A61202180F83E10C5
:10590000016B012903D0016D8847002008BD0021EB
:10591000016301680C3151E8002F22F0100241E8C8
:105920000023002BF5D101680A68D20602D50A6867
:1059300049680091826E818D9047E6E770B5044614
:1059400000680169E26821F4405111430161A168D6
:105950002069E26901436069104301432068C2681D
:1059600049F20C639A430A43C26020684169A26904
:1059700021F440711143416131492068884202D0CD
:105980003049884202D1FCF7FFFD01E0FCF7ECFD55
:10599000E2690023192164253226B2F5004F6268BE
:1059A00028D0A0FB0101930F9200FAF72AFD0146CF
:1059B000B0FBF5F06FF01802504301EB800006EBEE
:1059C0000010B0FBF5F000F0F002B1FBF5F002EBD7
:1059D0000012B1FBF5F06FF01803584301EB8000A3
:1059E00006EB0010B0FBF5F000F00F00216810444A
:1059F000886070BDA0FB010192185B41FAF701FDC0
:105A00000146B0FBF5F00201B1FBF5F06FF01803B1
:105A1000584301EB800006EBC000B0FBF5F000F04E
:105A2000F80002EB4002B1FBF5F0584301EB8000B7
:105A300006EBC000B0FBF5F000F00700D6E7000071
:105A400000100140001401402DE9F0411E461746A8
:105A500088460446069D26E0681C24D025B1FCF744
:105A6000B9F8801BA8421ED920680C3050E8001FEE
:105A700021F4D07140E80012002AF5D120681430DA
:105A800050E8001F21F0010140E80012002AF5D182
:105A9000202084F83D0084F83E00002084F83C007B
:105AA0000320BDE8F0812068016838EA010004D0D5
:105AB0000020B842D0D00020F3E70120F9E7000031
:105AC0000148FDF757BE0000D03300200148FDF724
:105AD00051BE0000443400200148FDF74BBE0000D9
:105AE000B834002030B5034600224FF6FF7403EBB4
:105AF0008205B5F884542D0404D5521CD2B2102A64
:105B0000F5D32246A24207D002F00F0300EB830038
:105B100041F40041C0F88414D0B230BD10B500F09B
:105B200068FF002010BD8278012A07D1022202748A
:105B300001224274002242828182C28200221146E6
:105B400000F011B87FB5002401250DF1040C00957B
:105B50008CE816001E4623462A46314601F043F8DB
:105B600004B0002070BD2DE9F04104460125807885
:105B70002E464FF0030804F59C67012802D0022846
:105B80001ED105E0A160A28126760220A0700EE061
:105B9000204600F03DFD050004D0032D02D0022D6B
:105BA00004D004E0A6700020207600E0A670C4F8BF
:105BB000E08400231A463946D4F8D80403F03EFDA9
:105BC0002846BDE8F0817FB51D460C4690F81D348F
:105BD000089903B100210123CDE90034CDE9022168
:105BE00000231A46294600F0FEFF04B0002070BDD5
:105BF0007FB500230824CDE900311546CDE90243E5
:105C00001A46294600F0EFFF04B0002070BDFBF7F4
:105C100033BE70B50546002005F5876500EB8004AE
:105C200004EBC00405EB4404E67B0A348E4201D049
:105C3000FF2909D1A679964201D0FF2A04D1E4793F
:105C40009C4206D0FF2B04D0401CC0B20228E5D3F2
:105C5000FF2070BD102907D200EB8100B0F884143A
:105C6000C1F30E01C0F884140020704730B40C4614
:105C700085780299012D0FD144F080040474062424
:105C8000447403244282B4EB122F02D140F2094241
:105C900000E000228282C1820A4630BC1946FFF72A
:105CA00062BF0A8803781A440A8001780844704762
:105CB000F8B50E4600F11C040091054623464FF44A
:105CC00000720021FFF7D2FF002806D1324621469C
:105CD0002846BDE8F84000F0A1BFF8BD38B50D4634
:105CE0000091044600F507734FF480720021FFF71E
:105CF000BDFF010044D194F81C0284F8260494F8F6
:105D00001D0284F82704B4F81E02A4F8280494F8AD
:105D1000200284F82A0494F8210284F82B0494F8D1
:105D2000220284F82C0494F8230284F82D04082815
:105D300006D0102804D0202802D0402800D04020CF
:105D400084F82D04082D1BD9B4F82402A4F82E04DD
:105D5000B4F82602A4F83004B4F82802A4F83204F7
:105D600094F82A0284F8340494F82B0284F8350459
:105D700094F82C0284F8360494F82D0284F8370441
:105D8000084638BDF8B51E461446009341F44072EB
:105D900000F507731D460021FFF768FF002814D1A6
:105DA0006978032911D129788A1EB24200D8164693
:105DB0000021B2B2AD1C04E06B5C891C04F8013B0D
:105DC00089B29142F8D300212170F8BD01004FF053
:105DD000000004D0012901D0022901D0022070471F
:105DE00001207047F8B50546D0F87C040126C46947
:105DF0006079062853D2DFE800F003522D033540C6
:105E000005F11C00ED8B092D0DD90921ADF800100D
:105E100005E06946FFF745FF4178212905D0BDF827
:105E20000010A942F5D302201AE0017884F8261068
:105E3000417884F8271041882185017984F82A1057
:105E4000417984F82B10817984F82C10B0F8070080
:105E5000E085E8E7E18D284600F0FCF990B90420E0
:105E600060711CE000223221284600F0B4FB0521BD
:105E700008B1032813D1617111E00021284600F018
:105E8000B7FB10B1032809D009E001206071D5F8F3
:105E9000D424022128469047002600E002263046FE
:105EA000F8BD00002DE9FC41044600F0B1F9FF28DF
:105EB0007ED1204600F0C4F9040079D020208DF86E
:105EC0000000A0786E4F6F4D010707F1020806D55C
:105ED000401C00F0070041308DF8000007E098F802
:105EE000021081420AD049208DF80000387000234A
:105EF0001A466946286803F0A1FB15E094F90410DE
:105F000094F90300FAF780FE8DF80000492802D1C9
:105F10003878492805D000231A466946286803F0D6
:105F20008DFB9DF80000387094F9061094F9050077
:105F3000FAF76AFE06467878492801D1492E09D039
:105F400006F109008DF8040000231A4601A928680B
:105F500003F074FB7E702088800505D500231A4667
:105F600049A1286803F06AFB2088000505D50023B5
:105F70001A4646A1286803F061FBB8F800004646BF
:105F8000C00408D42088C00405D500231A4640A1C7
:105F9000286803F053FB3088C00508D42088C0056A
:105FA00005D500231A463BA1286803F047FB00E013
:105FB00064E03078400708D42078400705D50023F6
:105FC0001A4635A1286803F039FB3078000708D459
:105FD0002078000705D500231A4630A1286803F071
:105FE0002DFB3088400408D42088400405D50023C8
:105FF0001A462BA1286803F021FB3078C00708D18E
:106000002078C00705D000231A4626A1286803F08F
:1060100015FB3078800608D42078800605D500234B
:106020001A4621A1286803F009FB3088000408D42F
:106030002088000405D500231A461CA1286803F017
:10604000FDFA3078800708D42078800705D5002332
:106050001A4617A1286803F0F1FA3078400608D4F0
:106060002078400605D500231A4612A1286803F0BF
:10607000E5FA206847F8020F60687860BDE8FC81A7
:10608000AC01002028000020700000006C0000001F
:106090006A0000006E000000540000005300000081
:1060A0006100000062000000630000006400000066
:1060B000650000006600000000238380C3808372B7
:1060C00002810160704770B5837A0025BBB9012356
:1060D0008372002311E0C4888688B44212D0066817
:1060E000345D01F8014BC488641CA4B2C4800689E5
:1060F000B44200D1C5805B1C9BB29342EBD3857246
:10610000104670BD8572184670BDF0B5837A0027C1
:10611000F3B901238372002318E08488C5882646DA
:10612000641CAC4217D0B0F808C0644500D195B1EA
:10613000056811F8014BAC558488641CA4B28480B6
:106140000589AC4200D187805B1C9BB29342E4D3AB
:1061500087721046F0BD87721846F0BD10B5D0F8B2
:106160007C04C469228B1AB3124904F10800FFF7BA
:10617000AAFF218B88421BD10E48017D022917D02E
:10618000C1884ABA0C490A8043790F229A438A701F
:106190004278803ACA708278C2F17F020A71C2786E
:1061A000803A4A710079C0F17F008871002010BDEB
:1061B000022010BDA0DD00203401002070B5014692
:1061C000D0F87C040022114CC3690F4804F120056B
:1061D0000280C270027142718271104622542A54A8
:1061E000401C2028FAD3188B202801D9202018839E
:1061F0004FF4A07203F1080001F507715D61FFF72C
:106200005BFF002070BD000034010020A0DD0020F5
:106210000246FF2011780B290ED192F8241401EBCD
:10622000810303EBC10102EB410191F849140129FB
:1062300003D0022900D101207047022070470000DE
:1062400010B5FFF78BFF08B1002010BD004810BD4E
:106250003401002008B500F5077300914FF408528F
:106260000121FFF703FD08BD30B41446A125029AB1
:1062700005740125457444EA01214182002181828F
:10628000C28230BC1946FFF76EBC70B50546D0F827
:106290007C040026C469617839B12846FFF73EFCCA
:1062A00061782846FFF7D6FC6670217839B1284618
:1062B000FFF734FC21782846FFF7CCFC2670D5F890
:1062C0007C04C06920B1FAF775F8D5F87C04C66182
:1062D000002070BD2DE9FE430546D0F87C04002661
:1062E000FF23017932462846FFF793FC0746FF2833
:1062F00030D0022F2ED20146284600F0C1FE48BB06
:106300003420FAF728F8D5F87C140446C861200038
:1063100020D03421FAF759FA0720A07007EB870044
:1063200000EBC70005EB400797F8490401282DD082
:1063300002282DD0B5F83004A0F5A061263903D08D
:10634000A0F5A061753905D1B5F82E04A0F514515A
:10635000633902D00220BDE8FE832048206300207C
:10636000A070607197F84E04A076B7F850042083AF
:1063700097F85204A083322801D23220A08397F8E4
:106380004604022800D90220804622E01448E5E7AE
:106390001448E3E707EBC60090F84E14080616D53C
:1063A00021712846FFF79EFB607095F81D14238B22
:1063B00003228DE80E00014695F81C342279284608
:1063C00000F022FC61780022284600F0E8FB761CF1
:1063D000F6B24645DED30020BDE70000BD610008EF
:1063E000E96300084564000870B50146D0F87C04F4
:1063F0000022134CC3691148A4F108054270827051
:10640000C270027142718271C2710272104644F808
:10641000202045F82020401C0228F8D3188B08289B
:1064200001D908201883502203F1080001F50771F3
:106430005D61FFF741FE002070BD0000D8D0002054
:106440000801002070B50146D0F87C040022114CF0
:10645000C3691048083404F1080502704270827064
:10646000C2700271104644F8202045F82020401CDC
:106470000228F8D3188B082801D908201883502245
:1064800003F1080001F507715D61FFF715FE0020BB
:1064900070BD0000100100202DE9F84F0546D0F82E
:1064A0007C0400260227C4694FF0040A4FF001085B
:1064B000A17805F59C6907296CD2DFE801F0040A90
:1064C0006B6B2D263C00216B2846884784F80280A0
:1064D0004FE0207E00900022012128466369FFF7EB
:1064E000C3FE06004FF0050007D0012E07D0032E93
:1064F00008D00720A07002263BE0A07039E084F8A5
:10650000028000E0A070002633E0D5F8C404C00784
:106510002FD084F802A02CE06378227E284661699F
:1065200000F056FA0620A070D5F8C40420620020BE
:1065300084F824002EE06178284600F0B5FA01289E
:106540006178284604D000F0AFFA05281BD021E07E
:1065500000F095FA94F82410E1B9D8B1228B04F137
:1065600008006169FFF7D1FD84F824802846FFF711
:1065700099FCC5F8E07400231A464946D5F8D804BA
:1065800003F05CF806E0A17E2846FFF7CCFA08B9D4
:1065900084F802A03046BDE8F88F10B5D0F87C141E
:1065A000C9698A78062A14D1D0F8C4240B6AD21A91
:1065B0008B8B9A420DD304228A700221C0F8E0141A
:1065C000D0F8D844002300F59C611A46204603F019
:1065D00035F8002010BD212303740A23437442EAD6
:1065E0000121418200218182C1820A46FFF7BBBAA4
:1065F000212202740B224274002209B1428201E07E
:10660000012141828282C28200221146FFF7ABBA89
:106610002DE9F84F027E044601250B2700F59C600A
:10662000032629464FF009084FF007094FF0050AE5
:106630004FF00D0B00900C2A19D2DFE802F0BC06D7
:106640000E2F3B4551646F7E8AA2627904F11001DE
:106650002046FFF7CDFA02202AE06179204600F0BB
:1066600023FA012804D0042816D0022814D0A2E06E
:10667000207CE18A00F0800031B1802801D12676AB
:1066800075E084F818A072E0802802D184F81880A0
:106690006DE084F818906AE0277668E0D4F8C404C6
:1066A000E0812379A2892046A168FFF74BFA0420F4
:1066B000207680E02179204600F0F6F90128E5D027
:1066C00005284ED1032552E000916379A289204626
:1066D000A168FFF778FAD4F8C404E0810620E7E760
:1066E0006179204600F0E0F90128D2D0052804D0D5
:1066F0000228C6D0042803D05DE00C202076E1E714
:106700002776022533E00022237911462046FFF741
:1067100019FAD4F8C404E0810820C9E72179204699
:1067200000F0C2F9012804D00428B5D00528C9D04A
:1067300041E084F818B0002519E000910022637947
:1067400011462046FFF73FFAD4F8C404E0810A203E
:10675000AEE76179204600F0A7F9012804D00228AD
:1067600094D0042898D026E0002584F818B0C4F806
:10677000E06400231A46D4F8D804009902F05EFFC2
:1067800019E0607E401CC0B26076022802D82176F3
:10679000A17010E0D4F8D4240621204690470025AB
:1067A000657661792046FFF755FA21792046FFF793
:1067B00051FA257002252846BDE8F88F2DE9FE4FD5
:1067C00001264178002505270446B1464FF00D0803
:1067D00000F5077200F59C6A08290CD2DFE801F089
:1067E000042A3C69718791AA08212046FFF776FAAE
:1067F00010B103280DD0A8E094F82D04A07184F8FE
:10680000019094F81D140091CDE9015094F81C34C6
:1068100038E094F81E04401CC0B284F81E0403281B
:1068200017D861792046FFF715FA21792046FFF73E
:1068300011FA5AE012212046FFF750FAA8BB0220B5
:106840003DE094F81E04401CC0B284F81E040328E6
:1068500042D984F8008078E00121204600F01BFC3A
:1068600010B1032822D070E00220FFF7D0F984F89D
:106870001C9403206070A07994F81D14CDE90015D4
:106880004B46029021798022204600F0BDF9A07984
:1068900094F81D140091CDE9015094F81C346179ED
:1068A0000022204600F0B0F94FE010E084F80080AC
:1068B00033E009212046FFF7FBF940B9042060705E
:1068C00043E0B4F83A142046FFF7F2F910B1032878
:1068D000B7D03AE0677038E061792046FFF7BAF93F
:1068E00021792046FFF7B6F9657025702DE094F800
:1068F0003414062599B1FF232046FFF743FA70B1FF
:1069000008E094F83514072549B1FF232046FFF726
:1069100039FA10B1032802D017E0657015E06570F0
:10692000C4F8E07400231A465146D4F8D80402F0A3
:1069300085FE0AE094F8361431B1FF232046FFF7B4
:1069400021FA08B1032800D100263046BDE8FE8FA9
:1069500070B50E4604002ED084F8CC240025C4F86F
:106960007C54C4F8805404F58464FAF703FAE570A3
:1069700025706570A570A4F584640EB1C4F8D46464
:1069800000220421102002F02DFEC4F8D8040E4885
:106990000AA1024601604FF4006141611821816142
:1069A00021460A4802F076FFC4F8DC04204600F0D5
:1069B0008FF8002070BD022070BD00005553424882
:1069C0005F51756575650000B4D000204170000806
:1069D0007FB501250DF1040C002400958CE816000C
:1069E0001E4603232A46314600F0FDF804B000207D
:1069F00070BD10B5D0F8D004FBF711F9BDE8104018
:106A0000FFF7E4B910B5012280F82024002180F8B6
:106A1000211480F82214C0F8E0240B460A46D0F86E
:106A2000D84400F59C61204602F008FE002010BD0D
:106A300070B50125044680F82154002084F8200414
:106A400084F82304204600F0C5F821792046FFF79A
:106A500001F961792046FFF7FDF8C4F8E0540023FE
:106A60001A4604F59C61D4F8D80402F0E7FD002032
:106A700070BD10B5C820FAF7FFFE002010BDD0F899
:106A8000D004FBF7C4B810B50124D0F8D004FBF74C
:106A9000B2F820B1012805D0022803D101E000247A
:106AA00000E00224204610BDD0F8D004FBF7A6B8C1
:106AB000D0F8C414491CC0F8C41401780B2905D1BE
:106AC000D0F87C14002901D089690847704700007C
:106AD00010B5044690F8CC04F0B9104810490222D1
:106AE000C0F80043C4F8D00401600C21816001218A
:106AF000C16000210161C0E906210162C1624163F8
:106B0000FBF7C6F908B1FAF76DF90448FBF770F81E
:106B10000146204600F040F8002010BDE8D00020DB
:106B20000000044010B50121C0F8E014D0F8D844AA
:106B3000002300F59C611A46204602F07FFD0020EC
:106B400010BDFEB508AF97E870008DE87000D0F872
:106B5000D004FBF776F8BDE8FE40FFF737B9002117
:106B600080F823147047012130B480F82314C0F852
:106B7000E014D0F8D84400F59C612046002330BCD6
:106B80001A4602F05BBD10B5D0F8D004FBF7FEF951
:106B9000BDE81040FFF71AB9C0F8C4147047D0F828
:106BA000D00401EB410303EBC10100EB810090F83D
:106BB0003B1011B180F8542001E080F855200020EE
:106BC000704710B5D0F8D004FBF7E7F9BDE81040E6
:106BD000FFF7FCB810B5D0F8D004FBF7F4F9BDE826
:106BE0001040FFF7F3B82DE9FF410DF1280898E8B0
:106BF000F0008DE8F000D0F8D004FBF761F804B0A5
:106C0000BDE8F041FFF7E2B8FEB508AF97E87000C5
:106C10008DE87000FFF795FF0020FEBD2DE9F74FCE
:106C200082B00878029E4FF0000B4FF4007386F894
:106C30003804487886F8390448880C46D84606F562
:106C40008766984200D31846708008793071487979
:106C500070718879B071C879F071207A30723178AA
:106C60000920092900D03070092A7CD98246ADF864
:106C700000005FE069462046FFF713F804464078BD
:106C8000042854D12078092801D084F800A008EB0A
:106C9000880101EBC80006EB4009207889F80A005A
:106CA000607889F80B00A07889F80C00E07889F802
:106CB0000D00207989F80E00607989F80F00A0791D
:106CC00089F81000E07909F10A0589F81100207AA5
:106CD000287200271CE069462046FEF7E2FF0446C2
:106CE0004078052814D16879012802D1A8790228B2
:106CF00030D02078072801D00720207009EBC70189
:106D000022461431029800F030F87F1C8346FFB20F
:106D10002879B84204D97088BDF800108842DAD8C2
:106D20002879B84211D808F1010000F0FF08B8F145
:106D3000020F04D27088BDF8001088429AD83079CA
:106D4000022800D3022040450DD9032005B0BDE83C
:106D5000F08F08E0E8790028D0D120780928CDD03C
:106D600084F800A0CAE75846F0E7F0B513780B7036
:106D700053784B7093788B70D478CC7095888D80D5
:106D80000646937900208B71CDB16FF30A058D8093
:106D900092884FF40077C2F30A02BA4200D33A460F
:106DA00015438D8096F81D14002904F0030108D0C6
:106DB00001290BD0E143890700D153B1F0BD032075
:106DC000F0E7012902D0E1438907F7D10BB1102B7D
:106DD000F4D90320F0BD2DE9FE4F022304468DF8BF
:106DE000003094F821140020012901D103212170E1
:106DF000227801260D27002504F59C694FF005082F
:106E00004FF0080A0C2A7ED2DFE802F0061636F7A9
:106E1000F36BD8888F98ADED94F82004002872D0D9
:106E20002670C820FEF7F3FE2046FFF7ACFE84F87C
:106E30001C54C4F8C854FAE094F8230401280ED076
:106E4000D4F8C804B0F57A7F0FD994F81F04401C19
:106E5000C0B284F81F04032805D92770E7E084F83E
:106E60001F542370E3E02570E1E00A30C4F8C80441
:106E70000A20FEF7CCFEDAE0D4F8D42412B10421C3
:106E8000204690476420FEF7C2FE2046FFF7FBFD38
:106E900084F81D0484F8008000212046FEF722FEBD
:106EA000607180212046FEF71DFE2071A17994F8C3
:106EB0001D240092CDE90151014694F81C34802232
:106EC0002046FFF7A1FEA07994F81D140091CDE9AA
:106ED000015094F81C34617900222046FFF794FE9B
:106EE000A5E02046FFF76AFC8DF800009DF8000041
:106EF00000287ED184F8245494F83704012803D064
:106F0000072020706AE043E05046FAE700231A4663
:106F10004946D4F8D80402F091FB6AE0D4F8D424AE
:106F2000B2B3012120469047EEE794F83D14204685
:106F300000F0BFF868BB0920207078E094F83F04A7
:106F40004FF00A0580068ED50121204600F0BFF8DB
:106F50008DF800009DF80000002884D09DF8000006
:106F6000032880D063E0D4F8801421B3C4F87C54A3
:106F700094F8471404EB8002D2F8782412798A42FC
:106F800008D104EB8000D0F87804C4F87C0406E053
:106F90002FE04CE0401C10F0FF00EBD0284658B129
:106FA00081682046884738B906202070D4F8D42458
:106FB00003212046904711E027700FE0D4F87C04AD
:106FC0000028F9D00169204688478DF800009DF817
:106FD000000030B19DF800000228EDD0C4F8E08434
:106FE00094E70B208DE7D4F87C0410B1416920466A
:106FF00088470020BDE8FE8FFFE784F82154204633
:10700000F9F7B8FED4F87C0420B1C168204688475F
:10701000C4F87C54D4F8D42412B1052120469047FA
:1070200094F82204012805D02046FFF7CAFDC4F8D1
:10703000E0646BE784F82254204600F056F8F6E747
:1070400004464FF0FF3600F59C6533460022294682
:10705000D4F8D80402F094FA0028F6D12046FFF7BD
:10706000BAFEF2E70246002011B1D2F880340BB12B
:10707000022070470123C2F88034C2F878147047A8
:107080000246002092F83C348B4202D982F8241444
:107090007047022070478278012A06D100220274CC
:1070A0000523437441828282C28200221146FEF788
:1070B0005ABD8278012A06D1002202740923437442
:1070C00041828282C28200221146FEF74CBD827844
:1070D000012A06D100220274032343744182828272
:1070E000C28200221146FEF73EBD10B50446FFF7EE
:1070F00068FD01212046FFF7BCFC002010BD000008
:1071000001290AD00548022906D0042903D00529FF
:1071100003D1032100E00121017070472801002004
:1071200070B5044606980A9E049D0D99012816D054
:10713000E06840F04000E060204600F02BF8A16BD2
:107140001EB321F48031A163012D07D1A16841F064
:107150000601A160A16841F02001A16070BDA06B93
:1071600020F48030A063E068094A1040E060E068E5
:1071700020F44010E060012903D1E06840F4801061
:10718000E060204600F006F8DEE741F48031DAE7FF
:10719000BFFFBDFF08B500230D490093009A521CA4
:1071A00000928A420CD80269002AF7DA0093026939
:1071B00042F001020261009A521C00928A4201D9F7
:1071C000032008BD0269D207F5D1002008BD0000E8
:1071D000400D0300816821F00101816000207047AB
:1071E00000EB4110064AC0F81025D0F8001521F038
:1071F000804141F00041C0F80015002070470000B8
:107200000000088008B5D0F8402422F02E02009239
:10721000D20405D4012909D1009941F4805103E039
:1072200021B9009921F48051C0F84014002008BD14
:10723000816841F0010181600020704708B500239A
:107240000C490093009A521C00928A420AD80269A3
:10725000002AF7DA102200930261009A521C009271
:107260008A4201D9032008BD0269D206F5D4002064
:1072700008BD0000400D030018B500240D4A00941D
:10728000009B5B1C009393420CD80369002BF7DA38
:10729000202343EA8111009401610099491C009167
:1072A000914201D9032018BD01698906F5D4002057
:1072B00018BD0000400D0300D0F8080480B27047EC
:1072C00008B5D0F840040090C0F3414008BD4069C3
:1072D00000F00100704718B5002200EB4111009248
:1072E000D1F80025C2F38143D1F800258468D20F7C
:1072F000A40600D51AB34FF47A726BB1022B0BD0EF
:10730000D1F8003543F08043C1F80035D0F81004BF
:1073100010F47F0F2BD00CE0D1F8003543F0804300
:10732000C1F8003583689B0609D4C06A10F47F0F4A
:1073300007D0D1F8000540F00040C1F8000500205A
:1073400018BDD1F8000520F00040C1F80005D1F8C3
:10735000000540F00040C1F800050098401C009076
:107360009042ECD8D1F800050028F6DBE7E7D1F829
:10737000000520F00040C1F80005D1F8000540F0FC
:107380000040C1F800050098401C00909042D6D8FB
:10739000D1F800050028F6DBD1E72DE9F0431E46C1
:1073A000DDE90785002700EB41147B1EDDF8249002
:1073B000C4F80835FDB1012D37D0022D1BD0032DA7
:1073C0002CD00127D4F80C3543F00203C4F80C3557
:1073D000D0F8183401F00F0C012101FA0CF10B4325
:1073E000C0F81834816941F000718161110629D516
:1073F0004FF4004127E040F29D43C4F80C351306DA
:1074000004D5D4F80C3543F4807318E0C36BDB0566
:10741000D8D5D4F80C3543F0600310E040F29D63FA
:10742000C4F80C351306ECD4CCE740F22523C4F89D
:107430000C351306C6D5D4F80C3543F4C073C4F824
:107440000C35BFE70021FFF73BFFB8F1020F04D175
:10745000022802D04FF4003000E000204FF0FE532D
:1074600003EA86534FF4F04606EAC22213434FF470
:10747000402202EA85421343C9F30A0213430B4335
:107480000343C4F80035032D01D0012D05D1D4F8F4
:10749000000540F00050C4F800053846BDE8F08310
:1074A000D0F8140480B27047F8B54B78C46B4FF431
:1074B0008075E40515D50C799CB9012A01D06AB113
:1074C0000FE0CC790CB1022C0BD100EB4314D4F8B3
:1074D0000C6526F07006C4F80C6502E04C79012CAE
:1074E0000DD04C697CB10E89A7197F1EB7FBF6F74A
:1074F000BFB2AF4208D92F4635020D6104E01946EC
:10750000FFF76EFE6CE00127CD780DB10C897C434E
:107510000C616FF06045C4F3120405EAC7452C43C3
:107520008D7A4FF0C04606EA45752C4300EB4313B5
:107530000546C3F8104512B1CC68C3F81445D5F818
:107540000844D3F8005544F3000425F00055C3F86F
:107550000055D3F80055641C45EA4474C3F800454F
:10756000D3F8004524F080440094CC78002C009C93
:1075700002D044F4004401E024F4004444F0004408
:107580000094C3F800455ABBCA784ABB4B693BB369
:10759000CA7932B1012A0FD0022A02D0032A17D1A8
:1075A0000AE0DB1CC3F38F02C36A9BB293420FD283
:1075B000826942F020020AE0DB1CC3F38F02D0F89C
:1075C00010349BB2934203D2826942F0806282619E
:1075D000002200928A8A93B24A78C96800F034F98E
:1075E0000020F8BD2DE9F0410025DDF81880164691
:1075F00004462F46C0F8005E806B40F40010A06384
:10760000A06B20F40020A063A06B20F48020A06376
:10761000E06BC00501D5012B04D0D4F8000420F0A4
:10762000040103E0D4F8000440F004012046C4F84B
:1076300000141021FFF720FE00B101252046FFF7BE
:10764000FDFD00B101250020421E06E004EB4011C3
:10765000C1F80825C1F80C75401C8642F6D8A76110
:107660006261E06BC00506D54FF4007060620C48A3
:10767000A0620C4804E0802060620B48A0620B48C6
:10768000C4F80001B8F1000F03D1A06940F0100068
:10769000A061A06906490843A0612846BDE8F081C1
:1076A000000200010003E00080006000E0004000F4
:1076B000080020A3D0F8002422F00302C0F8002420
:1076C000D0F8002401F003031A43C0F80024012974
:1076D00002D0022903D006E04BF6803101E041F2EE
:1076E0007071C0F804140020704741698069084037
:1076F000704730B503460846940802F003010022A3
:1077000003F5805303E01D6840F8045B521CA2425D
:10771000F9D300290BD01C680022D50024FA05F308
:10772000491E521C090400F8013B090CF5D130BD7B
:1077300038B50446D0F8400420F02E00009040F404
:107740008070C4F84004642004F58864FAF794F863
:10775000009820F4807020600A20FAF78DF800204D
:1077600038BD70B50546C068002420F0C040E86010
:10777000012901D079B120E0E86840F00050E860CC
:107780000120FAF779F86869641C10F0010F10D134
:10779000322CF5D30DE0E86840F08040E86001202D
:1077A000FAF76AF86869641C10F0010F01D0322CF6
:1077B000F5D3322C01D0002070BD012070BD38B54A
:1077C000002504460095806820F00100A06010218B
:1077D0002046FFF751FD00B101252046FFF72EFDA1
:1077E00000B10125002104EB4110D0F8002522F062
:1077F000802242F08042C0F80025491C0F29F2D9AE
:1078000000214FF47A7304EB4110D0F8002522F4E4
:10781000004242F04042C0F80025009A521C0092FB
:107820009A4203D8D0F80025002AF6DB491C0F291C
:10783000E9D94FF0FF30C4F814046061A06840F04B
:107840000100A060284638BD10B5029C6CB9DB1C55
:107850009C0800EB0230002300F5805003E051F853
:10786000042B02605B1CA342F9D3002010BDFEE78D
:1078700010B5124C032000212061606110A0A061AE
:1078800004F1A800E0614FF48060A16220626162AF
:107890000BA0E162206604F5956060661020216708
:1078A000C4E91A01616709A1E01DF8F7C9FE08A142
:1078B0002046F8F7C5FE2020A07110BDD0D80020CA
:1078C0005465726D696E616C000000005254540082
:1078D00053454747455200000269C1688A4203D8B0
:1078E0008068401A104400E0501A401E70472DE98D
:1078F000F047C4681746894605464FF000082869D6
:10790000A04201D9061B02E0A968201A0E1AA86835
:10791000761E001BB04200D80646BE4200D33E464B
:107920006868324620444946F8F7AEFEA868BF1B97
:107930003444B044B144A04200D10024EC60002F94
:10794000DDD14046BDE8F0872DE9F0410446884688
:10795000D4E90207C51BE168606816460844B542D1
:1079600006D94146F8F790FEB819E060BDE8F0810D
:107970002A464146F8F788FE761B08EB0501324699
:107980006068F8F781FEE660F0E703B40198410013
:10799000009850EAC12018BF04204A0D18BF40F0DB
:1079A000010040F2FF72B2EB515F08BF40F00200ED
:1079B000012808BF052002B070470907090E0028FA
:1079C00004DB00F1E02080F80014704700F00F00A5
:1079D00000F1E02080F8141D704700000000000056
:1079E00070B59B482DED020B2DED068B079D25F004
:1079F0000044A04218DC9748844202DC0AD1069871
:107A000040B19DED060BBDEC068B02B0BDE87040A9
:107A100000F0CEB9002DCCBF9FED8F0B9FED900BEA
:107A2000BDEC068B02B070BD8F48A04215DD8F48BB
:107A3000A042D8BF4FF0FF3458DD9DED060B51EC4E
:107A4000100BFFF7A2FF042808BF00F0BDF99DED61
:107A5000060BBDEC068B02B070BD9DED060B51EC24
:107A6000100B00F085FECDE9060181489FED828B69
:107A7000A0423CDD8248A0421FDD00249FED82AB86
:107A80009DED060B53EC1A2B51EC100B04F0C0F9D2
:107A90009DED060B41EC190B53EC1A2B51EC100B1E
:107AA00004F0B6FB53EC182B04F0BCFC53EC192B80
:107AB00004F056FACDE9060149E09DED060B0124DC
:107AC00053EC182B51EC100B04F0A2F99DED060BB2
:107AD00041EC190B53EC182B51EC100B04F0A2FCE9
:107AE00053EC192B04F03CFACDE906012FE068486D
:107AF000A0421FDD02249FED689B9DED060B53EC19
:107B0000192B51EC100B04F083FB53EC182B04F0F1
:107B10007FF99DED060B41EC180B53EC192B51EC42
:107B2000100B04F07FFC53EC182B04F019FACDE98C
:107B300006010CE09DED060B032453EC102B9FED8A
:107B4000580B51EC100B04F00BFACDE906019DED3A
:107B5000060B53EC102B51EC100B04F059FB41ECCD
:107B6000180B53EC182B04F053FB41EC190B4E4847
:107B70000621B0EE490AF0EE690A784400F09CF85C
:107B800053EC182B51EC100B04F042FB41EC180B9A
:107B90004648B0EE490AF0EE690A0521784400F043
:107BA0008BF853EC192B51EC100B04F031FB41EC2A
:107BB000100B51EC180B53EC102B002C0EDA04F0C8
:107BC00027F99DED061B53EC112B04F021FB9DEDD5
:107BD000061B53EC112B04F019FC35E004F018F9E6
:107BE0009DED061B53EC112B04F012FB41EC100B26
:107BF0002F48784400EBC40090ED001B51EC100BB3
:107C000053EC112B04F00EFC9DED061B53EC112BD5
:107C100004F008FC41EC100B2648784400EBC4004B
:107C200090ED001B51EC100B53EC112B04F0EEFB0C
:107C300041EC100B002DA2BFBDEC068B02B070BD55
:107C400051EC100B04F0A6F841EC100B01E700001A
:107C5000000010440000F07F182D4454FB21F93F30
:107C6000182D4454FB21F9BF0000DC3F0000203EEA
:107C70000000F33F00000000000000000000F03FA3
:107C80000000E63F0000000000000000000000408F
:107C90000080034000000000000000000000F83FEA
:107CA000000000000000F0BF8A4E0000404E0000BF
:107CB000CA4D0000824D000070B504462DED028BC8
:107CC0004D1E00EBC500B0EE408AF0EE608A90EDEC
:107CD000000B35F0060017D053EC182B51EC100BAD
:107CE00004F096FA41EC100B6D1E04EBC50090ED0C
:107CF000001B51EC100B53EC112B04F089F841ECF4
:107D0000100B35F00600E7D1022D36D0042D1CD023
:107D1000062D1CBFBDEC028B70BD53EC182B51EC33
:107D2000100B04F075FA94ED0A1B53EC112B04F0C0
:107D30006FF853EC182B04F06BFA94ED081B53EC1E
:107D4000112B04F065F841EC100B53EC182B51EC9F
:107D5000100B04F05DFA94ED061B53EC112B04F0AC
:107D600057F853EC182B04F053FA94ED040B53EC32
:107D7000102B04F04DF841EC100B53EC182B51EC88
:107D8000100B04F045FA94ED021B53EC112B04F098
:107D90003FF853EC182B04F03BFA94ED001B53EC26
:107DA000112B04F035F8BDEC028B41EC100B70BDCB
:107DB00010B553EC102B51EC100B04F029F841ECEA
:107DC000100B10BD000000009FED050B10B553EC2B
:107DD000102B51EC100B04F01BFA41EC100B10BDF2
:107DE000000000000000001030380A2801D20120F5
:107DF00070470020704770477047000001780529E0
:107E000006D00649C1600649416006498160704755
:107E10000549C160054941600549F7E775910008CA
:107E20006991000871910008B18A0008A58A0008CC
:107E3000AD8A0008384D08B501223649284600F0C1
:107E4000B7FC344C2168062908D0052906D0052046
:107E5000206001222146284600F0B4FC01F02EFAF1
:107E600002F0C0FB00F0AEFA00F0E0F92B4D2C4917
:107E7000286800F057F92A49686800F053F9294842
:107E80001E21006801F086FD27481E21006801F0D0
:107E900081FD26483221006801F07CFD2448F9F775
:107EA000CFF900F0DDFA207802F024FC4FF4FA60FC
:107EB00001F014FB2068052803D0062803D0606871
:107EC00003E0012000E00220606000901948C82310
:107ED000642200684FF4E16100F010FA164800686F
:107EE000C16888472068052802D006280BD105E024
:107EF00012A0F8F7FDFA00F023FD04E012A0F8F755
:107F0000F7FA01F07DF841F28834204601F0E6FAF4
:107F1000FBE70000B801002000000C086C01002005
:107F2000318000083C00002030000020400000208C
:107F30009028002074010020940100204A6574619B
:107F4000636B65720A0000004D696E61636B657258
:107F50000A00000038B52949A1F10804088880B357
:107F6000A0F57062FF3A2CD000EE100A9FED241AA3
:107F70004888B8EE400A2349C1EE000A00EE100A14
:107F8000B8EE400A20EE800AF2EE060A20EE200A41
:107F900010EE100A884201DD9FED1B0AD4ED000AA5
:107FA000F5EEC00AF1EE10FA09D09FED181A60EE56
:107FB000810A9FED171A40EE010AB0EE600A84EDC7
:107FC000000A02220D491348F9F7B8F9124920684E
:107FD00000250844114988420ED26068401C606048
:107FE000C8280ADD052000900D48C8239A000068C3
:107FF00040F6340100F082F9656038BDA801002028
:108000000040974400409C46000000003333733F1B
:10801000CDCC4C3D90280020FFDF66BAFF4F7B009F
:1080200074010020012001F059FAFBE770470000BD
:108030002DE9F84FDFF88C800746234CD8F8000074
:10804000DFF888900E464FF4E16AB84224D1202E22
:1080500022D12068052830D00520206001206060F2
:10806000207802F047FB5020EFF3118580F3118850
:10807000BFF34F8FBFF36F8F01221349144800F0F5
:10808000A1FB85F3118860680090C82364225146E3
:10809000D9F8000000F032F9D8F80400B8420AD14B
:1080A000022E08D120680090C82364225146D9F8D6
:1080B000000000F023F9BDE8F88F062020600220C0
:1080C000CDE700006C010020B80100207401002001
:1080D00000000C08002101718160C16001614161F3
:1080E0004FF4C87181614FF4FA61C1618910016276
:1080F00001494162704700002D80000810B50168F9
:108100000748012903D0022903D0002010BD022115
:1081100000E00121F9F754FD80F0010010BD0000DE
:1081200000100240002900D04162704770B504463B
:10813000406908446061A16A204688470146A068FA
:10814000884201D0A16070BDE168814201D1002860
:10815000F9D0E0602179002571B1012933D00229DD
:10816000F1D178B3216A60698842ECD9626A04214E
:1081700020469047656170BDD8B1626A01212046F2
:108180009047D4E90501884210D2206970B1401CA3
:108190002061022803D1626A40212046904720696D
:1081A000032803D1626A802120469047012065613F
:1081B00014E0D4E905018842DDD920690028DAD02D
:1081C0002561D7E719E058B1E16960698842D2D9E1
:1081D000626A02212046904702206561207170BDCD
:1081E000626A102120469047626A2021204690470B
:1081F000206900B90120206107E0626A0821204659
:1082000090472561A069401C6061257170BD000028
:1082100010B5054C1E212068FFF788FF6068BDE897
:1082200010401E21FFF782BF6C0100202DE9F047AE
:10823000144D154E00244FF4967740F2DC584FF45D
:10824000C8792C221149002000F072FD45F8240065
:10825000FFF740FF55F82410601C086055F8240013
:10826000866255F82400876155F82410C1F81C80F7
:1082700055F82410641C022CC1F82090E1DBBDE805
:10828000F08700006C010020FD8000087C010020C8
:1082900044F62060814200D90146154A0A29106837
:1082A00015D2016A41F21113194207D1016A9B10DC
:1082B000194203D1016821F0010101601168002019
:1082C000486202464FF480710A48F9F77EBC0A4BB7
:1082D000B3FBF1F1C1F34F03491EC162D1601068D5
:1082E00043631068016841F00101016070470000BC
:1082F0008031002000000240A08601001FB5069CCE
:10830000ADF80010CDE90123ADF80C40026A6946D2
:10831000904704B010BD0321017170472DE9F04171
:108320000E46C269044600F10C019047002700B9CF
:10833000277120794FF001080325E0B1012827D0EB
:10834000022816D1A0683044A060D4E90421114469
:1083500081420ED8401AA060208B012825D0626A85
:10836000A18920469047208B00B1401E208384F8CD
:108370000480BDE8F0812069B8B1A189A9B1626A21
:1083800020469047606908B1A760F0E72571F0E7E3
:10839000A0683044A06021698842EAD3626A002163
:1083A0002046904702202071E3E7626A00212046C0
:1083B0009047EBE702481E210068FFF7AFBF0000BF
:1083C0007401002010B586B000224FF480711C4863
:1083D000F9F7FBFB18221B496846F8F79AF96A4639
:1083E0001021052001F0FEF817492822486017499E
:1083F000002000F09DFC144C2060FFF78CFF2168EA
:10840000012008602068124941621249C161124985
:10841000016212480021026851620268891E1161DE
:1084200002686FF0020111610168CA6842F001023E
:10843000CA600068C16841F00201C16006B010BDA9
:108440000000024070C90008740100207C01002077
:108450009182000899870008B1A3000880310020AC
:1084600010B53E482DED048B00F0CAF83B480324BC
:10847000B7EE008A04709FED3A9A80ED078ADFED2F
:10848000398A80ED069AC0ED058A374901622430A9
:1084900000F0B6F8314835492430047080ED078A81
:1084A00080ED069AC0ED058A0162243000F0A8F83C
:1084B0002A48012148309FED2E0A017080ED078A7D
:1084C00080ED060A9FED2B0A2B4980ED050A01621B
:1084D000243000F0D9FC214804216C309FED270A9C
:1084E000017080ED078A80ED060A9FED250A264976
:1084F00080ED050A9FED230A80ED040A0162243015
:10850000052101709FED210A80ED078A80ED060AA2
:108510009FED1F0A204980ED050A9FED1E0A80EDA0
:10852000040A0162FFF76AFC0C480621B4309FED93
:108530001B0A017080ED078A80ED060A9FED180A7C
:10854000194980ED050A9FED170A80ED040A0162C2
:10855000BDEC048BBDE81040FFF750BC0076012055
:1085600000005842CDCC4B43C58A0008B5A800088E
:108570000000344200000143E1A800080000C142AD
:1085800000005A4300004343F18A00080000C8423B
:108590007B54554385EB6043598A000800007042C4
:1085A00000002A43000034431991000810B5B0EED2
:1085B000401A2DED028BF6EE001A90ED050AB0EE92
:1085C000418A044620EE200AF0EE410A40EE610A9C
:1085D00000EE218AB0EE600A00F002FBF0EE408A65
:1085E000B0EE480A204600F0FBFAF0EE400A216A9D
:1085F000B0EE680ABDEC028B2046BDE8104008478B
:108600000349C1600349416003498160704700002C
:108610008DA8000851A800085DA8000810B5F0EE6C
:10862000400A2DED028B044690ED060ADFED1A8A12
:10863000203001F0DDF994ED070AD4ED0E0A174958
:10864000B8EEC00A30EE208A18EE100A884201DD2A
:108650009FED138A134918EE100A884201D99FED45
:10866000128A124918EE100A884204D218EE100A33
:108670000F49884201DBF0EE488A626CBDEEE80AE1
:10868000204610EE101A9047BDEEC80A84ED070A86
:10869000BDEC028B10BD00000000000000007A4419
:1086A00000007A4400007AC400007AC400007AC353
:1086B00000007A430021E0E802119FED0A0AE0E899
:1086C0000211B0EE401A80ED010A80ED020AC1608D
:1086D00040F8101B42F20F71F0EE400AC16101F048
:1086E00079B9000000000000D0ED100AF4EEC00AD5
:1086F000F1EE10FA06D3F1EE600AF4EEC00AF1EEE4
:1087000010FA01DDB0EE600A80ED080A7047000043
:10871000F0B5D0E903618468CF17A4FB015C06FBC8
:1087200001C104FB0714A91802685C418A1A00EE13
:10873000902AC0E90014B8EEE01AC1EE000A9FEDDD
:108740000A0A9FED0A1A20EE800AD0ED050A00EE13
:10875000810A80ED050AD0ED0F0AF8EEE00A80EEFE
:10876000201A80ED061AF0BD6666663FCDCCCC3D82
:1087700082B0CDE9000121F0004001909DED000B99
:1087800002B051EC100B704713B50122694600206E
:10879000FCF714FC00981CBD024800231A464068F0
:1087A00000F0EEBE74010020012000F097FEFBE710
:1087B00010B5002303E010C841F823405B1C93422E
:1087C000F9D310BD2DE9F04F87B04FF000081746E0
:1087D0000E460446CDF81480B0F1006F38D3A007E0
:1087E00036D1F9F7EFF81C48254604EB87074CF221
:1087F000503B844215D24FF001094FF0020ABD42AE
:108800000FD22868401C11D02846CDF80080FCF714
:108810001FFC02AA05A982E801066846F9F73EF89E
:1088200028B15846F8F7C4FB70B10FE02D1D58462B
:10883000F8F7BEFBE3E70023214602203268F9F790
:1088400083F818B9241D361DBC42F4D3F9F772F829
:1088500007B0BDE8F08F000000100C08012000F008
:108860003DFEFBE710B504462DED048BF0EE608A6B
:10887000B0EE409A9FED2B8AF5EEC08AF1EE10FA29
:1088800022D0D4ED050A80EEA80A10EE100A03F0FB
:10889000B3FE41EC100BFFF7A3F851EC100B03F003
:1088A00085FA89EE280AD4ED040AB6EE001AF0EE35
:1088B000681A40EE818A40EEC11A08EE100A20EED6
:1088C000219A20EE280A01E0B0EE490A204600F085
:1088D000A7F9F0EE408AB0EE490A204600F0A0F970
:1088E00018EE100A1049884202DD9FED108A06E05A
:1088F00018EE100A0E49884201D99FED0E8ADFED6D
:108900000E1A9FED0E1A226AF0EE680A08EE211A7E
:10891000BDEC048B2046BDE81040BDEEC11A11EE3F
:10892000101A104700000000920A063F920A063F04
:10893000920A06BF920A06BF7FBB6E430000FA434D
:108940002DE9F0413F4C414D2DED028B20689FED0C
:108950003E8A95ED020A4168B0EE481AF0EE480AE8
:1089600088474FF4FA66304600F0B8FD2068C168C9
:1089700088477710384600F0B1FD206895ED020A6F
:10898000B0EE481A4168F0EE480AB1EE400A884756
:10899000304600F0A3FD2068C1688847384600F0E3
:1089A0009DFD20689FED2A8A01218268F0EE480A29
:1089B00095ED020A9047304600F090FD2068C168AE
:1089C0008847384600F08AFD206895ED020A0121AB
:1089D0008268F0EE480AB1EE400A9047304600F057
:1089E0007DFD2068C1688847384600F077FD206823
:1089F0009FED188A01218268F0EE480A95ED020A7F
:108A00009047304600F06AFD2068C16888473846C4
:108A100000F064FD206895ED020A01218268F0EE05
:108A2000480AB1EE400A9047304600F057FD2068F2
:108A3000C1688847BDEC028B3846BDE8F04100F0C4
:108A40004DBD00009401002000000000B80100208E
:108A50000000FA430000FAC370B5104D0C462DED2E
:108A6000028BB0EE608A6868F0EE408AA04205D0C2
:108A7000A1B26422092001F013FE6C60084CB0EE34
:108A8000680A6068FFF730FE2068B1EE480ABDEC66
:108A9000028BBDE87040FFF727BE00009401002064
:108AA000E0DD0020F0EE410AFFF7DCBEFFF7DABEA2
:108AB0009FED030A026A4FF4FA71F0EE400A104784
:108AC0000000000010B5094C2DED028BB0EE408A7D
:108AD000B0EE600A2068FFF707FEE068B1EE480AD2
:108AE000BDEC028BBDE81040FFF7FEBDE0DD0020CD
:108AF00010B5104CB1EE400A2DED048BF0EE618AFA
:108B0000B0EE419AB0EE608AE068FFF7EDFDB1EE9D
:108B1000480AA068FFF7E8FDB0EE490A2068FFF7B1
:108B2000E3FD6068B0EE680ABDEC048BBDE8104060
:108B3000FFF7DABDE0DD00202DE9F0410E46826945
:108B4000044600F10C019047002700B927712079F5
:108B50004FF001080325E0B1012826D0022816D1E4
:108B6000A0683044A060D4E90321114481420ED8AA
:108B7000401AA060A08A012824D0226A0121204640
:108B80009047A08A00B1401EA08284F80480BDE80E
:108B9000F081E068B0B1226A012120469047206947
:108BA00008B1A760F1E72571F1E7A0683044A06043
:108BB000E1688842EBD3226A0021204690470220D8
:108BC0002071E4E7226A002120469047EBE700008D
:108BD00002481E210068FFF7AFBF000064010020BB
:108BE000D0ED060A9FED051A60EE810A80EE201A8C
:108BF00090ED070A21EE000A70470000DB0F4940A4
:108C0000D0ED060A9FED051A60EE810A80EE201A6B
:108C100090ED070A21EE000A70470000DB0F494083
:108C2000D0ED060A9FED041A20EE811AC0EE010A6B
:108C3000B0EE600A70470000DB0F49400349002294
:108C40000A704A6810444860704700002C010020F8
:108C500008B500200246009003480A2369460068D0
:108C600000F0ECFC08BD0000240000202DE9FC41D0
:108C70000E4608B1044600E02C4C4EB3A06838BB49
:108C80004FF00008CDF800804546CDF8048006EB93
:108C9000C500416811B956F8351059B1DDE9001227
:108CA0000A4456F835108A4212D8009140686D1C6B
:108CB0000190ECE765B15EB104F11400074600F0E5
:108CC00065F828B9384600F04FF808B1002728E0C9
:108CD0000020BDE8FC8101AA6946304601F0FEFA99
:108CE000E8B1A16811B90098C4E90008DDE9000203
:108CF00010440838A060C0F80080A068C0F8048064
:108D00000098A2680260019A083A426001B10860C6
:108D1000E16840680844E0602069401C2061083632
:108D20007F1CAF42D7D32069D3E7000088DD002045
:108D30002DE9F04115460E4608B1044600E0094C05
:108D400004F11400074600F02FF82A463146204669
:108D500001F070FA0446384600F01DF82046BDE8E0
:108D6000F081000088DD00201FB5044606480FC8CA
:108D70008DE80F00684600F0BEFC2060002800D09F
:108D8000012004B010BD000060C900080068002880
:108D900000D00120704710B5006800F0E0FC08B179
:108DA000002010BD012010BD10B500684FF0FF314C
:108DB00000F078FC08B1002010BD012010BD0000BB
:108DC0002B4C08B5002020702A49FFF74FFFF9F718
:108DD00047FAFCF7C9F92848016841F4001101601D
:108DE000006800F40010009023481038016841F436
:108DF00000110160006800F400100090FBF7D2FB46
:108E0000FBF7CCFAFCF73EF8FBF74CFDFBF750FE06
:108E1000FBF7CEFEFBF76EFFFBF7C6FFFBF764FD2B
:108E2000FBF798FDFBF7B2FCFCF70AF8FCF746F8F5
:108E3000FCF760F8FCF77CF8FBF792FFFBF7EEFE1F
:108E4000FBF722FFFBF702FEFBF796FAFBF7B8FDF4
:108E5000FBF754FAFBF7BAFC207810B907A0F7F734
:108E600047FB00F05FFBFBF7C7FA00F06DFBFEE786
:108E70005C0100207C010020403802405374617284
:108E8000742E2E2E0D0A00000349C1600349416073
:108E900003498160704700009DA8000859A8000898
:108EA00075A8000810B504462DED048BD0ED041A0A
:108EB00090ED052A71EE821A21EE811A70EE601A89
:108EC00030EE200A31EEC12A30EE018A70EE418A7E
:108ED00031EE819AB0EE420AFFF792FEF0EE409A30
:108EE000B0EE680A2046FFF78BFEF0EE408AB0EE47
:108EF000480A2046FFF784FEB0EE408AB0EE490AE9
:108F00002046FFF77DFEF0EE401A216AB0EE481AC7
:108F1000F0EE680AB0EE690ABDEC048B2046BDE8AD
:108F20001040084710B504462DED048BF0EE608A22
:108F3000B0EE409A9FED2B8AF5EEC08AF1EE10FA62
:108F400022D0D4ED050A80EEA80A10EE100A03F034
:108F500053FB41EC100BFEF743FD51EC100B02F0FC
:108F600025FF89EE280AD4ED040AB6EE001AF0EEC9
:108F7000681A40EE818A40EEC11A08EE100A20EE0F
:108F8000219A20EE280A01E0B0EE490A2046FFF7B8
:108F900047FEF0EE408AB0EE490A2046FFF740FE59
:108FA00018EE100A1049884202DD9FED108A06E093
:108FB00018EE100A0E49884201D99FED0E8ADFEDA6
:108FC0000E1A9FED0E1A226AF0EE680A08EE211AB8
:108FD000BDEC048B2046BDE81040BDEEC11A11EE79
:108FE000101A104700000000C3B8323FC3B8323F28
:108FF000C3B832BFC3B832BFAA271FC40080BB4466
:109000002DE9F0413F4C414D2DED028B20689FED45
:109010003E8A95ED030A4168B0EE481AF0EE480A20
:1090200088474FF4FA66304600F058FA2068C16865
:1090300088477710384600F051FA206895ED030A0A
:10904000B0EE481A4168F0EE480AB1EE400A88478F
:10905000304600F043FA2068C1688847384600F07F
:109060003DFA20689FED2A8A01218268F0EE480AC5
:1090700095ED030A9047304600F030FA2068C16849
:109080008847384600F02AFA206895ED030A012146
:109090008268F0EE480AB1EE400A9047304600F090
:1090A0001DFA2068C1688847384600F017FA206822
:1090B0009FED188A01218268F0EE480A95ED030AB7
:1090C0009047304600F00AFA2068C1688847384661
:1090D00000F004FA206895ED030A01218268F0EEA1
:1090E000480AB1EE400A9047304600F0F7F9206890
:1090F000C1688847BDEC028B3846BDE8F04100F0FE
:10910000EDB900009401002000000000B80100202B
:109110000000FA430000FAC370B5104D0C462DED67
:10912000028BF0EE608AA868B0EE408AA04205D0BB
:109130000B486422006801F03CFAAC60094CB1EEC7
:10914000480A6068FFF7D0FA2068B0EE680ABDEC04
:10915000028BBDE87040FFF7C7BA00009401002001
:10916000F0DD0020E0DD0020F0EE410AFFF7DABE7E
:10917000FFF7D8BE9FED030A026A40F2DC51F0EE21
:10918000400A1047000000000F4A10B50023106885
:10919000002903DDC3631068016409E005DA036494
:1091A000C1F100001168C86302E0C3631068036482
:1091B0004FF008010448FAF725FABDE810400C21E9
:1091C0000148FAF71FBA00002C2B00200F4A10B5F7
:1091D00000231068002903DD43631068816309E000
:1091E00005DA8363C1F100001168486302E043635C
:1091F000106883634FF000010448FAF703FABDE8F2
:10920000104004210148FAF7FDB900002C2B002082
:1092100010B50C4600211148FAF75CFA04210F48FA
:10922000FAF758FA00210D48002C04DD026891631A
:109230000068446306E00268516301DAC4F100018A
:10924000006881634FF000010448FAF7DBF9BDE8DC
:10925000104004210148FAF7D5B90000642F00201E
:1092600010B50C4600211348FAF734FA00211248D1
:10927000FAF730FA00200F4A0F49002C04DD12687B
:109280005063086844630AE005DA09684863C4F17A
:109290000000116802E012685063096848634FF0EB
:1092A00000010448FAF7AEF9BDE810400021024879
:1092B000FAF7A8B918300020CC3000202DE9F04191
:1092C000724D00242DED068B4EF6602640F6787721
:1092D0009FED6F8ADFED6F8A9FED6F9ADFED6F9ADA
:1092E0009FED6FAA48226F490020FFF721FD45F846
:1092F0002400FFF7DFF955F82400066155F8240033
:10930000C76355F8240080ED108A55F82400C0ED9D
:10931000088A55F8240080ED099A55F82400C0ED1C
:109320000A9A55F82400641C042C80ED0BAAD9DBA2
:1093300029685E4E5C4848643068002444623068A6
:10934000016841F0010101603068416C41F4004165
:1093500041645749086844620868A71E07610868A5
:10936000C26842F00102C2600868016841F0010170
:1093700001603C214E48F9F7CFFE69684D484864CA
:10938000306844623068016841F001010160306872
:10939000416C41F4004141644749086844620868EF
:1093A00007610868C26842F00102C260086801688B
:1093B00041F0010101603C213F48F9F7ADFEA96889
:1093C0003E4848643E49086844620868026842F0C2
:1093D000010202600868416C41F40041416439496E
:1093E00008684462086807610868C26842F00102C0
:1093F000C2600868016841F0010101603C21314808
:10940000F9F78AFEE968314A2F48486410684462D7
:109410002F49086844621068036843F00103036041
:109420000868036843F0010303601068426C42F46B
:10943000004242640868416C41F40041416425499E
:1094400008684462086807610868C26842F001025F
:10945000C2600868016841F0010101603C211948BF
:10946000F9F75AFE1C4908684462086807610868F1
:10947000C26842F00102C2600868016841F001015F
:109480000160BDEC068BBDE8F0810000E0DD00204E
:10949000CDCCAC3F0000000000007C426666264058
:1094A0009A9919407C010020899100082C2B0020FA
:1094B000FC2D0020CD910008E02B00201192000827
:1094C000642F0020482D00206192000818300020F1
:1094D000CC300020942C0020B02E002010B5EFF3EB
:1094E000058111B16FF0050403E0002408B101F01B
:1094F0007DFB204610BD10B54FF00001EFF3058253
:109500006AB948B1D0E902202AB1202807D3104611
:1095100001F0A6FC02E010B901F094FC01460846F7
:1095200010BD0000EFF3058010B16FF0050070472B
:109530000448016811B14FF0FF307047012101600C
:1095400000207047D000002010B5EFF3058010B167
:109550006FF0050010BD08480168012902D04FF0E6
:10956000FF3010BD054A002182F8141D0221016060
:1095700001F0ECFB002010BDD00000200BE000E06B
:10958000F8B51D466FF003036FF002064FF00004BC
:10959000EFF30582A2B1F0B1E9B1E5B90022009282
:1095A0006A4602F00BF8012817D10098B0B10C49B7
:1095B0004FF080500860BFF34F8FBFF36F8F0DE007
:1095C00048B141B12A4601F05DFF012806D025B11E
:1095D0006FF0010402E01C4600E034462046F8BD6E
:1095E00004ED00E0F8B514464FF00005EFF30582F6
:1095F00012BB08B301B3A4B1D4E9023263B1502A5B
:109600001AD32269C2B1676900FB01F6B74213D3CE
:10961000009501F041FD07E072B9226962B9626903
:1096200052B9002201F017FD050005D00CB12168E8
:1096300000E0002101F07AFA2846F8BDF8B51D4691
:109640006FF003036FF002064FF00004EFF30582A2
:10965000AAB100B3F9B1F5B90022134600926A46E7
:1096600001F044FE012818D10098B8B10C494FF020
:1096700080500860BFF34F8FBFF36F8F0EE050B183
:1096800049B100232A4601F07FFD012806D025B10B
:109690006FF0010402E01C4600E034462046F8BDAD
:1096A00004ED00E02DE9F0410D46014621F00100F6
:1096B00001F001014FF00004EFF305820AB1A41F8D
:1096C00016E048B100296FF001066FF00207294645
:1096D00008D002F07DF807E06FF0030408E035B130
:1096E000344605E001F0B8FF0128F8D100E03C461F
:1096F0002046BDE8F08170B505464FF00004EFF359
:10970000058050BB0DB1686800E00020C10701D0A2
:10971000012600E0002600071FD46DB1D5E9021034
:1097200021B1502819D31EB1042002E020B114E069
:10973000012001F083FC05E00EB1042000E00120CF
:1097400001F071FC040008D00DB1296800E000218F
:1097500001F0ECF90EB144F00104204670BD70B583
:10976000014621F0010001F001014FF00004EFF388
:1097700005820AB1A41F11E028B16FF0020529B1DA
:1097800001F061FE07E06FF0030407E000231A46D2
:10979000194601F0F9FC012800D02C46204670BD86
:1097A000F8B514460E464FF00005EFF3058191BB66
:1097B00088B3864242D86A1E44B1A1680029E16894
:1097C00003D0502903D3012201E001B90022511C2A
:1097D00034D0012809D0012A27D0314601F0E6FB18
:1097E00005002BD034B3216825E0012A14D00322D0
:1097F0000021012001F02FFC05001FD0002EF1D028
:1098000000231A46194601F0BFFC0128EAD0284679
:1098100001F09EF9002511E003200090002211467E
:109820000120A36801F038FCE6E73146A26801F0A8
:10983000DAFBD5E70021284601F078F92846F8BD83
:1098400038B50024E51E00280AD0EFF30581A9B140
:1098500000210091694601F0A8FD012815D102E020
:109860006FF0030412E0009880B109494FF0805076
:109870000860BFF34F8FBFF36F8F07E000231A46D6
:10988000194601F081FC012800D02C46204638BD45
:1098900004ED00E02DE9FF410B464FF00005EFF32A
:1098A0000581039549BB40B38026182100244AB3A3
:1098B000176807B13C46976907B139464F1E382FE4
:1098C00002D21779FF0703D0002004B0BDE8F08171
:1098D000576907B1BE08D2F808C0BCF1000F0DD01F
:1098E000D5685C2D18D312693AB137B18DE80610EE
:1098F0003246214601F0F3FF03900DE0D7685FB9CF
:1099000012694AB903AACDE90012B2B2214601F0A8
:10991000B9FF012800D003950398D6E72DE9FC474D
:109920001C469046894607464FF00006EFF3058037
:1099300058BB57B3082000F043FD050025D0C5E90A
:109940000078B9F1000F12D00122114B002094B120
:10995000216801B10846A16859B1E4682C2C11D3E3
:10996000CDE900312B46012102F09AF908E00022EE
:10997000EBE7E16831B900932B46012102F076F95B
:10998000060002D1284601F063F83046BDE8FC87A6
:10999000AF57000808B5EFF3058313B16FF005006A
:1099A00008BD50B100230A460421009302F0C0F91B
:1099B000012805D06FF0020008BD6FF0030008BD5C
:1099C000002008BD0120FFF789FDFBE70120FFF71C
:1099D00085FDFBE7DFED051A011DC0ED001A81ECE6
:1099E000040AC0ED051AC0ED061A70470000000019
:1099F00090ED001AD0ED052AB0EE003A31EE400AA3
:109A000090ED041AB0EE402A60EE201A02EEC32A4E
:109A100072EE012A82EEA02AD0ED010AD0ED022AD0
:109A200060EE800A42EEA10AD0ED031A41EE820AEE
:109A3000C0ED060A80ED051A80ED040A70470000AB
:109A40002DE9F041134E0F460446F5683068001DBD
:109A500000F06AFF601C07D137B13168BDE8F04102
:109A60000D48091D00F0B4BF30682C44AC4244607E
:109A7000316805D2B06BBDE8F041091D00F090BF20
:109A8000706B091D00F08CFFB06A844200D2B46292
:109A9000BDE8F08180000020D03C00202DE9F0419D
:109AA000054600F0A1FF2D4EB068401CB060306844
:109AB0002B4F10B1706930B32BE03560B0680128CE
:109AC00027D1002404EB840007EB800000F05AFF4C
:109AD000641C382CF6D3234800F054FF214814307E
:109AE00000F050FF1F48283000F04CFF1D483C306C
:109AF00000F048FF1B48503000F044FF19487063E5
:109B00001430B06305E03068E96AC06A884200D862
:109B10003560706A401C70626864E86A3169884226
:109B200000D9306100EB800007EB8000291D00F0B8
:109B30004FFF00F079FF706900280CD03068E96AA7
:109B4000C06A884207D208494FF080500860BFF3CE
:109B50004F8FBFF36F8FBDE8F081000080000020C1
:109B600020380020803C002004ED00E038B500F0F3
:109B70003BFF104C2068C8B90F4800F003FF0E48A7
:109B8000143000F0FFFE0C48E060143020610A4BF6
:109B90000020F03B009003F1500210210A2001F058
:109BA0007BFA206010B105A100F0C0FFBDE838408D
:109BB00000F03ABFBC000020D43D0020546D72512B
:109BC0000000000030B4026C0B46002A0BD0C168C4
:109BD0001144C1608468A14201D30168C16030BCF6
:109BE0001846F6F751BD30BC70472DE9F041856B42
:109BF000174604460026026C82B1C7B1E068F6F74A
:109C000043FDE168206C091AE1602268914202D2AA
:109C1000A168081AE060022F16D017E02068A8B9E2
:109C2000A06801F00FFF06460020A0600EE060680B
:109C3000F6F72AFD216C606808446060A1688842DC
:109C400004D32068606001E005B16D1E6D1CA56342
:109C50003046BDE8F08110B5044690F8590058B17F
:109C600001280CD002280FD0502080F31188BFF3B8
:109C70004F8FBFF36F8FFEE7206B00F0E9FE2046A9
:109C8000BDE8104000F0E4BE10BD000010484FF4E5
:109C90004051420706D0C01D0D4920F00700411A6F
:109CA000C1F540510B4A00230144C2E900030839C1
:109CB000183A21F0070111604B600B600B1AC0E9E4
:109CC000001393604FF000405360506170470000F4
:109CD000B4A00020EC000020144E154DA6F29C47C5
:109CE0004FF08058DFF84C9011E000F07DFEF068F6
:109CF000C468201D00F018FEA868401EA8606868AF
:109D0000401E686000F090FE2046FFF7A4FF6868E0
:109D10000028EAD13868012805D9C9F80080BFF3C6
:109D20004F8FBFF36F8F00F029FEF0E7BC3C00209F
:109D30008000002004ED00E0002807D000218160B1
:109D400001600B460A46C16001F01EBA704770B54B
:109D50001D46049C49B12260C4E90F01012120463F
:109D600001F0CEF984F84C5070BD2460F4E72DE981
:109D7000F05F0E46DDE90B941746834691009A4644
:109D80000A9DA522206BF6F7F6FC6FF00301206B0D
:109D900001EB8701084420F00707780707D050201F
:109DA00080F31188BFF34F8FBFF36F8FFEE74FF043
:109DB000000866B100202218315C82F83410315C52
:109DC00011B1401C1028F6D384F8438001E084F8D8
:109DD0003480382D00D33725E562C4E91358201D9F
:109DE00000F0DBFD04F1180000F0D7FD2461C5F19F
:109DF00038006462A061C4F8548084F858805246E8
:109E00005946384600F032FC2060B9F1000F01D00D
:109E1000C9F80040BDE8F09F2DE9F0471F46DDE995
:109E2000089416460D00804615D0002C11D0FFF77F
:109E30009DFE04F11801C4F8008081E8A002201DF5
:109E400000F0ABFD002E04D014F8280F40F0040001
:109E50002070BDE8F087502080F31188BFF34F8F4A
:109E6000BFF36F8FFEE7000030B5114900E01146E7
:109E70000A688242FBD34B685C18844203D1406875
:109E800018444860084643681C18944209D1084C9D
:109E9000183C2468A24209D052681A4442600A68F9
:109EA00012680260814200D0086030BD0460F9E7AA
:109EB000EC00002070B5002441600B4D0061914220
:109EC00006D8D11A8269914206D2011D286907E09D
:109ED0009A4203D2994201D3012403E0011DE868AC
:109EE00000F05EFD204670BDBC00002010B50446A9
:109EF00000F07AFDA06B20B1002400F095FD204613
:109F000010BD0124F9E7000030B587B03C4D6EE08C
:109F10000198002806DADDE90301029A90470198CA
:109F2000002864DB039C606910B1201D00F0FCFC7C
:109F300005A800F0D7F8024601980A2857D2DFE8B2
:109F400000F00505052D334A05052D3394F828004A
:109F500040F0010084F828000298A16903460144FA
:109F60002046FFF7A7FF68B3216A2046884794F888
:109F7000280040073BD5002000900298A1690023EB
:109F800042181946204601F0D3FED8B9502080F37C
:109F90001188BFF34F8FBFF36F8FFEE714F8280FC0
:109FA00020F00100207022E094F8280040F0010029
:109FB00084F828000298A06128B181181346204631
:109FC000FFF778FF13E0502080F31188BFF34F8F25
:109FD000BFF36F8FFEE794F82800810703D4204673
:109FE00000F036FD03E020F0010084F82800002294
:109FF00001A9286801F046FA002889D107B030BDD0
:10A00000BC0000202DE9FC410F46054600F0E0FEB3
:10A0100001A800F067F80446019818B101F0C6FDE8
:10A02000BDE8FC81254EAFB130690068D0B3002790
:10A03000291B3A46306800F0B7FD01F0B7FD002853
:10A04000EED11F494FF080500860BFF34F8FBFF330
:10A050006F8FE5E7A542EBD801F0A8FDF068274631
:10A06000C068C468201D00F05FFC94F82800410718
:10A0700019D5A0692B4641193A462046FFF71AFF29
:10A08000A8B100200346014600902A46204601F070
:10A090004FFE60B9502080F31188BFF34F8FBFF39C
:10A0A0006F8FFEE707E020F0010084F82800216AA6
:10A0B00020468847B4E70127BAE70000BC0000202B
:10A0C00004ED00E00648416B096829B1416BC9689D
:10A0D000C9684968816270474FF0FF31FAE70000B4
:10A0E0008000002070B5054601F03AFC064E04469B
:10A0F000B068844203D200F009F8012000E000209B
:10A1000028602046B46070BDBC000020F8B5194E30
:10A1100020E0C068C4680568201D00F005FC216AC5
:10A120002046884794F82800400713D5A0692844A2
:10A13000A84206D924616060211DF06800F030FC5F
:10A1400008E000200346014600902A46204601F020
:10A15000EFFD38B1F06801680029DAD13169C6E94C
:10A160000310F8BD502080F31188BFF34F8FBFF369
:10A170006F8FFEE7BC00002008484068401C4FF08D
:10A18000500080F3118804D0BFF34F8FBFF36F8F5F
:10A19000FEE7BFF34F8FBFF36F8FFEE7F4000020A1
:10A1A000084CE068016839B1002139B10020FFF79F
:10A1B00029FFFFF7A9FEF4E70121F6E7C068006870
:10A1C000F5E70000BC0000202DE9F041044600F056
:10A1D0000BFC94F9455004F1240609E0606A48B18B
:10A1E000304601F0ABFC08B100F02EFD6D1E6DB2E3
:10A1F000002DF3DC4FF0FF3684F8456000F014FCCE
:10A2000000F0F2FB94F9445004F1100709E02069D2
:10A2100048B1384601F092FC08B100F015FD6D1E02
:10A220006DB2002DF3DC84F84460BDE8F04100F02D
:10A23000FBBB00002DE9FC410B46D21D22F00705B7
:10A24000816807460835E1B3082D43D0002D41DB76
:10A250000468064603B301AA6946184600F03EF8B2
:10A26000002835D06CB3DDE900201118206840B318
:10A27000BB68A3422ED0944204D3A1422AD963687A
:10A28000AB420ED226460446F0E72068C8B1A14290
:10A2900020D02646044600E09CB16068A842F4D372
:10A2A00000E074B120683060F868616804F1080863
:10A2B000401AF8602A462146384600F057F8606890
:10A2C00000E007E040F00040606003482060404646
:10A2D000BDE8FC810020FBE7EFBEADDE30B5D0B1BC
:10A2E000C9B1C2B100230B601360436823F00703B8
:10A2F000102B10D300680446450708D000F007056E
:10A30000C5F108052819041B1B1B102B03D308607B
:10A310000120136030BD002030BD70B5002923D06E
:10A32000024600E01A46002A1ED013688B42F9D379
:10A330005468A5188D4203D14968214451601146E3
:10A3400073B15D6865B14C6866189E4208D180683B
:10A35000834203D06019486010680068086000E01C
:10A360000B608A4200D0116070BD000070B50C46D1
:10A370000021636803F0004523F000439B1A082B7B
:10A3800009D3A1184B606260C2684B681A44C2606E
:10A39000FFF7C3FF012135B12CB1606840F00040E8
:10A3A000606002482060084670BD0000EFBEADDE70
:10A3B000024800231A464068FFF740B974010020A4
:10A3C0002DE9F0410546002600F002FD324F3868C5
:10A3D00008B9FFF75BFC786905424ED1C5B3083573
:10A3E00068070ED005F00700C0F1080005446807B3
:10A3F00007D0502080F31188BFF34F8FBFF36F8FCA
:10A40000FEE72DB37868854237D8234918310846CE
:10A41000046801E0214604466068A84202D2206830
:10A420000028F7D13868844227D00E682068086079
:10A4300060680836411B10290FD96019420708D0FF
:10A44000502080F31188BFF34F8FBFF36F8FFEE76B
:10A4500013E041606560FFF707FD61687868401AA6
:10A460007860BA68904200D2B860786901430020F1
:10A47000C4E90001F868401CF86001F097FB700720
:10A4800007D0502080F31188BFF34F8FBFF36F8F39
:10A49000FEE73046BDE8F081D4000020044908689A
:10A4A00018B10868026D521C026508687047000008
:10A4B0008000002010B5040006D000F095FAE46991
:10A4C00000F0B2FA204610BD502080F31188BFF38F
:10A4D0004F8FBFF36F8FFEE7C2B24FF400610148A8
:10A4E000F7F773BB00000240C2B24FF4805101483D
:10A4F000F7F76BBB00000240C2B24FF48071014815
:10A50000F7F763BB00080240C2B24FF40071014884
:10A51000F7F75BBB0008024010B590F8211000244B
:10A52000E9B180F8214041691422B1FBF2F3C36123
:10A53000D0E90212511A00EE101A0121B8EEC00A39
:10A5400080ED060AF0EE400A00EE103AB8EEC00ABE
:10A5500080EE801A80ED061A80F8201002E090F854
:10A56000201091B1C169491EC16113D000EE101ACB
:10A57000D0ED060A8268B8EEC00A20EE800ABDEE71
:10A58000C00A10EE101A1144C1604268C16811443B
:10A59000016110BD8168C16080F82040F5E710B509
:10A5A00004462821F6F711F940F2DC50E060206102
:10A5B00010BD142A01D2142204E047F230539A420B
:10A5C00000D91A4640F6C413994203D84FF4FA73DF
:10A5D000994200D2194642618160012180F8211020
:10A5E0007047000070B51A4D002428221949002038
:10A5F000FEF79EFB45F82400FFF7D1FF641C042CF6
:10A60000F3DB296814484862696814484862A968FD
:10A6100013484862E96813484862134800210268F9
:10A6200051620268891E116102686FF002011161B6
:10A630000168CA6842F00102CA600168CA6842F053
:10A640000202CA600068016841F00101016070BD4A
:10A65000F0DD00207C010020D9A40008E9A4000856
:10A66000F9A4000809A500083432002010B5031F22
:10A670004FF080741C601B1F21F001011960191F2D
:10A68000044B0B6014390A60091F6FF00202443852
:10A690000A6010BD79A100080120FEF71FFFFBE74B
:10A6A0000EB51F2824D84FF47A73994200D9194661
:10A6B00055238DF800308DF801308DF80200072009
:10A6C0008DF8030001208DF804008DF80510080AAC
:10A6D0008DF80600100A8DF808008DF807206846EE
:10A6E000F6F7B7FA8DF809000A216846FAF700FD77
:10A6F0000EBD000070B52F4C02462C4B2C49206833
:10A70000072A50D2DFE802F04F263715044F4B00DE
:10A71000264A243A45E0002100F056F800216068FE
:10A7200000F052F80021A06800F04EF80021E06827
:10A7300031E01E4A903A0A60032100F045F80321F7
:10A74000606800F041F80321A06800F03DF80321A3
:10A75000E06820E0154A483A0A60022100F034F827
:10A760000221606800F030F80221A06800F02CF8A7
:10A770000221E0680FE00D4A6C3A0A60012100F006
:10A7800023F80121606800F01FF80121A06800F0A3
:10A790001BF8E0680121BDE8704000F015B8034ADD
:10A7A00024320A60B7E70B60B5E70000907601201D
:10A7B00094010020E0DD0020C16380ED100A243008
:10A7C000C0EC030A7047000089B101291AD00229A0
:10A7D00023D003292CD1F2EE081AB0EE001ADFEDD7
:10A7E000150A9FED150A41F28461FFF7E5BFDFED21
:10A7F000131A9FED131ADFED130AB7EE080A40F69D
:10A800007871F2E7F0EE001AB0EE001ADFED0E0AF2
:10A81000B0EE080A40F2BC71E7E7FFEE001ABFEEA7
:10A82000001ADFED0A0AB1EE080A4FF48261DCE794
:10A830007047000000009643CDCC8C3F9A99194098
:10A840006666264000007C4200002042000010C2E4
:10A85000F0EE410AFDF7AABEFEF724BB80EE201AF7
:10A86000F0EE410A09B19FED020AFDF79FBE00001C
:10A870000000000080EE201ADFED030A09B1B0EEFF
:10A88000600AFEF70FBB0000000000009FED020A07
:10A89000016AF0EE400A0847000000009FED040A3C
:10A8A000016AF0EE401AB0EE401AF0EE400A084796
:10A8B0000000000010B5094CB1EE400A2DED028BEE
:10A8C000B0EE608A2068FDF70FFF6068B0EE480ABE
:10A8D000BDEC028BBDE81040FDF706BFE0DD0020B7
:10A8E00010B5104C2DED028BF0EE608AB0EE408A70
:10A8F000B0EE680AE068FDF7F7FEB0EE680AA068FF
:10A90000FDF7F2FEB1EE480A2068B0EE408AFDF78E
:10A91000EBFE6068B0EE480ABDEC028BBDE810406B
:10A92000FDF7E2BEE0DD0020D0E9013201699A6066
:10A93000D0E901235A604A68824201D182684A60A4
:10A94000002202610868401E086008687047000025
:10A95000034B036003F15C000860802010607047C7
:10A96000FC3D0020044B036003F15C0008604FF4E1
:10A97000C050106070470000584000207047012010
:10A98000FEF75CB900F108014FF0FF32C0E9011297
:10A99000C1600161002101607047002101617047C1
:10A9A00030B50C68621C02D000F1080202E00269B6
:10A9B00004E01A4653681D68A542FAD953684B60F3
:10A9C00099608A60516008610168491C016030BD6E
:10A9D00042684A6093688B6093685960916008612F
:10A9E0000168491C01607047502080F31188BFF353
:10A9F0004F8FBFF36F8F0A494868401C4860012899
:10AA00000CD10848006810F0FF0F07D0502080F3E9
:10AA10001188BFF34F8FBFF36F8FFEE770470000C1
:10AA2000F400002004ED00E00849486828B1401E09
:10AA3000486001D180F311887047502080F311885D
:10AA4000BFF34F8FBFF36F8FFEE70000F4000020CD
:10AA500070B500282AD0164DA0F108046068696915
:10AA6000084207D1502080F31188BFF34F8FBFF306
:10AA70006F8FFEE722683AB1502080F31188BFF350
:10AA80004F8FBFF36F8FFEE78843606000F0A0F93F
:10AA900060686968084468602046FFF7E5F928693E
:10AAA000401C2861BDE8704001F080B870BD000016
:10AAB000D40000204FF0E0200021016181610549B0
:10AAC0004FF47A720968B1FBF2F1491E4161072126
:10AAD000016170477000002010B5F5F717FC1149AF
:10AAE00010280ED300F1E02090F8F0030A7890428D
:10AAF00007D2502080F31188BFF34F8FBFF36F8FC1
:10AB0000FEE709480068896800F4E060884207D9D8
:10AB1000502080F31188BFF34F8FBFF36F8FFEE794
:10AB200010BD0000F40000200CED00E010B5074B54
:10AB3000002253F832401CB1521C082AF9D310BD30
:10AB400043F8321003EBC201486010BDE03700202B
:10AB500010B504000AD000F013F894F8460000285D
:10AB60000CD12046BDE81040FFF772BF502080F3A3
:10AB70001188BFF34F8FBFF36F8FFEE710BD00004A
:10AB8000084A002102EBC1035B68834206D1002022
:10AB900042F8310002EBC10148607047491C0829A6
:10ABA000F0D37047E037002070B515460E460446D6
:10ABB000FFF71AFF94F944100020491C01D184F8D2
:10ABC000440094F94510491C01D184F84500FFF771
:10ABD0002BFFA06B28B92A46314604F1240000F06F
:10ABE00051F82046BDE87040FFF7EEBA10B50200FC
:10ABF00014D00F48006B38B1502080F31188BFF398
:10AC00004F8FBFF36F8FFEE700F0E2F80021104690
:10AC1000FEF716FF00F0CAFF002807D105494FF0E4
:10AC200080500860BFF34F8FBFF36F8F10BD0000DF
:10AC30008000002004ED00E002490A6A0260C96851
:10AC4000416070478000002001490120C8617047C1
:10AC50008000002010B50C4650B109490968183130
:10AC6000FFF79EFE2046BDE810400121FEF7E8BE3A
:10AC7000502080F31188BFF34F8FBFF36F8FFEE733
:10AC80008000002070B514460D4668B10A49096875
:10AC90001831FFF79DFE0CB14FF0FF3521462846D5
:10ACA000BDE87040FEF7CCBE502080F31188BFF3A2
:10ACB0004F8FBFF36F8FFEE78000002070B50B460B
:10ACC00004003ED0226DA2B1E16C994200D2194637
:10ACD000E06A884235D0012A33D11A4D2A6894425D
:10ACE0000FD1502080F31188BFF34F8FBFF36F8FC8
:10ACF000FEE7502080F31188BFF34F8FBFF36F8FB3
:10AD0000FEE7E162A269002A02DBC1F13801A1611C
:10AD10000D4E00EB8000616906EB8000814210D18E
:10AD2000201DFFF701FEE06A2969884200D92861E9
:10AD300000EB800006EB8000211DBDE87040FFF7AE
:10AD400047BE70BD800000202038002030B587B09D
:10AD50000025039505AA04A903A80495FFF7F8FDAB
:10AD6000DDE903010095CDE90110002314A1164887
:10AD7000059A00F0B4FD154CE06218B100F0A8FF90
:10AD8000012809D0401C19D1502080F31188BFF34D
:10AD90004F8FBFF36F8FFEE7502080F31188BFF312
:10ADA0004F8FBFF36F8F4FF0FF30A06201206061C3
:10ADB000E56007B0BDE8304000F068B807B030BDCE
:10ADC00049444C4500000000D99C00088000002048
:10ADD0000248016B491C016370470000800000209D
:10ADE000164B10B5186B10B10120D86110BD0020B2
:10ADF000D8611869124901E0B8B1401E00EB800229
:10AE000051F82220002AF7D000EB800201EB8201EA
:10AE100001F108044A6852684A60A24201D15268AE
:10AE20004A60D1681960186110BD502080F3118804
:10AE3000BFF34F8FBFF36F8FFEE70000800000204D
:10AE40002038002070B52020FFF7BAFA040005D0A2
:10AE50000025201D2560FFF795FD2577204670BD54
:10AE600038B558B120210446002000912060201DF3
:10AE7000FFF788FD01202077204638BD502080F361
:10AE80001188BFF34F8FBFF36F8FFEE71CB53748B4
:10AE90000168374A914207D1502080F31188BFF3EF
:10AEA0004F8FBFF36F8FFEE700683149491E88421C
:10AEB00007D1502080F31188BFF34F8FBFF36F8FFE
:10AEC000FEE72C4908780190FF20087008788DF87B
:10AED00000009DF800009DF8002000F0F000904276
:10AEE00007D0502080F31188BFF34F8FBFF36F8FCF
:10AEF000FEE79DF80000204C00F050002070072075
:10AF0000A06006E0401EA0609DF8000040008DF8A3
:10AF100000009DF800000006A068F3D4032807D0C5
:10AF2000502080F31188BFF34F8FBFF36F8FFEE780
:10AF30004FF44070A060019808700C482030016800
:10AF400041F470010160016841F070410160FFF758
:10AF5000B1FD00206060F5F7A1F90848016841F0F3
:10AF600040410160F5F786F900201CBD00ED00E0CE
:10AF700071C20F4100E400E0F400002034EF00E073
:10AF800010B5502080F31188BFF34F8FBFF36F8F40
:10AF900000F0ECFC18B104494FF08050086000202C
:10AFA00080F3118810BD000004ED00E010B50C46E0
:10AFB00048B184420FD9502080F31188BFF34F8FDE
:10AFC000BFF36F8FFEE7502080F31188BFF34F8FE0
:10AFD000BFF36F8FFEE70222002100F03CF800284B
:10AFE00000D0846310BD38B50C4648B184420FD9F7
:10AFF000502080F31188BFF34F8FBFF36F8FFEE7B0
:10B00000502080F31188BFF34F8FBFF36F8FFEE79F
:10B010000221134600220091114600F03DF800285D
:10B0200000D0846338BD10B502460021012000F035
:10B0300012F80446FEF780FE204610BD38B50B46D8
:10B04000002200901146012000F026F80446FEF789
:10B0500073FE204638BDF8B517460E46050013D0DE
:10B0600005FB06F05030FFF7ABF904000AD00020D2
:10B0700084F8460004F150023B46314628460094CD
:10B08000FEF765FE2046F8BD502080F31188BFF31F
:10B090004F8FBFF36F8FFEE738B5049D18B153B1E2
:10B0A000CAB181B120E0502080F31188BFF34F8FE7
:10B0B000BFF36F8FFEE7502080F31188BFF34F8FEF
:10B0C000BFF36F8FFEE7502080F31188BFF34F8FDF
:10B0D000BFF36F8FFEE739B1502080F31188BFF3C3
:10B0E0004F8FBFF36F8FFEE750241C46012384F877
:10B0F00046302B460094FEF72AFE204638BD00005D
:10B1000070B50D46040025D0FFF76EFCD4E90F2082
:10B11000216802FB0011A1600021A1632168616028
:10B120000A46D4E90F01401E00FB0121E1602146DF
:10B130004FF0FF3001F8440F487004F110008DB15A
:10B14000FFF720FC04F12400FFF71CFCFFF76CFC68
:10B15000012070BD502080F31188BFF34F8FBFF3E3
:10B160006F8FFEE721690029F0D000F0E7FC00288E
:10B17000ECD004494FF080500860BFF34F8FBFF30D
:10B180006F8FE3E704ED00E02DE9FF4F83B01F462A
:10B190008B4604004FF0000603D0BBF1000F08D02F
:10B1A00011E0502080F31188BFF34F8FBFF36F8FF2
:10B1B000FEE7206C38B1502080F31188BFF34F8F29
:10B1C000BFF36F8FFEE7022F0AD1E06B012807D093
:10B1D000502080F31188BFF34F8FBFF36F8FFEE7CE
:10B1E00000F0B0FBDFF800914FF0000A4FF08058FC
:10B1F00048B9059838B1502080F31188BFF34F8FBC
:10B20000BFF36F8FFEE7FFF7EFFBA06BE16B8842A8
:10B2100005D3022F03D00598C8B1DEB11EE03A462F
:10B2200059462046FEF7E1FC616A19B104F1240099
:10B2300000F084FC28B1C9F80080BFF34F8FBFF342
:10B240006F8FFFF7F1FB012007B0BDE8F08FFFF72C
:10B25000EBFB21E06846FFF7EFFC0126FFF7E4FB7C
:10B26000FFF7B6FDFFF7C0FB94F94400401C01D185
:10B2700084F844A094F94500401C01D184F845A00D
:10B28000FFF7D2FB05A9684600F0C2FA30B12046AC
:10B29000FEF79AFF00F08AFC0020D5E7FFF7A4FB39
:10B2A000A06BE16B884201D1012500E00025FFF78A
:10B2B000BBFB95B104F110000599FFF7CBFC2046CC
:10B2C000FEF782FF00F072FC00289CD1C9F80080D4
:10B2D000BFF34F8FBFF36F8F95E72046FEF774FFE4
:10B2E00000F064FC8FE7000004ED00E02DE9F0477A
:10B2F0001F4690468946040003D0B9F1000F08D0DC
:10B3000011E0502080F31188BFF34F8FBFF36F8F90
:10B31000FEE7206C38B1502080F31188BFF34F8FC7
:10B32000BFF36F8FFEE7022F0AD1E06B012807D031
:10B33000502080F31188BFF34F8FBFF36F8FFEE76C
:10B34000FFF7CAFB5020EFF3118680F31188BFF39B
:10B350004F8FBFF36F8FA06BE16B884206D3022F34
:10B3600004D0002086F31188BDE8F08794F9455099
:10B37000A06B3A4649462046FEF737FC681C04D0CD
:10B380006D1C84F845500120ECE7606A0028FAD073
:10B3900004F1240000F0D2FB0028F4D0B8F1000F33
:10B3A000F1D00121C8F80010EDE770B50E46040099
:10B3B00009D0206C78B1502080F31188BFF34F8FF3
:10B3C000BFF36F8FFEE7502080F31188BFF34F8FDC
:10B3D000BFF36F8FFEE7206848B9A06838B15020EE
:10B3E00080F31188BFF34F8FBFF36F8FFEE7FFF736
:10B3F00073FB5020EFF3118580F31188BFF34F8F5B
:10B40000BFF36F8FA16BE06B884218D994F94500A8
:10B41000491CA163411C04D0401C84F84500012054
:10B420000EE0606A0028FAD004F1240000F086FBE8
:10B430000028F4D0002EF2D001203060EFE7002089
:10B4400085F3118870BD10B5040009D000F074FABE
:10B45000A168884214D1E068401EE06008D00DE089
:10B46000502080F31188BFF34F8FBFF36F8FFEE73B
:10B4700000231A4619462046FFF786FE012010BD1C
:10B48000002010BD2DE9F74783B08A4604004FF035
:10B49000000603D0BAF1000F08D011E0502080F36D
:10B4A0001188BFF34F8FBFF36F8FFEE7206C38B169
:10B4B000502080F31188BFF34F8FBFF36F8FFEE7EB
:10B4C00000F040FADFF8F09000274FF0805848B9BC
:10B4D000059838B1502080F31188BFF34F8FBFF328
:10B4E0006F8FFEE7FFF780FAA56BC5B15146204686
:10B4F000FEF768FB6D1EA563206950B104F11000D2
:10B5000000F01CFB28B1C9F80080BFF34F8FBFF3D8
:10B510006F8FFFF789FA012006B0BDE8F087059824
:10B5200008B11EB106E0FFF77FFA27E06846FFF793
:10B5300083FB0126FFF778FAFFF74AFCFFF754FA7E
:10B5400094F94400401C01D184F8447094F94500FA
:10B55000401C01D184F84570FFF766FA05A96846DA
:10B5600000F056F9002820460AD0FEF72DFE00F024
:10B570001DFB2046FEF7BAFC0028B3D00020CBE725
:10B58000FEF7B4FC90B104F124000599FFF762FBCB
:10B590002046FEF719FE00F009FB0028A2D1C9F8E9
:10B5A0000080BFF34F8FBFF36F8F9BE72046FEF7FE
:10B5B0000BFE00F0FBFA95E704ED00E02DE9F04703
:10B5C00090468946040003D0B9F1000F08D011E07D
:10B5D000502080F31188BFF34F8FBFF36F8FFEE7CA
:10B5E000206C38B1502080F31188BFF34F8FBFF328
:10B5F0006F8FFEE7FFF770FA5020EFF3118780F3AB
:10B600001188BFF34F8FBFF36F8FA66BF6B194F91C
:10B61000445049462046FEF7D5FA761EA663681CBC
:10B6200004D06D1C84F84450012010E020690028EB
:10B63000FAD004F1100000F081FA0028F4D0B8F13B
:10B64000000FF1D00121C8F80010EDE7002087F3CA
:10B650001188BDE8F08700002DE9F3434FF00005A5
:10B6600083B004002E4609D0206C78B1502080F3BE
:10B670001188BFF34F8FBFF36F8FFEE7502080F329
:10B680001188BFF34F8FBFF36F8FFEE700F05AF9B9
:10B69000DFF8389100274FF0805848B9049838B146
:10B6A000502080F31188BFF34F8FBFF36F8FFEE7F9
:10B6B000FFF79AF9A06BC8B1401EA063206810B9CB
:10B6C000FEF7ECFEA060206950B104F1100000F01C
:10B6D00035FA28B1C9F80080BFF34F8FBFF36F8FE1
:10B6E000FFF7A2F9012005B0BDE8F083049808B186
:10B6F00065B10FE03EB1502080F31188BFF34F8F4A
:10B70000BFF36F8FFEE7FFF78FF95DE06846FFF745
:10B7100093FA0125FFF788F9FFF75AFBFFF764F961
:10B7200094F94400401C01D184F8447094F9450018
:10B73000401C01D184F84570FFF776F904A96846EA
:10B7400000F066F80028204612D0FEF73DFD00F01C
:10B750002DFA2046FEF7CAFB0028A9D09EB3FFF7BA
:10B7600043F9606A50B3206B0068C0F1380126E0ED
:10B77000FEF7BCFBE0B1206838B9FFF735F9A068E7
:10B7800000F09EF90646FFF74FF904F124000499F2
:10B79000FFF760FA2046FEF717FD00F007FA0028D1
:10B7A00086D1C9F80080BFF34F8FBFF36F8F7FE75B
:10B7B0002046FEF709FD00F0F9F979E70021A068BD
:10B7C000FFF77CFA9FE7FFE700208CE704ED00E03D
:10B7D00070B50D46040009D000F0AEF8A1688842AB
:10B7E0000CD1E068401CE060012070BD502080F367
:10B7F0001188BFF34F8FBFF36F8FFEE729462046B6
:10B80000FFF72AFF0028F0D0E168491CE16070BD15
:10B810002DE9F0410C46050011D0C4B1FFF7E4F862
:10B82000174EF1686B682268C81A571C17D02F682A
:10B83000366AB74219D08B4217D8012410E0502045
:10B8400080F31188BFF34F8FBFF36F8FFEE7502057
:10B8500080F31188BFF34F8FBFF36F8FFEE7002493
:10B86000FFF7E2F82046BDE8F081824205D9101AC0
:10B8700020602846FFF7E0F9F1E700202060DCE7D0
:10B88000800000202DE9FF5F8346DDE90E879946A1
:10B8900016468A469000FEF793FD05001CD05C20FA
:10B8A000FEF78EFD040014D00020256384F85900B3
:10B8B000CDE90240CDE900874B4632465146584615
:10B8C000FEF755FA2046FEF7E9F8012004B0BDE87E
:10B8D000F09F2846FFF7BCF84FF0FF30F6E7F0B5D1
:10B8E00085B00546DDE90B040A9EA8B1E4B15C27EA
:10B8F00000972063022084F859000020CDE902401F
:10B9000004AF2846CDE90067FEF731FA2046FEF77E
:10B91000C5F8049805B0F0BD502080F31188BFF33E
:10B920004F8FBFF36F8FFEE7502080F31188BFF376
:10B930004F8FBFF36F8FFEE701480068704700002C
:10B94000800000200548416919B1006B18B1002042
:10B9500070470120704702207047000080000020DF
:10B960000148C06870470000800000202DE9F041C8
:10B97000324F0026386B38B1B869401CB861FEF709
:10B98000FEFF3046BDE8F081FD686D1CFD6013D1FF
:10B99000786B006838B1502080F31188BFF34F8F67
:10B9A000BFF36F8FFEE7786BB96B7963B863386A62
:10B9B000401C3862FEF786FBB86ADFF88480854257
:10B9C00009D3786B006890B1786BC068C468606810
:10B9D00085420FD2B8623868C06A00EB800158F81F
:10B9E0002100012800D90126B869F8B120E04FF004
:10B9F000FF30EFE7201DFEF797FFA06A18B104F1B2
:10BA00001800FEF791FFE06A3969884200D9386171
:10BA100000EB800108EB8100211DFEF7D9FFE06AF1
:10BA20003968C96A8842CCD30126CAE7FEF7A7FF66
:10BA3000F8690028A5D00126A3E7000080000020B7
:10BA40002038002070B504004FF000002BD01A4DB4
:10BA500029688C4207D0502080F31188BFF34F8FA4
:10BA6000BFF36F8FFEE7216DF1B1491E2165E36CD5
:10BA7000E26A9A4217D0002915D1201DFEF754FF23
:10BA8000E06CE062C0F13800A061E06A2969884298
:10BA900000D92861094900EB800001EB8000211DDD
:10BAA000FEF796FF012070BD502080F31188BFF390
:10BAB0004F8FBFF36F8FFEE78000002020380020FB
:10BAC00070B504004FF000002CD01A4DE16A2A68CE
:10BAD000D26A914227D2A069002804DB2868C06A94
:10BAE000C0F13800A061E06A134E00EB800061698C
:10BAF00006EB8000814211D1201DFEF715FF28685A
:10BB0000C06AE0622969884200D9286100EB8000A0
:10BB100006EB8000211DFEF75BFF02E02868C06A8B
:10BB2000E062012070BDE16C2A68D26A9142F8D3CC
:10BB300070BD0000800000202038002070B5C06873
:10BB4000C46854B104F118000646FEF7EDFE144D2A
:10BB5000286B50B13146134815E0502080F311880E
:10BB6000BFF34F8FBFF36F8FFEE7201DFEF7DCFEA4
:10BB7000E06A2969884200D928610B4900EB8000FE
:10BB800001EB8000211DFEF723FFE06A2968C96AE6
:10BB9000884202D90120E86170BD002070BD00001C
:10BBA00080000020A83C0020203800202DE9F0472C
:10BBB0002B4D00242746286B38B1FEF715FF286B64
:10BBC000401E2863286B40B145E0502080F3118867
:10BBD000BFF34F8FBFF36F8FFEE7A868214901269F
:10BBE000C8B3A1F591698846D8F80010E1B1D8F83A
:10BBF0000C00C46804F11800FEF796FE201DFEF745
:10BC000093FEE06A2969884200D9286100EB80012F
:10BC100009EB8100211DFEF7DBFEE06A2968C96A95
:10BC20008842E1D3EE61DFE70CB1FEF74BFAAC6975
:10BC30003CB1FFF79BFE00B1EE61641EF9D100201C
:10BC4000A861E86938B10849012738070860BFF3DF
:10BC50004F8FBFF36F8FFEF7E7FE3846BDE8F087E2
:10BC600080000020A83C002004ED00E02DE9FC4706
:10BC700081461E46174688462C200A9DFEF7A0FBEB
:10BC800004000AD0002084F82800CDE9005433468F
:10BC90003A4641464846FEF7BFF82046BDE8FC87D5
:10BCA0007CB52C26DDE90654009644B1022684F8C2
:10BCB0002860CDE90054FEF7AFF820467CBD502047
:10BCC00080F31188BFF34F8FBFF36F8FFEE7000043
:10BCD00010B586B0FDF74AFF114C2068B8B10020BE
:10BCE0000390049005AA04A903A8FEF73BFEDDE932
:10BCF000032102208DE8070000230AA10B48059AC2
:10BD0000FFF7EDFD606010B106B0012010BD5020BE
:10BD100080F31188BFF34F8FBFF36F8FFEE70000F2
:10BD2000BC000020546D722053766300A1A100086E
:10BD30002DE9FF411F4603000A9E4FF0000015D079
:10BD4000134D2C68002C0ED08DE80E00062917DA52
:10BD5000FFF7F8FD02284FF000030FD000226946DC
:10BD60002868FFF711FA04B0BDE8F081502080F395
:10BD70001188BFF34F8FBFF36F8FFEE73246EEE7B8
:10BD800000233A4669462046FFF7B0FAEBE7000089
:10BD9000BC00002081F00041704780F000407047F7
:10BDA00021F00041704720F00040704721F0004230
:10BDB000A2F16052B2F5801F01F0004328BFD2F11A
:10BDC0007F6C0BD95FEA001C43EAC20242EB507061
:10BDD00018BF704728BF20F001007047B2F5801FE0
:10BDE000BCBF184670474FEA410C1CF5001F02D239
:10BDF000084600F077BC70B500F0B4FA0000008986
:10BE0000FFF7F6BF4FF00040A0F58000704700003C
:10BE100010B591EA030F48BF83F0004300F10A8395
:10BE2000841A71EB030C05D2121943EB0C03001BAF
:10BE300061EB0C01DFF824E14FEA1154A4EB135C31
:10BE40001EEA430F18BF9EEA445F73D023EA0E0335
:10BE5000DCF1200E21EA045143F4801332D322FA9C
:10BE60000CFE10EB0E0023FA0CFE41EB0E01CCF1A0
:10BE7000200E03FA0EFE10EB0E0051F10001B1F599
:10BE8000801FCCF1200E32D201EB045112FA0EF2D7
:10BE9000BDE8104058BF7047401C38BF5FEA4202FF
:10BEA00018BF7047002814BF20F0010041F10001C5
:10BEB0004FEA410313F5001F38BF7047A1F1C0419D
:10BEC00000F09EBA012A43EB0302ACF1200CDCF136
:10BED0001F0E32BF4FF0000E23FA0CF310EB0300DD
:10BEE00041EB0451B4EB115FD0D0A1EB045101F54B
:10BEF000801149085FEA300001EB04510ED350F184
:10BF0000000038BF12FA0EFE08D1BDE81040C9E7A4
:10BF1000401C38BF5FEA4202CAD1C3E7BDE8104007
:10BF20004FEA410313F5001F38BF7047A1F1C0412C
:10BF300000F066BA9EEA445F08D011EA5E0FBDE8E1
:10BF4000104004BF01F0004100207047BDE81040E0
:10BF500070B500F007FA00BF64FBBE3E0000E0FFD2
:10BF60002DE9C04130B4DFF8A0C23CEA111418BF7B
:10BF70003CEA131400F0EC8081EA03051CEA11147A
:10BF800044EAD57418BF1CEA131500F0C780A4EB6F
:10BF900005044FF0004545EAC12145EAC32341EAC3
:10BFA000505143EA525304F17F74994204F500342E
:10BFB0004FEAC0204FEAC22208BF904200F09C80A6
:10BFC0004FEA13650FF24016765D4FEA134506FB04
:10BFD00005F7C7F1807706FB07F74FEAD737A7FBCE
:10BFE00003687642C8F58038A7FB06CE38BFA8F1B3
:10BFF000010807FB08E64FF0000EA6FB028CE6FBEB
:10C0000003CEDCF1000CCEF1004E38BFAEF1010ED4
:10C01000A6FB0C584FF000074FF00005E6FB0E871B
:10C02000A1FB08C6A0FB07CE16EB0E0645F10005E6
:10C03000E1FB076515F1E04E7EBFA4F580345FEAB1
:10C0400046066D4116F1800745F100054FEA1727B6
:10C050004FEA066647EA0567A6F1DE46B6F1805F5D
:10C060004FEA15251FD9384624F0010C05EBC471A1
:10C07000BCF1FE6F01EB0C1102D8F0BCBDE80081F1
:10C0800024425CBF01F5801E9EEAC47F02D4F0BC4E
:10C09000BDE80081244238D4F0BCA1F1C041BDE824
:10C0A000004100F0ADB94FEAD22242EA43524FEAD2
:10C0B000D323A7FB02864FEAD02040EA415007FB7A
:10C0C00003661EEA0E0F4FEAD12105FB026658BF38
:10C0D000A6EB0056B6EB00564FEA520E4EEAC37E70
:10C0E00018EB0E0E56EB530EBDD518EB02085E4151
:10C0F0007F1C55F10005B6E74FF480154FF000079F
:10C100004FF000064FF00008ADE7F0BC4FF0000024
:10C1100001F1C04101F00041BDE8008111EA0C1FAE
:10C120000CEA131500D00CE013EA0C1F00F0258078
:10C130004FF00000F0BC81EA030101F00041BDE8CE
:10C140000081F0BCBDE8004181EA030100F058B96C
:10C15000F0BCBDE8004170B500F004F9097EFC3E7A
:10C1600000F007B881EA03014FF0000001F0004140
:10C17000704781EA030100F043B9F0BCBDE800411B
:10C180004FF0000021497047FFFDFBF9F7F5F4F28D
:10C19000F0EEEDEBE9E8E6E4E3E1E0DEDDDBDAD862
:10C1A000D7D5D4D3D1D0CFCDCCCBCAC8C7C6C5C4C0
:10C1B000C2C1C0BFBEBDBCBBBAB9B8B7B6B5B4B3D7
:10C1C000B2B1B0AFAEADACABAAA9A8A8A7A6A5A4C2
:10C1D000A3A3A2A1A09F9F9E9D9C9C9B9A99999886
:10C1E0009797969595949393929191908F8F8E8E29
:10C1F0008D8C8C8B8B8A89898888878786858584B6
:10C2000084838382828181800000FF070000F87FA1
:10C21000DFF848C170B51CEA111E1EBF1CEA1315D9
:10C220009EEA0C0F95EA0C0F00F06F8081EA030480
:10C2300023EA4C134EEAD47E21EA4C1141F48011DA
:10C2400043F48013AE44A1FB024CA0FB0365AEF1A6
:10C250007F7E361955EB0C05A1FB034C4CF1000316
:10C26000A0FB021C16EB0C06654153F100030942CA
:10C2700018BF46F0010613F4007F0BD14FEA0331DB
:10C280004FEA0530340341EA155140EA16506FF089
:10C2900003020AE04FEAC3214FEAC520F40241EA53
:10C2A000555140EA56506FF0020202EB2E4201EB6C
:10C2B000025585EACE710AD05FEA440C18BF24F01B
:10C2C000004450F1000041F1000120EAD47040F236
:10C2D000FE7C624500D270BDA84214BF4FF080447E
:10C2E0004FF04044002E08BF0024BEF1806FA8BF6D
:10C2F000A1F1C041BDE8704080F282804FF00000A3
:10C3000001F1C04101F0004170479EEA0C0F0CEAB8
:10C31000131518BF95EA0C0F06D04FF0000081EA04
:10C32000030E0EF0004170BD00F01CF88900013EC4
:10C3300000F007B800F009B84FEA430C5FEA5C5C14
:10C3400008D081EA030100F05BB84FEA410C5FEAD4
:10C350005C5CF6D14FF00000014970470000FF0718
:10C360000000F87F0EF1020E2EF0030E5EF8046B53
:10C37000364205D4012A43EB030515F5001F12D8F8
:10C38000012841EB010C1CF5001F0CD80ED14FEA1F
:10C39000D17C15F5001F0CEB4C0C0CF1020C08BF06
:10C3A0004CEBD37C04E04FF0080C01E04FEAD37C67
:10C3B0000CEB4C0526FA05F606F00706B6F1040C60
:10C3C00006D20EEB860CBDE870404CF0010C6047C5
:10C3D000DFE80CF0090B02024FF000414FF00000C3
:10C3E000A1F5002170BD19461046012851EB01044A
:10C3F00018BFD4F5001484BF002001F0004170BDC7
:10C400000808A0F500114FEA3101704791EA030FC7
:10C4100010B581F000413FF503AD83F0004300F01B
:10C4200009B8000010B591EA030F48BF83F000433C
:10C430003FF5F6AC841A71EB030C07D212198CF09D
:10C44000004C43EB0C03001B61EB0C01DFF8A4E193
:10C450004FEA1154A4EB135C1EEA430F18BF9EEA87
:10C46000445F00F0B08023EA6E03524221EA045197
:10C47000C3EB6E0338BF5B1EDCF1200E25D322FA1E
:10C480000CFE10EB0E0043FA0CFE41EB0E01CCF15A
:10C49000200E03FA0EFE10EB0E0051F10001CCF15C
:10C4A000200E29D412FA0EF201EB0451BDE810401F
:10C4B00058BF7047401C1CBFB2F1004F70470028A6
:10C4C0000CBF491C20F00100704712EB020E43EB39
:10C4D000030218BF4FF0010E4EEA4202ACF1200CED
:10C4E000DCF11E0E54D943FA0CFE10EB0E0051F194
:10C4F000FF31CCF11E0ED5D50EF1010E12FA0EFE53
:10C50000404141EB010101EB445C5FEA5C5C10D906
:10C5100010EBDE7001EB045138BFBEF1004FBDE8F7
:10C52000104018BF704700280CBF491C20F00100C4
:10C53000704730D24FEAD42C11F5001124F4006476
:10C540001BD0B1FA81F20B3AA41AA41ED2F1200337
:10C55000914030FA03F31943904001EBCC71002C69
:10C5600001EB0451BDE81040A8BF704701F1C04184
:10C570004FF0000001F000417047B0FA80F310FA6C
:10C5800003F100D110BDE41A173C4805C90AE4E7DD
:10C5900001EB045110BD491001EB0451BDE81040FE
:10C5A0004FEA300002E04FF0000170474A0008BF38
:10C5B0000042F8D0B2F5001F28BF704701F00041DB
:10C5C0004FF0000070479EEA445F07D011EA5E0F0B
:10C5D000BDE8104004BF002100207047BDE81040B6
:10C5E00070B5FFF7BFFE00BF40DFF63E83F00041AD
:10C5F000104670470000E0FF43004FEAD30C4FEABB
:10C600003C0C43401FBF40070CF1605113F0FE4F3C
:10C6100070471CF0006F03D100200CF00041704700
:10C620000CF0004343EA507010B540EACC0000F033
:10C630000EF800BF000000924FEA0001FFF7E0BED5
:10C640004FF000414FF00000A1F5002170470EF1BE
:10C65000020E2EF0030E5EF8044B244204D44FEA7F
:10C660004102B2F17F4F11D84FEA4003B3F17F4F3F
:10C670000CD80ED14FEAD07CB2F17F4F0CEB4C0CB2
:10C680000CF1020C08BF4CEBD17C04E04FF0080C1D
:10C6900001E04FEAD17C0CEB4C0324FA03F404F0E4
:10C6A0000704B4F1040C06D20EEB840CBDE8104074
:10C6B0004CF0010C6047DFE80CF0070802024FF075
:10C6C0000040A0F5800010BD0846420018BFD2F11E
:10C6D000807288BF00F0004010BD4FF04070E1EE66
:10C6E000100A7047FF2141EAD050C0057047000092
:10C6F000E4CA000800000000C80300205C0000003D
:10C70000C801002000020000080000000000000036
:10C710000000000018CB00080000000024060020E4
:10C720005C00000024040020000200002000000043
:10C73000000000000000000044CB000800000000E2
:10C74000800800205C00000080060020000200003D
:10C7500018000000000000000000000034CB0008BA
:10C7600000000000DC0C00205C000000DC08002061
:10C77000000400001800000000000000000000009D
:10C7800024CB000800000000380F00205C000000EF
:10C79000380D00200002000018000000000000001A
:10C7A0000000000000CB00080000000094170020EB
:10C7B0005C000000940F0020000800001000000042
:10C7C00000000000000000000CCB0008000000008A
:10C7D000F01F00205C000000F0170020000800009F
:10C7E000180000000000000000000000F0CA00086F
:10C7F000000000004C2200205C0000004C200020C3
:10C80000000200001800000000000000000000000E
:10C81000D4CA000800000000A82300205000000037
:10C82000A822002000010000ACCA0008000000009F
:10C830003824002050000000F823002040000000B1
:10C8400098CA000800000000A82400205000000042
:10C850008824002020000000C0CA0008000000005A
:10C860003825002050000000F8240020400000007F
:10C8700090CB000800000000882500202C0000005C
:10C8800064CB000800000000B42500202C0000004C
:10C8900084CB000800000000E02500202C000000F0
:10C8A000A0CB0008000000000C2600202C00000097
:10C8B00070CB000800000000382600202C0000008B
:10C8C00054CB000800000000642600202C0000006B
:10C8D00088CA0008000000009026002050000000D8
:10C8E000C4CB000800000000E0260020500000003B
:10C8F000B0CB0008000000003027002050000000EE
:10C9000038CA000800000000802700205000000006
:10C9100064CA000800000000D0270020500000007A
:10C9200074CA000800000000202800205000000009
:10C930004CCA000800000000702800202000000001
:10C9400000000000000000000102030406070809BF
:10C950000000000001020304000610160006101675
:10C96000D8CB00080000000000000000000000001C
:10C97000E8CB0008000000000000000000000000FC
:10C98000000000000000000004000008000000009B
:10C990000000000200010000100000000000000084
:10C9A0004FBB610567ACDD3F182D4454FB21E93FC7
:10C9B0009BF681D20B73EF3F182D4454FB21F93FB6
:10C9C000E2652F227F2B7A3C075C143326A6813C3C
:10C9D000BDCBF07A8807703C075C143326A6913CE7
:10C9E000C4EB98999999C9BF711623FEC671BCBF53
:10C9F0006D9A74AFF2B0B3BF9AFDDE522DDEADBFBB
:10CA00002F6C6A2C44B4A2BF0D5555555555D53FD2
:10CA1000FF8300922449C23F6E204CC5CD45B73FED
:10CA2000513DD0A0660DB13FEB0D76244B7BA93F65
:10CA300011DA22E33AAD903F736275735F646174FB
:10CA4000615F72656164795F30315F007362757335
:10CA50005F646174615F72656164795F6576656E5C
:10CA6000745F00007370695F74785F66696E6973E4
:10CA700068656400626C7565746F6F74685F747864
:10CA80005F69646C650000007061636B65745F745E
:10CA9000785F69646C6500006D6F76696E675F63CF
:10CAA00074726C5F71756575650000006C76676CFB
:10CAB0005F6576656E745F71756575650000000071
:10CAC000626C7565746F6F74685F74785F7175659B
:10CAD000756500007061636B65745F74785F717574
:10CAE0006575650064656661756C745461736B008F
:10CAF000626C7565746F6F74685F7461736B00004E
:10CB00006775695F7461736B000000006170705F2E
:10CB10007461736B00000000696D755F7461736B05
:10CB200000000000736275735F72785F7461736BED
:10CB3000000000007061636B65745F72785F746100
:10CB4000736B00007061636B65745F74785F746110
:10CB5000736B0000494D555F726561645F74696D68
:10CB6000657200006C65645F74696D657200000039
:10CB7000626174746572795F636865636B5F746921
:10CB80006D6572006C76676C5F74696D657200002C
:10CB9000627574746F6E5F74696D65720000000079
:10CBA00062757A7A65725F74696D65720000000063
:10CBB0006D7075363035305F646174615F726561C8
:10CBC000647900007061636B65745F72785F6E6F8B
:10CBD000745F656D707479006C776D656D5F6D75F0
:10CBE000746578004849440062757A7A6572315FED
:10CBF0006374726C5F717571756500001CCC000800
:10CC000000000020C8010000C401000864CC000836
:10CC1000C8010020707D0100000200080172452457
:10CC2000F400010280100541AAAAAAAA46E4CB009A
:10CC300008032FD56200088B620008E55D000899A3
:10CC4000640628089B65000832103201B6DE002019
:10CC5000009805156C760120B34952A2053396431E
:04CC60001316430064
:040000050800018965
:00000001FF
